Name,Variation,Body Title,Pattern,Pattern Title,DIY,Body Customize,Pattern Customize,Kit Cost,Buy,Sell,Color 1,Color 2,Size,Miles Price,Source,Source Notes,Version,HHA Concept 1,HHA Concept 2,HHA Series,HHA Set,Interact,Tag,Outdoor,Speaker Type,Lighting Type,Catalog,Filename,Variant ID,Internal ID,Unique Entry ID
rocking horse,Natural,Paint color,NA,NA,Yes,Yes,No,1,NFS,600,Yellow,Yellow,1x1,NA,Crafting,,1.0.0,child's room,fancy,None,None,Yes,Toy,No,Does not play music,No lighting,Not for sale,FtrRockinghorse_Remake_0_0,0_0,83,5yG5dJeztH649hDEF
hammock,Light brown,NA,Camouflage,Cloth,No,No,Yes,1,1300,325,Beige,Green,2x1,NA,Nook's Cranny,"Available in all tiers of shops, including Timmy & Tommy before the shop is opened",1.0.0,outdoors,None,None,None,Yes,Bed,Yes,Does not play music,No lighting,For sale,FtrHammock_Remake_1_1,1_1,1620,hqgeXHvPCbLaynMCY
loft bed with desk,Blue,NA,Green stripes,Bedding,No,No,Yes,3,7700,1925,Blue,Colorful,2x1,NA,Nook's Cranny,"Available in Nook's Cranny (upgraded only), in the unique furniture slot",1.0.0,child's room,None,None,None,Yes,Desk,No,Does not play music,No lighting,For sale,FtrBeddesk_Remake_4_6,4_6,3621,m4wm6B5MmAdf2vEQo
camping cot,Yellow,NA,NA,NA,No,No,No,NA,1800,450,Yellow,Yellow,2x1,NA,Starting items,,1.0.0,outdoors,None,None,None,Yes,Bed,Yes,Does not play music,No lighting,For sale,FtrCampbed_Remake_1_0,1_0,4081,EfgFd67XeHoa6Z6JZ
cute floor lamp,Yellow,NA,NA,NA,No,No,No,NA,3500,875,Yellow,Purple,1x1,NA,Nook's Cranny,"Available in Nook's Cranny (upgraded only), in the unique furniture slot",1.0.0,fancy,None,cute,None,Yes,Lamp,No,Does not play music,Fluorescent,For sale,FtrCuteLamp_Remake_2_0,2_0,4002,Too8dDarzLpdR47GE
crescent-moon chair,Purple,Color,NA,NA,Yes,Yes,No,7,NFS,8500,Purple,Yellow,2x1,NA,Crafting,,1.0.0,space,fancy,stars,None,Yes,Chair,No,Does not play music,Fluorescent,Not for sale,FtrStarMoonChairL_Remake_3_0,3_0,6829,D8YEuyBhvk3YNRWQc
campfire cookware,NA,NA,NA,NA,No,No,No,NA,900,225,Brown,Black,1x1,NA,Nook's Cranny,"Available in all tiers of shops, including Timmy & Tommy before the shop is opened",1.0.0,outdoors,None,None,None,Yes,Kitchen Things,Yes,Does not play music,Candle,For sale,FtrMesstin,NA,1433,hk3E2ppSro5Y8hWXy
barbecue,Black,NA,NA,NA,No,No,No,NA,2500,625,Black,Colorful,1x1,NA,Nook's Cranny,"Available in all tiers of shops, including Timmy & Tommy before the shop is opened",1.0.0,outdoors,None,None,None,Yes,Outdoors Decor,Yes,Does not play music,No lighting,For sale,FtrBarbecuegrill_Remake_4_0,4_0,330,ArGHiDEjLyA7p8f66
plain sink,Dark wood,Design,NA,NA,Yes,Yes,No,4,NFS,2270,Brown,Green,1x1,NA,Crafting,,1.0.0,bathroom,None,None,None,Yes,Bathroom Things,No,Does not play music,No lighting,Not for sale,FtrWashstandBowl_Remake_2_0,2_0,3683,fwZN7sLcZCWtLm5Bh
cute wardrobe,Blue,NA,NA,NA,No,No,No,NA,7300,1825,Blue,White,1x1,NA,Nook's Cranny,"Available in Nook's Cranny (upgraded only), in the unique furniture slot",1.0.0,fancy,None,cute,None,Wardrobe,Chest,No,Does not play music,No lighting,For sale,FtrCuteClosetLR_Remake_4_0,4_0,3997,bpg2z9qk9GQSgRrtm
whiteboard,Brainstorming meeting,NA,NA,NA,No,No,No,NA,2600,650,White,Gray,2x1,NA,Nook's Cranny,"Available in Nook's Cranny (upgraded only), in the unique furniture slot",1.0.0,office,None,None,None,No,Office,No,Does not play music,No lighting,For sale,FtrWhiteboard_Remake_5_0,5_0,4116,aTd8oKdE38jnwzBNm
hose reel,Silver,NA,NA,NA,No,No,No,NA,1400,350,Gray,Light blue,1x1,NA,Nook's Cranny,Available in Nook's Cranny (either upgrade tier) in the unique furniture slot,1.0.0,garden,None,None,None,No,Garden,Yes,Does not play music,No lighting,For sale,FtrHosereel_Remake_0_0,0_0,4113,N4hjHX9MesAnWmjtm
wooden mini table,Cherry wood,Paint color,Green,Tablecloth,Yes,Yes,Yes,2,NFS,720,Orange,Green,1x1,NA,Crafting,,1.0.0,child's room,living room,wooden,None,No,Table,No,Does not play music,No lighting,Not for sale,FtrWoodenTableMini_Remake_2_4,2_4,7133,LdJ3LAWjEJ3fLaqpJ
effects rack,Blue,NA,Handwritten logo,Sticker area,No,No,Yes,3,6800,1700,Blue,Light blue,1x1,NA,Nook's Cranny,"Available in Nook's Cranny (upgraded only), in the unique furniture slot",1.0.0,concert,facility,None,None,No,Musical Instrument,No,Does not play music,No lighting,For sale,FtrEffectorrack_Remake_3_5,3_5,950,LpCGc6CkxJjQjtqey
loft bed with desk,Brown,NA,Black,Bedding,No,No,Yes,3,7700,1925,Red,Black,2x1,NA,Nook's Cranny,"Available in Nook's Cranny (upgraded only), in the unique furniture slot",1.0.0,child's room,None,None,None,Yes,Desk,No,Does not play music,No lighting,For sale,FtrBeddesk_Remake_1_1,1_1,3621,xapoyEk8gqkc64n4p
construction sign,Ongoing work,NA,NA,NA,No,No,No,NA,NFS,5000,White,Blue,1x1,1000,Nook Miles Shop,,1.0.0,garage,facility,None,None,No,Vehicle,Yes,Does not play music,No lighting,Not for sale,FtrSignConstruction_Remake_0_0,0_0,9568,aFi7Nk8YGWeoizzqu
wooden-block table,Vivid,Block color,NA,NA,Yes,Yes,No,2,NFS,1320,Red,Colorful,2x2,NA,Crafting,,1.0.0,child's room,None,wooden block,None,No,Table,No,Does not play music,No lighting,Not for sale,FtrBlockTableL_Remake_4_0,4_0,1565,8hYurfXnfEfDQ5sWh
wedding arch,Chic,Design,NA,NA,No,Yes,No,7,20000,5000,White,Brown,3x1,NA,Wedding Season,,1.2.0,party,expensive,wedding,None,No,Arch,No,Does not play music,No lighting,Not for sale,FtrWeddingArch_Remake_1_0,1_0,12402,iYQeGKgR67gmisv7R
DJ's turntable,Brown,NA,Emblem logo,Flag,No,No,Yes,4,9300,2325,Orange,Green,2x1,NA,Nook's Cranny,"Available in Nook's Cranny (upgraded only), in the unique furniture slot",1.0.0,party,concert,None,None,Yes,Musical Instrument,No,Hi-fi,No lighting,For sale,FtrDJbooth_Remake_2_4,2_4,941,3rTcLoj8ghfenGYi6
soccer goal,NA,NA,NA,NA,No,No,No,NA,NFS,20000,White,White,3x2,4000,Nook Miles Shop,,1.0.0,fitness,None,None,None,No,Sports,Yes,Does not play music,No lighting,Not for sale,FtrSoccergoal,NA,1149,wzWPLmRmjzSPdciCR
cute DIY table,Sky blue,NA,NA,NA,No,No,No,NA,7000,1750,Light blue,Blue,2x1,NA,Nook's Cranny,"Available in Nook's Cranny (upgraded only), in the unique furniture slot",1.0.0,fancy,None,cute,None,Yes,Work Bench,No,Does not play music,Spotlight,For sale,FtrCuteWorkbench_Remake_1_0,1_0,3995,PSXCm8csqXToGmMse
wooden full-length mirror,Light wood,Paint color,NA,NA,Yes,Yes,No,2,NFS,1350,Yellow,Yellow,1x1,NA,Crafting,,1.0.0,child's room,living room,wooden,None,Yes,Dresser,No,Does not play music,No lighting,Not for sale,FtrWoodenMirror_Remake_0_0,0_0,7137,r7kgrSonB53YQEstf
log decorative shelves,Orange wood,Lumber type,Geometric print,Mat,Yes,Yes,Yes,4,NFS,1560,Orange,Colorful,2x1,NA,Crafting,,1.0.0,garden,living room,log,None,No,Shelf,No,Does not play music,No lighting,Not for sale,FtrLogShelf_Remake_1_2,1_2,4036,fihjZvDxPsh3iwYSa
log round table,White wood,Lumber type,Southwestern flair,Tablecloth,Yes,Yes,Yes,4,NFS,1800,Beige,Colorful,2x2,NA,Crafting,,1.0.0,garden,living room,log,None,No,Table,Yes,Does not play music,No lighting,Not for sale,FtrLogTableLRound_Remake_2_1,2_1,4043,pX8cvCtPKedH2FCTn
tire toy,Turquoise,Tire color,NA,NA,Yes,Yes,No,1,NFS,20,Green,Green,1x1,NA,Crafting,,1.0.0,garden,None,None,None,Yes,Playground,Yes,Does not play music,No lighting,Not for sale,FtrPlayingtire_Remake_3_0,3_0,2329,BgjJWnfFf5MAEB75e
brick oven,Black,Brick color,NA,NA,Yes,Yes,No,6,NFS,3820,Black,Gray,1.5x1.5,NA,Crafting,,1.0.0,kitchen,shop,None,None,Yes,Kitchen,Yes,Does not play music,No lighting,Not for sale,FtrStoneoven_Remake_3_0,3_0,1157,CQiD3jT6CdYfi3z7N
diner mini table,Cream,NA,NA,NA,No,No,No,NA,1600,400,Gray,White,1x1,NA,Nook's Cranny,"Available in Nook's Cranny (upgraded only), in the unique furniture slot",1.0.0,shop,None,diner,None,No,Table,No,Does not play music,No lighting,For sale,FtrAmeretroTableS_Remake_5_0,5_0,4441,RAc5QG7N7mtcTdTMX
maple-leaf pond stone,NA,NA,NA,NA,Yes,No,No,NA,NFS,2700,Brown,Orange,2x1,NA,Crafting,,1.0.0,zen-style,garden,tree's bounty or leaves,None,No,Japanese Style,Yes,Does not play music,No lighting,Not for sale,FtrStonewaterbowlAutumun,NA,7408,2FGMfr2BKcY7mnHqA
wedding flower stand,Garden,Design,NA,NA,No,Yes,No,2,4000,1000,Yellow,Brown,1x1,NA,Wedding Season,,1.2.0,party,expensive,wedding,None,No,Plants,No,Does not play music,No lighting,Not for sale,FtrWeddingFlower_Remake_2_0,2_0,12411,obXJFc4LwC29mNGLg
baby chair,Green,NA,Paw print,Cushion,No,No,Yes,1,1200,300,Green,Colorful,1x1,NA,Nook's Cranny,Available in Nook's Cranny (either upgrade tier) in the unique furniture slot,1.0.0,child's room,None,None,None,Yes,Chair,No,Does not play music,No lighting,For sale,FtrBabychair_Remake_3_4,3_4,3305,3e9b2NF4sqpynsAx2
baby chair,White,NA,Train,Cushion,No,No,Yes,1,1200,300,White,Colorful,1x1,NA,Nook's Cranny,Available in Nook's Cranny (either upgrade tier) in the unique furniture slot,1.0.0,child's room,None,None,None,Yes,Chair,No,Does not play music,No lighting,For sale,FtrBabychair_Remake_5_3,5_3,3305,zKcKRjhc7Wb7KNnyd
flower stand,Pink,Variation,NA,NA,Yes,Yes,No,4,NFS,2880,Pink,Green,1.5x1.5,NA,Crafting,,1.0.0,party,None,None,None,No,Plants,No,Does not play music,No lighting,Not for sale,FtrStandflower_Remake_2_0,2_0,7527,DYT97hfpZ3MJE5Y6K
bamboo stopblock,Smoke-cured bamboo,Bamboo,NA,NA,Yes,Yes,No,1,NFS,480,Brown,Black,1x0.5,NA,Crafting,,1.0.0,zen-style,None,bamboo,None,No,Vehicle,Yes,Does not play music,No lighting,Not for sale,FtrBambooCarstop_Remake_2_0,2_0,3556,rcGeNM8ZcnF3y3FHX
imperial low table,Black,NA,NA,NA,No,No,No,NA,3700,925,Black,Black,2x1,NA,Nook's Cranny,"Available in Nook's Cranny (upgraded only), in the unique furniture slot",1.0.0,zen-style,None,zen,None,No,Table,No,Does not play music,No lighting,For sale,FtrOrientalTableM_Remake_3_0,3_0,3974,cc2s6L6ne6WtYLsR5
bunk bed,Red,NA,White,Bedding,No,No,Yes,2,5000,1250,Red,White,2x1,NA,Nook's Cranny,Available in Nook's Cranny (either upgrade tier) in the unique furniture slot,1.0.0,facility,None,None,None,Yes,Bed,No,Does not play music,No lighting,For sale,FtrBunkbed_Remake_3_0,3_0,8298,Hz2XkoCbzaTekDy8Z
kitty litter box,Brown,NA,NA,NA,No,No,No,NA,1100,275,Brown,Gray,1x1,NA,Nook's Cranny,Available in Nook's Cranny (either upgrade tier) in the unique furniture slot,1.0.0,living room,None,None,pet,No,Bathroom Things,No,Does not play music,No lighting,For sale,FtrPetWC_Remake_5_0,5_0,7803,HDqcrLftoz3WwyYmh
kitty litter box,Black,NA,NA,NA,No,No,No,NA,1100,275,Black,Light blue,1x1,NA,Nook's Cranny,Available in Nook's Cranny (either upgrade tier) in the unique furniture slot,1.0.0,living room,None,None,pet,No,Bathroom Things,No,Does not play music,No lighting,For sale,FtrPetWC_Remake_6_0,6_0,7803,8KgEuwSkD9xMff8DD
writing desk,Light brown,NA,NA,NA,No,No,No,NA,7100,1775,Yellow,Yellow,2x1,NA,Nook's Cranny,Available in Nook's Cranny (either upgrade tier) in the unique furniture slot,1.0.0,child's room,None,None,writing,Yes,Desk,No,Does not play music,Monitor,For sale,FtrStudyDesk_Remake_1_0,1_0,3701,zj8ug6pwLT5bbjt3a
wooden stool,Light wood,Paint color,Green,Seat,Yes,Yes,Yes,2,NFS,480,Beige,Green,1x1,NA,Crafting,,1.0.0,child's room,living room,wooden,None,Yes,Chair,No,Does not play music,No lighting,Not for sale,FtrWoodenStoolS_Remake_0_4,0_4,3449,6m45MDhimPsgFQf9d
antique bed,Black,NA,NA,NA,No,No,No,NA,28000,7000,Black,White,2x2,NA,Nook's Cranny,"Available in Nook's Cranny (upgraded only), in the third unique furniture slot",1.0.0,living room,expensive,antique,None,Yes,Bed,No,Does not play music,No lighting,For sale,FtrAntiqueBedW_Remake_2_0,2_0,3957,s5ZQQKh3XYcue8R6S
refrigerator,Blue,NA,None,Sticker area,No,No,Yes,2,5100,1275,Blue,Blue,1x1,NA,Nook's Cranny,"Available in Nook's Cranny (upgraded only), in the unique furniture slot",1.0.0,kitchen,shop,None,None,Wardrobe,Home Appliances,No,Does not play music,No lighting,For sale,FtrRefrigerator_Remake_4_0,4_0,2713,JDx6D7Cm27B5R6JNQ
Taurus bathtub,NA,NA,NA,NA,Yes,No,No,NA,NFS,12350,White,Yellow,2x1,NA,Crafting,,1.0.0,bathroom,expensive,stars,None,No,Bathtub,No,Does not play music,No lighting,Not for sale,FtrZodiacTaurus,NA,5961,xfgKGNrzwSupQjTud
loft bed with desk,Light blue,NA,Yellow,Bedding,No,No,Yes,3,7700,1925,Light blue,Yellow,2x1,NA,Nook's Cranny,"Available in Nook's Cranny (upgraded only), in the unique furniture slot",1.0.0,child's room,None,None,None,Yes,Desk,No,Does not play music,No lighting,For sale,FtrBeddesk_Remake_6_4,6_4,3621,Jzmfcqw86pcNtXk4Y
outdoor bench,White,NA,Black,Seat,No,No,Yes,1,1300,325,Gray,Black,2x1,NA,Nook's Cranny,Available in Nook's Cranny (either upgrade tier) in the unique furniture slot,1.0.0,outdoors,None,None,None,Yes,Sofa,Yes,Does not play music,No lighting,For sale,FtrOutdoorchairM_Remake_0_1,0_1,3947,WD45zMwfvbmxvMrs7
exercise bike,Yellow,NA,NA,NA,No,No,No,NA,4800,1200,Yellow,Black,1x1,NA,Nook's Cranny,"Available in Nook's Cranny (upgraded only), in the unique furniture slot",1.0.0,fitness,None,None,None,Yes,Sports,No,Does not play music,No lighting,For sale,FtrExercisebike_Remake_2_0,2_0,287,ei5LirK64nubeDEAg
wooden stool,Dark wood,Paint color,Blue,Seat,Yes,Yes,Yes,2,NFS,480,Brown,Light blue,1x1,NA,Crafting,,1.0.0,child's room,living room,wooden,None,Yes,Chair,No,Does not play music,No lighting,Not for sale,FtrWoodenStoolS_Remake_3_3,3_3,3449,6a9L4JYGPbrsX2XF6
DIY workbench,Marine blue,Paint color,NA,NA,Yes,Yes,No,7,NFS,6630,Light blue,Colorful,2x1,NA,Crafting,,1.0.0,garage,None,None,None,Workbench,Work Bench,No,Does not play music,No lighting,Not for sale,FtrWorkbench_Remake_5_0,5_0,1241,aYcS5STicPHQhkPCN
ironwood bed,Walnut,Lumber type,Navy,Bedding,Yes,Yes,Yes,8,NFS,9900,Brown,Black,2x1,NA,Crafting,,1.0.0,living room,None,ironwood,None,Yes,Bed,No,Does not play music,No lighting,Not for sale,FtrIronwoodBedS_Remake_2_0,2_0,3200,cD9CjJCC7Zcs8K7We
chalkboard,Math,NA,NA,NA,No,No,No,NA,2600,650,Green,Gray,2x1,NA,Nook's Cranny,"Available in Nook's Cranny (upgraded only), in the unique furniture slot",1.0.0,school,None,None,None,No,School,No,Does not play music,No lighting,For sale,FtrBlackboard_Remake_3_0,3_0,2012,atRnsthywz6gyJmHc
electric guitar,Dark red,NA,Rock logo,Sticker area,No,No,Yes,7,71000,17750,Red,Purple,1x1,NA,Nook's Cranny,"Available in Nook's Cranny (upgraded only), in the third unique furniture slot",1.0.0,concert,None,None,None,Yes,Musical Instrument,No,Does not play music,No lighting,For sale,FtrElectricguitar2_Remake_0_3,0_3,1645,yffi7v9tcqfSQ48kv
colorful wheel,Win or lose,NA,NA,NA,No,No,No,NA,2900,725,Purple,Yellow,2x1,NA,Nook's Cranny,"Available in Nook's Cranny (upgraded only), in the unique furniture slot",1.0.0,party,None,None,None,Yes,Toy,No,Does not play music,No lighting,For sale,FtrRoulette_Remake_2_0,2_0,1112,i48gjmGQCjTFtsffB
bunk bed,Blue,NA,Striped,Bedding,No,No,Yes,2,5000,1250,Blue,Blue,2x1,NA,Nook's Cranny,Available in Nook's Cranny (either upgrade tier) in the unique furniture slot,1.0.0,facility,None,None,None,Yes,Bed,No,Does not play music,No lighting,For sale,FtrBunkbed_Remake_4_1,4_1,8298,w3umEo6vpdHfvFaC4
vintage TV tray,Black,NA,Green,Tray,No,No,Yes,1,1200,300,Black,Green,1x1,NA,Nook's Cranny,Available in Nook's Cranny (either upgrade tier) in the unique furniture slot,1.0.0,living room,None,None,None,No,Table,No,Does not play music,No lighting,For sale,FtrTVtray_Remake_3_0,3_0,4445,T7KdXKdhZNhXPp5M9
stadiometer,Gray,NA,NA,NA,No,No,No,NA,2100,525,Black,Gray,1x1,NA,Nook's Cranny,Available in Nook's Cranny (either upgrade tier) in the unique furniture slot,1.0.0,school,facility,None,None,No,School,No,Does not play music,No lighting,For sale,FtrStadiometer_Remake_0_0,0_0,546,KmLzzEp4sxPnFsQt4
poolside bed,Brown,NA,Yellow,Bed mat,No,No,Yes,2,3400,850,Orange,Yellow,2x1,NA,Nook's Cranny,"Available in Nook's Cranny (upgraded only), in the unique furniture slot",1.0.0,ocean,expensive,None,None,Yes,Bed,Yes,Does not play music,No lighting,For sale,FtrPoolsidebed_Remake_1_4,1_4,4102,CLGoSZmGh885M5qkh
frozen chair,Ice orange,Illumination,NA,NA,Yes,Yes,No,7,NFS,6200,Orange,Orange,1x1,NA,Crafting,,1.0.0,freezing cold,None,frozen,None,Yes,Chair,Yes,Does not play music,No lighting,Not for sale,FtrIceChairS_Remake_4_0,4_0,3503,QYGAsZxd4Bes6CY4w
automatic washer,Blue,NA,NA,NA,No,No,No,NA,4500,1125,Blue,White,1x1,NA,Nook's Cranny,"Available in Nook's Cranny (upgraded only), in the unique furniture slot",1.0.0,bathroom,None,None,None,Yes,Home Appliances,No,Does not play music,No lighting,For sale,FtrWashingmachine_Remake_2_0,2_0,2740,vCcK4sAa2HDC2cLQG
changing room,Beige,NA,Red,Curtain,No,No,Yes,2,3700,925,Yellow,Red,1x1,NA,Nook's Cranny,"Available in Nook's Cranny (upgraded only), in the unique furniture slot",1.0.0,shop,facility,None,None,Wardrobe,Shop,No,Does not play music,No lighting,For sale,FtrFittingroom_Remake_1_5,1_5,1816,KcXaGW49HwocRBvzj
bunk bed,White,NA,Checkered,Bedding,No,No,Yes,2,5000,1250,White,Pink,2x1,NA,Nook's Cranny,Available in Nook's Cranny (either upgrade tier) in the unique furniture slot,1.0.0,facility,None,None,None,Yes,Bed,No,Does not play music,No lighting,For sale,FtrBunkbed_Remake_2_2,2_2,8298,yyT3WFXwaPnCx4xN8
shaded floor lamp,Yellow,NA,NA,NA,No,No,No,NA,1700,425,Yellow,Gray,1x1,NA,Nook's Cranny,"Available in Nook's Cranny (upgraded only), in the unique furniture slot",1.0.0,living room,None,None,None,Yes,Lamp,No,Does not play music,Fluorescent,For sale,FtrLampMount_Remake_0_0,0_0,4572,584LfQkaemKeexgc9
champion's pennant,Green,NA,NA,NA,No,No,No,NA,3900,975,Green,Yellow,1x1,NA,Nook's Cranny,"Available in Nook's Cranny (upgraded only), in the unique furniture slot",1.0.0,school,None,None,None,No,School,No,Does not play music,No lighting,For sale,FtrVictoryflag_Remake_2_0,2_0,7264,yczJPkDz2CLwurp8j
digital scale,Red,NA,Floral,Design,No,No,Yes,1,930,232,Red,Red,1x1,NA,Nook's Cranny,Available in Nook's Cranny (either upgrade tier) in the unique furniture slot,1.0.0,bathroom,None,None,None,No,Bathroom Things,No,Does not play music,No lighting,For sale,FtrWeightscale_Remake_2_1,2_1,3307,pwnTCwwHa9yhEB2iP
vintage TV tray,Black,NA,Black,Tray,No,No,Yes,1,1200,300,Black,Black,1x1,NA,Nook's Cranny,Available in Nook's Cranny (either upgrade tier) in the unique furniture slot,1.0.0,living room,None,None,None,No,Table,No,Does not play music,No lighting,For sale,FtrTVtray_Remake_3_1,3_1,4445,6jZGbuMs2XwAM8p4t
frozen arch,Ice purple,Illumination,NA,NA,Yes,Yes,No,7,NFS,9000,Purple,Purple,3x1,NA,Crafting,,1.0.0,freezing cold,None,frozen,None,No,Arch,Yes,Does not play music,No lighting,Not for sale,FtrIceGate_Remake_6_0,6_0,3499,PTqtWSh82xbkqGjbk
climbing wall,Pink,NA,NA,NA,No,No,No,NA,4300,1075,Pink,Colorful,2x0.5,NA,Nook's Cranny,"Available in Nook's Cranny (upgraded only), in the unique furniture slot",1.0.0,fitness,None,None,None,No,Sports,Yes,Does not play music,No lighting,For sale,FtrClimbingwall_Remake_1_0,1_0,4006,nq45QwfcFocFND6yP
kotatsu,NA,NA,Stripes,Blanket,No,No,Yes,2,3700,925,Brown,Colorful,2x2,NA,Nook's Cranny,"Available in Nook's Cranny (upgraded only), in the third unique furniture slot",1.0.0,zen-style,None,None,None,No,Table,No,Does not play music,No lighting,For sale,FtrKotatsu_Remake_0_3,0_3,1849,XjaiJptva6rJCnNyc
school chair,Light brown & black,NA,NA,NA,No,No,No,NA,980,245,Orange,Black,1x1,NA,Nook's Cranny,Available in Nook's Cranny (either upgrade tier) in the unique furniture slot,1.0.0,school,None,None,school,Yes,Chair,No,Does not play music,No lighting,For sale,FtrSchoolChairS_Remake_2_0,2_0,1308,TB8xPSJhuu7YafYsv
floor lamp,Black,NA,White,Lampshade,No,No,Yes,1,1400,350,Black,White,1x1,NA,Nook's Cranny,"Available in Nook's Cranny (upgraded only), in the unique furniture slot",1.0.0,living room,None,None,None,Yes,Lamp,No,Does not play music,Fluorescent,For sale,FtrLamp_Remake_3_0,3_0,2561,Nz2JCeXiKWFMYC76S
throwback rocket,Silver,NA,NA,NA,No,No,No,NA,5900,1475,Gray,Orange,1x1,NA,Nook's Cranny,"Available in Nook's Cranny (upgraded only), in the unique furniture slot",1.0.0,child's room,space,throwback,None,Wardrobe,Chest,No,Does not play music,No lighting,For sale,FtrBoyClosetL_Remake_0_0,0_0,4761,HEn7YMzYz5zFXYLWD
writing desk,White,NA,NA,NA,No,No,No,NA,7100,1775,White,White,2x1,NA,Nook's Cranny,Available in Nook's Cranny (either upgrade tier) in the unique furniture slot,1.0.0,child's room,None,None,writing,Yes,Desk,No,Does not play music,Monitor,For sale,FtrStudyDesk_Remake_3_0,3_0,3701,5njHyM5GZ22v6Levz
wooden mini table,Light wood,Paint color,Orange,Tablecloth,Yes,Yes,Yes,2,NFS,720,Beige,Orange,1x1,NA,Crafting,,1.0.0,child's room,living room,wooden,None,No,Table,No,Does not play music,No lighting,Not for sale,FtrWoodenTableMini_Remake_0_1,0_1,7133,MiXLbYhi8QtBP9Bgk
plain sink,Gray wood & tile,Design,NA,NA,Yes,Yes,No,4,NFS,2270,Gray,Beige,1x1,NA,Crafting,,1.0.0,bathroom,None,None,None,Yes,Bathroom Things,No,Does not play music,No lighting,Not for sale,FtrWashstandBowl_Remake_4_0,4_0,3683,LZcuYKEEp6xhxK8MJ
freezer,Silver,NA,NA,NA,No,No,No,NA,3500,875,Gray,Gray,2x1,NA,Nook's Cranny,Available in Nook's Cranny (either upgrade tier) in the unique furniture slot,1.0.0,kitchen,shop,None,None,Wardrobe,Home Appliances,No,Does not play music,No lighting,For sale,FtrFreezer_Remake_3_0,3_0,4135,yft5YzF44oFzqmoJ4
loft bed with desk,Natural,NA,White,Bedding,No,No,Yes,3,7700,1925,Beige,White,2x1,NA,Nook's Cranny,"Available in Nook's Cranny (upgraded only), in the unique furniture slot",1.0.0,child's room,None,None,None,Yes,Desk,No,Does not play music,No lighting,For sale,FtrBeddesk_Remake_0_0,0_0,3621,pEmEpctJ7fDvRK895
wooden low table,Pink wood,Paint color,NA,NA,Yes,Yes,No,2,NFS,1200,Pink,Pink,2x1,NA,Crafting,,1.0.0,child's room,living room,wooden,None,No,Table,No,Does not play music,No lighting,Not for sale,FtrWoodenTableM_Remake_7_0,7_0,7134,MaSaqNLgbEC4Et76L
sleeping bag,Orange,NA,NA,NA,No,No,No,NA,1400,350,Orange,Gray,2x1,NA,Nook's Cranny,"Available in all tiers of shops, including Timmy & Tommy before the shop is opened",1.0.0,outdoors,None,None,None,Yes,Bed,Yes,Does not play music,No lighting,For sale,FtrSleepingbag_Remake_3_0,3_0,1434,u2P2EYDQWXMuK2amc
wooden double bed,Green,Paint color,Pink,Bedding,Yes,Yes,Yes,6,NFS,3600,Green,Pink,2x2,NA,Crafting,,1.0.0,child's room,living room,wooden,None,Yes,Bed,No,Does not play music,No lighting,Not for sale,FtrWoodenBedW_Remake_5_1,5_1,7132,2BPJ9Rm2ZXC952xEW
fountain,Black,Color,NA,NA,Yes,Yes,No,7,NFS,11700,Black,Black,3x3,NA,Crafting,,1.0.0,garden,facility,None,None,Yes,Playground,Yes,Does not play music,No lighting,Not for sale,FtrFountain_Remake_2_0,2_0,8031,mbHXRqiHygK4t5ofg
frozen bed,Ice green,Illumination,White,Bedding,Yes,Yes,Yes,8,NFS,9000,Green,White,2x2,NA,Crafting,,1.0.0,freezing cold,None,frozen,None,Yes,Bed,Yes,Does not play music,No lighting,Not for sale,FtrIceBedW_Remake_5_1,5_1,3502,FKpQZAKraz9XksM7x
golf bag,Pink,NA,NA,NA,No,No,No,NA,54000,13500,Pink,Pink,1x1,NA,Nook's Cranny,"Available in Nook's Cranny (upgraded only), in the third unique furniture slot",1.0.0,fitness,None,None,None,No,Sports,No,Does not play music,No lighting,For sale,FtrGolfbag_Remake_2_0,2_0,1632,pMnpibghSurQPP5GC
streetlamp,Green,NA,NA,NA,No,No,No,NA,NFS,5000,Green,Green,1x1,1000,Nook Miles Shop,,1.0.0,garden,None,None,None,Yes,Lamp,Yes,Does not play music,Fluorescent,Not for sale,FtrStreetlamp_Remake_0_0,0_0,3816,bpmjEMvqg4AriFww3
mush parasol,Ordinary mushroom,Mushroom type,NA,NA,Yes,Yes,No,2,NFS,1200,Orange,Brown,2x2,NA,Crafting,,1.0.0,garden,None,mush,None,No,Plants,Yes,Does not play music,No lighting,Not for sale,FtrMushroomParasol_Remake_0_0,0_0,3805,YoHwDYpbfA3Q7vaaE
rattan wardrobe,Gray,NA,NA,NA,No,No,No,NA,6900,1725,Blue,Blue,1x1,NA,Nook's Cranny,"Available in Nook's Cranny (upgraded only), in the unique furniture slot",1.0.0,living room,None,rattan,None,Wardrobe,Chest,No,Does not play music,No lighting,For sale,FtrRattanClosetLR_Remake_4_0,4_0,4049,eH8JeGm6SAetXNGfm
cat tower,Brown,NA,NA,NA,No,No,No,NA,3000,750,Brown,Beige,1x1,NA,Nook's Cranny,Available in Nook's Cranny (either upgrade tier) in the unique furniture slot,1.0.0,living room,None,None,None,Yes,Animal,No,Does not play music,No lighting,For sale,FtrCattower_Remake_1_0,1_0,896,yZD44wEXn4quwQ3aP
anchor statue,White,Color,NA,NA,No,Yes,No,2,NFS,1400,White,Beige,1x1,NA,Fishing Tourney,,1.0.0,ocean,None,None,None,No,Seaside,Yes,Does not play music,No lighting,Not for sale,FtrShipanchor_Remake_3_0,3_0,7238,ZWyY2rRANgXoGcDha
drum set,Marine blue,NA,Smooth white,Bass drum head,No,No,Yes,2,5600,1400,Blue,White,2x1,NA,Nook's Cranny,"Available in Nook's Cranny (upgraded only), in the unique furniture slot",1.0.0,concert,None,None,None,Yes,Musical Instrument,No,Does not play music,No lighting,For sale,FtrDrumSet_Remake_4_0,4_0,1803,gi4zRDm7tWoTmxhiG
outdoor bench,Black,NA,Blue,Seat,No,No,Yes,1,1300,325,Black,Blue,2x1,NA,Nook's Cranny,Available in Nook's Cranny (either upgrade tier) in the unique furniture slot,1.0.0,outdoors,None,None,None,Yes,Sofa,Yes,Does not play music,No lighting,For sale,FtrOutdoorchairM_Remake_1_3,1_3,3947,5D3989cz2dcXocPzP
wooden chest,Cherry wood,Paint color,NA,NA,Yes,Yes,No,3,NFS,1920,Orange,Orange,2x1,NA,Crafting,,1.0.0,child's room,living room,wooden,None,Wardrobe,Chest,No,Does not play music,No lighting,Not for sale,FtrWoodenChest_Remake_2_0,2_0,2560,LTHYdojRj8bFff9eo
birdbath,White,Body color,NA,NA,Yes,Yes,No,2,NFS,900,White,White,1x1,NA,Crafting,,1.0.0,garden,None,None,None,No,Garden,Yes,Does not play music,No lighting,Not for sale,FtrBirdbus_Remake_2_0,2_0,331,RKaeAsixwsfMuZpTM
box sofa,Navy blue,NA,NA,NA,No,No,No,NA,2700,675,Blue,Black,1x1,NA,Nook's Cranny,"Available in Nook's Cranny (upgraded only), in the unique furniture slot",1.0.0,shop,facility,None,None,Yes,Chair,No,Does not play music,No lighting,For sale,FtrBoxsofa_Remake_3_0,3_0,1852,dEkGXBgskwMNCDGek
stall,Green,Variation,None,Curtain,Yes,Yes,Yes,3,NFS,1440,Green,Green,2x1,NA,Crafting,,1.0.0,shop,party,None,None,No,Shop,Yes,Does not play music,No lighting,Not for sale,FtrFloat_Remake_3_0,3_0,3617,QutXdHdyqhLJeQ3Mi
tall garden rock,NA,NA,NA,NA,Yes,No,No,NA,NFS,9000,Gray,Gray,1x1,NA,Crafting,,1.0.0,garden,None,None,None,No,Japanese Style,Yes,Does not play music,No lighting,Not for sale,FtrGardenrockTall,NA,730,WrF7wQNQCv9WjN5sj
shell bed,Yellow,Shell color,NA,NA,Yes,Yes,No,7,NFS,10200,Yellow,Yellow,2x2,NA,Crafting,,1.0.0,ocean,expensive,shell,None,Yes,Bed,Yes,Does not play music,No lighting,Not for sale,FtrShellBedW_Remake_3_0,3_0,3983,A7YgKpEzLEM7Hb9LS
frozen bed,Ice pink,Illumination,White,Bedding,Yes,Yes,Yes,8,NFS,9000,Pink,White,2x2,NA,Crafting,,1.0.0,freezing cold,None,frozen,None,Yes,Bed,Yes,Does not play music,No lighting,Not for sale,FtrIceBedW_Remake_2_1,2_1,3502,TitjAARHaR856ZHvQ
effects rack,Red,NA,Pop logo,Sticker area,No,No,Yes,3,6800,1700,Red,Red,1x1,NA,Nook's Cranny,"Available in Nook's Cranny (upgraded only), in the unique furniture slot",1.0.0,concert,facility,None,None,No,Musical Instrument,No,Does not play music,No lighting,For sale,FtrEffectorrack_Remake_4_6,4_6,950,LvEZkWY6EckwBKgSr
stall,Dark brown,Variation,None,Curtain,Yes,Yes,Yes,3,NFS,1440,Brown,Brown,2x1,NA,Crafting,,1.0.0,shop,party,None,None,No,Shop,Yes,Does not play music,No lighting,Not for sale,FtrFloat_Remake_1_0,1_0,3617,XMaJRn7o2f4mEEvFk
simple panel,Silver,NA,Gold,Panel design,No,No,Yes,1,810,202,Gray,Yellow,1x0.5,NA,Nook's Cranny,Available in Nook's Cranny (either upgrade tier) in the unique furniture slot,1.0.0,facility,None,None,None,No,Screen,No,Does not play music,No lighting,For sale,FtrScreenSimple_Remake_6_7,6_7,5338,tfdQf5XP8YRpDHevN
log round table,Dark wood,Lumber type,Southwestern flair,Tablecloth,Yes,Yes,Yes,4,NFS,1800,Brown,Colorful,2x2,NA,Crafting,,1.0.0,garden,living room,log,None,No,Table,Yes,Does not play music,No lighting,Not for sale,FtrLogTableLRound_Remake_0_1,0_1,4043,9gkgHdsYdPFvf2irQ
outdoor bench,Green,NA,Light wood,Seat,No,No,Yes,1,1300,325,Green,Beige,2x1,NA,Nook's Cranny,Available in Nook's Cranny (either upgrade tier) in the unique furniture slot,1.0.0,outdoors,None,None,None,Yes,Sofa,Yes,Does not play music,No lighting,For sale,FtrOutdoorchairM_Remake_2_5,2_5,3947,T3Dind2uXhTwiweNp
ironwood cart,Old,Lumber type,NA,NA,Yes,Yes,No,5,NFS,3720,Brown,Black,1x1,NA,Crafting,,1.0.0,living room,None,ironwood,None,No,Desk,No,Does not play music,No lighting,Not for sale,FtrIronwoodServingcart_Remake_3_0,3_0,3195,JcCRKZRzXkdzTqjkn
cardboard sofa,Plain,Cardboard,NA,NA,Yes,Yes,No,1,NFS,120,Beige,Beige,2x1,NA,Crafting,,1.0.0,garage,None,cardboard,None,Yes,Sofa,No,Does not play music,No lighting,Not for sale,FtrCardboardSofaL_Remake_0_0,0_0,7159,gC3KJKpMt87pMCcgD
antique bureau,Natural,NA,NA,NA,No,No,No,NA,20000,5000,Beige,Beige,1x1,NA,Nook's Cranny,"Available in Nook's Cranny (upgraded only), in the third unique furniture slot",1.0.0,living room,expensive,antique,None,Yes,Desk,No,Does not play music,No lighting,For sale,FtrAntiqueBureau_Remake_1_0,1_0,3956,PwbzwqaKiZ7CPKgh6
iron garden bench,Blue,Body color,NA,NA,Yes,Yes,No,7,NFS,6000,Blue,Blue,2x1,NA,Crafting,,1.0.0,garden,None,iron,None,Yes,Sofa,Yes,Does not play music,No lighting,Not for sale,FtrIrongardenBench_Remake_1_0,1_0,1625,RYw2awar4bptqk5vG
digital scale,Red,NA,Polka dots,Design,No,No,Yes,1,930,232,Red,Green,1x1,NA,Nook's Cranny,Available in Nook's Cranny (either upgrade tier) in the unique furniture slot,1.0.0,bathroom,None,None,None,No,Bathroom Things,No,Does not play music,No lighting,For sale,FtrWeightscale_Remake_2_2,2_2,3307,MDsR3rGxvosKLuzbq
drum set,Black & white,NA,Smooth white,Bass drum head,No,No,Yes,2,5600,1400,Gray,White,2x1,NA,Nook's Cranny,"Available in Nook's Cranny (upgraded only), in the unique furniture slot",1.0.0,concert,None,None,None,Yes,Musical Instrument,No,Does not play music,No lighting,For sale,FtrDrumSet_Remake_7_0,7_0,1803,7m4TkWwHioNTKqmsP
sand castle,White sand,NA,NA,NA,No,No,No,NA,2100,525,Gray,Blue,1x1,NA,Nook's Cranny,Available in Nook's Cranny (either upgrade tier) in the unique furniture slot,1.0.0,ocean,garden,None,None,No,Seaside,Yes,Does not play music,No lighting,For sale,FtrSandcastle_Remake_1_0,1_0,1117,bbH5SY5jNFTamvTLP
beekeeper's hive,Blue,Paint color,NA,NA,Yes,Yes,No,4,NFS,2400,Blue,Black,1x1,NA,Crafting,,1.0.0,garden,None,None,None,No,Ranch,Yes,Does not play music,No lighting,Not for sale,FtrBeekeepingbox_Remake_3_0,3_0,3406,wyk7uKBtF3k4WAf9Y
folding floor lamp,Silver,NA,NA,NA,No,No,No,NA,1900,475,Gray,Gray,1x1,NA,Nook's Cranny,"Available in Nook's Cranny (upgraded only), in the unique furniture slot",1.0.0,child's room,living room,None,None,Yes,Lamp,No,Does not play music,Spotlight,For sale,FtrLampArm_Remake_7_0,7_0,4014,RCsdHn6DjwET2n3mE
claw-foot tub,Yellow,NA,NA,NA,No,No,No,NA,63000,15750,Yellow,White,2x1,NA,Nook's Cranny,"Available in Nook's Cranny (upgraded only), in the third unique furniture slot",1.0.0,bathroom,expensive,None,None,No,Bathtub,No,Does not play music,No lighting,For sale,FtrBathtubCabriole_Remake_5_0,5_0,1757,WeTDRJAvKXmTFpZLZ
frozen bed,Ice orange,Illumination,Gray,Bedding,Yes,Yes,Yes,8,NFS,9000,Orange,Gray,2x2,NA,Crafting,,1.0.0,freezing cold,None,frozen,None,Yes,Bed,Yes,Does not play music,No lighting,Not for sale,FtrIceBedW_Remake_4_2,4_2,3502,XTXgPmyvGwao6sxtd
orange end table,Blood orange,Fruit type,NA,NA,Yes,Yes,No,4,NFS,2480,Red,Green,1x1,NA,Crafting,,1.0.0,fancy,None,fruits,orange,No,Table,No,Does not play music,No lighting,Not for sale,FtrFruitsTableS_Remake_1_0,1_0,3975,s3fdroRQFmb6FdB9z
pet bed,Natural,NA,Polka dots,Cushion,No,No,Yes,1,1100,275,Beige,Light blue,1x1,NA,Nook's Cranny,Available in Nook's Cranny (either upgrade tier) in the unique furniture slot,1.0.0,living room,None,None,pet,Yes,Chair,No,Does not play music,No lighting,For sale,FtrPetBed_Remake_0_2,0_2,7802,JE3WjmEGL2HJD94aQ
loft bed with desk,White,NA,Green stripes,Bedding,No,No,Yes,3,7700,1925,White,Colorful,2x1,NA,Nook's Cranny,"Available in Nook's Cranny (upgraded only), in the unique furniture slot",1.0.0,child's room,None,None,None,Yes,Desk,No,Does not play music,No lighting,For sale,FtrBeddesk_Remake_2_6,2_6,3621,6TdJG3SLL4FQ3hJd3
drum set,Rose pink,NA,Rock logo,Bass drum head,No,No,Yes,2,5600,1400,Red,Black,2x1,NA,Nook's Cranny,"Available in Nook's Cranny (upgraded only), in the unique furniture slot",1.0.0,concert,None,None,None,Yes,Musical Instrument,No,Does not play music,No lighting,For sale,FtrDrumSet_Remake_5_4,5_4,1803,YZokAT8NfLk5PDRYx
baby chair,Red,NA,Butterfly,Cushion,No,No,Yes,1,1200,300,Red,Orange,1x1,NA,Nook's Cranny,Available in Nook's Cranny (either upgrade tier) in the unique furniture slot,1.0.0,child's room,None,None,None,Yes,Chair,No,Does not play music,No lighting,For sale,FtrBabychair_Remake_0_2,0_2,3305,SNPkuumtp6rc7Df7k
effects rack,Red,NA,Familiar logo,Sticker area,No,No,Yes,3,6800,1700,Red,White,1x1,NA,Nook's Cranny,"Available in Nook's Cranny (upgraded only), in the unique furniture slot",1.0.0,concert,facility,None,None,No,Musical Instrument,No,Does not play music,No lighting,For sale,FtrEffectorrack_Remake_4_1,4_1,950,xkkkawpohhJS8W2hW
rocket lamp,Purple,NA,NA,NA,No,No,No,NA,1500,375,Purple,Blue,1x1,NA,Nook's Cranny,Available in Nook's Cranny (either upgrade tier) in the unique furniture slot,1.0.0,facility,None,None,None,Yes,Lamp,No,Does not play music,Fluorescent,For sale,FtrLavalamp_Remake_4_0,4_0,1851,sQZunaTDFEqcLuPEi
brick well,White,Brick color,NA,NA,Yes,Yes,No,4,NFS,2800,White,Red,1.5x1.5,NA,Crafting,,1.0.0,garden,None,None,None,No,Garden,Yes,Does not play music,No lighting,Not for sale,FtrWellBrick_Remake_1_0,1_0,3776,cw9Pm2gWnRCH3KANg
diner counter table,Pink,NA,NA,NA,No,No,No,NA,6000,1500,Pink,Gray,2x1,NA,Nook's Cranny,"Available in Nook's Cranny (upgraded only), in the unique furniture slot",1.0.0,shop,None,diner,None,No,Table,No,Does not play music,No lighting,For sale,FtrAmeretroCounter_Remake_4_0,4_0,4139,C7qujoCkwKta7e3kX
hedge standee,Winter,Season,NA,NA,Yes,Yes,No,1,NFS,600,White,Gray,1x0.5,NA,Crafting,,1.0.0,school,None,None,standee,No,School,No,Does not play music,No lighting,Not for sale,FtrHariboteHedge_Remake_6_0,6_0,531,PWg5KtXGPhCJmXd8y
paper lantern,Dark wood,NA,Plain,Paper,No,No,Yes,1,780,195,Brown,White,1x1,NA,Nook's Cranny,Available in Nook's Cranny (either upgrade tier) in the unique furniture slot,1.0.0,zen-style,None,None,None,Yes,Lamp,No,Does not play music,Candle,For sale,FtrLampJapan_Remake_1_0,1_0,725,XDm5P9CnaXGtpzM6W
rattan waste bin,Brown,NA,NA,NA,No,No,No,NA,1000,250,Brown,Brown,1x1,NA,Nook's Cranny,"Available in Nook's Cranny (upgraded only), in the unique furniture slot",1.0.0,living room,None,rattan,None,Trash,Supplies,No,Does not play music,No lighting,For sale,FtrRattanTrashbox_Remake_0_0,0_0,4045,ZL3LSJW2WKe6Dxdzx
outdoor air conditioner,NA,NA,NA,NA,No,No,No,NA,2200,550,White,White,1x1,NA,Nook's Cranny,Available in Nook's Cranny (either upgrade tier) in the unique furniture slot,1.0.0,facility,garden,None,None,Yes,Fan,Yes,Does not play music,No lighting,For sale,FtrOutdoorunit,NA,1131,szRSeEPbooktkpNKr
birdbath,Red,Body color,NA,NA,Yes,Yes,No,2,NFS,900,Orange,Orange,1x1,NA,Crafting,,1.0.0,garden,None,None,None,No,Garden,Yes,Does not play music,No lighting,Not for sale,FtrBirdbus_Remake_1_0,1_0,331,5swLkbk4TnQD6u4YT
exercise ball,Blue,NA,NA,NA,No,No,No,NA,1100,275,Blue,Blue,1x1,NA,Nook's Cranny,Available in Nook's Cranny (either upgrade tier) in the unique furniture slot,1.0.0,fitness,office,None,None,Yes,Sports,No,Does not play music,No lighting,For sale,FtrBalanceball_Remake_0_0,0_0,1598,uqB2a44LGhKpiPbZa
rock guitar,Cosmo black,NA,None,Sticker area,No,No,Yes,2,3100,775,Black,White,1x1,NA,Nook's Cranny,Available in Nook's Cranny (either upgrade tier) in the unique furniture slot,1.0.0,concert,None,None,None,Yes,Musical Instrument,No,Does not play music,No lighting,For sale,FtrElectricguitar1_Remake_2_0,2_0,1644,kATbKmvwL3LA8H7Bj
shell bed,White,Shell color,NA,NA,Yes,Yes,No,7,NFS,10200,White,White,2x2,NA,Crafting,,1.0.0,ocean,expensive,shell,None,Yes,Bed,Yes,Does not play music,No lighting,Not for sale,FtrShellBedW_Remake_0_0,0_0,3983,wB2bDs5c4CNXdD64T
Cancer table,NA,NA,NA,NA,Yes,No,No,NA,NFS,21975,Yellow,White,1x1,NA,Crafting,,1.0.0,expensive,None,stars,None,No,Table,No,Does not play music,No lighting,Not for sale,FtrZodiacCancer,NA,5959,EzTZ4XnhhHSi4sNW6
ironwood DIY workbench,Oak,Lumber type,NA,NA,Yes,Yes,No,7,NFS,8520,Orange,White,2x1,NA,Crafting,,1.0.0,garage,None,ironwood,None,Workbench,Work Bench,No,Does not play music,No lighting,Not for sale,FtrWorkbenchIronwood_Remake_4_0,4_0,3943,imFcpFKwNs5dk8q7v
standard umbrella stand,White,Body color,Navy,Favorite umbrella,Yes,Yes,Yes,4,NFS,2250,White,Blue,1x1,NA,Crafting,,1.0.0,school,office,None,None,No,Supplies,No,Does not play music,No lighting,Not for sale,FtrUmbrellastand_Remake_1_2,1_2,3445,NBPqJEnKFws2F6J7s
springy ride-on,Pink,NA,NA,NA,No,No,No,NA,NFS,10000,Pink,White,1x1,2000,Nook Miles Shop,,1.0.0,facility,fancy,None,None,Yes,Playground,Yes,Does not play music,No lighting,Not for sale,FtrSpringrider_Remake_5_0,5_0,4379,ghai5j7nETAbSeoMJ
zen cushion,NA,NA,Indigo,Upholstery,No,No,Yes,1,500,125,Blue,Light blue,1x1,NA,Nook's Cranny,Available in Nook's Cranny (either upgrade tier) in the unique furniture slot,1.0.0,zen-style,living room,None,None,Yes,Chair,No,Does not play music,No lighting,For sale,FtrCushionJapan_Remake_0_1,0_1,7047,Z7AkYQiT66nz89FRc
log round table,White birch,Lumber type,Southwestern flair,Tablecloth,Yes,No,Yes,4,NFS,1800,White,Colorful,2x2,NA,Crafting,,1.0.0,garden,living room,log,None,No,Table,Yes,Does not play music,No lighting,Not for sale,FtrLogTableLRound_Remake_3_1,3_1,4043,xRPWnd6y3LNwuLoGB
drink machine,Red,NA,Sports drink,Advertisement panel,No,No,Yes,7,NFS,10000,Red,Light blue,1x1,2000,Nook Miles Shop,,1.0.0,shop,facility,None,None,Yes,Facility Decor,Yes,Does not play music,Monitor,Not for sale,FtrDrinkmachine_Remake_0_1,0_1,1802,Tiho3w4ZpFyBs9NJk
piano bench,Red,NA,NA,NA,No,No,No,NA,990,247,Red,Black,1x1,NA,Nook's Cranny,Available in Nook's Cranny (either upgrade tier) in the unique furniture slot,1.0.0,music,None,None,None,Yes,Chair,No,Does not play music,No lighting,For sale,FtrPianochair_Remake_1_0,1_0,3681,a4TcHg9EWCgwtBCBF
log extra-long sofa,White wood,Lumber type,Geometric print,Cushions,Yes,Yes,Yes,4,NFS,1920,Beige,Colorful,2x1,NA,Crafting,,1.0.0,garden,living room,log,None,Yes,Sofa,No,Does not play music,No lighting,Not for sale,FtrLogSofaL_Remake_2_2,2_2,4044,xKEeAuTcLxioBDzSh
mush low stool,Red mushroom,Mushroom type,NA,NA,Yes,Yes,No,2,NFS,800,Red,Beige,1x1,NA,Crafting,,1.0.0,garden,None,mush,None,Yes,Chair,Yes,Does not play music,No lighting,Not for sale,FtrMushroomChairS_Remake_3_0,3_0,4708,qmCSzTc27WLLQK4vk
wooden low table,Green,Paint color,NA,NA,Yes,Yes,No,2,NFS,1200,Green,Green,2x1,NA,Crafting,,1.0.0,child's room,living room,wooden,None,No,Table,No,Does not play music,No lighting,Not for sale,FtrWoodenTableM_Remake_5_0,5_0,7134,D8iuhvsgyTRh23ssn
folding floor lamp,Red,NA,NA,NA,No,No,No,NA,1900,475,Red,Red,1x1,NA,Nook's Cranny,"Available in Nook's Cranny (upgraded only), in the unique furniture slot",1.0.0,child's room,living room,None,None,Yes,Lamp,No,Does not play music,Spotlight,For sale,FtrLampArm_Remake_3_0,3_0,4014,H4sXo8XQAbmJSfwZw
oil barrel,Green,NA,NA,NA,No,No,No,NA,650,162,Green,Green,1x1,NA,Nook's Cranny,"Available in all tiers of shops, including Timmy & Tommy before the shop is opened",1.0.0,garage,None,None,None,No,Vehicle,Yes,Does not play music,No lighting,For sale,FtrDrumcan_Remake_6_0,6_0,1567,cr3LYhn4Tw3pPh8N4
pants press,Black,NA,NA,NA,No,No,No,NA,1900,475,Brown,White,1x1,NA,Nook's Cranny,"Available in Nook's Cranny (upgraded only), in the unique furniture slot",1.0.0,facility,None,None,None,Yes,Home Appliances,No,Does not play music,No lighting,For sale,FtrPantspresser_Remake_1_0,1_0,4023,s4TdMkfQz7Du9EjBe
outdoor table,White,NA,Blue,Table,No,No,Yes,1,2200,550,Gray,Blue,2x1,NA,Nook's Cranny,Available in Nook's Cranny (either upgrade tier) in the unique furniture slot,1.0.0,outdoors,None,None,None,No,Table,Yes,Does not play music,No lighting,For sale,FtrOutdoortableM_Remake_0_3,0_3,3946,68M2koGPMivvrrRRY
hammock,Blue,NA,White,Cloth,No,No,Yes,1,1300,325,Blue,White,2x1,NA,Nook's Cranny,"Available in all tiers of shops, including Timmy & Tommy before the shop is opened",1.0.0,outdoors,None,None,None,Yes,Bed,Yes,Does not play music,No lighting,For sale,FtrHammock_Remake_3_3,3_3,1620,h47vvPyeNcroJiiCg
rattan low table,Black,NA,NA,NA,No,No,No,NA,2900,725,Black,Black,2x1,NA,Nook's Cranny,"Available in Nook's Cranny (upgraded only), in the unique furniture slot",1.0.0,living room,None,rattan,None,No,Table,No,Does not play music,No lighting,For sale,FtrRattanTableM_Remake_5_0,5_0,4054,w4dDZThhdergczRwu
wooden simple bed,Black,Paint color,Blue,Bedding,Yes,Yes,Yes,4,NFS,2160,Black,Light blue,2x1,NA,Crafting,,1.0.0,child's room,living room,wooden,None,Yes,Bed,No,Does not play music,No lighting,Not for sale,FtrWoodenBedS_Remake_4_2,4_2,2605,a5hMaTJZE9TcmpGLs
cute vanity,Red,NA,NA,NA,No,No,No,NA,5400,1350,Red,White,1x1,NA,Nook's Cranny,"Available in Nook's Cranny (upgraded only), in the unique furniture slot",1.0.0,fancy,None,cute,None,Yes,Dresser,No,Does not play music,No lighting,For sale,FtrCuteDresser_Remake_3_0,3_0,4001,o6EDSRzFFEdTedXLq
retro stereo,Brown,NA,NA,NA,No,No,No,NA,6000,1500,Orange,Black,2x1,NA,Nook's Cranny,Available in Nook's Cranny (either upgrade tier) in the unique furniture slot,1.0.0,living room,None,None,None,Yes,Audio,No,Retro,No lighting,For sale,FtrStereoRetro_Remake_1_0,1_0,796,EAWNW8osfuCEW9obn
imperial chest,Brown,NA,NA,NA,No,No,No,NA,9300,2325,Brown,Yellow,2x1,NA,Nook's Cranny,"Available in Nook's Cranny (upgraded only), in the unique furniture slot",1.0.0,zen-style,None,zen,None,Wardrobe,Chest,No,Does not play music,No lighting,For sale,FtrOrientalChest_Remake_2_0,2_0,3972,4ADTP6KQ8NHTyM76Y
log garden lounge,White wood,Lumber type,Geometric print,Pillow,Yes,Yes,Yes,3,NFS,1440,Beige,Colorful,2x1,NA,Crafting,,1.0.0,garden,None,log,None,Yes,Bed,Yes,Does not play music,No lighting,Not for sale,FtrLogBedS_Remake_2_2,2_2,4035,sg4yx45YQxHdkP3y8
menu chalkboard,White,NA,NA,NA,No,No,No,NA,1800,450,White,Green,1x1,NA,Nook's Cranny,Available in Nook's Cranny (either upgrade tier) in the unique furniture slot,1.0.0,shop,None,None,None,No,Shop,Yes,Does not play music,No lighting,For sale,FtrMenuboard_Remake_2_0,2_0,1866,RZAMJiQT4uQ2y7gTE
wooden table,Cherry wood,Paint color,Blue,Tablecloth,Yes,Yes,Yes,4,NFS,1800,Orange,Light blue,2x2,NA,Crafting,,1.0.0,child's room,living room,wooden,None,No,Table,No,Does not play music,No lighting,Not for sale,FtrWoodenTableL_Remake_2_3,2_3,3439,ys4MifmdBPRc7zB9g
sleeping bag,Purple,NA,NA,NA,No,No,No,NA,1400,350,Pink,Purple,2x1,NA,Nook's Cranny,"Available in all tiers of shops, including Timmy & Tommy before the shop is opened",1.0.0,outdoors,None,None,None,Yes,Bed,Yes,Does not play music,No lighting,For sale,FtrSleepingbag_Remake_5_0,5_0,1434,ieBwocmAHz7HFuZG3
shell partition,Brown,Shell color,NA,NA,Yes,Yes,No,7,NFS,8000,Brown,Brown,2x1,NA,Crafting,,1.0.0,ocean,None,shell,None,No,Screen,Yes,Does not play music,No lighting,Not for sale,FtrShellScreen_Remake_1_0,1_0,3978,So2oPiYBNhtNECFrw
electric guitar,Sunburst,NA,Rock logo,Sticker area,No,No,Yes,7,71000,17750,Brown,Purple,1x1,NA,Nook's Cranny,"Available in Nook's Cranny (upgraded only), in the third unique furniture slot",1.0.0,concert,None,None,None,Yes,Musical Instrument,No,Does not play music,No lighting,For sale,FtrElectricguitar2_Remake_3_3,3_3,1645,SpQiKSkHL9MpSDt3G
bunk bed,White,NA,Colorful lines,Bedding,No,No,Yes,2,5000,1250,White,Yellow,2x1,NA,Nook's Cranny,Available in Nook's Cranny (either upgrade tier) in the unique furniture slot,1.0.0,facility,None,None,None,Yes,Bed,No,Does not play music,No lighting,For sale,FtrBunkbed_Remake_2_4,2_4,8298,TQJkX5mGpRX8zjFCA
sauna heater,NA,NA,NA,NA,Yes,No,No,NA,NFS,3510,Black,Gray,1x1,NA,Crafting,,1.0.0,bathroom,None,None,None,Yes,Fireplace,No,Does not play music,No lighting,Not for sale,FtrStoveSauna,NA,3689,zeqHNikZg489sMDu2
wooden simple bed,White wood,Paint color,Green,Bedding,Yes,Yes,Yes,4,NFS,2160,White,Green,2x1,NA,Crafting,,1.0.0,child's room,living room,wooden,None,Yes,Bed,No,Does not play music,No lighting,Not for sale,FtrWoodenBedS_Remake_1_3,1_3,2605,D3vaznMQBGBx2k7sx
birdhouse,Dark brown,Paint color,NA,NA,Yes,Yes,No,2,NFS,840,Brown,Brown,1x1,NA,Crafting,,1.0.0,garden,None,None,None,No,Animal,Yes,Does not play music,No lighting,Not for sale,FtrBirdhouse_Remake_1_0,1_0,333,g5hNFSx3pdwwMxgdn
moon,NA,NA,NA,NA,Yes,No,No,NA,NFS,12500,Yellow,Yellow,2x2,NA,Crafting,,1.0.0,space,None,None,None,Yes,Space,Yes,Does not play music,No lighting,Not for sale,FtrMoon,NA,1054,4NXubRkipm8qStFXD
outdoor bench,Red,NA,Dark wood,Seat,No,No,Yes,1,1300,325,Red,Brown,2x1,NA,Nook's Cranny,Available in Nook's Cranny (either upgrade tier) in the unique furniture slot,1.0.0,outdoors,None,None,None,Yes,Sofa,Yes,Does not play music,No lighting,For sale,FtrOutdoorchairM_Remake_4_6,4_6,3947,yFoa6cCJjMDgdcJCu
DJ's turntable,Pink,NA,Cute logo,Flag,No,No,Yes,4,9300,2325,Pink,Pink,2x1,NA,Nook's Cranny,"Available in Nook's Cranny (upgraded only), in the unique furniture slot",1.0.0,party,concert,None,None,Yes,Musical Instrument,No,Hi-fi,No lighting,For sale,FtrDJbooth_Remake_3_7,3_7,941,QSap5eKnNzdocR5Rj
angled signpost,Tailors,Navigation,NA,NA,Yes,Yes,No,1,NFS,600,Beige,Brown,1x1,NA,Crafting,,1.0.0,garden,None,None,None,No,Vehicle,Yes,Does not play music,No lighting,Not for sale,FtrSignpostTilt_Remake_6_0,6_0,7867,TW9n423omNZDjZ9hp
birthday table,Colorful,Variation,NA,NA,No,Yes,No,1,NFS,300,White,Colorful,2x2,NA,Birthday,,1.0.0,party,fancy,None,birthday,Yes,Table,No,Does not play music,Candle,Not for sale,FtrBirthdayTable_Remake_0_0,0_0,3593,msQh5KBspLz7bsxih
doghouse,Green,Paint color,NA,NA,Yes,Yes,No,3,NFS,2040,Green,Brown,1x1,NA,Crafting,,1.0.0,garden,None,None,None,Yes,Animal,Yes,Does not play music,No lighting,Not for sale,FtrDoghouse_Remake_1_0,1_0,1799,iWSD7v7sahg432NoB
mush parasol,Red mushroom,Mushroom type,NA,NA,Yes,Yes,No,2,NFS,1200,Red,Brown,2x2,NA,Crafting,,1.0.0,garden,None,mush,None,No,Plants,Yes,Does not play music,No lighting,Not for sale,FtrMushroomParasol_Remake_3_0,3_0,3805,Qa4fYkaT8sAvitZz9
barrel,NA,NA,NA,NA,Yes,No,No,NA,NFS,2100,Brown,Black,1x1,NA,Crafting,,1.0.0,garage,None,None,None,No,Ranch,Yes,Does not play music,No lighting,Not for sale,FtrPirateBarrel,NA,1266,5BwwE5cFSHegMB6iK
bathroom sink,Black,NA,NA,NA,No,No,No,NA,3300,825,Black,White,1x1,NA,Nook's Cranny,Available in Nook's Cranny (either upgrade tier) in the unique furniture slot,1.0.0,bathroom,None,None,None,Yes,Bathroom Things,No,Does not play music,No lighting,For sale,FtrWashstand_Remake_1_0,1_0,1229,ZfsXzfqM9aL7ekSkq
sandbox,NA,NA,NA,NA,No,No,No,NA,NFS,12000,Beige,Colorful,3x2,2400,Nook Miles Shop,,1.0.0,garden,None,None,None,No,Playground,Yes,Does not play music,No lighting,Not for sale,FtrSandbox,NA,1116,8oNaMpJdfh8E9w6zw
wooden end table,White wood,Paint color,NA,NA,Yes,Yes,No,2,NFS,960,Beige,Colorful,1x1,NA,Crafting,,1.0.0,child's room,living room,wooden,None,No,Table,No,Does not play music,No lighting,Not for sale,FtrWoodenTableS_Remake_1_0,1_0,3438,HM8ZeTded688JT83g
climbing wall,White,NA,NA,NA,No,No,No,NA,4300,1075,White,Colorful,2x0.5,NA,Nook's Cranny,"Available in Nook's Cranny (upgraded only), in the unique furniture slot",1.0.0,fitness,None,None,None,No,Sports,Yes,Does not play music,No lighting,For sale,FtrClimbingwall_Remake_3_0,3_0,4006,ruAaaHc3tdYuqBi7f
clothesline pole,Blue,NA,PE shirt,Drying shirt,No,No,Yes,1,1100,275,Light blue,Beige,2x0.5,NA,Nook's Cranny,Available in Nook's Cranny (either upgrade tier) in the unique furniture slot,1.0.0,garden,bathroom,None,None,No,Supplies,Yes,Does not play music,No lighting,For sale,FtrClotheshorse_Remake_1_1,1_1,1778,2RWTEJdXXiP8qEmAe
palm-tree lamp,Cute,Variation,NA,NA,Yes,Yes,No,5,NFS,3280,Pink,Pink,1.5x1.5,NA,Crafting,,1.0.0,ocean,None,None,None,Yes,Lamp,Yes,Does not play music,Fluorescent,Not for sale,FtrPalmtreelamp_Remake_2_0,2_0,7259,gKr5ZtBRsAPbPAKiS
upright locker,Silver,NA,Notes,Sticker area,No,No,Yes,2,3700,925,Gray,Pink,1x1,NA,Nook's Cranny,Available in Nook's Cranny (either upgrade tier) in the unique furniture slot,1.0.0,school,facility,None,None,Wardrobe,Chest,No,Does not play music,No lighting,For sale,FtrLocker_Remake_0_4,0_4,833,uWibfMW2RTYBQQc5B
wooden bookshelf,Light brown,Paint color,NA,NA,Yes,Yes,No,3,NFS,1925,Yellow,Colorful,2x0.5,NA,Crafting,,1.0.0,child's room,living room,wooden,None,No,Shelf,No,Does not play music,No lighting,Not for sale,FtrBookshelf_Remake_0_0,0_0,4125,LkoKthY84aJgeozuc
changing room,Green,NA,Pink,Curtain,No,No,Yes,2,3700,925,Light blue,Pink,1x1,NA,Nook's Cranny,"Available in Nook's Cranny (upgraded only), in the unique furniture slot",1.0.0,shop,facility,None,None,Wardrobe,Shop,No,Does not play music,No lighting,For sale,FtrFittingroom_Remake_7_4,7_4,1816,3QmXoP3kpPnpc7iyh
brick well,Red,Brick color,NA,NA,Yes,Yes,No,4,NFS,2800,Orange,Brown,1.5x1.5,NA,Crafting,,1.0.0,garden,None,None,None,No,Garden,Yes,Does not play music,No lighting,Not for sale,FtrWellBrick_Remake_0_0,0_0,3776,29CQnQgWark2KEXPn
surfboard,Cool,NA,NA,NA,No,No,No,NA,4100,1025,Black,Light blue,1x1,NA,Nook's Cranny,Season sale item,1.0.0,ocean,None,None,None,No,Seaside,Yes,Does not play music,No lighting,For sale,FtrSurfboard_Remake_3_0,3_0,7868,kmQg2shYprdeBuTNK
frozen chair,Ice,Illumination,NA,NA,Yes,Yes,No,7,NFS,6200,Light blue,Light blue,1x1,NA,Crafting,,1.0.0,freezing cold,None,frozen,None,Yes,Chair,Yes,Does not play music,No lighting,Not for sale,FtrIceChairS_Remake_0_0,0_0,3503,WjbCHEyDFry45S8tu
cello,Black,NA,NA,NA,No,No,No,NA,130000,32500,Black,Black,1x1,NA,Nook's Cranny,"Available in Nook's Cranny (upgraded only), in the third unique furniture slot",1.0.0,music,expensive,None,None,Yes,Musical Instrument,No,Does not play music,No lighting,For sale,FtrCello_Remake_2_0,2_0,1449,uAEgymFL94tnJvjeo
drink machine,White,NA,Cute,Advertisement panel,No,No,Yes,7,NFS,10000,White,White,1x1,2000,Nook Miles Shop,,1.0.0,shop,facility,None,None,Yes,Facility Decor,Yes,Does not play music,Monitor,Not for sale,FtrDrinkmachine_Remake_2_3,2_3,1802,74P7tLbyEZrpKvApH
wooden-block chest,Natural,Block color,NA,NA,Yes,Yes,No,3,NFS,1800,Beige,Beige,2x1,NA,Crafting,,1.0.0,child's room,None,wooden block,None,Wardrobe,Chest,No,Does not play music,No lighting,Not for sale,FtrBlockChest_Remake_0_0,0_0,1561,RWJYhH5hYa2giNga8
wooden stool,Black,Paint color,Pink,Seat,Yes,Yes,Yes,2,NFS,480,Black,Pink,1x1,NA,Crafting,,1.0.0,child's room,living room,wooden,None,Yes,Chair,No,Does not play music,No lighting,Not for sale,FtrWoodenStoolS_Remake_4_2,4_2,3449,rMfuRXk5wxgzZkjFu
gong,Brown,Frame,NA,NA,Yes,Yes,No,7,NFS,5100,Brown,Yellow,2x1,NA,Crafting,,1.0.0,zen-style,None,None,None,Yes,Musical Instrument,Yes,Does not play music,No lighting,Not for sale,FtrTamtam_Remake_0_0,0_0,4075,5kvs8hXzNnwbYosud
lecture-hall bench,Dark brown,NA,NA,NA,No,No,No,NA,3300,825,Brown,Gray,2x1,NA,Nook's Cranny,"Available in Nook's Cranny (upgraded only), in the unique furniture slot",1.0.0,school,None,None,lecture hall,Yes,Sofa,No,Does not play music,No lighting,For sale,FtrChairCollage_Remake_1_0,1_0,2013,K5xcTJqKvBEHHw48R
system kitchen,Red,NA,NA,NA,No,No,No,NA,130000,32500,Red,Black,2x1,NA,Nook's Cranny,"Available in Nook's Cranny (upgraded only), in the third unique furniture slot",1.0.0,kitchen,expensive,None,None,No,Kitchen,No,Does not play music,No lighting,For sale,FtrKitchenSystem_Remake_1_0,1_0,3616,C52Ak5GsnKutjHSj3
big festive tree,White,Design,NA,NA,Yes,Yes,No,5,NFS,3200,White,Gray,2x2,NA,Crafting,,1.0.0,party,fancy,festive,None,Yes,Seasonal Decor,Yes,Does not play music,No lighting,Not for sale,FtrTreeXmasL_Remake_5_0,5_0,3966,KCXEibR7BQ2KCvKH9
log extra-long sofa,Dark wood,Lumber type,Bears,Cushions,Yes,Yes,Yes,4,NFS,1920,Brown,Brown,2x1,NA,Crafting,,1.0.0,garden,living room,log,None,Yes,Sofa,No,Does not play music,No lighting,Not for sale,FtrLogSofaL_Remake_0_3,0_3,4044,ERiCjDQ8epn5izxyi
drum set,Evergreen,NA,White with logo,Bass drum head,No,No,Yes,2,5600,1400,Green,White,2x1,NA,Nook's Cranny,"Available in Nook's Cranny (upgraded only), in the unique furniture slot",1.0.0,concert,None,None,None,Yes,Musical Instrument,No,Does not play music,No lighting,For sale,FtrDrumSet_Remake_6_3,6_3,1803,skGBWoy7D8vdixaSN
simple panel,Gold,NA,Lattice,Panel design,No,No,Yes,1,810,202,Yellow,White,1x0.5,NA,Nook's Cranny,Available in Nook's Cranny (either upgrade tier) in the unique furniture slot,1.0.0,facility,None,None,None,No,Screen,No,Does not play music,No lighting,For sale,FtrScreenSimple_Remake_7_4,7_4,5338,vooiyb6nHrGWiviFt
grand piano,Black,NA,NA,NA,No,No,No,NA,260000,65000,Black,White,2x2,NA,Nook's Cranny,"Available in Nook's Cranny (upgraded only), in the third unique furniture slot",1.0.0,music,expensive,None,None,Yes,Musical Instrument,No,Does not play music,No lighting,For sale,FtrPianoGrand_Remake_0_0,0_0,1875,YQ8uP3So3xErPJ2u4
campsite sign,NA,NA,NA,NA,No,No,No,NA,2500,625,Brown,Colorful,2x1,NA,Nook Shopping Promotion,"Link Nintendo Account to Pocket Camp, then redeem a 16-digit code on your Nintendo Switch",1.1.0,facility,garden,None,None,No,Compass,No,Does not play music,No lighting,Not in catalog,FtrCompassSignCamp,NA,12374,PxHDjz2Sd3xSQgK3x
digital scale,White,NA,Floral,Design,No,No,Yes,1,930,232,White,Red,1x1,NA,Nook's Cranny,Available in Nook's Cranny (either upgrade tier) in the unique furniture slot,1.0.0,bathroom,None,None,None,No,Bathroom Things,No,Does not play music,No lighting,For sale,FtrWeightscale_Remake_0_1,0_1,3307,hNYoSnjSnZGuLWd2o
lawn chair,Pink,NA,NA,NA,No,No,No,NA,760,190,Pink,White,1x1,NA,Nook's Cranny,"Available in all tiers of shops, including Timmy & Tommy before the shop is opened",1.0.0,ocean,None,None,None,Yes,Chair,Yes,Does not play music,No lighting,For sale,FtrVinylchair_Remake_2_0,2_0,1621,biA63orayFazc66Yu
antique vanity,Black,NA,NA,NA,No,No,No,NA,31000,7750,Black,Light blue,2x1,NA,Nook's Cranny,"Available in Nook's Cranny (upgraded only), in the third unique furniture slot",1.0.0,living room,expensive,antique,None,Yes,Dresser,No,Does not play music,No lighting,For sale,FtrAntiqueDresser_Remake_2_0,2_0,3955,b5MR8PraRhrJzsqYi
giant teddy bear,Tweed,NA,None,Ribbon,Yes,No,Yes,8,NFS,6300,Purple,Purple,3x3,NA,Crafting,,1.0.0,fancy,child's room,None,bear,No,Animal,No,Does not play music,No lighting,Not for sale,FtrBearXL_Remake_5_0,5_0,1504,u967KDNnvm9ZpCfrg
tool cart,Red,NA,NA,NA,No,No,No,NA,2400,600,Red,Black,1x1,NA,Nook's Cranny,Available in Nook's Cranny (either upgrade tier) in the unique furniture slot,1.0.0,garage,None,None,None,No,Table,No,Does not play music,No lighting,For sale,FtrToolcart_Remake_0_0,0_0,7528,wi6gveHipYFxpmmzM
lighthouse,Gray,NA,NA,NA,No,No,No,NA,NFS,25000,Brown,Brown,2x2,5000,Nook Miles Shop,,1.0.0,ocean,garden,None,None,Yes,Seaside,Yes,Does not play music,No lighting,Not for sale,FtrLighthouse_Remake_5_0,5_0,2335,cNdSRxhEZRb2cgHoz
anchor statue,Black,Color,NA,NA,No,Yes,No,2,NFS,1400,Black,Beige,1x1,NA,Fishing Tourney,,1.0.0,ocean,None,None,None,No,Seaside,Yes,Does not play music,No lighting,Not for sale,FtrShipanchor_Remake_0_0,0_0,7238,zgw6WaZRQgrpQ5FTC
illuminated reindeer,Blue,Light color,NA,NA,Yes,Yes,No,6,NFS,4350,Blue,Blue,2x1,NA,Crafting,,1.0.0,party,fancy,festive,None,Yes,Seasonal Decor,Yes,Does not play music,Fluorescent,Not for sale,FtrIllumiReindeer_Remake_2_0,2_0,4074,Yi5ziKzeQ5AsyXE7k
big festive tree,Colorful,Design,NA,NA,Yes,Yes,No,5,NFS,3200,Green,Colorful,2x2,NA,Crafting,,1.0.0,party,fancy,festive,None,Yes,Seasonal Decor,Yes,Does not play music,No lighting,Not for sale,FtrTreeXmasL_Remake_0_0,0_0,3966,Map2ykX5ezxwnyEDr
retro fan,Blue,NA,NA,NA,No,No,No,NA,2100,525,Blue,White,1x1,NA,Nook's Cranny,Season sale item,1.0.0,living room,None,None,None,Yes,Fan,No,Does not play music,No lighting,For sale,FtrFanRetro_Remake_0_0,0_0,2736,cjeGNQ8umeumywKMj
drum set,Cosmo black,NA,Glossy black,Bass drum head,No,No,Yes,2,5600,1400,Black,Black,2x1,NA,Nook's Cranny,"Available in Nook's Cranny (upgraded only), in the unique furniture slot",1.0.0,concert,None,None,None,Yes,Musical Instrument,No,Does not play music,No lighting,For sale,FtrDrumSet_Remake_1_1,1_1,1803,duF9PsZQC98Rx8dCm
Papa panda,NA,NA,NA,NA,No,No,No,NA,8500,2125,Pink,White,2x2,NA,Nook's Cranny,"Available in Nook's Cranny (upgraded only), in the third unique furniture slot",1.0.0,fancy,child's room,None,panda,No,Animal,No,Does not play music,No lighting,For sale,FtrPandaL,NA,9700,4WWs36ea7Lm47csFz
colorful wheel,Black & red,NA,NA,NA,No,No,No,NA,2900,725,Red,Black,2x1,NA,Nook's Cranny,"Available in Nook's Cranny (upgraded only), in the unique furniture slot",1.0.0,party,None,None,None,Yes,Toy,No,Does not play music,No lighting,For sale,FtrRoulette_Remake_3_0,3_0,1112,vw9DarP73xCqTHm6i
big festive tree,Blue,Design,NA,NA,Yes,Yes,No,5,NFS,3200,Blue,Blue,2x2,NA,Crafting,,1.0.0,party,fancy,festive,None,Yes,Seasonal Decor,Yes,Does not play music,No lighting,Not for sale,FtrTreeXmasL_Remake_1_0,1_0,3966,qW7mpc3PZ8K6NYyuJ
effects rack,Red,NA,Emblem logo,Sticker area,No,No,Yes,3,6800,1700,Red,Green,1x1,NA,Nook's Cranny,"Available in Nook's Cranny (upgraded only), in the unique furniture slot",1.0.0,concert,facility,None,None,No,Musical Instrument,No,Does not play music,No lighting,For sale,FtrEffectorrack_Remake_4_4,4_4,950,ALDCWmeEdackGmACs
antique mini table,Natural,NA,NA,NA,No,No,No,NA,6700,1675,Beige,White,1x1,NA,Nook's Cranny,"Available in Nook's Cranny (upgraded only), in the third unique furniture slot",1.0.0,living room,expensive,antique,None,No,Table,No,Does not play music,No lighting,For sale,FtrAntiqueTableS_Remake_1_0,1_0,3958,epWuBMh226r3nu7xh
outdoor bench,Black,NA,White,Seat,No,No,Yes,1,1300,325,Black,White,2x1,NA,Nook's Cranny,Available in Nook's Cranny (either upgrade tier) in the unique furniture slot,1.0.0,outdoors,None,None,None,Yes,Sofa,Yes,Does not play music,No lighting,For sale,FtrOutdoorchairM_Remake_1_0,1_0,3947,r29M9SvAeLyMbGsom
stall,Natural,Variation,Green stripes,Curtain,Yes,Yes,Yes,3,NFS,1440,Beige,Green,2x1,NA,Crafting,,1.0.0,shop,party,None,None,No,Shop,Yes,Does not play music,No lighting,Not for sale,FtrFloat_Remake_0_1,0_1,3617,T7JrW6ZzLDpFkhaW3
outdoor bath,Brown,Stone,NA,NA,Yes,Yes,No,6,NFS,4350,Brown,Brown,3x3,NA,Crafting,,1.0.0,garden,zen-style,None,None,Yes,Bathtub,Yes,Does not play music,Fluorescent,Not for sale,FtrOpenairbath_Remake_2_0,2_0,1111,T4EdBc2QuJpMi8DZ9
rock guitar,Fire red,NA,None,Sticker area,No,No,Yes,2,3100,775,Red,White,1x1,NA,Nook's Cranny,Available in Nook's Cranny (either upgrade tier) in the unique furniture slot,1.0.0,concert,None,None,None,Yes,Musical Instrument,No,Does not play music,No lighting,For sale,FtrElectricguitar1_Remake_3_0,3_0,1644,5SSNDrDt7ckSQQw9K
hammock,Pink,NA,White,Cloth,No,No,Yes,1,1300,325,Pink,White,2x1,NA,Nook's Cranny,"Available in all tiers of shops, including Timmy & Tommy before the shop is opened",1.0.0,outdoors,None,None,None,Yes,Bed,Yes,Does not play music,No lighting,For sale,FtrHammock_Remake_4_3,4_3,1620,723xLMg5YRJz3Wb3s
log garden lounge,White birch,Lumber type,None,Pillow,Yes,Yes,Yes,3,NFS,1440,White,White,2x1,NA,Crafting,,1.0.0,garden,None,log,None,Yes,Bed,Yes,Does not play music,No lighting,Not for sale,FtrLogBedS_Remake_3_0,3_0,4035,zbRvicYgda2rBieKB
rock guitar,Cosmo black,NA,Pop logo,Sticker area,No,No,Yes,2,3100,775,Black,Colorful,1x1,NA,Nook's Cranny,Available in Nook's Cranny (either upgrade tier) in the unique furniture slot,1.0.0,concert,None,None,None,Yes,Musical Instrument,No,Does not play music,No lighting,For sale,FtrElectricguitar1_Remake_2_6,2_6,1644,dfKCgpgs3WNbhjT4G
tiny library,Fairy tale,Paint color,NA,NA,Yes,Yes,No,2,NFS,1035,Green,White,1x1,NA,Crafting,,1.0.0,garden,None,None,None,No,Garden,Yes,Does not play music,No lighting,Not for sale,FtrMicrolibrary_Remake_5_0,5_0,5635,6zR2guMf9Q4jpBzMi
wooden bookshelf,Dark brown,Paint color,NA,NA,Yes,Yes,No,3,NFS,1925,Brown,Colorful,2x0.5,NA,Crafting,,1.0.0,child's room,living room,wooden,None,No,Shelf,No,Does not play music,No lighting,Not for sale,FtrBookshelf_Remake_2_0,2_0,4125,WnqKRCAjzePmyxek4
handcart,Brown,NA,NA,NA,No,No,No,NA,1900,475,Brown,Beige,1x1,NA,Nook's Cranny,Available in Nook's Cranny (either upgrade tier) in the unique furniture slot,1.0.0,garden,None,None,None,No,Ranch,Yes,Does not play music,No lighting,For sale,FtrHandcart_Remake_2_0,2_0,7229,uHWuFC3fSPipSLwNQ
birdhouse,Red & white,Paint color,NA,NA,Yes,Yes,No,2,NFS,840,Red,Yellow,1x1,NA,Crafting,,1.0.0,garden,None,None,None,No,Animal,Yes,Does not play music,No lighting,Not for sale,FtrBirdhouse_Remake_3_0,3_0,333,E8M77hnDALBGiGJHr
effects rack,White,NA,Cute logo,Sticker area,No,No,Yes,3,6800,1700,White,Pink,1x1,NA,Nook's Cranny,"Available in Nook's Cranny (upgraded only), in the unique furniture slot",1.0.0,concert,facility,None,None,No,Musical Instrument,No,Does not play music,No lighting,For sale,FtrEffectorrack_Remake_1_7,1_7,950,84QCKHesn8zBtbqEY
cotton-candy stall,Pink,NA,NA,NA,No,No,No,NA,NFS,15000,Pink,Red,2x1,3000,Nook Miles Shop,,1.0.0,fancy,party,None,None,Yes,Shop,Yes,Does not play music,No lighting,Not for sale,FtrCottoncandymachine_Remake_0_0,0_0,4412,CazDjtQjPatsHQcGE
shell table,Pearl,Shell color,NA,NA,Yes,Yes,No,4,NFS,2280,White,White,2x2,NA,Crafting,,1.0.0,ocean,None,shell,None,No,Table,Yes,Does not play music,No lighting,Not for sale,FtrShellTableL_Remake_5_0,5_0,3980,qPMuD4vdEsEsmYKJA
simple panel,White,NA,Concrete,Panel design,No,No,Yes,1,810,202,White,Gray,1x0.5,NA,Nook's Cranny,Available in Nook's Cranny (either upgrade tier) in the unique furniture slot,1.0.0,facility,None,None,None,No,Screen,No,Does not play music,No lighting,For sale,FtrScreenSimple_Remake_2_6,2_6,5338,EFhgnbTY2in7eb223
zen cushion,NA,NA,Goldfish,Upholstery,No,No,Yes,1,500,125,Light blue,Colorful,1x1,NA,Nook's Cranny,Available in Nook's Cranny (either upgrade tier) in the unique furniture slot,1.0.0,zen-style,living room,None,None,Yes,Chair,No,Does not play music,No lighting,For sale,FtrCushionJapan_Remake_0_4,0_4,7047,tHxRrdHCNYEjZXTwD
treadmill,White,NA,NA,NA,No,No,No,NA,64000,16000,White,Black,2x1,NA,Nook's Cranny,"Available in Nook's Cranny (upgraded only), in the third unique furniture slot",1.0.0,fitness,None,None,None,Yes,Sports,No,Does not play music,No lighting,For sale,FtrRunningmachine_Remake_3_0,3_0,290,y4v3nQq9Qb3iANkFG
Mama bear,Tweed,NA,Yellow stripes,Shirt,No,No,Yes,1,2300,575,Gray,Yellow,1x1,NA,Nook's Cranny,Available in Nook's Cranny (either upgrade tier) in the unique furniture slot,1.0.0,fancy,child's room,None,bear,No,Animal,No,Does not play music,No lighting,For sale,FtrBearM_Remake_5_3,5_3,1500,gimiNLaKzgWhoBoHo
arcade seat,Blue,NA,NA,NA,No,No,No,NA,1300,325,Blue,Gray,1x1,NA,Nook's Cranny,"Available in Nook's Cranny (upgraded only), in the unique furniture slot",1.0.0,facility,shop,None,None,Yes,Chair,No,Does not play music,No lighting,For sale,FtrGameChair_Remake_2_0,2_0,12207,DZ3hFRhqZ5W62XQ4C
log bed,Orange wood,Lumber type,Southwestern flair,Bedding,Yes,Yes,Yes,6,NFS,3600,Orange,Colorful,2x2,NA,Crafting,,1.0.0,garden,living room,log,None,Yes,Bed,No,Does not play music,No lighting,Not for sale,FtrLogBedW_Remake_1_0,1_0,4041,jPLXPmDFFZ3ob5Wq3
Bunny Day festive balloons,NA,NA,NA,NA,Yes,No,No,NA,NFS,1200,Colorful,Colorful,1x1,NA,Crafting,,1.1.0a,fancy,party,Bunny Day,None,No,Easter,No,Does not play music,No lighting,Not for sale,FtrEggBalloonB,NA,12421,TbTDbrEQnKT96JAHi
wooden table,Cherry wood,Paint color,Orange,Tablecloth,Yes,Yes,Yes,4,NFS,1800,Orange,Orange,2x2,NA,Crafting,,1.0.0,child's room,living room,wooden,None,No,Table,No,Does not play music,No lighting,Not for sale,FtrWoodenTableL_Remake_2_1,2_1,3439,R5Lb58KT67k8E2fFJ
log extra-long sofa,Dark wood,Lumber type,None,Cushions,Yes,Yes,Yes,4,NFS,1920,Brown,Brown,2x1,NA,Crafting,,1.0.0,garden,living room,log,None,Yes,Sofa,No,Does not play music,No lighting,Not for sale,FtrLogSofaL_Remake_0_0,0_0,4044,WHb7Cfx9ZygQtXsEi
grand b. dragonfly model,NA,NA,NA,NA,No,No,No,NA,NFS,13500,Black,Yellow,2x2,NA,Flick,Trade 3 insects to receive a model in the mail the next day,1.0.0,None,None,None,None,No,Insect,No,Does not play music,No lighting,Not for sale,FtrInsectOniyanmaToy,NA,7090,DfasCGWQGSq42Ldku
drum set,Black & white,NA,Glossy black,Bass drum head,No,No,Yes,2,5600,1400,Gray,Black,2x1,NA,Nook's Cranny,"Available in Nook's Cranny (upgraded only), in the unique furniture slot",1.0.0,concert,None,None,None,Yes,Musical Instrument,No,Does not play music,No lighting,For sale,FtrDrumSet_Remake_7_1,7_1,1803,fScRvMgnmwWJSX87s
mush lamp,Ordinary mushroom,Mushroom type,NA,NA,Yes,Yes,No,3,NFS,1600,Brown,Brown,1x1,NA,Crafting,,1.0.0,garden,None,mush,None,Yes,Lamp,Yes,Does not play music,Fluorescent,Not for sale,FtrMushroomLamp_Remake_0_0,0_0,805,GKFnaHSs6d9MDNttQ
wooden simple bed,White wood,Paint color,Pink,Bedding,Yes,Yes,Yes,4,NFS,2160,White,Pink,2x1,NA,Crafting,,1.0.0,child's room,living room,wooden,None,Yes,Bed,No,Does not play music,No lighting,Not for sale,FtrWoodenBedS_Remake_1_1,1_1,2605,X9r9bgtDf7LkHBzYh
stone lion-dog,White,Color,NA,NA,Yes,Yes,No,3,NFS,3600,White,White,1x1,NA,Crafting,,1.0.0,folk art,garden,None,None,No,Folk Craft Decor,Yes,Does not play music,No lighting,Not for sale,FtrSekishishi_Remake_1_0,1_0,7795,ptFT6FZJYJFRtSkDr
mini DIY workbench,Yellow,Paint color,NA,NA,Yes,Yes,No,4,NFS,2580,Yellow,White,1x1,NA,Crafting,,1.0.0,garage,None,None,None,Workbench,Work Bench,No,Does not play music,No lighting,Not for sale,FtrWorkbenchS_Remake_4_0,4_0,3122,FMn6YkLZSKmHZ9zin
refrigerator,Brown,NA,Fruits,Sticker area,No,No,Yes,2,5100,1275,Brown,Green,1x1,NA,Nook's Cranny,"Available in Nook's Cranny (upgraded only), in the unique furniture slot",1.0.0,kitchen,shop,None,None,Wardrobe,Home Appliances,No,Does not play music,No lighting,For sale,FtrRefrigerator_Remake_5_3,5_3,2713,PJKv7CTSZ24HD6jBs
electric guitar,Marine emerald,NA,Emblem logo,Sticker area,No,No,Yes,7,71000,17750,Light blue,Green,1x1,NA,Nook's Cranny,"Available in Nook's Cranny (upgraded only), in the third unique furniture slot",1.0.0,concert,None,None,None,Yes,Musical Instrument,No,Does not play music,No lighting,For sale,FtrElectricguitar2_Remake_4_4,4_4,1645,NozqZNCeMMdE4hi2n
outdoor table,Green,NA,Blue,Table,No,No,Yes,1,2200,550,Green,Blue,2x1,NA,Nook's Cranny,Available in Nook's Cranny (either upgrade tier) in the unique furniture slot,1.0.0,outdoors,None,None,None,No,Table,Yes,Does not play music,No lighting,For sale,FtrOutdoortableM_Remake_2_3,2_3,3946,7vXhyZEfggg39posf
refrigerator,Red,NA,None,Sticker area,No,No,Yes,2,5100,1275,Red,Red,1x1,NA,Nook's Cranny,"Available in Nook's Cranny (upgraded only), in the unique furniture slot",1.0.0,kitchen,shop,None,None,Wardrobe,Home Appliances,No,Does not play music,No lighting,For sale,FtrRefrigerator_Remake_1_0,1_0,2713,xnME26oXTDSw55qBy
iron frame,Red,Coating,NA,NA,Yes,Yes,No,7,NFS,15000,Red,Black,2x1,NA,Crafting,,1.0.0,garage,None,None,None,No,Vehicle,Yes,Does not play music,No lighting,Not for sale,FtrIronframe_Remake_0_0,0_0,2553,BBGzPzjsucH4iAWBW
shower booth,Black,NA,NA,NA,No,No,No,NA,110000,27500,Gray,White,1.5x1.5,NA,Nook's Cranny,"Available in Nook's Cranny (upgraded only), in the third unique furniture slot",1.0.0,bathroom,None,None,None,No,Bathtub,No,Does not play music,No lighting,For sale,FtrShowerboothSquare_Remake_3_0,3_0,4015,j5oLGNGGTR2oRXnd6
school desk,Brown & white,NA,NA,NA,No,No,No,NA,1100,275,Brown,White,1x1,NA,Nook's Cranny,Available in Nook's Cranny (either upgrade tier) in the unique furniture slot,1.0.0,school,None,None,school,No,Desk,No,Does not play music,No lighting,For sale,FtrSchoolTableS_Remake_1_0,1_0,1328,GjBapFwyM2h4MssGA
cute floor lamp,Red,NA,NA,NA,No,No,No,NA,3500,875,Red,White,1x1,NA,Nook's Cranny,"Available in Nook's Cranny (upgraded only), in the unique furniture slot",1.0.0,fancy,None,cute,None,Yes,Lamp,No,Does not play music,Fluorescent,For sale,FtrCuteLamp_Remake_3_0,3_0,4002,j9z8Bvu9PaRZd7Ruk
whiteboard,Fact-finding meeting,NA,NA,NA,No,No,No,NA,2600,650,White,Gray,2x1,NA,Nook's Cranny,"Available in Nook's Cranny (upgraded only), in the unique furniture slot",1.0.0,office,None,None,None,No,Office,No,Does not play music,No lighting,For sale,FtrWhiteboard_Remake_6_0,6_0,4116,dQcjC5C9yXPdQ9tnA
changing room,Pink,NA,Green,Curtain,No,No,Yes,2,3700,925,Pink,Green,1x1,NA,Nook's Cranny,"Available in Nook's Cranny (upgraded only), in the unique furniture slot",1.0.0,shop,facility,None,None,Wardrobe,Shop,No,Does not play music,No lighting,For sale,FtrFittingroom_Remake_6_6,6_6,1816,Qe2XjBGw5rPJubnd7
silo,Black roof,Roof color,NA,NA,Yes,Yes,No,7,NFS,13920,Black,White,2x2,NA,Crafting,,1.0.0,garden,None,None,None,No,Ranch,Yes,Does not play music,No lighting,Not for sale,FtrSilo_Remake_3_0,3_0,7247,2TzE9DpRFugRwGLkC
tire stack,Green,Tire color,NA,NA,Yes,Yes,No,1,NFS,60,Green,Brown,1x1,NA,Crafting,,1.0.0,garage,garden,None,None,No,Vehicle,Yes,Does not play music,No lighting,Not for sale,FtrTyres_Remake_1_0,1_0,1189,MAFw6xskPjei4ZP9M
frozen bed,Ice,Illumination,White,Bedding,Yes,Yes,Yes,8,NFS,9000,Light blue,White,2x2,NA,Crafting,,1.0.0,freezing cold,None,frozen,None,Yes,Bed,Yes,Does not play music,No lighting,Not for sale,FtrIceBedW_Remake_0_1,0_1,3502,XwAqhqa5DbZ8R9sYt
shell bed,Pink,Shell color,NA,NA,Yes,Yes,No,7,NFS,10200,Pink,Pink,2x2,NA,Crafting,,1.0.0,ocean,expensive,shell,None,Yes,Bed,Yes,Does not play music,No lighting,Not for sale,FtrShellBedW_Remake_2_0,2_0,3983,B4zAF5gFAgx9obieZ
diner chair,Red,NA,NA,NA,No,No,No,NA,1600,400,Red,White,1x1,NA,Nook's Cranny,"Available in Nook's Cranny (upgraded only), in the unique furniture slot",1.0.0,shop,None,diner,None,Yes,Chair,No,Does not play music,No lighting,For sale,FtrAmeretroChairS_Remake_0_0,0_0,4137,NLvmSrsxqWKGyXd3K
stall,Gray,Variation,Colorful,Curtain,Yes,Yes,Yes,3,NFS,1440,Gray,Colorful,2x1,NA,Crafting,,1.0.0,shop,party,None,None,No,Shop,Yes,Does not play music,No lighting,Not for sale,FtrFloat_Remake_7_3,7_3,3617,oLw84sp86Jk4Asret
drum set,Pearl white,NA,Black with logo,Bass drum head,No,No,Yes,2,5600,1400,White,Black,2x1,NA,Nook's Cranny,"Available in Nook's Cranny (upgraded only), in the unique furniture slot",1.0.0,concert,None,None,None,Yes,Musical Instrument,No,Does not play music,No lighting,For sale,FtrDrumSet_Remake_2_2,2_2,1803,vykiTRvXpf3iyzyHT
poolside bed,Brown,NA,Black,Bed mat,No,No,Yes,2,3400,850,Orange,Black,2x1,NA,Nook's Cranny,"Available in Nook's Cranny (upgraded only), in the unique furniture slot",1.0.0,ocean,expensive,None,None,Yes,Bed,Yes,Does not play music,No lighting,For sale,FtrPoolsidebed_Remake_1_1,1_1,4102,eSE36hpP7oAy4bHDy
antique wardrobe,Brown,NA,NA,NA,No,No,No,NA,37000,9250,Brown,Brown,2x1,NA,Nook's Cranny,"Available in Nook's Cranny (upgraded only), in the third unique furniture slot",1.0.0,living room,expensive,antique,None,Wardrobe,Chest,No,Does not play music,No lighting,For sale,FtrAntiqueChest_Remake_0_0,0_0,3959,XAnaYsJ8wouWyBBsu
poolside bed,Dark brown,NA,Blue,Bed mat,No,No,Yes,2,3400,850,Brown,Blue,2x1,NA,Nook's Cranny,"Available in Nook's Cranny (upgraded only), in the unique furniture slot",1.0.0,ocean,expensive,None,None,Yes,Bed,Yes,Does not play music,No lighting,For sale,FtrPoolsidebed_Remake_2_2,2_2,4102,CMHS3ssKa5n5DizCJ
stall,Green,Variation,Waves,Curtain,Yes,Yes,Yes,3,NFS,1440,Green,Blue,2x1,NA,Crafting,,1.0.0,shop,party,None,None,No,Shop,Yes,Does not play music,No lighting,Not for sale,FtrFloat_Remake_3_4,3_4,3617,Zfoq5mWFa3beZ8EvG
digital scale,Green,NA,Wood,Design,No,No,Yes,1,930,232,Green,Yellow,1x1,NA,Nook's Cranny,Available in Nook's Cranny (either upgrade tier) in the unique furniture slot,1.0.0,bathroom,None,None,None,No,Bathroom Things,No,Does not play music,No lighting,For sale,FtrWeightscale_Remake_5_4,5_4,3307,kzNboPzF3sXfdhaxe
grass standee,Winter,Season,NA,NA,Yes,Yes,No,1,NFS,480,White,Gray,1x0.5,NA,Crafting,,1.0.0,school,None,None,standee,No,School,No,Does not play music,No lighting,Not for sale,FtrHariboteGrass_Remake_3_0,3_0,530,nqQ3N4TBwktKsTj6n
simple panel,Light brown,NA,Lattice,Panel design,No,No,Yes,1,810,202,Beige,White,1x0.5,NA,Nook's Cranny,Available in Nook's Cranny (either upgrade tier) in the unique furniture slot,1.0.0,facility,None,None,None,No,Screen,No,Does not play music,No lighting,For sale,FtrScreenSimple_Remake_4_4,4_4,5338,DvTQx7EAn2gsHGYAB
electric guitar,Dark red,NA,Cute logo,Sticker area,No,No,Yes,7,71000,17750,Red,Pink,1x1,NA,Nook's Cranny,"Available in Nook's Cranny (upgraded only), in the third unique furniture slot",1.0.0,concert,None,None,None,Yes,Musical Instrument,No,Does not play music,No lighting,For sale,FtrElectricguitar2_Remake_0_7,0_7,1645,FjS3EozJMFrMdnemc
bamboo partition,Green bamboo,Bamboo,NA,NA,Yes,Yes,No,3,NFS,2020,Green,White,2x0.5,NA,Crafting,,1.0.0,zen-style,None,bamboo,None,No,Screen,No,Does not play music,No lighting,Not for sale,FtrBambooScreen_Remake_0_0,0_0,3553,y8EchKnaboQBTeo3f
lecture-hall bench,Light brown,NA,NA,NA,No,No,No,NA,3300,825,Orange,Beige,2x1,NA,Nook's Cranny,"Available in Nook's Cranny (upgraded only), in the unique furniture slot",1.0.0,school,None,None,lecture hall,Yes,Sofa,No,Does not play music,No lighting,For sale,FtrChairCollage_Remake_0_0,0_0,2013,GE3TDid2oNirFn8iH
drum set,Pearl white,NA,Smooth white,Bass drum head,No,No,Yes,2,5600,1400,White,White,2x1,NA,Nook's Cranny,"Available in Nook's Cranny (upgraded only), in the unique furniture slot",1.0.0,concert,None,None,None,Yes,Musical Instrument,No,Does not play music,No lighting,For sale,FtrDrumSet_Remake_2_0,2_0,1803,u55AW4g7udJszSZvC
foosball table,Blue,NA,NA,NA,No,No,No,NA,2300,575,Blue,Green,2x1,NA,Nook's Cranny,"Available in Nook's Cranny (upgraded only), in the unique furniture slot",1.0.0,facility,shop,None,None,Yes,Toy,No,Does not play music,No lighting,For sale,FtrTablesoccer_Remake_2_0,2_0,1177,c6mArbBWdkrqdMB8Q
outdoor table,Red,NA,Blue,Table,No,No,Yes,1,2200,550,Red,Blue,2x1,NA,Nook's Cranny,Available in Nook's Cranny (either upgrade tier) in the unique furniture slot,1.0.0,outdoors,None,None,None,No,Table,Yes,Does not play music,No lighting,For sale,FtrOutdoortableM_Remake_4_3,4_3,3946,3qonS9iuwwL95NDAL
system kitchen,Blue,NA,NA,NA,No,No,No,NA,130000,32500,Blue,Black,2x1,NA,Nook's Cranny,"Available in Nook's Cranny (upgraded only), in the third unique furniture slot",1.0.0,kitchen,expensive,None,None,No,Kitchen,No,Does not play music,No lighting,For sale,FtrKitchenSystem_Remake_2_0,2_0,3616,ooyB5YFa2XJBE446T
western-style stone,White,Stone,NA,NA,Yes,Yes,No,6,NFS,4500,White,Purple,2x1,NA,Crafting,,1.0.0,garden,horror,None,None,No,Garden,Yes,Does not play music,No lighting,Not for sale,FtrGravestoneEuropean_Remake_0_0,0_0,3446,QqwfxXkNNP5oxKo6v
vacuum cleaner,Yellow,NA,NA,NA,No,No,No,NA,3800,950,Yellow,Black,1x1,NA,Nook's Cranny,Available in Nook's Cranny (either upgrade tier) in the unique furniture slot,1.0.0,living room,None,None,None,Yes,Home Appliances,No,Does not play music,No lighting,For sale,FtrCleaner_Remake_1_0,1_0,907,BZfBSemBYeciy3rQo
flower stand,Colorful,Variation,NA,NA,Yes,Yes,No,4,NFS,2880,Colorful,Green,1.5x1.5,NA,Crafting,,1.0.0,party,None,None,None,No,Plants,No,Does not play music,No lighting,Not for sale,FtrStandflower_Remake_0_0,0_0,7527,hqn2JpoAtM646Nxcf
hammock,Light brown,NA,White,Cloth,No,No,Yes,1,1300,325,Beige,White,2x1,NA,Nook's Cranny,"Available in all tiers of shops, including Timmy & Tommy before the shop is opened",1.0.0,outdoors,None,None,None,Yes,Bed,Yes,Does not play music,No lighting,For sale,FtrHammock_Remake_1_3,1_3,1620,NZutzSM78fPXnrL9R
chalkboard,Blank,NA,NA,NA,No,No,No,NA,2600,650,Green,Gray,2x1,NA,Nook's Cranny,"Available in Nook's Cranny (upgraded only), in the unique furniture slot",1.0.0,school,None,None,None,No,School,No,Does not play music,No lighting,For sale,FtrBlackboard_Remake_0_0,0_0,2012,yjnGeCu5A8D3BYPNy
blue corner,NA,NA,Black,Ring curtain,No,No,Yes,3,6100,1525,White,Black,2x2,NA,Nook's Cranny,"Available in Nook's Cranny (upgraded only), in the third unique furniture slot",1.0.0,fitness,None,None,sports ring,Yes,Sports,No,Does not play music,No lighting,For sale,FtrRingcornerBlue_Remake_0_3,0_3,7150,pRX2nxe7v6NRxKJ8E
hammock,Black,NA,Hibiscus flowers,Cloth,No,No,Yes,1,1300,325,Black,Light blue,2x1,NA,Nook's Cranny,"Available in all tiers of shops, including Timmy & Tommy before the shop is opened",1.0.0,outdoors,None,None,None,Yes,Bed,Yes,Does not play music,No lighting,For sale,FtrHammock_Remake_6_2,6_2,1620,hvKbTi4Sdd6LHRdkc
ironwood chair,Walnut,Lumber type,NA,NA,Yes,Yes,No,3,NFS,1860,Brown,Black,1x1,NA,Crafting,,1.0.0,living room,None,ironwood,None,Yes,Chair,No,Does not play music,No lighting,Not for sale,FtrIronwoodChairS_Remake_2_0,2_0,3193,6Zi9AuKux8bhvrfTW
cone,Blue,NA,NA,NA,No,No,No,NA,630,157,Blue,Blue,1x1,NA,Nook's Cranny,Available in Nook's Cranny (either upgrade tier) in the unique furniture slot,1.0.0,facility,garage,None,None,No,Vehicle,Yes,Does not play music,No lighting,For sale,FtrPylon_Remake_1_0,1_0,146,KKHLamBNiboMy49fp
upright locker,Red,NA,Cool,Sticker area,No,No,Yes,2,3700,925,Red,Black,1x1,NA,Nook's Cranny,Available in Nook's Cranny (either upgrade tier) in the unique furniture slot,1.0.0,school,facility,None,None,Wardrobe,Chest,No,Does not play music,No lighting,For sale,FtrLocker_Remake_3_1,3_1,833,NGKmGHtKZ4k9iHhTQ
wooden mini table,Blue,Paint color,Pink,Tablecloth,Yes,Yes,Yes,2,NFS,720,Blue,Pink,1x1,NA,Crafting,,1.0.0,child's room,living room,wooden,None,No,Table,No,Does not play music,No lighting,Not for sale,FtrWoodenTableMini_Remake_6_2,6_2,7133,nManczc4PywpJ988Y
portable toilet,Blue,NA,NA,NA,No,No,No,NA,NFS,5000,Blue,White,1x1,1000,Nook Miles Shop,,1.0.0,bathroom,facility,None,None,No,Toilet,Yes,Does not play music,No lighting,Not for sale,FtrWCPortable_Remake_2_0,2_0,1234,hQ72FwFAdsjrCYJw6
rocking horse,Pastel,Paint color,NA,NA,Yes,Yes,No,1,NFS,600,Pink,Purple,1x1,NA,Crafting,,1.0.0,child's room,fancy,None,None,Yes,Toy,No,Does not play music,No lighting,Not for sale,FtrRockinghorse_Remake_3_0,3_0,83,x2AAshk3vZmob4zon
champion's pennant,Black,NA,NA,NA,No,No,No,NA,3900,975,Black,Yellow,1x1,NA,Nook's Cranny,"Available in Nook's Cranny (upgraded only), in the unique furniture slot",1.0.0,school,None,None,None,No,School,No,Does not play music,No lighting,For sale,FtrVictoryflag_Remake_3_0,3_0,7264,uyYD3bFGgfvdmtfqQ
ironwood low table,Walnut,Lumber type,NA,NA,Yes,Yes,No,5,NFS,3720,Brown,Black,2x1,NA,Crafting,,1.0.0,living room,None,ironwood,None,No,Table,No,Does not play music,No lighting,Not for sale,FtrIronwoodTableM_Remake_2_0,2_0,3194,DR9FaS8kZeMbL7qYS
pet bed,Dark brown,NA,Checkered,Cushion,No,No,Yes,1,1100,275,Brown,Red,1x1,NA,Nook's Cranny,Available in Nook's Cranny (either upgrade tier) in the unique furniture slot,1.0.0,living room,None,None,pet,Yes,Chair,No,Does not play music,No lighting,For sale,FtrPetBed_Remake_1_3,1_3,7802,SymdfYtcxiyRTpTzN
outdoor bench,Blue,NA,Orange,Seat,No,No,Yes,1,1300,325,Blue,Orange,2x1,NA,Nook's Cranny,Available in Nook's Cranny (either upgrade tier) in the unique furniture slot,1.0.0,outdoors,None,None,None,Yes,Sofa,Yes,Does not play music,No lighting,For sale,FtrOutdoorchairM_Remake_3_4,3_4,3947,wo3y4waKyeFHSk2Lb
antique mini table,Black,NA,NA,NA,No,No,No,NA,6700,1675,Black,White,1x1,NA,Nook's Cranny,"Available in Nook's Cranny (upgraded only), in the third unique furniture slot",1.0.0,living room,expensive,antique,None,No,Table,No,Does not play music,No lighting,For sale,FtrAntiqueTableS_Remake_2_0,2_0,3958,2n955ZXXD3RXt9gjE
street organ,Blue,NA,NA,NA,No,No,No,NA,5000,1250,Blue,Brown,1x1,NA,Nook's Cranny,"Available in Nook's Cranny (upgraded only), in the unique furniture slot",1.0.0,child's room,fancy,None,None,Yes,Musical Instrument,Yes,Does not play music,No lighting,For sale,FtrStreetorgan_Remake_1_0,1_0,4070,FWKubp8mmPezNM9Q9
box corner sofa,Turquoise,NA,NA,NA,No,No,No,NA,2700,675,Light blue,Black,1x1,NA,Nook's Cranny,"Available in Nook's Cranny (upgraded only), in the unique furniture slot",1.0.0,shop,facility,None,None,Yes,Chair,No,Does not play music,No lighting,For sale,FtrBoxsofaCorner_Remake_0_0,0_0,1853,ZBfcDozHPuHDg8hua
Mama bear,Tweed,NA,Blue stripes,Shirt,No,No,Yes,1,2300,575,Gray,Blue,1x1,NA,Nook's Cranny,Available in Nook's Cranny (either upgrade tier) in the unique furniture slot,1.0.0,fancy,child's room,None,bear,No,Animal,No,Does not play music,No lighting,For sale,FtrBearM_Remake_5_2,5_2,1500,aQFHBPmCBEyTtcmZe
zen-style stone,Mossy stone,Stone,NA,NA,Yes,Yes,No,6,NFS,4500,Green,Gray,1x1,NA,Crafting,,1.0.0,zen-style,horror,None,None,No,Japanese Style,Yes,Does not play music,No lighting,Not for sale,FtrGravestoneJapan_Remake_4_0,4_0,7317,RswDXvSEibYz7Zajy
loft bed with desk,Orange,NA,Yellow,Bedding,No,No,Yes,3,7700,1925,Orange,Yellow,2x1,NA,Nook's Cranny,"Available in Nook's Cranny (upgraded only), in the unique furniture slot",1.0.0,child's room,None,None,None,Yes,Desk,No,Does not play music,No lighting,For sale,FtrBeddesk_Remake_5_4,5_4,3621,7pAHxRCn4EAKAqGic
menu chalkboard,Blue,NA,NA,NA,No,No,No,NA,1800,450,Light blue,Green,1x1,NA,Nook's Cranny,Available in Nook's Cranny (either upgrade tier) in the unique furniture slot,1.0.0,shop,None,None,None,No,Shop,Yes,Does not play music,No lighting,For sale,FtrMenuboard_Remake_3_0,3_0,1866,45LCxYQEK6j988AR8
log garden lounge,White birch,Lumber type,Bears,Pillow,Yes,No,Yes,3,NFS,1440,White,Brown,2x1,NA,Crafting,,1.0.0,garden,None,log,None,Yes,Bed,Yes,Does not play music,No lighting,Not for sale,FtrLogBedS_Remake_3_3,3_3,4035,RPLoGAXJuDsnrzsqv
wooden stool,Cherry wood,Paint color,Blue,Seat,Yes,Yes,Yes,2,NFS,480,Orange,Light blue,1x1,NA,Crafting,,1.0.0,child's room,living room,wooden,None,Yes,Chair,No,Does not play music,No lighting,Not for sale,FtrWoodenStoolS_Remake_2_3,2_3,3449,ASgiwy8zxZgcMzNv2
bunk bed,Black,NA,Colorful lines,Bedding,No,No,Yes,2,5000,1250,Black,Yellow,2x1,NA,Nook's Cranny,Available in Nook's Cranny (either upgrade tier) in the unique furniture slot,1.0.0,facility,None,None,None,Yes,Bed,No,Does not play music,No lighting,For sale,FtrBunkbed_Remake_1_4,1_4,8298,iraTbcbpwtnDnd5tG
log bed,White birch,Lumber type,Bears,Bedding,Yes,No,Yes,6,NFS,3600,White,Brown,2x2,NA,Crafting,,1.0.0,garden,living room,log,None,Yes,Bed,No,Does not play music,No lighting,Not for sale,FtrLogBedW_Remake_3_2,3_2,4041,3yR9yR7Mb8z9PxXpE
den chair,White,NA,NA,NA,No,No,No,NA,8700,2175,White,White,1x1,NA,Nook's Cranny,"Available in Nook's Cranny (upgraded only), in the unique furniture slot",1.0.0,den,None,None,den,Yes,Chair,No,Does not play music,No lighting,For sale,FtrDrawingChair_Remake_1_0,1_0,3784,96sTBmcSY36Ax3QJa
diner counter table,Black,NA,NA,NA,No,No,No,NA,6000,1500,Black,Gray,2x1,NA,Nook's Cranny,"Available in Nook's Cranny (upgraded only), in the unique furniture slot",1.0.0,shop,None,diner,None,No,Table,No,Does not play music,No lighting,For sale,FtrAmeretroCounter_Remake_6_0,6_0,4139,8egbovQekiG2kbz2t
digital scale,Yellow,NA,Floral,Design,No,No,Yes,1,930,232,Yellow,Red,1x1,NA,Nook's Cranny,Available in Nook's Cranny (either upgrade tier) in the unique furniture slot,1.0.0,bathroom,None,None,None,No,Bathroom Things,No,Does not play music,No lighting,For sale,FtrWeightscale_Remake_4_1,4_1,3307,97zfdXJumGBTikYhi
cute DIY table,White,NA,NA,NA,No,No,No,NA,7000,1750,White,Pink,2x1,NA,Nook's Cranny,"Available in Nook's Cranny (upgraded only), in the unique furniture slot",1.0.0,fancy,None,cute,None,Yes,Work Bench,No,Does not play music,Spotlight,For sale,FtrCuteWorkbench_Remake_0_0,0_0,3995,ELzLX57L77astbxHb
Gemini closet,NA,NA,NA,NA,Yes,No,No,NA,NFS,22200,White,Yellow,1x1,NA,Crafting,,1.0.0,expensive,None,stars,None,Wardrobe,Chest,No,Does not play music,No lighting,Not for sale,FtrZodiacGemini,NA,5960,9MjH2Lzd64pdyBHx3
construction sign,Ongoing work - Little bro,NA,NA,NA,No,No,No,NA,NFS,5000,White,Blue,1x1,1000,Nook Miles Shop,,1.0.0,garage,facility,None,None,No,Vehicle,Yes,Does not play music,No lighting,Not for sale,FtrSignConstruction_Remake_1_0,1_0,9568,afCrPaE2EC3gechDH
electric guitar,Cosmo black,NA,Emblem logo,Sticker area,No,No,Yes,7,71000,17750,Black,Green,1x1,NA,Nook's Cranny,"Available in Nook's Cranny (upgraded only), in the third unique furniture slot",1.0.0,concert,None,None,None,Yes,Musical Instrument,No,Does not play music,No lighting,For sale,FtrElectricguitar2_Remake_6_4,6_4,1645,G8TRYJe3QKzMkz9mJ
wooden-block chair,Pastel,Block color,NA,NA,Yes,Yes,No,1,NFS,720,Pink,Colorful,1x1,NA,Crafting,,1.0.0,child's room,None,wooden block,None,Yes,Chair,No,Does not play music,No lighting,Not for sale,FtrBlockChairS_Remake_3_0,3_0,2558,C9eL44MYY3ojTSsmD
illuminated reindeer,Yellow,Light color,NA,NA,Yes,Yes,No,6,NFS,4350,Yellow,Yellow,2x1,NA,Crafting,,1.0.0,party,fancy,festive,None,Yes,Seasonal Decor,Yes,Does not play music,Fluorescent,Not for sale,FtrIllumiReindeer_Remake_0_0,0_0,4074,Fu398t6EcYJrh6Anx
Mama bear,Floral,NA,None,Shirt,No,No,Yes,1,2300,575,White,Pink,1x1,NA,Nook's Cranny,Available in Nook's Cranny (either upgrade tier) in the unique furniture slot,1.0.0,fancy,child's room,None,bear,No,Animal,No,Does not play music,No lighting,For sale,FtrBearM_Remake_3_0,3_0,1500,85uduk44EWYc5PaM6
rock guitar,Sunburst,NA,Emblem logo,Sticker area,No,No,Yes,2,3100,775,Orange,Green,1x1,NA,Nook's Cranny,Available in Nook's Cranny (either upgrade tier) in the unique furniture slot,1.0.0,concert,None,None,None,Yes,Musical Instrument,No,Does not play music,No lighting,For sale,FtrElectricguitar1_Remake_0_4,0_4,1644,LiDrdxgmRKvkhxJXf
wooden table,Dark wood,Paint color,Orange,Tablecloth,Yes,Yes,Yes,4,NFS,1800,Brown,Orange,2x2,NA,Crafting,,1.0.0,child's room,living room,wooden,None,No,Table,No,Does not play music,No lighting,Not for sale,FtrWoodenTableL_Remake_3_1,3_1,3439,BxX3sMwbkdbLALter
acoustic guitar,Natural,Body,NA,NA,Yes,Yes,No,5,NFS,3210,Beige,Brown,1x1,NA,Crafting,,1.0.0,music,None,None,None,Yes,Musical Instrument,No,Does not play music,No lighting,Not for sale,FtrAcorsticguitar_Remake_0_0,0_0,383,EpywQXABBcv2dipsP
wooden waste bin,Black,Paint color,NA,NA,Yes,Yes,No,1,NFS,480,Black,Black,1x1,NA,Crafting,,1.0.0,child's room,living room,wooden,None,Yes,Supplies,No,Does not play music,No lighting,Not for sale,FtrTrashboxWood_Remake_4_0,4_0,3490,zX72k8gTnt7nqQae7
destinations signpost,White,Color,NA,NA,Yes,Yes,No,2,NFS,1440,White,White,1.5x1.5,NA,Crafting,,1.0.0,garden,None,None,None,No,Vehicle,Yes,Does not play music,No lighting,Not for sale,FtrSignpostWorld_Remake_1_0,1_0,4309,Hz4JHYYtXD3CSJBCE
stall,Natural,Variation,Waves,Curtain,Yes,Yes,Yes,3,NFS,1440,Beige,Blue,2x1,NA,Crafting,,1.0.0,shop,party,None,None,No,Shop,Yes,Does not play music,No lighting,Not for sale,FtrFloat_Remake_0_4,0_4,3617,tnKqxJxwnwP7YqnDD
refrigerator,Brown,NA,Rock,Sticker area,No,No,Yes,2,5100,1275,Brown,Colorful,1x1,NA,Nook's Cranny,"Available in Nook's Cranny (upgraded only), in the unique furniture slot",1.0.0,kitchen,shop,None,None,Wardrobe,Home Appliances,No,Does not play music,No lighting,For sale,FtrRefrigerator_Remake_5_2,5_2,2713,KtFMiwPfSwZu7AKfZ
poolside bed,Dark brown,NA,White,Bed mat,No,No,Yes,2,3400,850,Brown,White,2x1,NA,Nook's Cranny,"Available in Nook's Cranny (upgraded only), in the unique furniture slot",1.0.0,ocean,expensive,None,None,Yes,Bed,Yes,Does not play music,No lighting,For sale,FtrPoolsidebed_Remake_2_0,2_0,4102,h2Ta2wMZybZyyaT4t
kimono stand,NA,NA,Checkered,Kimono,No,No,Yes,2,3200,800,Beige,Red,2x1,NA,Nook's Cranny,"Available in Nook's Cranny (upgraded only), in the unique furniture slot",1.0.0,zen-style,None,None,None,No,Japanese Style,No,Does not play music,No lighting,For sale,FtrKimonostand_Remake_0_0,0_0,7682,yKSNyMyiFkZp7tLzL
log bed,White wood,Lumber type,Southwestern flair,Bedding,Yes,Yes,Yes,6,NFS,3600,Beige,Colorful,2x2,NA,Crafting,,1.0.0,garden,living room,log,None,Yes,Bed,No,Does not play music,No lighting,Not for sale,FtrLogBedW_Remake_2_0,2_0,4041,5nWo3nyNndc5HQ7Ax
outdoor bench,White,NA,Orange,Seat,No,No,Yes,1,1300,325,Gray,Orange,2x1,NA,Nook's Cranny,Available in Nook's Cranny (either upgrade tier) in the unique furniture slot,1.0.0,outdoors,None,None,None,Yes,Sofa,Yes,Does not play music,No lighting,For sale,FtrOutdoorchairM_Remake_0_4,0_4,3947,PunXRWi3WqLEotLWK
blue corner,NA,NA,Green,Ring curtain,No,No,Yes,3,6100,1525,White,Green,2x2,NA,Nook's Cranny,"Available in Nook's Cranny (upgraded only), in the third unique furniture slot",1.0.0,fitness,None,None,sports ring,Yes,Sports,No,Does not play music,No lighting,For sale,FtrRingcornerBlue_Remake_0_0,0_0,7150,LAwYSrH2Wf2a27boC
wooden stool,White wood,Paint color,Blue,Seat,Yes,Yes,Yes,2,NFS,480,White,Light blue,1x1,NA,Crafting,,1.0.0,child's room,living room,wooden,None,Yes,Chair,No,Does not play music,No lighting,Not for sale,FtrWoodenStoolS_Remake_1_3,1_3,3449,9x2aAcbcw9N5L4nm8
bunk bed,Yellow,NA,Space,Bedding,No,No,Yes,2,5000,1250,Yellow,Light blue,2x1,NA,Nook's Cranny,Available in Nook's Cranny (either upgrade tier) in the unique furniture slot,1.0.0,facility,None,None,None,Yes,Bed,No,Does not play music,No lighting,For sale,FtrBunkbed_Remake_5_3,5_3,8298,aqWS4NuGQrJyPsrok
rocket,NA,NA,NA,NA,Yes,No,No,NA,NFS,20000,White,Red,2x1,NA,Crafting,,1.0.0,space,None,None,None,No,Space,Yes,Does not play music,No lighting,Not for sale,FtrRocket,NA,1441,KkcXfWMrSimkgeyAT
double-door refrigerator,White,NA,NA,NA,No,No,No,NA,60000,15000,White,Gray,1x1,NA,Nook's Cranny,"Available in Nook's Cranny (upgraded only), in the third unique furniture slot",1.0.0,kitchen,expensive,None,None,Wardrobe,Home Appliances,No,Does not play music,No lighting,For sale,FtrRefrigeratorDoubledoor_Remake_1_0,1_0,4109,3JgqHzKRyJgqfoZBv
diner sofa,Aquamarine,NA,NA,NA,No,No,No,NA,3500,875,Green,White,2x1,NA,Nook's Cranny,"Available in Nook's Cranny (upgraded only), in the unique furniture slot",1.0.0,shop,None,diner,None,Yes,Sofa,No,Does not play music,No lighting,For sale,FtrAmeretroChairL_Remake_3_0,3_0,4141,matmtK77Y7Ng7DnwP
basketball hoop,Green,NA,NA,NA,No,No,No,NA,11000,2750,Green,White,2x2,NA,Nook's Cranny,"Available in Nook's Cranny (upgraded only), in the third unique furniture slot",1.0.0,fitness,school,None,None,No,Sports,Yes,Does not play music,No lighting,For sale,FtrBasketgoal_Remake_1_0,1_0,4226,2s5mgpJK6H9B4Jc9v
outdoor bench,Green,NA,Black,Seat,No,No,Yes,1,1300,325,Green,Black,2x1,NA,Nook's Cranny,Available in Nook's Cranny (either upgrade tier) in the unique furniture slot,1.0.0,outdoors,None,None,None,Yes,Sofa,Yes,Does not play music,No lighting,For sale,FtrOutdoorchairM_Remake_2_1,2_1,3947,BuvW9EPysyqffsZmv
long bathtub,White,NA,NA,NA,No,No,No,NA,7800,1950,White,White,2x1,NA,Nook's Cranny,"Available in Nook's Cranny (upgraded only), in the unique furniture slot",1.0.0,bathroom,None,None,None,Yes,Bathtub,No,Does not play music,No lighting,For sale,FtrBathtub_Remake_0_0,0_0,4080,8jzYuuHWZ8PkcCy48
phone box,White,NA,NA,NA,No,No,No,NA,NFS,12000,White,White,1x1,2400,Nook Miles Shop,,1.0.0,school,facility,None,None,Yes,Facility Decor,Yes,Does not play music,Emission,Not for sale,FtrTelephonebox_Remake_5_0,5_0,1185,sSZEqnQoD9LxBakNS
vacuum cleaner,Red,NA,NA,NA,No,No,No,NA,3800,950,Red,Gray,1x1,NA,Nook's Cranny,Available in Nook's Cranny (either upgrade tier) in the unique furniture slot,1.0.0,living room,None,None,None,Yes,Home Appliances,No,Does not play music,No lighting,For sale,FtrCleaner_Remake_0_0,0_0,907,F2LFSJRkJemabPMZx
electric bass,Deep ocean,NA,NA,NA,No,No,No,NA,82000,20500,Blue,Light blue,1x1,NA,Nook's Cranny,"Available in Nook's Cranny (upgraded only), in the third unique furniture slot",1.0.0,concert,None,None,None,Yes,Musical Instrument,No,Does not play music,No lighting,For sale,FtrElectricbass_Remake_4_0,4_0,1804,aSE7mg2wix33Y95wK
plastic pool,Pink,NA,NA,NA,No,No,No,NA,3100,775,Pink,Purple,2x2,NA,Nook's Cranny,"Available in Nook's Cranny (upgraded only), in the third unique furniture slot",1.0.0,garden,None,None,None,Yes,Garden,Yes,Does not play music,No lighting,For sale,FtrGardenpool_Remake_1_0,1_0,3348,RdGvbyLB8oQio6Nh8
antique bureau,Black,NA,NA,NA,No,No,No,NA,20000,5000,Black,Black,1x1,NA,Nook's Cranny,"Available in Nook's Cranny (upgraded only), in the third unique furniture slot",1.0.0,living room,expensive,antique,None,Yes,Desk,No,Does not play music,No lighting,For sale,FtrAntiqueBureau_Remake_2_0,2_0,3956,nTM9BgbxMArEAuPda
billiard table,Green,NA,NA,NA,No,No,No,NA,77000,19250,Green,Orange,2x1,NA,Nook's Cranny,"Available in Nook's Cranny (upgraded only), in the third unique furniture slot",1.0.0,shop,facility,None,None,No,Sports,No,Does not play music,No lighting,For sale,FtrBilliard_Remake_0_0,0_0,863,RkPFuXP68xp7rKQE2
wooden-block stereo,Colorful,Block color,NA,NA,Yes,Yes,No,4,NFS,2460,Yellow,Colorful,2x1,NA,Crafting,,1.0.0,child's room,None,wooden block,None,Yes,Audio,No,Hi-fi,No lighting,Not for sale,FtrBlockCompo_Remake_2_0,2_0,3205,Ke3wjzKgg4jvuy8QX
drum set,Evergreen,NA,Glossy black,Bass drum head,No,No,Yes,2,5600,1400,Green,Black,2x1,NA,Nook's Cranny,"Available in Nook's Cranny (upgraded only), in the unique furniture slot",1.0.0,concert,None,None,None,Yes,Musical Instrument,No,Does not play music,No lighting,For sale,FtrDrumSet_Remake_6_1,6_1,1803,wbq89Csv4yFKDzb5h
tea table,Orange wood,Body color,NA,NA,Yes,Yes,No,2,NFS,1440,Orange,Orange,2x2,NA,Crafting,,1.0.0,zen-style,living room,None,None,No,Desk,No,Does not play music,No lighting,Not for sale,FtrDiningtableJapan_Remake_2_0,2_0,739,eBQinHrS9MqFpXgoH
clothesline pole,Blue,NA,Plain,Drying shirt,No,No,Yes,1,1100,275,Light blue,White,2x0.5,NA,Nook's Cranny,Available in Nook's Cranny (either upgrade tier) in the unique furniture slot,1.0.0,garden,bathroom,None,None,No,Supplies,Yes,Does not play music,No lighting,For sale,FtrClotheshorse_Remake_1_0,1_0,1778,3Z6RxYv5S3MN3L4Xt
office desk,White,NA,NA,NA,No,No,No,NA,3600,900,White,White,2x1,NA,Nook's Cranny,"Available in Nook's Cranny (upgraded only), in the unique furniture slot",1.0.0,office,None,None,office,No,Desk,No,Does not play music,No lighting,For sale,FtrOfficeTable_Remake_0_0,0_0,840,ExYib9GyTi9y6sSzh
frozen tree,Ice orange,Illumination,NA,NA,Yes,Yes,No,7,NFS,8200,Orange,Orange,2x2,NA,Crafting,,1.0.0,freezing cold,None,frozen,None,No,Seasonal Decor,Yes,Does not play music,No lighting,Not for sale,FtrIceTree_Remake_4_0,4_0,3504,pQduKcrumfhtgzgQM
wedding bench,Garden,Design,NA,NA,No,Yes,No,2,3500,875,Yellow,Yellow,2x1,NA,Wedding Season,,1.2.0,party,expensive,wedding,None,Yes,Sofa,No,Does not play music,No lighting,Not for sale,FtrWeddingChairL_Remake_2_0,2_0,12401,6BAuHYtjAALsN9zBi
wooden chair,Blue,Paint color,NA,NA,Yes,Yes,No,1,NFS,720,Blue,Blue,1x1,NA,Crafting,,1.0.0,child's room,living room,wooden,None,Yes,Chair,No,Does not play music,No lighting,Not for sale,FtrWoodenChairS_Remake_6_0,6_0,1913,b8d55qMbtRegzFvoG
changing room,Brown,NA,Red,Curtain,No,No,Yes,2,3700,925,Orange,Red,1x1,NA,Nook's Cranny,"Available in Nook's Cranny (upgraded only), in the unique furniture slot",1.0.0,shop,facility,None,None,Wardrobe,Shop,No,Does not play music,No lighting,For sale,FtrFittingroom_Remake_2_5,2_5,1816,dbFPyRHSv7PSBbxYm
log dining table,White wood,Lumber type,Geometric print,Placemats,Yes,Yes,Yes,4,NFS,1800,Beige,Colorful,2x2,NA,Crafting,,1.0.0,garden,living room,log,None,No,Table,No,Does not play music,No lighting,Not for sale,FtrLogTableL_Remake_2_2,2_2,4040,PhGckxSnwG7xoei2J
natural garden table,Natural,Tabletop,NA,NA,Yes,Yes,No,5,NFS,3330,Beige,Black,2x2,NA,Crafting,,1.0.0,garden,None,None,natural,No,Table,Yes,Does not play music,No lighting,Not for sale,FtrGardenTableNatural_Remake_0_0,0_0,3396,85aQ83vYty7KyApgu
crescent-moon chair,Green,Color,NA,NA,Yes,Yes,No,7,NFS,8500,Green,Yellow,2x1,NA,Crafting,,1.0.0,space,fancy,stars,None,Yes,Chair,No,Does not play music,Fluorescent,Not for sale,FtrStarMoonChairL_Remake_1_0,1_0,6829,Q9onKzC2L9Sx4fKvc
tankless toilet,Black,NA,NA,NA,No,No,No,NA,4100,1025,Black,Black,1x1,NA,Nook's Cranny,"Available in Nook's Cranny (upgraded only), in the unique furniture slot",1.0.0,bathroom,None,None,None,Yes,Toilet,No,Does not play music,No lighting,For sale,FtrWCTankless_Remake_4_0,4_0,2776,sXQs9fXn37og9s375
synthesizer,Brown,NA,NA,NA,No,No,No,NA,66000,16500,Brown,White,2x1,NA,Nook's Cranny,"Available in Nook's Cranny (upgraded only), in the third unique furniture slot",1.0.0,concert,None,None,None,Yes,Musical Instrument,No,Does not play music,No lighting,For sale,FtrSynthesizer_Remake_5_0,5_0,1171,fNy9osK4bmyrrMaoZ
fountain,Gray,Color,NA,NA,Yes,Yes,No,7,NFS,11700,Gray,Gray,3x3,NA,Crafting,,1.0.0,garden,facility,None,None,Yes,Playground,Yes,Does not play music,No lighting,Not for sale,FtrFountain_Remake_0_0,0_0,8031,yfGHnLgyM5KWn5pi5
tall lantern,White,Stone,NA,NA,Yes,Yes,No,4,NFS,2700,White,White,1x1,NA,Crafting,,1.0.0,zen-style,None,None,None,Yes,Japanese Style,Yes,Does not play music,Candle,Not for sale,FtrStonelantern_Remake_1_0,1_0,676,3Wwq6BdHnomxrGiSZ
birdcage,Blue,Paint color,NA,NA,Yes,Yes,No,2,NFS,960,Blue,Green,1x1,NA,Crafting,,1.0.0,living room,None,None,None,Yes,Animal,No,Does not play music,No lighting,Not for sale,FtrBirdcage_Remake_2_0,2_0,865,PpryFs7RTYyZFYZoF
wooden simple bed,White wood,Paint color,Orange,Bedding,Yes,Yes,Yes,4,NFS,2160,White,Orange,2x1,NA,Crafting,,1.0.0,child's room,living room,wooden,None,Yes,Bed,No,Does not play music,No lighting,Not for sale,FtrWoodenBedS_Remake_1_0,1_0,2605,m7EcRvtLMfWEgWp2J
ironwood bed,Walnut,Lumber type,Blue-gray,Bedding,Yes,Yes,Yes,8,NFS,9900,Brown,Light blue,2x1,NA,Crafting,,1.0.0,living room,None,ironwood,None,Yes,Bed,No,Does not play music,No lighting,Not for sale,FtrIronwoodBedS_Remake_2_1,2_1,3200,7WGKxApJbqkGL5Lkh
flat garden rock,NA,NA,NA,NA,Yes,No,No,NA,NFS,3000,Gray,Gray,2x1,NA,Crafting,,1.0.0,garden,None,None,None,No,Japanese Style,Yes,Does not play music,No lighting,Not for sale,FtrGardenrockLow,NA,12206,QGJxqYgMSPYCnbN9D
doghouse,Red,Paint color,NA,NA,Yes,Yes,No,3,NFS,2040,Red,White,1x1,NA,Crafting,,1.0.0,garden,None,None,None,Yes,Animal,Yes,Does not play music,No lighting,Not for sale,FtrDoghouse_Remake_3_0,3_0,1799,GzLQ5qFvYb6yGp6ry
velvet stool,NA,NA,NA,NA,No,No,No,NA,1000,250,Red,Yellow,1x1,NA,Nook's Cranny,Available in Nook's Cranny (either upgrade tier) in the unique furniture slot,1.0.0,music,None,None,None,Yes,Chair,No,Does not play music,No lighting,For sale,FtrPianoStool,NA,8465,ypFx2ihzrHqNpH2qF
wedding welcome board,Cute,Easel,Message,Board,No,Yes,Yes,2,1500,375,Pink,Pink,1x1,NA,Wedding Season,,1.2.0,party,expensive,wedding,None,No,Shop,No,Does not play music,No lighting,Not for sale,FtrWeddingBoard_Remake_0_0,0_0,12410,4HgEuCMwa6jv42HSj
imperial low table,Red,NA,NA,NA,No,No,No,NA,3700,925,Red,Red,2x1,NA,Nook's Cranny,"Available in Nook's Cranny (upgraded only), in the unique furniture slot",1.0.0,zen-style,None,zen,None,No,Table,No,Does not play music,No lighting,For sale,FtrOrientalTableM_Remake_0_0,0_0,3974,TLKNgkKmfsBtZnPw5
upright locker,Black,NA,None,Sticker area,No,No,Yes,2,3700,925,Black,Black,1x1,NA,Nook's Cranny,Available in Nook's Cranny (either upgrade tier) in the unique furniture slot,1.0.0,school,facility,None,None,Wardrobe,Chest,No,Does not play music,No lighting,For sale,FtrLocker_Remake_2_0,2_0,833,m6hmBjqNxsBSnD3Ai
chalkboard,Foreign language,NA,NA,NA,No,No,No,NA,2600,650,Green,Gray,2x1,NA,Nook's Cranny,"Available in Nook's Cranny (upgraded only), in the unique furniture slot",1.0.0,school,None,None,None,No,School,No,Does not play music,No lighting,For sale,FtrBlackboard_Remake_2_0,2_0,2012,DAxx3aBrTRzKjNioy
garbage bin,White,NA,NA,NA,No,No,No,NA,1000,250,White,Gray,1x1,NA,Nook's Cranny,Available in Nook's Cranny (either upgrade tier) in the unique furniture slot,1.0.0,garage,facility,None,None,Trash,Supplies,Yes,Does not play music,No lighting,For sale,FtrPaleCaster_Remake_4_0,4_0,9767,QCH62LoG94LRyheK8
doghouse,Blue,Paint color,NA,NA,Yes,Yes,No,3,NFS,2040,Blue,Brown,1x1,NA,Crafting,,1.0.0,garden,None,None,None,Yes,Animal,Yes,Does not play music,No lighting,Not for sale,FtrDoghouse_Remake_2_0,2_0,1799,sudGbdjxgLFWnFYiN
bunk bed,Silver,NA,Colorful lines,Bedding,No,No,Yes,2,5000,1250,Gray,Yellow,2x1,NA,Nook's Cranny,Available in Nook's Cranny (either upgrade tier) in the unique furniture slot,1.0.0,facility,None,None,None,Yes,Bed,No,Does not play music,No lighting,For sale,FtrBunkbed_Remake_0_4,0_4,8298,x4rNR2XC2rRQg25SG
wooden simple bed,White wood,Paint color,Blue,Bedding,Yes,Yes,Yes,4,NFS,2160,White,Light blue,2x1,NA,Crafting,,1.0.0,child's room,living room,wooden,None,Yes,Bed,No,Does not play music,No lighting,Not for sale,FtrWoodenBedS_Remake_1_2,1_2,2605,Td8mesmoSsEuH8tMP
simple DIY workbench,NA,NA,NA,NA,Yes,No,No,NA,NFS,1350,Brown,Colorful,1.5x1.5,NA,Crafting,,1.0.0,outdoors,garden,None,None,Workbench,Work Bench,Yes,Does not play music,No lighting,Not for sale,FtrWorkbenchStump,NA,7142,o3Jm6psSeRbrkivZ9
handcart,Green,NA,NA,NA,No,No,No,NA,1900,475,Green,Brown,1x1,NA,Nook's Cranny,Available in Nook's Cranny (either upgrade tier) in the unique furniture slot,1.0.0,garden,None,None,None,No,Ranch,Yes,Does not play music,No lighting,For sale,FtrHandcart_Remake_0_0,0_0,7229,PMRXt7GGkMzDucHhd
log decorative shelves,Orange wood,Lumber type,Southwestern flair,Mat,Yes,Yes,Yes,4,NFS,1560,Orange,Colorful,2x1,NA,Crafting,,1.0.0,garden,living room,log,None,No,Shelf,No,Does not play music,No lighting,Not for sale,FtrLogShelf_Remake_1_1,1_1,4036,bFSjAhDG2LhSFDubG
diner mini table,Pink,NA,NA,NA,No,No,No,NA,1600,400,Gray,Pink,1x1,NA,Nook's Cranny,"Available in Nook's Cranny (upgraded only), in the unique furniture slot",1.0.0,shop,None,diner,None,No,Table,No,Does not play music,No lighting,For sale,FtrAmeretroTableS_Remake_4_0,4_0,4441,7e45WKKjovm3uSCWj
upright locker,White,NA,Cute,Sticker area,No,No,Yes,2,3700,925,White,Pink,1x1,NA,Nook's Cranny,Available in Nook's Cranny (either upgrade tier) in the unique furniture slot,1.0.0,school,facility,None,None,Wardrobe,Chest,No,Does not play music,No lighting,For sale,FtrLocker_Remake_1_2,1_2,833,MiCE6mgr4GZLCM8gY
beach chair,Orange,NA,NA,NA,No,No,No,NA,920,230,Orange,White,2x1,NA,Nook's Cranny,Available in Nook's Cranny (either upgrade tier) in the unique furniture slot,1.0.0,ocean,None,None,None,Yes,Bed,Yes,Does not play music,No lighting,For sale,FtrBeachbed_Remake_3_0,3_0,664,HaJrTWRsfd9QYTA4K
shell arch,Pearl,Shell color,NA,NA,Yes,Yes,No,7,NFS,12360,White,White,3x1,NA,Crafting,,1.0.0,ocean,expensive,shell,None,No,Arch,Yes,Does not play music,No lighting,Not for sale,FtrShellArch_Remake_5_0,5_0,3977,3YKjQDhpKgxxeZdpR
diner dining table,Aquamarine,NA,NA,NA,No,No,No,NA,6400,1600,Gray,Light blue,2x2,NA,Nook's Cranny,"Available in Nook's Cranny (upgraded only), in the third unique furniture slot",1.0.0,shop,None,diner,None,No,Table,No,Does not play music,No lighting,For sale,FtrAmeretroTableM_Remake_3_0,3_0,4142,tQ7cE6BZZngRXf4EC
leaf stool,Brown,Color,NA,NA,Yes,Yes,No,3,NFS,1560,Brown,Beige,1x1,NA,Crafting,,1.0.0,child's room,fancy,tree's bounty or leaves,None,Yes,Chair,No,Does not play music,No lighting,Not for sale,FtrFallenleavesChairS_Remake_0_0,0_0,7390,35Y88uTbmZLHtJ9QX
park clock,Silver,NA,NA,NA,No,No,No,NA,NFS,12000,Gray,White,1x1,2400,Nook Miles Shop,,1.0.0,garden,None,None,None,Yes,Clock,Yes,Does not play music,No lighting,Not for sale,FtrParkclock_Remake_1_0,1_0,3595,RcDvXPw6pLeErBM55
popcorn machine,Green,NA,NA,NA,No,No,No,NA,4900,1225,Green,Yellow,1x1,NA,Nook's Cranny,Available in Nook's Cranny (either upgrade tier) in the unique furniture slot,1.0.0,facility,party,None,None,Yes,Shop,Yes,Does not play music,No lighting,For sale,FtrPopcornmachine_Remake_1_0,1_0,1092,pkEthRJe2C8njZnMg
outdoor table,Red,NA,Orange,Table,No,No,Yes,1,2200,550,Red,Orange,2x1,NA,Nook's Cranny,Available in Nook's Cranny (either upgrade tier) in the unique furniture slot,1.0.0,outdoors,None,None,None,No,Table,Yes,Does not play music,No lighting,For sale,FtrOutdoortableM_Remake_4_4,4_4,3946,FmHrzvWYoW9apJYBz
wooden mini table,Pink wood,Paint color,None,Tablecloth,Yes,Yes,Yes,2,NFS,720,Pink,Pink,1x1,NA,Crafting,,1.0.0,child's room,living room,wooden,None,No,Table,No,Does not play music,No lighting,Not for sale,FtrWoodenTableMini_Remake_7_0,7_0,7133,mJFnWtLfD5dafCn26
menu chalkboard,Dark brown,NA,NA,NA,No,No,No,NA,1800,450,Brown,Green,1x1,NA,Nook's Cranny,Available in Nook's Cranny (either upgrade tier) in the unique furniture slot,1.0.0,shop,None,None,None,No,Shop,Yes,Does not play music,No lighting,For sale,FtrMenuboard_Remake_1_0,1_0,1866,9fhe3AGZWHmHBafLX
double-door refrigerator,Red,NA,NA,NA,No,No,No,NA,60000,15000,Red,Gray,1x1,NA,Nook's Cranny,"Available in Nook's Cranny (upgraded only), in the third unique furniture slot",1.0.0,kitchen,expensive,None,None,Wardrobe,Home Appliances,No,Does not play music,No lighting,For sale,FtrRefrigeratorDoubledoor_Remake_3_0,3_0,4109,qJdb2G7ruCmuijzZ6
parabolic antenna,Plain,NA,NA,NA,No,No,No,NA,NFS,20000,White,White,3x3,4000,Nook Miles Shop,,1.0.0,facility,None,None,None,Yes,Outdoors Decor,Yes,Does not play music,No lighting,Not for sale,FtrParabolicantenna_Remake_0_0,0_0,2352,R6hrizhT7cPHgWu3D
simple panel,White,NA,Pegboard,Panel design,No,No,Yes,1,810,202,White,Brown,1x0.5,NA,Nook's Cranny,Available in Nook's Cranny (either upgrade tier) in the unique furniture slot,1.0.0,facility,None,None,None,No,Screen,No,Does not play music,No lighting,For sale,FtrScreenSimple_Remake_2_2,2_2,5338,2gysFgJKHxSXrHv9u
imperial partition,Black,NA,NA,NA,No,No,No,NA,5000,1250,Black,Black,2x1,NA,Nook's Cranny,"Available in Nook's Cranny (upgraded only), in the unique furniture slot",1.0.0,zen-style,None,zen,None,No,Screen,No,Does not play music,No lighting,For sale,FtrOrientalScreen_Remake_3_0,3_0,3971,YtGYc4r4r6aabaxim
iron garden bench,White,Body color,NA,NA,Yes,Yes,No,7,NFS,6000,White,White,2x1,NA,Crafting,,1.0.0,garden,None,iron,None,Yes,Sofa,Yes,Does not play music,No lighting,Not for sale,FtrIrongardenBench_Remake_4_0,4_0,1625,Z355Gu5i6WEjTHdAA
lily record player,White,Flower color,NA,NA,Yes,Yes,No,5,NFS,3010,White,Green,1x1,NA,Crafting,,1.0.0,fancy,None,flowers,None,Yes,Audio,No,Phono,No lighting,Not for sale,FtrFlowerRecordplayer_Remake_0_0,0_0,7236,ZicofnwgX89Tv54bu
shower booth,White,NA,NA,NA,No,No,No,NA,110000,27500,White,White,1.5x1.5,NA,Nook's Cranny,"Available in Nook's Cranny (upgraded only), in the third unique furniture slot",1.0.0,bathroom,None,None,None,No,Bathtub,No,Does not play music,No lighting,For sale,FtrShowerboothSquare_Remake_0_0,0_0,4015,vxmeCxPXbWQ6FqxfJ
big festive tree,Red,Design,NA,NA,Yes,Yes,No,5,NFS,3200,Green,Red,2x2,NA,Crafting,,1.0.0,party,fancy,festive,None,Yes,Seasonal Decor,Yes,Does not play music,No lighting,Not for sale,FtrTreeXmasL_Remake_2_0,2_0,3966,rNhWyEbaBdWbhMdsF
tea table,Red wood,Body color,NA,NA,Yes,Yes,No,2,NFS,1440,Brown,Brown,2x2,NA,Crafting,,1.0.0,zen-style,living room,None,None,No,Desk,No,Does not play music,No lighting,Not for sale,FtrDiningtableJapan_Remake_4_0,4_0,739,azja64xGgHLpBRpby
log dining table,White wood,Lumber type,Southwestern flair,Placemats,Yes,Yes,Yes,4,NFS,1800,Beige,Colorful,2x2,NA,Crafting,,1.0.0,garden,living room,log,None,No,Table,No,Does not play music,No lighting,Not for sale,FtrLogTableL_Remake_2_1,2_1,4040,E9f9KYDrijzxm642f
tool cart,Blue,NA,NA,NA,No,No,No,NA,2400,600,Blue,Black,1x1,NA,Nook's Cranny,Available in Nook's Cranny (either upgrade tier) in the unique furniture slot,1.0.0,garage,None,None,None,No,Table,No,Does not play music,No lighting,For sale,FtrToolcart_Remake_4_0,4_0,7528,NyiNfBL3f8v3kfoFe
wooden chest,Dark wood,Paint color,NA,NA,Yes,Yes,No,3,NFS,1920,Brown,Brown,2x1,NA,Crafting,,1.0.0,child's room,living room,wooden,None,Wardrobe,Chest,No,Does not play music,No lighting,Not for sale,FtrWoodenChest_Remake_3_0,3_0,2560,EkHqiuxNG4J7CtySg
refrigerator,Yellow,NA,Rock,Sticker area,No,No,Yes,2,5100,1275,Yellow,Colorful,1x1,NA,Nook's Cranny,"Available in Nook's Cranny (upgraded only), in the unique furniture slot",1.0.0,kitchen,shop,None,None,Wardrobe,Home Appliances,No,Does not play music,No lighting,For sale,FtrRefrigerator_Remake_3_2,3_2,2713,LFLkdEnMyK3A7Fr7E
Market Place decoration,NA,NA,NA,NA,No,No,No,NA,3200,800,Green,Yellow,2x1,NA,Nook Shopping Promotion,"Link Nintendo Account to Pocket Camp, then redeem a 16-digit code on your Nintendo Switch",1.1.0,facility,garden,None,None,No,Compass,No,Does not play music,No lighting,Not in catalog,FtrCompassPole,NA,12368,WzTQCv8QjsCxfwbpb
lunar lander,NA,NA,NA,NA,Yes,No,No,NA,NFS,16250,Gray,Yellow,2x2,NA,Crafting,,1.0.0,space,None,None,None,No,Space,Yes,Does not play music,No lighting,Not for sale,FtrModule,NA,1440,CZT8FPWE7yb2jArFy
frozen bed,Ice blue,Illumination,White,Bedding,Yes,Yes,Yes,8,NFS,9000,Blue,White,2x2,NA,Crafting,,1.0.0,freezing cold,None,frozen,None,Yes,Bed,Yes,Does not play music,No lighting,Not for sale,FtrIceBedW_Remake_1_1,1_1,3502,md8ZN6vpy2EdLnXM5
drink machine,Blue,NA,Sale,Advertisement panel,No,No,Yes,7,NFS,10000,Blue,Green,1x1,2000,Nook Miles Shop,,1.0.0,shop,facility,None,None,Yes,Facility Decor,Yes,Does not play music,Monitor,Not for sale,FtrDrinkmachine_Remake_1_2,1_2,1802,mXnM5GNSjwfxXcs9y
pants press,Brown,NA,NA,NA,No,No,No,NA,1900,475,Red,Gray,1x1,NA,Nook's Cranny,"Available in Nook's Cranny (upgraded only), in the unique furniture slot",1.0.0,facility,None,None,None,Yes,Home Appliances,No,Does not play music,No lighting,For sale,FtrPantspresser_Remake_0_0,0_0,4023,SGdxS8csbrivJWfXq
studio spotlight,Yellow,NA,NA,NA,No,No,No,NA,2100,525,Black,Yellow,1x1,NA,Nook's Cranny,Available in Nook's Cranny (either upgrade tier) in the unique furniture slot,1.0.0,facility,concert,None,None,Yes,Lamp,No,Does not play music,Spotlight,For sale,FtrLampSpot_Remake_1_0,1_0,7189,zsdt3HxxSsm9w8NTq
clothesline pole,Silver,NA,Fish,Drying shirt,No,No,Yes,1,1100,275,Gray,Light blue,2x0.5,NA,Nook's Cranny,Available in Nook's Cranny (either upgrade tier) in the unique furniture slot,1.0.0,garden,bathroom,None,None,No,Supplies,Yes,Does not play music,No lighting,For sale,FtrClotheshorse_Remake_0_2,0_2,1778,6oxsBNTrGjH9F3v86
festive tree,Pink,Design,NA,NA,Yes,Yes,No,2,NFS,1400,Pink,Red,1x1,NA,Crafting,,1.0.0,party,fancy,festive,None,Yes,Seasonal Decor,No,Does not play music,No lighting,Not for sale,FtrTreeXmasS_Remake_3_0,3_0,3991,PsPq3avhppmm3SFtC
Papa bear,Choco,NA,None,Ribbon,No,No,Yes,3,8500,2125,Brown,Brown,2x2,NA,Nook's Cranny,"Available in Nook's Cranny (upgraded only), in the third unique furniture slot",1.0.0,fancy,child's room,None,bear,No,Animal,No,Does not play music,No lighting,For sale,FtrBearL_Remake_2_0,2_0,1499,cAYiLiudC5PC875Zq
tree standee,Spring,Season,NA,NA,Yes,Yes,No,3,NFS,1560,Green,Brown,2x1,NA,Crafting,,1.0.0,school,None,None,standee,No,School,No,Does not play music,No lighting,Not for sale,FtrHariboteTree_Remake_0_0,0_0,533,cjwceaxmosbfN5jkj
effects rack,Pink,NA,Rock logo,Sticker area,No,No,Yes,3,6800,1700,Pink,Purple,1x1,NA,Nook's Cranny,"Available in Nook's Cranny (upgraded only), in the unique furniture slot",1.0.0,concert,facility,None,None,No,Musical Instrument,No,Does not play music,No lighting,For sale,FtrEffectorrack_Remake_5_3,5_3,950,jEqKHBSkNKfy253JX
cat tower,Navy blue,NA,NA,NA,No,No,No,NA,3000,750,Blue,Beige,1x1,NA,Nook's Cranny,Available in Nook's Cranny (either upgrade tier) in the unique furniture slot,1.0.0,living room,None,None,None,Yes,Animal,No,Does not play music,No lighting,For sale,FtrCattower_Remake_2_0,2_0,896,JKFcLxQLx7tsBgrMN
loft bed with desk,White,NA,Red stripes,Bedding,No,No,Yes,3,7700,1925,White,Colorful,2x1,NA,Nook's Cranny,"Available in Nook's Cranny (upgraded only), in the unique furniture slot",1.0.0,child's room,None,None,None,Yes,Desk,No,Does not play music,No lighting,For sale,FtrBeddesk_Remake_2_7,2_7,3621,GLSvpvHGA8EbSvYFY
rock guitar,Sunburst,NA,Familiar logo,Sticker area,No,No,Yes,2,3100,775,Orange,Black,1x1,NA,Nook's Cranny,Available in Nook's Cranny (either upgrade tier) in the unique furniture slot,1.0.0,concert,None,None,None,Yes,Musical Instrument,No,Does not play music,No lighting,For sale,FtrElectricguitar1_Remake_0_1,0_1,1644,vLG7Z9ePH3hy55SYi
stall,Green,Variation,Colorful,Curtain,Yes,Yes,Yes,3,NFS,1440,Green,Colorful,2x1,NA,Crafting,,1.0.0,shop,party,None,None,No,Shop,Yes,Does not play music,No lighting,Not for sale,FtrFloat_Remake_3_3,3_3,3617,HSNnnXvFtmoEkg2Nz
sleeping bag,White,NA,NA,NA,No,No,No,NA,1400,350,White,Yellow,2x1,NA,Nook's Cranny,"Available in all tiers of shops, including Timmy & Tommy before the shop is opened",1.0.0,outdoors,None,None,None,Yes,Bed,Yes,Does not play music,No lighting,For sale,FtrSleepingbag_Remake_6_0,6_0,1434,5CDunQBfMXhETZFXs
wooden mini table,White wood,Paint color,Pink,Tablecloth,Yes,Yes,Yes,2,NFS,720,White,Pink,1x1,NA,Crafting,,1.0.0,child's room,living room,wooden,None,No,Table,No,Does not play music,No lighting,Not for sale,FtrWoodenTableMini_Remake_1_2,1_2,7133,2AARDQE5yj3xpTFho
diner chair,Aquamarine,NA,NA,NA,No,No,No,NA,1600,400,Green,White,1x1,NA,Nook's Cranny,"Available in Nook's Cranny (upgraded only), in the unique furniture slot",1.0.0,shop,None,diner,None,Yes,Chair,No,Does not play music,No lighting,For sale,FtrAmeretroChairS_Remake_3_0,3_0,4137,6k4CkXcvFhiApASYs
stone arch,Mossy,Color,NA,NA,Yes,Yes,No,7,NFS,13500,Gray,Green,3x1,NA,Crafting,,1.0.0,garden,None,None,None,No,Arch,Yes,Does not play music,No lighting,Not for sale,FtrRockArch_Remake_1_0,1_0,11941,8JFGZRrTeQhZYAPXv
natural square table,Natural,Tabletop,NA,NA,Yes,Yes,No,3,NFS,1980,Beige,Black,1x1,NA,Crafting,,1.0.0,garden,None,None,natural,No,Table,Yes,Does not play music,No lighting,Not for sale,FtrGardenTableSNatural_Remake_0_0,0_0,12332,TepZwKDQ3NNceA2cQ
tool cart,Pink,NA,NA,NA,No,No,No,NA,2400,600,Pink,Black,1x1,NA,Nook's Cranny,Available in Nook's Cranny (either upgrade tier) in the unique furniture slot,1.0.0,garage,None,None,None,No,Table,No,Does not play music,No lighting,For sale,FtrToolcart_Remake_5_0,5_0,7528,bjDfkxXMyQZnSkNmE
hammock,White,NA,Colorful,Cloth,No,No,Yes,1,1300,325,White,Colorful,2x1,NA,Nook's Cranny,"Available in all tiers of shops, including Timmy & Tommy before the shop is opened",1.0.0,outdoors,None,None,None,Yes,Bed,Yes,Does not play music,No lighting,For sale,FtrHammock_Remake_5_0,5_0,1620,4ZrHCXyFAHZqdyErG
electric guitar,Marine emerald,NA,Cute logo,Sticker area,No,No,Yes,7,71000,17750,Light blue,Pink,1x1,NA,Nook's Cranny,"Available in Nook's Cranny (upgraded only), in the third unique furniture slot",1.0.0,concert,None,None,None,Yes,Musical Instrument,No,Does not play music,No lighting,For sale,FtrElectricguitar2_Remake_4_7,4_7,1645,Z4Rc9p34tBcy3h8ik
camping cot,Simple pattern,NA,NA,NA,No,No,No,NA,1800,450,White,White,2x1,NA,Starting items,,1.0.0,outdoors,None,None,None,Yes,Bed,Yes,Does not play music,No lighting,For sale,FtrCampbed_Remake_6_0,6_0,4081,qnt5pxqwcM6xciH5k
ironing board,NA,NA,Checkered,Ironing board,No,No,Yes,1,2300,575,Black,Pink,1x1,NA,Nook's Cranny,Available in Nook's Cranny (either upgrade tier) in the unique furniture slot,1.0.0,living room,None,None,None,No,Home Appliances,No,Does not play music,No lighting,For sale,FtrIronstand_Remake_0_1,0_1,7531,ykjHZyrvfaLxXBTvt
log dining table,Dark wood,Lumber type,Quilted,Placemats,Yes,Yes,Yes,4,NFS,1800,Brown,Light blue,2x2,NA,Crafting,,1.0.0,garden,living room,log,None,No,Table,No,Does not play music,No lighting,Not for sale,FtrLogTableL_Remake_0_4,0_4,4040,6DzbewyBCFbHJGuaF
digital scale,Green,NA,White,Design,No,No,Yes,1,930,232,Green,White,1x1,NA,Nook's Cranny,Available in Nook's Cranny (either upgrade tier) in the unique furniture slot,1.0.0,bathroom,None,None,None,No,Bathroom Things,No,Does not play music,No lighting,For sale,FtrWeightscale_Remake_5_0,5_0,3307,eoQ4LYwXxLY3NjrgM
simple panel,Gold,NA,Lined panel,Panel design,No,No,Yes,1,810,202,Yellow,White,1x0.5,NA,Nook's Cranny,Available in Nook's Cranny (either upgrade tier) in the unique furniture slot,1.0.0,facility,None,None,None,No,Screen,No,Does not play music,No lighting,For sale,FtrScreenSimple_Remake_7_1,7_1,5338,ghpr2p9buZiynqyXW
bunk bed,Blue,NA,Colorful lines,Bedding,No,No,Yes,2,5000,1250,Blue,Yellow,2x1,NA,Nook's Cranny,Available in Nook's Cranny (either upgrade tier) in the unique furniture slot,1.0.0,facility,None,None,None,Yes,Bed,No,Does not play music,No lighting,For sale,FtrBunkbed_Remake_4_4,4_4,8298,PFRCA4APjsnehfMak
wooden chair,Green,Paint color,NA,NA,Yes,Yes,No,1,NFS,720,Green,Green,1x1,NA,Crafting,,1.0.0,child's room,living room,wooden,None,Yes,Chair,No,Does not play music,No lighting,Not for sale,FtrWoodenChairS_Remake_5_0,5_0,1913,PA2A6BPZL6kebDaQw
birdhouse,White,Paint color,NA,NA,Yes,Yes,No,2,NFS,840,White,White,1x1,NA,Crafting,,1.0.0,garden,None,None,None,No,Animal,Yes,Does not play music,No lighting,Not for sale,FtrBirdhouse_Remake_5_0,5_0,333,mA7wPnFtCZbWiykEf
clackercart,Pop,Paint color,NA,NA,Yes,Yes,No,2,NFS,960,Red,Yellow,1x1,NA,Crafting,,1.0.0,child's room,None,None,None,No,Toy,No,Does not play music,No lighting,Not for sale,FtrKatakatatoy_Remake_2_0,2_0,80,H37KWzJ8tAdiqRdcJ
rock guitar,Cosmo black,NA,Chic logo,Sticker area,No,No,Yes,2,3100,775,Black,White,1x1,NA,Nook's Cranny,Available in Nook's Cranny (either upgrade tier) in the unique furniture slot,1.0.0,concert,None,None,None,Yes,Musical Instrument,No,Does not play music,No lighting,For sale,FtrElectricguitar1_Remake_2_2,2_2,1644,6RXWoHBCLb2gfy2vf
wooden table,White wood,Paint color,Orange,Tablecloth,Yes,Yes,Yes,4,NFS,1800,White,Orange,2x2,NA,Crafting,,1.0.0,child's room,living room,wooden,None,No,Table,No,Does not play music,No lighting,Not for sale,FtrWoodenTableL_Remake_1_1,1_1,3439,mZLbrMpdXitFSKZb7
baby chair,Yellow,NA,Paw print,Cushion,No,No,Yes,1,1200,300,Yellow,Colorful,1x1,NA,Nook's Cranny,Available in Nook's Cranny (either upgrade tier) in the unique furniture slot,1.0.0,child's room,None,None,None,Yes,Chair,No,Does not play music,No lighting,For sale,FtrBabychair_Remake_2_4,2_4,3305,kfty2gGw5RRZSn83e
Bunny Day bed,NA,NA,NA,NA,Yes,No,No,NA,NFS,2400,Colorful,Colorful,2x2,NA,Crafting,,1.1.0a,fancy,None,Bunny Day,None,Yes,Bed,No,Does not play music,No lighting,Not for sale,FtrEggBedW,NA,12414,yKd72kazk4refkgpd
log decorative shelves,White birch,Lumber type,Bears,Mat,Yes,No,Yes,4,NFS,1560,White,Brown,2x1,NA,Crafting,,1.0.0,garden,living room,log,None,No,Shelf,No,Does not play music,No lighting,Not for sale,FtrLogShelf_Remake_3_3,3_3,4036,4LCgow3wH2izXcXFj
wooden stool,Blue,Paint color,Green,Seat,Yes,Yes,Yes,2,NFS,480,Blue,Green,1x1,NA,Crafting,,1.0.0,child's room,living room,wooden,None,Yes,Chair,No,Does not play music,No lighting,Not for sale,FtrWoodenStoolS_Remake_6_4,6_4,3449,CbkMdEjHhPWrhgBXe
drum set,Golden yellow,NA,Vintage logo,Bass drum head,No,No,Yes,2,5600,1400,Orange,Beige,2x1,NA,Nook's Cranny,"Available in Nook's Cranny (upgraded only), in the unique furniture slot",1.0.0,concert,None,None,None,Yes,Musical Instrument,No,Does not play music,No lighting,For sale,FtrDrumSet_Remake_0_5,0_5,1803,W7tW26QEMaobkH3YB
wooden double bed,Dark wood,Paint color,Green,Bedding,Yes,Yes,Yes,6,NFS,3600,Brown,Green,2x2,NA,Crafting,,1.0.0,child's room,living room,wooden,None,Yes,Bed,No,Does not play music,No lighting,Not for sale,FtrWoodenBedW_Remake_3_3,3_3,7132,aeArHduywzng6qK46
log round table,Orange wood,Lumber type,Southwestern flair,Tablecloth,Yes,Yes,Yes,4,NFS,1800,Orange,Colorful,2x2,NA,Crafting,,1.0.0,garden,living room,log,None,No,Table,Yes,Does not play music,No lighting,Not for sale,FtrLogTableLRound_Remake_1_1,1_1,4043,37a5TfCrWqZDzoWtj
surfboard,White,NA,NA,NA,No,No,No,NA,4100,1025,White,White,1x1,NA,Nook's Cranny,Season sale item,1.0.0,ocean,None,None,None,No,Seaside,Yes,Does not play music,No lighting,For sale,FtrSurfboard_Remake_0_0,0_0,7868,wvi4xxqHm2fpQE24t
log decorative shelves,Dark wood,Lumber type,None,Mat,Yes,Yes,Yes,4,NFS,1560,Brown,Brown,2x1,NA,Crafting,,1.0.0,garden,living room,log,None,No,Shelf,No,Does not play music,No lighting,Not for sale,FtrLogShelf_Remake_0_0,0_0,4036,XP6Mm78G4snmDxzHJ
log dining table,Dark wood,Lumber type,Southwestern flair,Placemats,Yes,Yes,Yes,4,NFS,1800,Brown,Colorful,2x2,NA,Crafting,,1.0.0,garden,living room,log,None,No,Table,No,Does not play music,No lighting,Not for sale,FtrLogTableL_Remake_0_1,0_1,4040,8dQZZwHc2qeFHLtTG
bunk bed,Black,NA,White,Bedding,No,No,Yes,2,5000,1250,Black,White,2x1,NA,Nook's Cranny,Available in Nook's Cranny (either upgrade tier) in the unique furniture slot,1.0.0,facility,None,None,None,Yes,Bed,No,Does not play music,No lighting,For sale,FtrBunkbed_Remake_1_0,1_0,8298,zLxYovJyP2TuyTcSv
claw-foot tub,Red,NA,NA,NA,No,No,No,NA,63000,15750,Red,White,2x1,NA,Nook's Cranny,"Available in Nook's Cranny (upgraded only), in the third unique furniture slot",1.0.0,bathroom,expensive,None,None,No,Bathtub,No,Does not play music,No lighting,For sale,FtrBathtubCabriole_Remake_2_0,2_0,1757,4refyJMEyTEANwF2C
simple panel,Light gray,NA,Mud wall,Panel design,No,No,Yes,1,810,202,Gray,Beige,1x0.5,NA,Nook's Cranny,Available in Nook's Cranny (either upgrade tier) in the unique furniture slot,1.0.0,facility,None,None,None,No,Screen,No,Does not play music,No lighting,For sale,FtrScreenSimple_Remake_0_5,0_5,5338,JiBJCz8nGnbb4MyzS
changing room,Black,NA,Yellow,Curtain,No,No,Yes,2,3700,925,Black,Yellow,1x1,NA,Nook's Cranny,"Available in Nook's Cranny (upgraded only), in the unique furniture slot",1.0.0,shop,facility,None,None,Wardrobe,Shop,No,Does not play music,No lighting,For sale,FtrFittingroom_Remake_4_3,4_3,1816,7ZFbpAqaYgdww3JWc
angled signpost,Shop,Navigation,NA,NA,Yes,Yes,No,1,NFS,600,Beige,Brown,1x1,NA,Crafting,,1.0.0,garden,None,None,None,No,Vehicle,Yes,Does not play music,No lighting,Not for sale,FtrSignpostTilt_Remake_5_0,5_0,7867,QNTrffSxKbCJH3C2s
Statue of Liberty,NA,NA,NA,NA,No,No,No,NA,NFS,2300,Green,Gray,1x1,NA,Gulliver,,1.0.0,folk art,expensive,None,None,Yes,Folk Craft Decor,Yes,Does not play music,Emission,Not for sale,FtrLiberty,NA,693,crNmwc4JvPDDaq7r2
frozen partition,Ice orange,Illumination,NA,NA,Yes,Yes,No,7,NFS,7400,Orange,Orange,2x0.5,NA,Crafting,,1.0.0,freezing cold,None,frozen,None,No,Seasonal Decor,Yes,Does not play music,No lighting,Not for sale,FtrIceScreen_Remake_4_0,4_0,3498,RTBLM4F524qRTxXYX
plastic pool,Polka dots,NA,NA,NA,No,No,No,NA,3100,775,Colorful,Blue,2x2,NA,Nook's Cranny,"Available in Nook's Cranny (upgraded only), in the third unique furniture slot",1.0.0,garden,None,None,None,Yes,Garden,Yes,Does not play music,No lighting,For sale,FtrGardenpool_Remake_5_0,5_0,3348,2kAfbGifqd4F2JwvH
loft bed with desk,Black,NA,Light blue,Bedding,No,No,Yes,3,7700,1925,Black,Light blue,2x1,NA,Nook's Cranny,"Available in Nook's Cranny (upgraded only), in the unique furniture slot",1.0.0,child's room,None,None,None,Yes,Desk,No,Does not play music,No lighting,For sale,FtrBeddesk_Remake_3_2,3_2,3621,tHKwrAn3PQ26BMaLZ
claw-foot tub,Pink,NA,NA,NA,No,No,No,NA,63000,15750,Pink,White,2x1,NA,Nook's Cranny,"Available in Nook's Cranny (upgraded only), in the third unique furniture slot",1.0.0,bathroom,expensive,None,None,No,Bathtub,No,Does not play music,No lighting,For sale,FtrBathtubCabriole_Remake_4_0,4_0,1757,6cTZE43QdMv5xQbAe
mush table,Ordinary mushroom,Mushroom type,NA,NA,Yes,Yes,No,3,NFS,1520,Brown,Beige,2x2,NA,Crafting,,1.0.0,garden,None,mush,None,No,Table,Yes,Does not play music,No lighting,Not for sale,FtrMushroomTableL_Remake_0_0,0_0,808,RBrEghiDZo4GdNZAn
flashy-flower sign,Cute,NA,NA,NA,No,No,No,NA,1800,450,Red,White,1x1,NA,Nook's Cranny,"Available in Nook's Cranny (upgraded only), in the unique furniture slot",1.0.0,party,None,None,None,No,Shop,Yes,Does not play music,No lighting,For sale,FtrWreath_Remake_1_0,1_0,1243,SCXWsWzbce78LBsQw
outdoor generator,Orange,NA,NA,NA,No,No,No,NA,4900,1225,Black,Orange,1x1,NA,Nook's Cranny,"Available in all tiers of shops, including Timmy & Tommy before the shop is opened",1.0.0,outdoors,None,None,None,Yes,Outdoors Decor,Yes,Does not play music,No lighting,For sale,FtrOutdoorgenerator_Remake_4_0,4_0,7526,mWmxQzZJfRjSiJWXp
yucca,Black,NA,NA,NA,No,No,No,NA,2100,525,Black,Green,1x1,NA,Nook's Cranny,Available in Nook's Cranny (either upgrade tier) in the unique furniture slot,1.0.0,living room,None,None,None,No,Plants,No,Does not play music,No lighting,For sale,FtrPlantYucca_Remake_4_0,4_0,4132,S5Zaa6AusidKoMJ6y
floor seat,Black,NA,Peach,Cushion,No,No,Yes,1,730,182,Black,Pink,1x1,NA,Nook's Cranny,Available in Nook's Cranny (either upgrade tier) in the unique furniture slot,1.0.0,zen-style,child's room,None,None,Yes,Chair,No,Does not play music,No lighting,For sale,FtrFloorchair_Remake_3_2,3_2,3622,bC3jARDiDXiEkyX4C
illuminated present,Yellow with red ribbon,Light color,NA,NA,Yes,Yes,No,4,NFS,2950,Yellow,Red,1x1,NA,Crafting,,1.0.0,party,fancy,festive,None,Yes,Seasonal Decor,Yes,Does not play music,Fluorescent,Not for sale,FtrIllumiPresent_Remake_0_0,0_0,4108,njZ7bxchHssg5AfPh
effects rack,Blue,NA,None,Sticker area,No,No,Yes,3,6800,1700,Blue,Black,1x1,NA,Nook's Cranny,"Available in Nook's Cranny (upgraded only), in the unique furniture slot",1.0.0,concert,facility,None,None,No,Musical Instrument,No,Does not play music,No lighting,For sale,FtrEffectorrack_Remake_3_0,3_0,950,F3LxMkHLeorZiwtbN
OK Motors sign,NA,NA,NA,NA,No,No,No,NA,3000,750,Red,Blue,1x1,NA,Nook Shopping Promotion,"Link Nintendo Account to Pocket Camp, then redeem a 16-digit code on your Nintendo Switch",1.1.0,facility,None,None,None,Yes,Compass,No,Does not play music,Fluorescent,Not in catalog,FtrCompassSignOK,NA,12371,eaqPDaoDNSRvcmcX8
frozen arch,Ice,Illumination,NA,NA,Yes,Yes,No,7,NFS,9000,Light blue,Light blue,3x1,NA,Crafting,,1.0.0,freezing cold,None,frozen,None,No,Arch,Yes,Does not play music,No lighting,Not for sale,FtrIceGate_Remake_0_0,0_0,3499,fEo59F9PRqjurCQyp
loft bed with desk,Pink,NA,Yellow,Bedding,No,No,Yes,3,7700,1925,Pink,Yellow,2x1,NA,Nook's Cranny,"Available in Nook's Cranny (upgraded only), in the unique furniture slot",1.0.0,child's room,None,None,None,Yes,Desk,No,Does not play music,No lighting,For sale,FtrBeddesk_Remake_7_4,7_4,3621,9wfQqfT5Jdygx7hqo
stall,Dark brown,Variation,Colorful,Curtain,Yes,Yes,Yes,3,NFS,1440,Brown,Colorful,2x1,NA,Crafting,,1.0.0,shop,party,None,None,No,Shop,Yes,Does not play music,No lighting,Not for sale,FtrFloat_Remake_1_3,1_3,3617,2Ax23WtY6RKeFvf7u
wooden stool,Green,Paint color,Orange,Seat,Yes,Yes,Yes,2,NFS,480,Green,Orange,1x1,NA,Crafting,,1.0.0,child's room,living room,wooden,None,Yes,Chair,No,Does not play music,No lighting,Not for sale,FtrWoodenStoolS_Remake_5_1,5_1,3449,PtiGS3dDETJDjTzx2
astronaut suit,NA,NA,NA,NA,Yes,No,No,NA,NFS,6250,White,Black,1x1,NA,Crafting,,1.0.0,space,None,None,None,No,Space,Yes,Does not play music,No lighting,Not for sale,FtrSpacesuit,NA,1445,mBhzWedMXNB5HSrKa
loft bed with desk,Brown,NA,Light blue,Bedding,No,No,Yes,3,7700,1925,Red,Light blue,2x1,NA,Nook's Cranny,"Available in Nook's Cranny (upgraded only), in the unique furniture slot",1.0.0,child's room,None,None,None,Yes,Desk,No,Does not play music,No lighting,For sale,FtrBeddesk_Remake_1_2,1_2,3621,2wNeEqjTZeRWYsBfv
ironwood table,Old,Lumber type,NA,NA,Yes,Yes,No,7,NFS,5940,Brown,Black,2x2,NA,Crafting,,1.0.0,living room,None,ironwood,None,No,Table,No,Does not play music,No lighting,Not for sale,FtrIronwoodTableL_Remake_3_0,3_0,3191,2WjyByPY4EBeXcXx9
upright locker,White,NA,None,Sticker area,No,No,Yes,2,3700,925,White,White,1x1,NA,Nook's Cranny,Available in Nook's Cranny (either upgrade tier) in the unique furniture slot,1.0.0,school,facility,None,None,Wardrobe,Chest,No,Does not play music,No lighting,For sale,FtrLocker_Remake_1_0,1_0,833,fofPasrjf8Zdy39yX
floor light,Orange,NA,NA,NA,No,No,No,NA,2200,550,Orange,Orange,1x1,NA,Nook's Cranny,"Available in Nook's Cranny (upgraded only), in the unique furniture slot",1.0.0,facility,concert,None,None,Yes,Lamp,Yes,Does not play music,Spotlight,For sale,FtrGrandlight_Remake_1_0,1_0,7135,DnHBHGGjghcqphJ2C
log decorative shelves,White wood,Lumber type,Quilted,Mat,Yes,Yes,Yes,4,NFS,1560,Beige,Light blue,2x1,NA,Crafting,,1.0.0,garden,living room,log,None,No,Shelf,No,Does not play music,No lighting,Not for sale,FtrLogShelf_Remake_2_4,2_4,4036,sYFYuagAvpkZ5vjdL
antique bureau,Brown,NA,NA,NA,No,No,No,NA,20000,5000,Brown,Brown,1x1,NA,Nook's Cranny,"Available in Nook's Cranny (upgraded only), in the third unique furniture slot",1.0.0,living room,expensive,antique,None,Yes,Desk,No,Does not play music,No lighting,For sale,FtrAntiqueBureau_Remake_0_0,0_0,3956,eqP7Ro4PzjhZFGMaX
stall,Black,Variation,None,Curtain,Yes,Yes,Yes,3,NFS,1440,Black,Black,2x1,NA,Crafting,,1.0.0,shop,party,None,None,No,Shop,Yes,Does not play music,No lighting,Not for sale,FtrFloat_Remake_6_0,6_0,3617,HETELzhSP3ofcvJfq
floor lamp,White,NA,Yellow design,Lampshade,No,No,Yes,1,1400,350,White,Yellow,1x1,NA,Nook's Cranny,"Available in Nook's Cranny (upgraded only), in the unique furniture slot",1.0.0,living room,None,None,None,Yes,Lamp,No,Does not play music,Fluorescent,For sale,FtrLamp_Remake_2_4,2_4,2561,gG3gBF7Z3hCix7swG
diner dining table,Black,NA,NA,NA,No,No,No,NA,6400,1600,Gray,Black,2x2,NA,Nook's Cranny,"Available in Nook's Cranny (upgraded only), in the third unique furniture slot",1.0.0,shop,None,diner,None,No,Table,No,Does not play music,No lighting,For sale,FtrAmeretroTableM_Remake_6_0,6_0,4142,SbzFcQxFL9djyNuMm
scattered papers,NA,NA,Manuscript paper,Writing,Yes,No,Yes,2,NFS,400,White,Green,1.5x1.5,NA,Crafting,,1.0.0,den,office,None,None,Yes,Study,No,Does not play music,No lighting,Not for sale,FtrFloorpapers_Remake_0_1,0_1,4034,xRRJPt8PHudoKhdvD
electric guitar,Natural wood,NA,Familiar logo,Sticker area,No,No,Yes,7,71000,17750,Beige,Black,1x1,NA,Nook's Cranny,"Available in Nook's Cranny (upgraded only), in the third unique furniture slot",1.0.0,concert,None,None,None,Yes,Musical Instrument,No,Does not play music,No lighting,For sale,FtrElectricguitar2_Remake_1_1,1_1,1645,mmkWAbpccxJFfRpdH
hammock,White,NA,Hibiscus flowers,Cloth,No,No,Yes,1,1300,325,White,Light blue,2x1,NA,Nook's Cranny,"Available in all tiers of shops, including Timmy & Tommy before the shop is opened",1.0.0,outdoors,None,None,None,Yes,Bed,Yes,Does not play music,No lighting,For sale,FtrHammock_Remake_5_2,5_2,1620,MbtTKfwidKtA9jWvt
stall,Light brown,Variation,Waves,Curtain,Yes,Yes,Yes,3,NFS,1440,Yellow,Blue,2x1,NA,Crafting,,1.0.0,shop,party,None,None,No,Shop,Yes,Does not play music,No lighting,Not for sale,FtrFloat_Remake_2_4,2_4,3617,yFGryFEFiYZ3Bq4Ph
arcade combat game,NA,NA,NA,NA,No,No,No,NA,64000,16000,White,Blue,1x1,NA,Nook's Cranny,"Available in Nook's Cranny (upgraded only), in the third unique furniture slot",1.0.0,facility,shop,None,None,Yes,Toy,No,Does not play music,Monitor,For sale,FtrArcadegameShooting,NA,8226,f7tatK2cmYwskb5LS
cone,Yellow,NA,NA,NA,No,No,No,NA,630,157,Yellow,Yellow,1x1,NA,Nook's Cranny,Available in Nook's Cranny (either upgrade tier) in the unique furniture slot,1.0.0,facility,garage,None,None,No,Vehicle,Yes,Does not play music,No lighting,For sale,FtrPylon_Remake_2_0,2_0,146,nWhxKBPxDJg5GBWYK
wooden low table,Black,Paint color,NA,NA,Yes,Yes,No,2,NFS,1200,Black,Black,2x1,NA,Crafting,,1.0.0,child's room,living room,wooden,None,No,Table,No,Does not play music,No lighting,Not for sale,FtrWoodenTableM_Remake_4_0,4_0,7134,ZexWewgRhAQ3aAJa2
clothesline,NA,NA,White,Drying shirt,Yes,No,Yes,2,NFS,100,Brown,White,2x0.5,NA,Crafting,,1.0.0,garden,None,None,None,No,Supplies,Yes,Does not play music,No lighting,Not for sale,FtrClothesline_Remake_0_0,0_0,3229,oyCJQHBWZPnKHtJw3
changing room,Beige,NA,Black,Curtain,No,No,Yes,2,3700,925,Yellow,Black,1x1,NA,Nook's Cranny,"Available in Nook's Cranny (upgraded only), in the unique furniture slot",1.0.0,shop,facility,None,None,Wardrobe,Shop,No,Does not play music,No lighting,For sale,FtrFittingroom_Remake_1_2,1_2,1816,qHL9ohFPfgs4HZdrb
drum set,Rose pink,NA,White with logo,Bass drum head,No,No,Yes,2,5600,1400,Red,White,2x1,NA,Nook's Cranny,"Available in Nook's Cranny (upgraded only), in the unique furniture slot",1.0.0,concert,None,None,None,Yes,Musical Instrument,No,Does not play music,No lighting,For sale,FtrDrumSet_Remake_5_3,5_3,1803,62R7W4NcXLGHjjjsQ
effects rack,Orange,NA,None,Sticker area,No,No,Yes,3,6800,1700,Yellow,Black,1x1,NA,Nook's Cranny,"Available in Nook's Cranny (upgraded only), in the unique furniture slot",1.0.0,concert,facility,None,None,No,Musical Instrument,No,Does not play music,No lighting,For sale,FtrEffectorrack_Remake_2_0,2_0,950,ShdttCSdegF4wNHmo
beach towel,NA,NA,White,Towel,No,No,Yes,1,380,95,White,White,2x1,NA,Nook's Cranny,"Available in all tiers of shops, including Timmy & Tommy before the shop is opened",1.0.0,ocean,None,None,None,Yes,Bed,Yes,Does not play music,No lighting,For sale,FtrBeachtowel_Remake_0_6,0_6,3468,YqiWaHbEj5T3an3c3
bamboo shelf,Dried bamboo,Bamboo,NA,NA,Yes,Yes,No,4,NFS,2400,Yellow,Purple,2x1,NA,Crafting,,1.0.0,zen-style,None,bamboo,None,No,Shelf,No,Does not play music,No lighting,Not for sale,FtrBambooShelf_Remake_1_0,1_0,3551,6k44YK9g9LPcD6eNy
log chair,White birch,Lumber type,Southwestern flair,Cushion,Yes,No,Yes,3,NFS,960,White,Colorful,1x1,NA,Crafting,,1.0.0,garden,living room,log,None,Yes,Sofa,No,Does not play music,No lighting,Not for sale,FtrLogSofaS_Remake_3_1,3_1,4039,aXr2FmPM6xC9izLo7
effects rack,Black,NA,Chic logo,Sticker area,No,No,Yes,3,6800,1700,Black,White,1x1,NA,Nook's Cranny,"Available in Nook's Cranny (upgraded only), in the unique furniture slot",1.0.0,concert,facility,None,None,No,Musical Instrument,No,Does not play music,No lighting,For sale,FtrEffectorrack_Remake_0_2,0_2,950,JymBk4cHJEP3RST4B
table with cloth,NA,NA,Pink,Tablecloth,No,No,Yes,2,5100,1275,Pink,Pink,2x2,NA,Nook's Cranny,"Available in Nook's Cranny (upgraded only), in the third unique furniture slot",1.0.0,shop,party,None,None,No,Table,No,Does not play music,No lighting,For sale,FtrTableCloth_Remake_0_4,0_4,1779,FqmzWkA3k9FxXNW5f
den chair,Camel,NA,NA,NA,No,No,No,NA,8700,2175,Orange,Orange,1x1,NA,Nook's Cranny,"Available in Nook's Cranny (upgraded only), in the unique furniture slot",1.0.0,den,None,None,den,Yes,Chair,No,Does not play music,No lighting,For sale,FtrDrawingChair_Remake_2_0,2_0,3784,9Deo8xM6R66FpL3WL
popcorn machine,Pink,NA,NA,NA,No,No,No,NA,4900,1225,Pink,White,1x1,NA,Nook's Cranny,Available in Nook's Cranny (either upgrade tier) in the unique furniture slot,1.0.0,facility,party,None,None,Yes,Shop,Yes,Does not play music,No lighting,For sale,FtrPopcornmachine_Remake_2_0,2_0,1092,b3xaiBs8vcXKE63MK
wedding pipe organ,Dark brown,Body color,NA,NA,No,Yes,No,7,100000,25000,Brown,Yellow,2x1,NA,Wedding Season,,1.2.0,party,expensive,wedding,None,Yes,Musical Instrument,No,Does not play music,No lighting,Not for sale,FtrWeddingOrgan_Remake_1_0,1_0,12409,jomGHAT87csEz9eip
electric guitar,Sunburst,NA,None,Sticker area,No,No,Yes,7,71000,17750,Brown,Orange,1x1,NA,Nook's Cranny,"Available in Nook's Cranny (upgraded only), in the third unique furniture slot",1.0.0,concert,None,None,None,Yes,Musical Instrument,No,Does not play music,No lighting,For sale,FtrElectricguitar2_Remake_3_0,3_0,1645,jzdzQqmqtDYXfZee3
tool shelf,White,NA,NA,NA,No,No,No,NA,7300,1825,White,Colorful,2x1,NA,Nook's Cranny,Available in Nook's Cranny (either upgrade tier) in the unique furniture slot,1.0.0,garage,facility,None,None,No,Table,No,Does not play music,No lighting,For sale,FtrToolshelf_Remake_0_0,0_0,7525,qgPYiWxgbTaDuR7Q5
loft bed with desk,Natural,NA,Light blue,Bedding,No,No,Yes,3,7700,1925,Beige,Light blue,2x1,NA,Nook's Cranny,"Available in Nook's Cranny (upgraded only), in the unique furniture slot",1.0.0,child's room,None,None,None,Yes,Desk,No,Does not play music,No lighting,For sale,FtrBeddesk_Remake_0_2,0_2,3621,BHx8sg7DDbnvDETn5
wooden table,Black,Paint color,Blue,Tablecloth,Yes,Yes,Yes,4,NFS,1800,Black,Light blue,2x2,NA,Crafting,,1.0.0,child's room,living room,wooden,None,No,Table,No,Does not play music,No lighting,Not for sale,FtrWoodenTableL_Remake_4_3,4_3,3439,C3Xco6NkRu4pkaudR
upright locker,Red,NA,None,Sticker area,No,No,Yes,2,3700,925,Red,Red,1x1,NA,Nook's Cranny,Available in Nook's Cranny (either upgrade tier) in the unique furniture slot,1.0.0,school,facility,None,None,Wardrobe,Chest,No,Does not play music,No lighting,For sale,FtrLocker_Remake_3_0,3_0,833,N29boezj35uGWaYrj
log dining table,White birch,Lumber type,Geometric print,Placemats,Yes,No,Yes,4,NFS,1800,White,Colorful,2x2,NA,Crafting,,1.0.0,garden,living room,log,None,No,Table,No,Does not play music,No lighting,Not for sale,FtrLogTableL_Remake_3_2,3_2,4040,ZBtZNthRZHePDDCwm
paper lantern,Dark wood,NA,Fall,Paper,No,No,Yes,1,780,195,Brown,Orange,1x1,NA,Nook's Cranny,Available in Nook's Cranny (either upgrade tier) in the unique furniture slot,1.0.0,zen-style,None,None,None,Yes,Lamp,No,Does not play music,Candle,For sale,FtrLampJapan_Remake_1_3,1_3,725,BPdnM5xeFfP98PrJi
mush table,Yellow mushroom,Mushroom type,NA,NA,Yes,Yes,No,3,NFS,1520,Yellow,Beige,2x2,NA,Crafting,,1.0.0,garden,None,mush,None,No,Table,Yes,Does not play music,No lighting,Not for sale,FtrMushroomTableL_Remake_4_0,4_0,808,MFLc6Xhe8b8MRNjzS
cute tea table,Yellow,NA,NA,NA,No,No,No,NA,3000,750,Yellow,White,1x1,NA,Nook's Cranny,"Available in Nook's Cranny (upgraded only), in the unique furniture slot",1.0.0,fancy,None,cute,None,No,Table,No,Does not play music,No lighting,For sale,FtrCuteTableS_Remake_2_0,2_0,4000,PXHLJG2iXW5XzpYtK
garden bench,Green,Variation,NA,NA,Yes,Yes,No,6,NFS,4440,Brown,Green,2x1,NA,Crafting,,1.0.0,garden,None,None,None,Yes,Sofa,Yes,Does not play music,No lighting,Not for sale,FtrParkbenche_Remake_1_0,1_0,3509,FXhSNcnMTgXbhTAoZ
loft bed with desk,Blue,NA,White,Bedding,No,No,Yes,3,7700,1925,Blue,White,2x1,NA,Nook's Cranny,"Available in Nook's Cranny (upgraded only), in the unique furniture slot",1.0.0,child's room,None,None,None,Yes,Desk,No,Does not play music,No lighting,For sale,FtrBeddesk_Remake_4_0,4_0,3621,p4JfmPXp9NZm9NyHT
upright piano,Maple,NA,NA,NA,No,No,No,NA,53000,13250,Beige,White,2x1,NA,Nook's Cranny,"Available in Nook's Cranny (upgraded only), in the third unique furniture slot",1.0.0,music,expensive,None,None,Yes,Musical Instrument,No,Does not play music,No lighting,For sale,FtrPianoUpright_Remake_3_0,3_0,1081,CntzvorcRkjz3oYEf
public bench,Blue,NA,NA,NA,No,No,No,NA,NFS,10000,Light blue,Light blue,2x1,2000,Nook Miles Shop,,1.0.0,facility,None,None,None,Yes,Sofa,Yes,Does not play music,No lighting,Not for sale,FtrPublicbench_Remake_0_0,0_0,3346,PMuFJJccJiSCktxdC
effects rack,Blue,NA,Emblem logo,Sticker area,No,No,Yes,3,6800,1700,Blue,Green,1x1,NA,Nook's Cranny,"Available in Nook's Cranny (upgraded only), in the unique furniture slot",1.0.0,concert,facility,None,None,No,Musical Instrument,No,Does not play music,No lighting,For sale,FtrEffectorrack_Remake_3_4,3_4,950,DN8gofBsF2ufGshib
big festive tree,Pink,Design,NA,NA,Yes,Yes,No,5,NFS,3200,Pink,Pink,2x2,NA,Crafting,,1.0.0,party,fancy,festive,None,Yes,Seasonal Decor,Yes,Does not play music,No lighting,Not for sale,FtrTreeXmasL_Remake_3_0,3_0,3966,kpjG8RDrzbxzRYzNH
cypress plant,Brown,NA,NA,NA,No,No,No,NA,1000,250,Green,Brown,1x1,NA,Nook's Cranny,Available in Nook's Cranny (either upgrade tier) in the unique furniture slot,1.0.0,living room,None,None,None,No,Plants,Yes,Does not play music,No lighting,For sale,FtrPlantGoldcrest_Remake_0_0,0_0,1829,wSzi2xysZptpApt87
ironwood bed,Birch,Lumber type,Blue-gray,Bedding,Yes,Yes,Yes,8,NFS,9900,Beige,Light blue,2x1,NA,Crafting,,1.0.0,living room,None,ironwood,None,Yes,Bed,No,Does not play music,No lighting,Not for sale,FtrIronwoodBedS_Remake_0_1,0_1,3200,Nm9jb4sbPg2LnS75A
yucca,Blue,NA,NA,NA,No,No,No,NA,2100,525,Blue,Green,1x1,NA,Nook's Cranny,Available in Nook's Cranny (either upgrade tier) in the unique furniture slot,1.0.0,living room,None,None,None,No,Plants,No,Does not play music,No lighting,For sale,FtrPlantYucca_Remake_3_0,3_0,4132,Armyn3SB5x83qSTcX
effects rack,Red,NA,Rock logo,Sticker area,No,No,Yes,3,6800,1700,Red,Purple,1x1,NA,Nook's Cranny,"Available in Nook's Cranny (upgraded only), in the unique furniture slot",1.0.0,concert,facility,None,None,No,Musical Instrument,No,Does not play music,No lighting,For sale,FtrEffectorrack_Remake_4_3,4_3,950,mQz4GwHdWrGi4spro
manhole cover,Bronze,Cover design,NA,NA,Yes,Yes,No,3,NFS,2250,Brown,Brown,1x1,NA,Crafting,,1.0.0,garden,None,None,None,Yes,Vehicle,Yes,Does not play music,No lighting,Not for sale,FtrManhole_Remake_1_0,1_0,144,xxkEsQ2AYYXAjhqR9
Mama bear,Checkered,NA,None,Shirt,No,No,Yes,1,2300,575,Gray,White,1x1,NA,Nook's Cranny,Available in Nook's Cranny (either upgrade tier) in the unique furniture slot,1.0.0,fancy,child's room,None,bear,No,Animal,No,Does not play music,No lighting,For sale,FtrBearM_Remake_4_0,4_0,1500,CqkhDFNTSxzcENWJC
frozen counter,Ice purple,Illumination,NA,NA,Yes,Yes,No,7,NFS,7000,Purple,Purple,2x1,NA,Crafting,,1.0.0,freezing cold,None,frozen,None,No,Table,Yes,Does not play music,No lighting,Not for sale,FtrIceCounter_Remake_6_0,6_0,3505,wJHapZDDRET2rKkxw
cute wardrobe,Red,NA,NA,NA,No,No,No,NA,7300,1825,Red,White,1x1,NA,Nook's Cranny,"Available in Nook's Cranny (upgraded only), in the unique furniture slot",1.0.0,fancy,None,cute,None,Wardrobe,Chest,No,Does not play music,No lighting,For sale,FtrCuteClosetLR_Remake_3_0,3_0,3997,kT76B2eYgPGYqEvps
office desk,Beige & white,NA,NA,NA,No,No,No,NA,3600,900,Beige,White,2x1,NA,Nook's Cranny,"Available in Nook's Cranny (upgraded only), in the unique furniture slot",1.0.0,office,None,None,office,No,Desk,No,Does not play music,No lighting,For sale,FtrOfficeTable_Remake_1_0,1_0,840,LLbafqdLAfeWhjH6w
garden wagon,White,Paint color,NA,NA,Yes,Yes,No,5,NFS,3180,White,Colorful,2x1,NA,Crafting,,1.0.0,garden,fancy,flowers,None,No,Plants,Yes,Does not play music,No lighting,Not for sale,FtrGardenwagon_Remake_3_0,3_0,8419,HTF68MWtoAjMhKmuR
baby chair,Pink,NA,Strawberry,Cushion,No,No,Yes,1,1200,300,Pink,Colorful,1x1,NA,Nook's Cranny,Available in Nook's Cranny (either upgrade tier) in the unique furniture slot,1.0.0,child's room,None,None,None,Yes,Chair,No,Does not play music,No lighting,For sale,FtrBabychair_Remake_1_1,1_1,3305,kiYP9J9thzGkP2ZXQ
flower stand,Blue,Variation,NA,NA,Yes,Yes,No,4,NFS,2880,Blue,Green,1.5x1.5,NA,Crafting,,1.0.0,party,None,None,None,No,Plants,No,Does not play music,No lighting,Not for sale,FtrStandflower_Remake_5_0,5_0,7527,zzb9ZD2EGhJdhc3Kk
rock guitar,Coral pink,NA,Chic logo,Sticker area,No,No,Yes,2,3100,775,Pink,White,1x1,NA,Nook's Cranny,Available in Nook's Cranny (either upgrade tier) in the unique furniture slot,1.0.0,concert,None,None,None,Yes,Musical Instrument,No,Does not play music,No lighting,For sale,FtrElectricguitar1_Remake_1_2,1_2,1644,2jJ7kR2DYsNfiAhGb
rock guitar,Sunburst,NA,Cute logo,Sticker area,No,No,Yes,2,3100,775,Orange,Pink,1x1,NA,Nook's Cranny,Available in Nook's Cranny (either upgrade tier) in the unique furniture slot,1.0.0,concert,None,None,None,Yes,Musical Instrument,No,Does not play music,No lighting,For sale,FtrElectricguitar1_Remake_0_7,0_7,1644,MWaEsewN2nKHN2vY2
rattan vanity,Brown,NA,NA,NA,No,No,No,NA,5900,1475,Brown,Brown,1x1,NA,Nook's Cranny,"Available in Nook's Cranny (upgraded only), in the unique furniture slot",1.0.0,living room,None,rattan,None,Yes,Dresser,No,Does not play music,No lighting,For sale,FtrRattanDresser_Remake_0_0,0_0,4051,oWvWhRxkjPu3bWmPG
simple panel,Light brown,NA,Lined panel,Panel design,No,No,Yes,1,810,202,Beige,White,1x0.5,NA,Nook's Cranny,Available in Nook's Cranny (either upgrade tier) in the unique furniture slot,1.0.0,facility,None,None,None,No,Screen,No,Does not play music,No lighting,For sale,FtrScreenSimple_Remake_4_1,4_1,5338,qoZEMK5oqAwTmcH73
big festive tree,Gold,Design,NA,NA,Yes,Yes,No,5,NFS,3200,Green,Yellow,2x2,NA,Crafting,,1.0.0,party,fancy,festive,None,Yes,Seasonal Decor,Yes,Does not play music,No lighting,Not for sale,FtrTreeXmasL_Remake_4_0,4_0,3966,JhmgHWyoc78bjoLZ4
school chair,Gray & blue,NA,NA,NA,No,No,No,NA,980,245,Gray,Blue,1x1,NA,Nook's Cranny,Available in Nook's Cranny (either upgrade tier) in the unique furniture slot,1.0.0,school,None,None,school,Yes,Chair,No,Does not play music,No lighting,For sale,FtrSchoolChairS_Remake_4_0,4_0,1308,Tth3gQprmS3vcndBS
electric guitar,Dark red,NA,Handwritten logo,Sticker area,No,No,Yes,7,71000,17750,Red,Light blue,1x1,NA,Nook's Cranny,"Available in Nook's Cranny (upgraded only), in the third unique furniture slot",1.0.0,concert,None,None,None,Yes,Musical Instrument,No,Does not play music,No lighting,For sale,FtrElectricguitar2_Remake_0_5,0_5,1645,p4FJ82K4858NwGma5
standard umbrella stand,Silver,Body color,Red & white & blue,Favorite umbrella,Yes,Yes,Yes,4,NFS,2250,Gray,Colorful,1x1,NA,Crafting,,1.0.0,school,office,None,None,No,Supplies,No,Does not play music,No lighting,Not for sale,FtrUmbrellastand_Remake_2_3,2_3,3445,SgSNqP9884H4MqyXT
outdoor bench,Green,NA,Blue,Seat,No,No,Yes,1,1300,325,Green,Blue,2x1,NA,Nook's Cranny,Available in Nook's Cranny (either upgrade tier) in the unique furniture slot,1.0.0,outdoors,None,None,None,Yes,Sofa,Yes,Does not play music,No lighting,For sale,FtrOutdoorchairM_Remake_2_3,2_3,3947,bDni9g9iBJuWdJ6Cu
changing room,Black,NA,Red,Curtain,No,No,Yes,2,3700,925,Black,Red,1x1,NA,Nook's Cranny,"Available in Nook's Cranny (upgraded only), in the unique furniture slot",1.0.0,shop,facility,None,None,Wardrobe,Shop,No,Does not play music,No lighting,For sale,FtrFittingroom_Remake_4_5,4_5,1816,ojMJyxybGMKHfT3NL
handcart,Yellow,NA,NA,NA,No,No,No,NA,1900,475,Yellow,Brown,1x1,NA,Nook's Cranny,Available in Nook's Cranny (either upgrade tier) in the unique furniture slot,1.0.0,garden,None,None,None,No,Ranch,Yes,Does not play music,No lighting,For sale,FtrHandcart_Remake_3_0,3_0,7229,8oFHaTCySNNA4wW34
wooden low table,Light wood,Paint color,NA,NA,Yes,Yes,No,2,NFS,1200,Yellow,Yellow,2x1,NA,Crafting,,1.0.0,child's room,living room,wooden,None,No,Table,No,Does not play music,No lighting,Not for sale,FtrWoodenTableM_Remake_0_0,0_0,7134,5tuGu2ttrDCXaQr7u
stall,Black,Variation,Red stripes,Curtain,Yes,Yes,Yes,3,NFS,1440,Black,Red,2x1,NA,Crafting,,1.0.0,shop,party,None,None,No,Shop,Yes,Does not play music,No lighting,Not for sale,FtrFloat_Remake_6_2,6_2,3617,iepzRWs8CHKDNv69q
mush lamp,White mushroom,Mushroom type,NA,NA,Yes,Yes,No,3,NFS,1600,White,White,1x1,NA,Crafting,,1.0.0,garden,None,mush,None,Yes,Lamp,Yes,Does not play music,Fluorescent,Not for sale,FtrMushroomLamp_Remake_1_0,1_0,805,S3qFAPAvvgv4g3DRh
diner dining table,Red,NA,NA,NA,No,No,No,NA,6400,1600,Gray,Red,2x2,NA,Nook's Cranny,"Available in Nook's Cranny (upgraded only), in the third unique furniture slot",1.0.0,shop,None,diner,None,No,Table,No,Does not play music,No lighting,For sale,FtrAmeretroTableM_Remake_0_0,0_0,4142,d4Bu4LgPFZLPidrao
mini fridge,Red,NA,NA,NA,No,No,No,NA,1300,325,Red,Red,1x1,NA,Nook's Cranny,"Available in Nook's Cranny (upgraded only), in the unique furniture slot",1.0.0,facility,None,None,None,Wardrobe,Home Appliances,No,Does not play music,No lighting,For sale,FtrRefrigeratorMini_Remake_1_0,1_0,9766,hsxB5XdAPbvjWuW6b
digital scale,Red,NA,Wood,Design,No,No,Yes,1,930,232,Red,Yellow,1x1,NA,Nook's Cranny,Available in Nook's Cranny (either upgrade tier) in the unique furniture slot,1.0.0,bathroom,None,None,None,No,Bathroom Things,No,Does not play music,No lighting,For sale,FtrWeightscale_Remake_2_4,2_4,3307,xgYWbbw3NZS2oYkjj
barbell,White,Plate color,NA,NA,Yes,Yes,No,7,NFS,7500,White,Gray,2x1,NA,Crafting,,1.0.0,fitness,None,None,None,No,Sports,No,Does not play music,No lighting,Not for sale,FtrBarbell_Remake_1_0,1_0,4078,huZozQf8hjT2ADKjS
log decorative shelves,White wood,Lumber type,Southwestern flair,Mat,Yes,Yes,Yes,4,NFS,1560,Beige,Colorful,2x1,NA,Crafting,,1.0.0,garden,living room,log,None,No,Shelf,No,Does not play music,No lighting,Not for sale,FtrLogShelf_Remake_2_1,2_1,4036,GvtcJzgdFfSvYDsMW
digital scale,Yellow,NA,Wood,Design,No,No,Yes,1,930,232,Yellow,Yellow,1x1,NA,Nook's Cranny,Available in Nook's Cranny (either upgrade tier) in the unique furniture slot,1.0.0,bathroom,None,None,None,No,Bathroom Things,No,Does not play music,No lighting,For sale,FtrWeightscale_Remake_4_4,4_4,3307,3SQc2vm2LBrxzBrex
tire stack,Old,Tire color,NA,NA,Yes,Yes,No,1,NFS,60,Black,Beige,1x1,NA,Crafting,,1.0.0,garage,garden,None,None,No,Vehicle,Yes,Does not play music,No lighting,Not for sale,FtrTyres_Remake_3_0,3_0,1189,LTsgD87n7jDrChf8p
cute bed,Red,NA,NA,NA,No,No,No,NA,12000,3000,Red,Red,2x2,NA,Nook's Cranny,"Available in Nook's Cranny (upgraded only), in the third unique furniture slot",1.0.0,fancy,None,cute,None,Yes,Bed,No,Does not play music,No lighting,For sale,FtrCuteBedW_Remake_3_0,3_0,3624,yNZorpxoxW3c8YWSt
illuminated reindeer,White,Light color,NA,NA,Yes,Yes,No,6,NFS,4350,White,White,2x1,NA,Crafting,,1.0.0,party,fancy,festive,None,Yes,Seasonal Decor,Yes,Does not play music,Fluorescent,Not for sale,FtrIllumiReindeer_Remake_4_0,4_0,4074,hHBhm7xiSchK7cFsP
pet bed,Dark brown,NA,Floral,Cushion,No,No,Yes,1,1100,275,Brown,Green,1x1,NA,Nook's Cranny,Available in Nook's Cranny (either upgrade tier) in the unique furniture slot,1.0.0,living room,None,None,pet,Yes,Chair,No,Does not play music,No lighting,For sale,FtrPetBed_Remake_1_4,1_4,7802,bxB2EN7RvG85zebYs
effects rack,Pink,NA,Emblem logo,Sticker area,No,No,Yes,3,6800,1700,Pink,Green,1x1,NA,Nook's Cranny,"Available in Nook's Cranny (upgraded only), in the unique furniture slot",1.0.0,concert,facility,None,None,No,Musical Instrument,No,Does not play music,No lighting,For sale,FtrEffectorrack_Remake_5_4,5_4,950,D8xuxRJFZpGpC7Hg8
wheelchair,NA,NA,Colorful,Seat,No,No,Yes,1,2700,675,Black,Colorful,1x1,NA,Nook's Cranny,Available in Nook's Cranny (either upgrade tier) in the unique furniture slot,1.0.0,facility,None,None,None,Yes,Chair,No,Does not play music,No lighting,For sale,FtrWheelchair_Remake_0_4,0_4,3444,kZMT4WgiEzuDLpj2H
log garden lounge,Dark wood,Lumber type,Bears,Pillow,Yes,Yes,Yes,3,NFS,1440,Brown,Brown,2x1,NA,Crafting,,1.0.0,garden,None,log,None,Yes,Bed,Yes,Does not play music,No lighting,Not for sale,FtrLogBedS_Remake_0_3,0_3,4035,Gqec3S3xHK2ovLoPg
birdhouse,Blue,Paint color,NA,NA,Yes,Yes,No,2,NFS,840,Blue,Blue,1x1,NA,Crafting,,1.0.0,garden,None,None,None,No,Animal,Yes,Does not play music,No lighting,Not for sale,FtrBirdhouse_Remake_4_0,4_0,333,xGiYJCdMQEENXfuQa
den desk,Dark wood,NA,NA,NA,No,No,No,NA,10000,2500,Brown,Brown,2x1,NA,Nook's Cranny,"Available in Nook's Cranny (upgraded only), in the unique furniture slot",1.0.0,den,None,None,den,No,Desk,No,Does not play music,No lighting,For sale,FtrDrawingTable_Remake_0_0,0_0,3783,kmhga6uEKfSWKJF3X
rock guitar,Chic white,NA,Rock logo,Sticker area,No,No,Yes,2,3100,775,White,Purple,1x1,NA,Nook's Cranny,Available in Nook's Cranny (either upgrade tier) in the unique furniture slot,1.0.0,concert,None,None,None,Yes,Musical Instrument,No,Does not play music,No lighting,For sale,FtrElectricguitar1_Remake_6_3,6_3,1644,Q4RhA32HHk38Dj4wu
pansy table,Yellow,Flower color,NA,NA,Yes,Yes,No,2,NFS,760,Yellow,Green,1x1,NA,Crafting,,1.0.0,fancy,None,flowers,None,No,Table,No,Does not play music,No lighting,Not for sale,FtrFlowerTableS_Remake_0_0,0_0,7237,gpNCkuzcSeHYfDYyb
wooden double bed,White wood,Paint color,Pink,Bedding,Yes,Yes,Yes,6,NFS,3600,White,Pink,2x2,NA,Crafting,,1.0.0,child's room,living room,wooden,None,Yes,Bed,No,Does not play music,No lighting,Not for sale,FtrWoodenBedW_Remake_1_1,1_1,7132,bA23y9eYtE9MtktHM
simple panel,White,NA,Horizontal planks,Panel design,No,No,Yes,1,810,202,White,Brown,1x0.5,NA,Nook's Cranny,Available in Nook's Cranny (either upgrade tier) in the unique furniture slot,1.0.0,facility,None,None,None,No,Screen,No,Does not play music,No lighting,For sale,FtrScreenSimple_Remake_2_3,2_3,5338,wWpXQzfyhM7HpDytw
signpost,Shop,Navigation,NA,NA,Yes,Yes,No,1,NFS,600,Beige,Brown,1x1,NA,Crafting,,1.0.0,garden,None,None,None,No,Ranch,Yes,Does not play music,No lighting,Not for sale,FtrSignpost_Remake_5_0,5_0,3588,fWqbnxXmNz4cDHuDg
hose reel,Black,NA,NA,NA,No,No,No,NA,1400,350,Black,Gray,1x1,NA,Nook's Cranny,Available in Nook's Cranny (either upgrade tier) in the unique furniture slot,1.0.0,garden,None,None,None,No,Garden,Yes,Does not play music,No lighting,For sale,FtrHosereel_Remake_5_0,5_0,4113,ZSMXhoXqbSCfDoZBN
ironwood bed,Oak,NA,Navy,Bedding,Yes,No,Yes,8,NFS,9900,Brown,Black,2x1,NA,Crafting,,1.0.0,living room,None,ironwood,None,Yes,Bed,No,Does not play music,No lighting,Not for sale,FtrIronwoodBedS_Remake_4_0,4_0,3200,urAyZoLuwjNYYRQHn
throwback rocket,Red,NA,NA,NA,No,No,No,NA,5900,1475,Red,Blue,1x1,NA,Nook's Cranny,"Available in Nook's Cranny (upgraded only), in the unique furniture slot",1.0.0,child's room,space,throwback,None,Wardrobe,Chest,No,Does not play music,No lighting,For sale,FtrBoyClosetL_Remake_2_0,2_0,4761,Wffo6scGSmDqfsHnd
beach towel,NA,NA,Colorful,Towel,No,No,Yes,1,380,95,Yellow,Red,2x1,NA,Nook's Cranny,"Available in all tiers of shops, including Timmy & Tommy before the shop is opened",1.0.0,ocean,None,None,None,Yes,Bed,Yes,Does not play music,No lighting,For sale,FtrBeachtowel_Remake_0_2,0_2,3468,8F7bAmSWJYxnTrDvv
mush partition,Strange mushroom,Mushroom type,NA,NA,Yes,Yes,No,3,NFS,1800,Green,Green,2x1,NA,Crafting,,1.0.0,garden,None,mush,None,No,Screen,Yes,Does not play music,No lighting,Not for sale,FtrMushroomScreen_Remake_2_0,2_0,3806,nE3tfhFk9nDDZMXJf
mush low stool,Strange mushroom,Mushroom type,NA,NA,Yes,Yes,No,2,NFS,800,Brown,Brown,1x1,NA,Crafting,,1.0.0,garden,None,mush,None,Yes,Chair,Yes,Does not play music,No lighting,Not for sale,FtrMushroomChairS_Remake_2_0,2_0,4708,sbzdDLLHEBDuAeRFd
wooden simple bed,Black,Paint color,Orange,Bedding,Yes,Yes,Yes,4,NFS,2160,Black,Orange,2x1,NA,Crafting,,1.0.0,child's room,living room,wooden,None,Yes,Bed,No,Does not play music,No lighting,Not for sale,FtrWoodenBedS_Remake_4_0,4_0,2605,jNSAhuSChokywGTwp
effects rack,Blue,NA,Cute logo,Sticker area,No,No,Yes,3,6800,1700,Blue,Pink,1x1,NA,Nook's Cranny,"Available in Nook's Cranny (upgraded only), in the unique furniture slot",1.0.0,concert,facility,None,None,No,Musical Instrument,No,Does not play music,No lighting,For sale,FtrEffectorrack_Remake_3_7,3_7,950,bf7zShqvaAHkBgMyc
digital scale,White,NA,Wood,Design,No,No,Yes,1,930,232,White,Yellow,1x1,NA,Nook's Cranny,Available in Nook's Cranny (either upgrade tier) in the unique furniture slot,1.0.0,bathroom,None,None,None,No,Bathroom Things,No,Does not play music,No lighting,For sale,FtrWeightscale_Remake_0_4,0_4,3307,myGatkpAgZXCAQW7Y
hammock,Black,NA,Camouflage,Cloth,No,No,Yes,1,1300,325,Black,Green,2x1,NA,Nook's Cranny,"Available in all tiers of shops, including Timmy & Tommy before the shop is opened",1.0.0,outdoors,None,None,None,Yes,Bed,Yes,Does not play music,No lighting,For sale,FtrHammock_Remake_6_1,6_1,1620,neCtB3Pd2uBcvdmjz
floor lamp,Black,NA,Navy design,Lampshade,No,No,Yes,1,1400,350,Black,Blue,1x1,NA,Nook's Cranny,"Available in Nook's Cranny (upgraded only), in the unique furniture slot",1.0.0,living room,None,None,None,Yes,Lamp,No,Does not play music,Fluorescent,For sale,FtrLamp_Remake_3_7,3_7,2561,393s7Wpb5WbNZcDjG
giant teddy bear,Checkered,Fabric,None,Ribbon,Yes,Yes,Yes,8,NFS,6300,Purple,White,3x3,NA,Crafting,,1.0.0,fancy,child's room,None,bear,No,Animal,No,Does not play music,No lighting,Not for sale,FtrBearXL_Remake_4_0,4_0,1504,w2b8uajojuuoikgak
public bench,Green & orange,NA,NA,NA,No,No,No,NA,NFS,10000,Orange,Green,2x1,2000,Nook Miles Shop,,1.0.0,facility,None,None,None,Yes,Sofa,Yes,Does not play music,No lighting,Not for sale,FtrPublicbench_Remake_5_0,5_0,3346,Cky3b9pxKcbXEK8hw
wooden stool,Pink wood,Paint color,Orange,Seat,Yes,Yes,Yes,2,NFS,480,Pink,Orange,1x1,NA,Crafting,,1.0.0,child's room,living room,wooden,None,Yes,Chair,No,Does not play music,No lighting,Not for sale,FtrWoodenStoolS_Remake_7_1,7_1,3449,63DPPaKBRcSHNa2o4
jukebox,NA,NA,NA,NA,No,No,No,NA,5600,1400,Red,Gray,1x1,NA,Nook's Cranny,"Available in Nook's Cranny (upgraded only), in the unique furniture slot",1.0.0,shop,facility,diner,None,Yes,Audio,No,Retro,No lighting,For sale,FtrJukebox,NA,791,NdQCw7DtbKgj8P2jv
iron shelf,White,Body color,NA,NA,Yes,Yes,No,7,NFS,10500,White,Brown,2x1,NA,Crafting,,1.0.0,living room,None,iron,None,No,Shelf,No,Does not play music,No lighting,Not for sale,FtrIronShelf_Remake_1_0,1_0,3563,tiPpt6xywaMzT2GZw
wooden table,White wood,Paint color,Green,Tablecloth,Yes,Yes,Yes,4,NFS,1800,White,Green,2x2,NA,Crafting,,1.0.0,child's room,living room,wooden,None,No,Table,No,Does not play music,No lighting,Not for sale,FtrWoodenTableL_Remake_1_4,1_4,3439,An4xs75REhPtEX2Ht
DJ's turntable,Pink,NA,Familiar logo,Flag,No,No,Yes,4,9300,2325,Pink,Black,2x1,NA,Nook's Cranny,"Available in Nook's Cranny (upgraded only), in the unique furniture slot",1.0.0,party,concert,None,None,Yes,Musical Instrument,No,Hi-fi,No lighting,For sale,FtrDJbooth_Remake_3_1,3_1,941,xxNGAuDmbE5mS8Pvm
automatic washer,Black,NA,NA,NA,No,No,No,NA,4500,1125,Black,Black,1x1,NA,Nook's Cranny,"Available in Nook's Cranny (upgraded only), in the unique furniture slot",1.0.0,bathroom,None,None,None,Yes,Home Appliances,No,Does not play music,No lighting,For sale,FtrWashingmachine_Remake_5_0,5_0,2740,z8zJrXKQxbrLnXXLv
antique table,Black,NA,NA,NA,No,No,No,NA,25000,6250,Black,Black,2x2,NA,Nook's Cranny,"Available in Nook's Cranny (upgraded only), in the third unique furniture slot",1.0.0,living room,expensive,antique,None,No,Table,No,Does not play music,No lighting,For sale,FtrAntiqueTableL_Remake_2_0,2_0,3952,x2K5wv9K8qGXcmukB
tiny library,Natural,Paint color,NA,NA,Yes,Yes,No,2,NFS,1035,Orange,Orange,1x1,NA,Crafting,,1.0.0,garden,None,None,None,No,Garden,Yes,Does not play music,No lighting,Not for sale,FtrMicrolibrary_Remake_0_0,0_0,5635,zX3yGd3fm8sRWQofL
standard umbrella stand,Green,NA,Navy,Favorite umbrella,Yes,No,Yes,4,NFS,2250,Green,Blue,1x1,NA,Crafting,,1.0.0,school,office,None,None,No,Supplies,No,Does not play music,No lighting,Not for sale,FtrUmbrellastand_Remake_3_2,3_2,3445,pudATZe499JWWSqEX
wooden double bed,Green,Paint color,Blue,Bedding,Yes,Yes,Yes,6,NFS,3600,Green,Light blue,2x2,NA,Crafting,,1.0.0,child's room,living room,wooden,None,Yes,Bed,No,Does not play music,No lighting,Not for sale,FtrWoodenBedW_Remake_5_2,5_2,7132,kDXKXABcCroAFYxqT
Mama bear,Cream,NA,Red stripes,Shirt,No,No,Yes,1,2300,575,Pink,Red,1x1,NA,Nook's Cranny,Available in Nook's Cranny (either upgrade tier) in the unique furniture slot,1.0.0,fancy,child's room,None,bear,No,Animal,No,Does not play music,No lighting,For sale,FtrBearM_Remake_0_1,0_1,1500,an5eGHGb9SPtvHcv8
electric bass,Sunburst,NA,NA,NA,No,No,No,NA,82000,20500,Orange,Brown,1x1,NA,Nook's Cranny,"Available in Nook's Cranny (upgraded only), in the third unique furniture slot",1.0.0,concert,None,None,None,Yes,Musical Instrument,No,Does not play music,No lighting,For sale,FtrElectricbass_Remake_2_0,2_0,1804,2yBQSnPamWZ8GnXhy
outdoor table,White,NA,Light wood,Table,No,No,Yes,1,2200,550,Gray,Beige,2x1,NA,Nook's Cranny,Available in Nook's Cranny (either upgrade tier) in the unique furniture slot,1.0.0,outdoors,None,None,None,No,Table,Yes,Does not play music,No lighting,For sale,FtrOutdoortableM_Remake_0_5,0_5,3946,uAy9WDThvNEjnZP9s
grand Q. A. birdwing model,NA,NA,NA,NA,No,No,No,NA,NFS,12000,Black,Green,2x2,NA,Flick,Trade 3 insects to receive a model in the mail the next day,1.0.0,None,None,None,None,No,Insect,No,Does not play music,No lighting,Not for sale,FtrInsectArekisandoratoribaneagehaToy,NA,7051,MXZdPdt5uLgLC3o7w
wooden stool,Pink wood,Paint color,Pink,Seat,Yes,Yes,Yes,2,NFS,480,Pink,Pink,1x1,NA,Crafting,,1.0.0,child's room,living room,wooden,None,Yes,Chair,No,Does not play music,No lighting,Not for sale,FtrWoodenStoolS_Remake_7_2,7_2,3449,ek8AgmiQYvZyg4tKj
diner mini table,Black,NA,NA,NA,No,No,No,NA,1600,400,Gray,Black,1x1,NA,Nook's Cranny,"Available in Nook's Cranny (upgraded only), in the unique furniture slot",1.0.0,shop,None,diner,None,No,Table,No,Does not play music,No lighting,For sale,FtrAmeretroTableS_Remake_6_0,6_0,4441,FMWenFWZcY3wM5MFC
effects rack,Red,NA,Handwritten logo,Sticker area,No,No,Yes,3,6800,1700,Red,Light blue,1x1,NA,Nook's Cranny,"Available in Nook's Cranny (upgraded only), in the unique furniture slot",1.0.0,concert,facility,None,None,No,Musical Instrument,No,Does not play music,No lighting,For sale,FtrEffectorrack_Remake_4_5,4_5,950,Panq2r8DmHHJ2WKu7
fireplace,Dark brown,NA,NA,NA,No,No,No,NA,5900,1475,Brown,Brown,2x1,NA,Nook's Cranny,Available in Nook's Cranny (either upgrade tier) in the unique furniture slot,1.0.0,living room,expensive,None,None,Yes,Fireplace,No,Does not play music,No lighting,For sale,FtrFireplace_Remake_1_0,1_0,742,fBiTXxx9XbwmtZx6w
pagoda,Natural wood,Variation,NA,NA,No,Yes,No,3,NFS,2030,Orange,Brown,1.5x1.5,NA,Gulliver,,1.0.0,folk art,zen-style,None,None,No,Japanese Style,Yes,Does not play music,No lighting,Not for sale,FtrGojyu_Remake_1_0,1_0,688,N8Azh7y8YtwScjjx3
wooden table,Light wood,Paint color,Pink,Tablecloth,Yes,Yes,Yes,4,NFS,1800,Beige,Pink,2x2,NA,Crafting,,1.0.0,child's room,living room,wooden,None,No,Table,No,Does not play music,No lighting,Not for sale,FtrWoodenTableL_Remake_0_2,0_2,3439,qHADXu4DtGqNow9gp
stall,Dark brown,Variation,Waves,Curtain,Yes,Yes,Yes,3,NFS,1440,Brown,Blue,2x1,NA,Crafting,,1.0.0,shop,party,None,None,No,Shop,Yes,Does not play music,No lighting,Not for sale,FtrFloat_Remake_1_4,1_4,3617,fJ3KfvMT8zMYyXPBt
rock guitar,Fire red,NA,Chic logo,Sticker area,No,No,Yes,2,3100,775,Red,White,1x1,NA,Nook's Cranny,Available in Nook's Cranny (either upgrade tier) in the unique furniture slot,1.0.0,concert,None,None,None,Yes,Musical Instrument,No,Does not play music,No lighting,For sale,FtrElectricguitar1_Remake_3_2,3_2,1644,249soj7oak3Z5uvyP
outdoor bench,Green,NA,Orange,Seat,No,No,Yes,1,1300,325,Green,Orange,2x1,NA,Nook's Cranny,Available in Nook's Cranny (either upgrade tier) in the unique furniture slot,1.0.0,outdoors,None,None,None,Yes,Sofa,Yes,Does not play music,No lighting,For sale,FtrOutdoorchairM_Remake_2_4,2_4,3947,NirxcGZteh88MkteZ
electric guitar,Sunburst,NA,Handwritten logo,Sticker area,No,No,Yes,7,71000,17750,Brown,Light blue,1x1,NA,Nook's Cranny,"Available in Nook's Cranny (upgraded only), in the third unique furniture slot",1.0.0,concert,None,None,None,Yes,Musical Instrument,No,Does not play music,No lighting,For sale,FtrElectricguitar2_Remake_3_5,3_5,1645,wo2tZPeACHMDydgSH
Papa bear,Caramel mocha,NA,None,Ribbon,No,No,Yes,3,8500,2125,Beige,Beige,2x2,NA,Nook's Cranny,"Available in Nook's Cranny (upgraded only), in the third unique furniture slot",1.0.0,fancy,child's room,None,bear,No,Animal,No,Does not play music,No lighting,For sale,FtrBearL_Remake_1_0,1_0,1499,6xpm6mwoxXuy5wJX9
pansy table,White,Flower color,NA,NA,Yes,Yes,No,2,NFS,760,White,Green,1x1,NA,Crafting,,1.0.0,fancy,None,flowers,None,No,Table,No,Does not play music,No lighting,Not for sale,FtrFlowerTableS_Remake_2_0,2_0,7237,CH8sxzjkjSn7ugJWu
iron garden chair,Brown,Body color,NA,NA,Yes,Yes,No,3,NFS,2250,Brown,Brown,1x1,NA,Crafting,,1.0.0,garden,None,iron,None,Yes,Chair,Yes,Does not play music,No lighting,Not for sale,FtrIrongardenChair_Remake_2_0,2_0,1626,uzri2FZPKW5W6uMwc
poolside bed,Light brown,NA,Black,Bed mat,No,No,Yes,2,3400,850,Beige,Black,2x1,NA,Nook's Cranny,"Available in Nook's Cranny (upgraded only), in the unique furniture slot",1.0.0,ocean,expensive,None,None,Yes,Bed,Yes,Does not play music,No lighting,For sale,FtrPoolsidebed_Remake_0_1,0_1,4102,t3dTdANHZ3Ewj5PRZ
wild log bench,White wood,Lumber type,NA,NA,Yes,Yes,No,2,NFS,960,Beige,Beige,2x1,NA,Crafting,,1.0.0,garden,None,log,None,Yes,Chair,Yes,Does not play music,No lighting,Not for sale,FtrWoodBench_Remake_2_0,2_0,5972,EHc9AbLNkK4AeJZap
round space heater,Light blue,NA,NA,NA,No,No,No,NA,2700,675,Light blue,Light blue,1x1,NA,Nook's Cranny,Season sale item,1.0.0,living room,school,None,None,Yes,Heating,No,Does not play music,No lighting,For sale,FtrStoveRound_Remake_5_0,5_0,2771,BYDjFzJumBZZzGET7
illuminated tree,Pink,Light color,NA,NA,Yes,Yes,No,7,NFS,6700,Pink,Pink,2x2,NA,Crafting,,1.0.0,party,fancy,festive,None,Yes,Seasonal Decor,Yes,Does not play music,Fluorescent,Not for sale,FtrIllumiTree_Remake_1_0,1_0,4066,DKhrZexDjRWiBf25M
snack machine,Silver,NA,NA,NA,No,No,No,NA,NFS,10000,Gray,Colorful,2x1,2000,Nook Miles Shop,,1.0.0,facility,shop,None,None,Yes,Facility Decor,Yes,Does not play music,Monitor,Not for sale,FtrFoodmachine_Remake_3_0,3_0,971,6q5rC5XkAwDYDtEAY
shell bed,Purple,Shell color,NA,NA,Yes,Yes,No,7,NFS,10200,Purple,Purple,2x2,NA,Crafting,,1.0.0,ocean,expensive,shell,None,Yes,Bed,Yes,Does not play music,No lighting,Not for sale,FtrShellBedW_Remake_4_0,4_0,3983,J3pFmsQATYKiBBYmu
imperial bed,Red,NA,NA,NA,No,No,No,NA,23000,5750,Red,Red,2x2,NA,Nook's Cranny,"Available in Nook's Cranny (upgraded only), in the third unique furniture slot",1.0.0,zen-style,None,zen,None,Yes,Bed,No,Does not play music,No lighting,For sale,FtrOrientalBedW_Remake_0_0,0_0,3973,GdhBEJLzHkNahttqL
wooden double bed,White wood,Paint color,Blue,Bedding,Yes,Yes,Yes,6,NFS,3600,White,Light blue,2x2,NA,Crafting,,1.0.0,child's room,living room,wooden,None,Yes,Bed,No,Does not play music,No lighting,Not for sale,FtrWoodenBedW_Remake_1_2,1_2,7132,TugBAPPZx3LYW4J6W
diner counter table,Yellow,NA,NA,NA,No,No,No,NA,6000,1500,Yellow,Gray,2x1,NA,Nook's Cranny,"Available in Nook's Cranny (upgraded only), in the unique furniture slot",1.0.0,shop,None,diner,None,No,Table,No,Does not play music,No lighting,For sale,FtrAmeretroCounter_Remake_2_0,2_0,4139,Dse9e7YEtrCxGczzh
kitty litter box,Green,NA,NA,NA,No,No,No,NA,1100,275,Green,Red,1x1,NA,Nook's Cranny,Available in Nook's Cranny (either upgrade tier) in the unique furniture slot,1.0.0,living room,None,None,pet,No,Bathroom Things,No,Does not play music,No lighting,For sale,FtrPetWC_Remake_2_0,2_0,7803,tbXfj7e4N6723mujP
drum set,Natural wood,NA,Black with logo,Bass drum head,No,No,Yes,2,5600,1400,Brown,Black,2x1,NA,Nook's Cranny,"Available in Nook's Cranny (upgraded only), in the unique furniture slot",1.0.0,concert,None,None,None,Yes,Musical Instrument,No,Does not play music,No lighting,For sale,FtrDrumSet_Remake_3_2,3_2,1803,9CeQ4euhbw5sMSxBJ
frozen bed,Ice pink,Illumination,Gray,Bedding,Yes,Yes,Yes,8,NFS,9000,Pink,Gray,2x2,NA,Crafting,,1.0.0,freezing cold,None,frozen,None,Yes,Bed,Yes,Does not play music,No lighting,Not for sale,FtrIceBedW_Remake_2_2,2_2,3502,n5ohsgCPGdSFYqh6e
oil-barrel bathtub,No coating,Barrel color,NA,NA,Yes,Yes,No,1,NFS,655,Gray,Gray,1x1,NA,Crafting,,1.0.0,bathroom,None,None,None,Yes,Bathtub,Yes,Does not play music,No lighting,Not for sale,FtrDrumcanbath_Remake_0_0,0_0,3819,qnjMemeagnDAnp2dM
mini DIY workbench,Gray,Paint color,NA,NA,Yes,Yes,No,4,NFS,2580,Gray,White,1x1,NA,Crafting,,1.0.0,garage,None,None,None,Workbench,Work Bench,No,Does not play music,No lighting,Not for sale,FtrWorkbenchS_Remake_3_0,3_0,3122,4zzpDFWehtzhkGQtj
outdoor table,Blue,NA,Light wood,Table,No,No,Yes,1,2200,550,Blue,Beige,2x1,NA,Nook's Cranny,Available in Nook's Cranny (either upgrade tier) in the unique furniture slot,1.0.0,outdoors,None,None,None,No,Table,Yes,Does not play music,No lighting,For sale,FtrOutdoortableM_Remake_3_5,3_5,3946,JsrBXudcHNs52fyAN
wooden stool,Blue,Paint color,Orange,Seat,Yes,Yes,Yes,2,NFS,480,Blue,Orange,1x1,NA,Crafting,,1.0.0,child's room,living room,wooden,None,Yes,Chair,No,Does not play music,No lighting,Not for sale,FtrWoodenStoolS_Remake_6_1,6_1,3449,owwjeTL8XGu5pbonE
simple panel,Brown,NA,Gold,Panel design,No,No,Yes,1,810,202,Orange,Yellow,1x0.5,NA,Nook's Cranny,Available in Nook's Cranny (either upgrade tier) in the unique furniture slot,1.0.0,facility,None,None,None,No,Screen,No,Does not play music,No lighting,For sale,FtrScreenSimple_Remake_3_7,3_7,5338,t2T74xbzg32ef8nZG
tall lantern,Mossy,Stone,NA,NA,Yes,Yes,No,4,NFS,2700,Gray,Green,1x1,NA,Crafting,,1.0.0,zen-style,None,None,None,Yes,Japanese Style,Yes,Does not play music,Candle,Not for sale,FtrStonelantern_Remake_2_0,2_0,676,dj4CYN2zRgJguKyfC
baby chair,Black,NA,Paw print,Cushion,No,No,Yes,1,1200,300,Black,Colorful,1x1,NA,Nook's Cranny,Available in Nook's Cranny (either upgrade tier) in the unique furniture slot,1.0.0,child's room,None,None,None,Yes,Chair,No,Does not play music,No lighting,For sale,FtrBabychair_Remake_6_4,6_4,3305,wfyDHz4qnjgSATJ6A
frozen arch,Ice blue,Illumination,NA,NA,Yes,Yes,No,7,NFS,9000,Blue,Blue,3x1,NA,Crafting,,1.0.0,freezing cold,None,frozen,None,No,Arch,Yes,Does not play music,No lighting,Not for sale,FtrIceGate_Remake_1_0,1_0,3499,PXB3txZpFZe5ZxDLE
wooden mini table,Cherry wood,Paint color,Orange,Tablecloth,Yes,Yes,Yes,2,NFS,720,Orange,Orange,1x1,NA,Crafting,,1.0.0,child's room,living room,wooden,None,No,Table,No,Does not play music,No lighting,Not for sale,FtrWoodenTableMini_Remake_2_1,2_1,7133,H2m8QD3o5BBND4vyG
cat tower,White,NA,NA,NA,No,No,No,NA,3000,750,White,Beige,1x1,NA,Nook's Cranny,Available in Nook's Cranny (either upgrade tier) in the unique furniture slot,1.0.0,living room,None,None,None,Yes,Animal,No,Does not play music,No lighting,For sale,FtrCattower_Remake_5_0,5_0,896,CFXFDntJPQSSipxWk
folding chair,Green,NA,NA,NA,No,No,No,NA,920,230,Green,Gray,1x1,NA,Nook's Cranny,Available in Nook's Cranny (either upgrade tier) in the unique furniture slot,1.0.0,facility,None,None,None,Yes,Chair,No,Does not play music,No lighting,For sale,FtrPipechair_Remake_1_0,1_0,7529,zLxXdii2GoDbajqBS
rose bed,Black,Flower color,NA,NA,Yes,Yes,No,2,NFS,1400,Black,Green,2x2,NA,Crafting,,1.0.0,fancy,None,flowers,None,Yes,Bed,No,Does not play music,No lighting,Not for sale,FtrFlowerBedW_Remake_2_0,2_0,7235,5Gx4nQmQWhXauTzgk
vintage TV tray,Copper,NA,Natural wood,Tray,No,No,Yes,1,1200,300,Brown,Brown,1x1,NA,Nook's Cranny,Available in Nook's Cranny (either upgrade tier) in the unique furniture slot,1.0.0,living room,None,None,None,No,Table,No,Does not play music,No lighting,For sale,FtrTVtray_Remake_2_3,2_3,4445,AqnsTP7ytT6DdY5F4
electric guitar,Cherry,NA,Pop logo,Sticker area,No,No,Yes,7,71000,17750,Red,Colorful,1x1,NA,Nook's Cranny,"Available in Nook's Cranny (upgraded only), in the third unique furniture slot",1.0.0,concert,None,None,None,Yes,Musical Instrument,No,Does not play music,No lighting,For sale,FtrElectricguitar2_Remake_2_6,2_6,1645,FGuBwkAbegb2Bu5rS
wooden wardrobe,Black,Paint color,NA,NA,Yes,Yes,No,2,NFS,1440,Black,Black,1x1,NA,Crafting,,1.0.0,child's room,living room,wooden,None,Wardrobe,Chest,No,Does not play music,No lighting,Not for sale,FtrWoodenCloset_Remake_4_0,4_0,3436,ib2YWDBbZhKbqPHDF
director's chair,White,NA,Natural white,Fabric,No,No,Yes,1,1600,400,White,White,1x1,NA,Nook's Cranny,"Available in all tiers of shops, including Timmy & Tommy before the shop is opened",1.0.0,outdoors,None,None,None,Yes,Chair,Yes,Does not play music,No lighting,For sale,FtrDirectorchair_Remake_2_0,2_0,2020,7d3N2ZzCuzqZmqvGS
DJ's turntable,White,NA,Familiar logo,Flag,No,No,Yes,4,9300,2325,White,Black,2x1,NA,Nook's Cranny,"Available in Nook's Cranny (upgraded only), in the unique furniture slot",1.0.0,party,concert,None,None,Yes,Musical Instrument,No,Hi-fi,No lighting,For sale,FtrDJbooth_Remake_1_1,1_1,941,bs8nSEeWWnifdCLv5
garden wagon,Dark brown,Paint color,NA,NA,Yes,Yes,No,5,NFS,3180,Brown,Colorful,2x1,NA,Crafting,,1.0.0,garden,fancy,flowers,None,No,Plants,Yes,Does not play music,No lighting,Not for sale,FtrGardenwagon_Remake_1_0,1_0,8419,EmLGZZJmmX3HrLYGB
modern office chair,Light blue,NA,NA,NA,No,No,No,NA,2200,550,Light blue,Gray,1x1,NA,Nook's Cranny,"Available in Nook's Cranny (upgraded only), in the unique furniture slot",1.0.0,office,None,None,office,Yes,Chair,No,Does not play music,No lighting,For sale,FtrOfficeChair_Remake_4_0,4_0,832,jHQak4ShoPnHchiNq
frozen chair,Ice yellow,Illumination,NA,NA,Yes,Yes,No,7,NFS,6200,Yellow,Yellow,1x1,NA,Crafting,,1.0.0,freezing cold,None,frozen,None,Yes,Chair,Yes,Does not play music,No lighting,Not for sale,FtrIceChairS_Remake_3_0,3_0,3503,y24iD35piYLnDCKwt
elephant slide,Gray,NA,NA,NA,No,No,No,NA,4200,1050,Gray,Pink,2x1,NA,Nook's Cranny,Available in Nook's Cranny (either upgrade tier) in the unique furniture slot,1.0.0,garden,child's room,None,None,No,Playground,No,Does not play music,No lighting,For sale,FtrSlideelephant_Remake_6_0,6_0,86,dwxSo5AKhriXk9ibA
tiny library,Cool,Paint color,NA,NA,Yes,Yes,No,2,NFS,1035,Black,Green,1x1,NA,Crafting,,1.0.0,garden,None,None,None,No,Garden,Yes,Does not play music,No lighting,Not for sale,FtrMicrolibrary_Remake_3_0,3_0,5635,obM5Zg5qQucZTJKba
outdoor generator,Red,NA,NA,NA,No,No,No,NA,4900,1225,Red,Gray,1x1,NA,Nook's Cranny,"Available in all tiers of shops, including Timmy & Tommy before the shop is opened",1.0.0,outdoors,None,None,None,Yes,Outdoors Decor,Yes,Does not play music,No lighting,For sale,FtrOutdoorgenerator_Remake_0_0,0_0,7526,AE4mNC4ZFm3ujoeww
diner chair,Pink,NA,NA,NA,No,No,No,NA,1600,400,Pink,White,1x1,NA,Nook's Cranny,"Available in Nook's Cranny (upgraded only), in the unique furniture slot",1.0.0,shop,None,diner,None,Yes,Chair,No,Does not play music,No lighting,For sale,FtrAmeretroChairS_Remake_4_0,4_0,4137,etH6kyvNhSox7ykbi
swinging bench,Dark wood,Lumber type,NA,NA,Yes,Yes,No,2,NFS,1440,Brown,Brown,2x1,NA,Crafting,,1.0.0,garden,None,None,None,Yes,Sofa,Yes,Does not play music,No lighting,Not for sale,FtrSwingWood_Remake_4_0,4_0,1170,8jrgFCWbdiJHKT2Tq
wooden mini table,Cherry wood,Paint color,Blue,Tablecloth,Yes,Yes,Yes,2,NFS,720,Orange,Blue,1x1,NA,Crafting,,1.0.0,child's room,living room,wooden,None,No,Table,No,Does not play music,No lighting,Not for sale,FtrWoodenTableMini_Remake_2_3,2_3,7133,Qhp5PSoBJHkj6dYbW
plain wooden shop sign,White,Sign,Wanted,Flier,Yes,Yes,Yes,2,NFS,720,White,Brown,1x1,NA,Crafting,,1.0.0,garden,None,None,None,No,Vehicle,Yes,Does not play music,No lighting,Not for sale,FtrSignWood_Remake_1_1,1_1,3692,ttPWgmHuWJEd2RbCA
apple chair,Green apple,Fruit type,NA,NA,Yes,Yes,No,4,NFS,2480,Green,Yellow,1x1,NA,Crafting,,1.0.0,fancy,None,fruits,apple,Yes,Chair,No,Does not play music,No lighting,Not for sale,FtrFruitsChairApple_Remake_1_0,1_0,4134,rjPaqoEyZ2FHDjbkn
outdoor table,Black,NA,Light wood,Table,No,No,Yes,1,2200,550,Black,Beige,2x1,NA,Nook's Cranny,Available in Nook's Cranny (either upgrade tier) in the unique furniture slot,1.0.0,outdoors,None,None,None,No,Table,Yes,Does not play music,No lighting,For sale,FtrOutdoortableM_Remake_1_5,1_5,3946,NzDEXjudspcNB2pRq
Mrs. Flamingo,Natural,NA,NA,NA,No,No,No,NA,3000,750,Pink,Pink,1x1,NA,Nook's Cranny,Available in Nook's Cranny (either upgrade tier) in the unique furniture slot,1.0.0,garden,fancy,None,None,No,Animal,Yes,Does not play music,No lighting,For sale,FtrFlamingoFemale_Remake_0_0,0_0,336,ngYxzsgzeE7yb6wGa
refrigerator,Pink,NA,Fruits,Sticker area,No,No,Yes,2,5100,1275,Pink,Green,1x1,NA,Nook's Cranny,"Available in Nook's Cranny (upgraded only), in the unique furniture slot",1.0.0,kitchen,shop,None,None,Wardrobe,Home Appliances,No,Does not play music,No lighting,For sale,FtrRefrigerator_Remake_2_3,2_3,2713,zxaCJuTYBD5f7RJTC
neutral corner,NA,NA,Yellow,Ring curtain,No,No,Yes,3,6100,1525,White,Yellow,2x2,NA,Nook's Cranny,"Available in Nook's Cranny (upgraded only), in the third unique furniture slot",1.0.0,fitness,None,None,sports ring,Yes,Sports,No,Does not play music,No lighting,For sale,FtrRingcornerNeutral_Remake_0_4,0_4,7152,TXbNqQZrvPhG76rYo
cute bed,White,NA,NA,NA,No,No,No,NA,12000,3000,White,Pink,2x2,NA,Nook's Cranny,"Available in Nook's Cranny (upgraded only), in the third unique furniture slot",1.0.0,fancy,None,cute,None,Yes,Bed,No,Does not play music,No lighting,For sale,FtrCuteBedW_Remake_0_0,0_0,3624,T8S2qTcQ28PdMLM6v
wooden mini table,Dark wood,Paint color,None,Tablecloth,Yes,Yes,Yes,2,NFS,720,Brown,Brown,1x1,NA,Crafting,,1.0.0,child's room,living room,wooden,None,No,Table,No,Does not play music,No lighting,Not for sale,FtrWoodenTableMini_Remake_3_0,3_0,7133,Wo6dByhNP45Gmquye
long bathtub,Light blue,NA,NA,NA,No,No,No,NA,7800,1950,Light blue,White,2x1,NA,Nook's Cranny,"Available in Nook's Cranny (upgraded only), in the unique furniture slot",1.0.0,bathroom,None,None,None,Yes,Bathtub,No,Does not play music,No lighting,For sale,FtrBathtub_Remake_4_0,4_0,4080,B5qb4SJHTHfmeF5fw
den desk,Natural wood,NA,NA,NA,No,No,No,NA,10000,2500,Beige,Beige,2x1,NA,Nook's Cranny,"Available in Nook's Cranny (upgraded only), in the unique furniture slot",1.0.0,den,None,None,den,No,Desk,No,Does not play music,No lighting,For sale,FtrDrawingTable_Remake_3_0,3_0,3783,yb89cGYFQDaxpNHMn
floor lamp,Natural,NA,Navy design,Lampshade,No,No,Yes,1,1400,350,Beige,Blue,1x1,NA,Nook's Cranny,"Available in Nook's Cranny (upgraded only), in the unique furniture slot",1.0.0,living room,None,None,None,Yes,Lamp,No,Does not play music,Fluorescent,For sale,FtrLamp_Remake_0_7,0_7,2561,wgDkJHPc7bg36vQsP
rock guitar,Natural wood,NA,Emblem logo,Sticker area,No,No,Yes,2,3100,775,Beige,Green,1x1,NA,Nook's Cranny,Available in Nook's Cranny (either upgrade tier) in the unique furniture slot,1.0.0,concert,None,None,None,Yes,Musical Instrument,No,Does not play music,No lighting,For sale,FtrElectricguitar1_Remake_5_4,5_4,1644,oPR8TGqEK3E4baC8q
floor seat,Black,NA,Pale grass green,Cushion,No,No,Yes,1,730,182,Black,Green,1x1,NA,Nook's Cranny,Available in Nook's Cranny (either upgrade tier) in the unique furniture slot,1.0.0,zen-style,child's room,None,None,Yes,Chair,No,Does not play music,No lighting,For sale,FtrFloorchair_Remake_3_0,3_0,3622,fuy7uYsthuoTM52to
modern office chair,Pink,NA,NA,NA,No,No,No,NA,2200,550,Pink,Gray,1x1,NA,Nook's Cranny,"Available in Nook's Cranny (upgraded only), in the unique furniture slot",1.0.0,office,None,None,office,Yes,Chair,No,Does not play music,No lighting,For sale,FtrOfficeChair_Remake_5_0,5_0,832,LHnMMwJ2NZw6DCLwS
western-style stone,Brown,Stone,NA,NA,Yes,Yes,No,6,NFS,4500,Brown,Yellow,2x1,NA,Crafting,,1.0.0,garden,horror,None,None,No,Garden,Yes,Does not play music,No lighting,Not for sale,FtrGravestoneEuropean_Remake_3_0,3_0,3446,9RDskMcftcbkBytXD
refrigerator,Silver,NA,Fruits,Sticker area,No,No,Yes,2,5100,1275,Gray,Green,1x1,NA,Nook's Cranny,"Available in Nook's Cranny (upgraded only), in the unique furniture slot",1.0.0,kitchen,shop,None,None,Wardrobe,Home Appliances,No,Does not play music,No lighting,For sale,FtrRefrigerator_Remake_7_3,7_3,2713,xKsrQDdy4rHAGsJu4
log round table,White wood,Lumber type,None,Tablecloth,Yes,Yes,Yes,4,NFS,1800,Beige,Beige,2x2,NA,Crafting,,1.0.0,garden,living room,log,None,No,Table,Yes,Does not play music,No lighting,Not for sale,FtrLogTableLRound_Remake_2_0,2_0,4043,jk78fwGipvtzMNgCg
automatic washer,Pink,NA,NA,NA,No,No,No,NA,4500,1125,Red,White,1x1,NA,Nook's Cranny,"Available in Nook's Cranny (upgraded only), in the unique furniture slot",1.0.0,bathroom,None,None,None,Yes,Home Appliances,No,Does not play music,No lighting,For sale,FtrWashingmachine_Remake_1_0,1_0,2740,wdpzZgQz8aJvnkY33
wooden chair,Pink wood,Paint color,NA,NA,Yes,Yes,No,1,NFS,720,Pink,Pink,1x1,NA,Crafting,,1.0.0,child's room,living room,wooden,None,Yes,Chair,No,Does not play music,No lighting,Not for sale,FtrWoodenChairS_Remake_7_0,7_0,1913,QL4Ga2FtzzfkJB3by
upright vacuum,Pink,NA,NA,NA,No,No,No,NA,2500,625,Pink,Black,1x1,NA,Nook's Cranny,"Available in Nook's Cranny (upgraded only), in the unique furniture slot",1.0.0,living room,None,None,None,Yes,Home Appliances,No,Does not play music,No lighting,For sale,FtrCleanerStick_Remake_6_0,6_0,908,WpXJZfJBYnPWoHLYv
rock guitar,Coral pink,NA,Pop logo,Sticker area,No,No,Yes,2,3100,775,Pink,Colorful,1x1,NA,Nook's Cranny,Available in Nook's Cranny (either upgrade tier) in the unique furniture slot,1.0.0,concert,None,None,None,Yes,Musical Instrument,No,Does not play music,No lighting,For sale,FtrElectricguitar1_Remake_1_6,1_6,1644,hS2nukyD3caf68iyt
colorful wheel,Colorful numbers,NA,NA,NA,No,No,No,NA,2900,725,Colorful,Colorful,2x1,NA,Nook's Cranny,"Available in Nook's Cranny (upgraded only), in the unique furniture slot",1.0.0,party,None,None,None,Yes,Toy,No,Does not play music,No lighting,For sale,FtrRoulette_Remake_0_0,0_0,1112,BEs85a3zkwegASuCm
refrigerator,White,NA,Notices,Sticker area,No,No,Yes,2,5100,1275,White,Colorful,1x1,NA,Nook's Cranny,"Available in Nook's Cranny (upgraded only), in the unique furniture slot",1.0.0,kitchen,shop,None,None,Wardrobe,Home Appliances,No,Does not play music,No lighting,For sale,FtrRefrigerator_Remake_0_4,0_4,2713,wESLo3Mkp5pow5Gsh
frozen chair,Ice pink,Illumination,NA,NA,Yes,Yes,No,7,NFS,6200,Pink,Pink,1x1,NA,Crafting,,1.0.0,freezing cold,None,frozen,None,Yes,Chair,Yes,Does not play music,No lighting,Not for sale,FtrIceChairS_Remake_2_0,2_0,3503,M35DqLtqijGpNAovk
ironwood DIY workbench,Walnut,Lumber type,NA,NA,Yes,Yes,No,7,NFS,8520,Brown,Black,2x1,NA,Crafting,,1.0.0,garage,None,ironwood,None,Workbench,Work Bench,No,Does not play music,No lighting,Not for sale,FtrWorkbenchIronwood_Remake_2_0,2_0,3943,yxzwNKrBRSCp9bctg
birthday table,Gorgeous,Variation,NA,NA,No,Yes,No,1,NFS,300,Gray,Colorful,2x2,NA,Birthday,,1.0.0,party,fancy,None,birthday,Yes,Table,No,Does not play music,Candle,Not for sale,FtrBirthdayTable_Remake_5_0,5_0,3593,8Fr2EqPwEm9vN6PrK
frozen bed,Ice purple,Illumination,White,Bedding,Yes,No,Yes,8,NFS,9000,Purple,White,2x2,NA,Crafting,,1.0.0,freezing cold,None,frozen,None,Yes,Bed,Yes,Does not play music,No lighting,Not for sale,FtrIceBedW_Remake_6_1,6_1,3502,SbJTdkCKieeuZu9ww
digital scale,Yellow,NA,Polka dots,Design,No,No,Yes,1,930,232,Yellow,Green,1x1,NA,Nook's Cranny,Available in Nook's Cranny (either upgrade tier) in the unique furniture slot,1.0.0,bathroom,None,None,None,No,Bathroom Things,No,Does not play music,No lighting,For sale,FtrWeightscale_Remake_4_2,4_2,3307,dSForS9ggvRKsra4G
cat tower,Beige,NA,NA,NA,No,No,No,NA,3000,750,Beige,Beige,1x1,NA,Nook's Cranny,Available in Nook's Cranny (either upgrade tier) in the unique furniture slot,1.0.0,living room,None,None,None,Yes,Animal,No,Does not play music,No lighting,For sale,FtrCattower_Remake_0_0,0_0,896,dESzzmpnPWP47WMBA
diner dining table,Yellow,NA,NA,NA,No,No,No,NA,6400,1600,Gray,Yellow,2x2,NA,Nook's Cranny,"Available in Nook's Cranny (upgraded only), in the third unique furniture slot",1.0.0,shop,None,diner,None,No,Table,No,Does not play music,No lighting,For sale,FtrAmeretroTableM_Remake_2_0,2_0,4142,atJm7vTYpWdGeAC45
box sofa,Black,NA,NA,NA,No,No,No,NA,2700,675,Black,Black,1x1,NA,Nook's Cranny,"Available in Nook's Cranny (upgraded only), in the unique furniture slot",1.0.0,shop,facility,None,None,Yes,Chair,No,Does not play music,No lighting,For sale,FtrBoxsofa_Remake_7_0,7_0,1852,TenC8nDwwDGte4D87
harp,Dark brown,NA,NA,NA,No,No,No,NA,130000,32500,Brown,Orange,1x1,NA,Nook's Cranny,"Available in Nook's Cranny (upgraded only), in the third unique furniture slot",1.0.0,music,None,None,None,Yes,Musical Instrument,No,Does not play music,No lighting,For sale,FtrHarp_Remake_2_0,2_0,987,XJZ2mLcuLDjHe4rRu
studio spotlight,Orange,NA,NA,NA,No,No,No,NA,2100,525,Black,Orange,1x1,NA,Nook's Cranny,Available in Nook's Cranny (either upgrade tier) in the unique furniture slot,1.0.0,facility,concert,None,None,Yes,Lamp,No,Does not play music,Spotlight,For sale,FtrLampSpot_Remake_2_0,2_0,7189,BdntShcBYvyKjkGhk
refrigerator,Blue,NA,Fruits,Sticker area,No,No,Yes,2,5100,1275,Blue,Green,1x1,NA,Nook's Cranny,"Available in Nook's Cranny (upgraded only), in the unique furniture slot",1.0.0,kitchen,shop,None,None,Wardrobe,Home Appliances,No,Does not play music,No lighting,For sale,FtrRefrigerator_Remake_4_3,4_3,2713,JZrShDidxDfXea3tg
log extra-long sofa,Dark wood,Lumber type,Southwestern flair,Cushions,Yes,Yes,Yes,4,NFS,1920,Brown,Colorful,2x1,NA,Crafting,,1.0.0,garden,living room,log,None,Yes,Sofa,No,Does not play music,No lighting,Not for sale,FtrLogSofaL_Remake_0_1,0_1,4044,kWAc3Wgxm4eYaMdLM
bamboo basket,Smoke-cured bamboo,Bamboo,NA,NA,Yes,Yes,No,2,NFS,1120,Brown,Green,1x1,NA,Crafting,,1.0.0,zen-style,None,bamboo,None,No,Japanese Style,No,Does not play music,No lighting,Not for sale,FtrBambooBasket_Remake_2_0,2_0,3658,TEGzshjkjEi8xNENg
log bench,Orange wood,Lumber type,NA,NA,Yes,Yes,No,1,NFS,600,Orange,Beige,2x1,NA,Crafting,,1.0.0,garden,None,log,None,Yes,Sofa,Yes,Does not play music,No lighting,Not for sale,FtrLogStoolL_Remake_1_0,1_0,4042,SuNySzCAMoc3no4Gs
log decorative shelves,Orange wood,Lumber type,Quilted,Mat,Yes,Yes,Yes,4,NFS,1560,Orange,Light blue,2x1,NA,Crafting,,1.0.0,garden,living room,log,None,No,Shelf,No,Does not play music,No lighting,Not for sale,FtrLogShelf_Remake_1_4,1_4,4036,ffvkbSpjTq8vqbxrr
drinking fountain,Ivory,Color,NA,NA,Yes,Yes,No,4,NFS,2700,Beige,Beige,1x1,NA,Crafting,,1.0.0,garden,None,None,None,Yes,Playground,Yes,Does not play music,No lighting,Not for sale,FtrDrinkingfountain_Remake_0_0,0_0,2319,8CZv66ph6jQhktPNM
outdoor bench,Red,NA,White,Seat,No,No,Yes,1,1300,325,Red,White,2x1,NA,Nook's Cranny,Available in Nook's Cranny (either upgrade tier) in the unique furniture slot,1.0.0,outdoors,None,None,None,Yes,Sofa,Yes,Does not play music,No lighting,For sale,FtrOutdoorchairM_Remake_4_0,4_0,3947,9j2Bm8fScquXitmp9
upright piano,Black,NA,NA,NA,No,No,No,NA,53000,13250,Black,White,2x1,NA,Nook's Cranny,"Available in Nook's Cranny (upgraded only), in the third unique furniture slot",1.0.0,music,expensive,None,None,Yes,Musical Instrument,No,Does not play music,No lighting,For sale,FtrPianoUpright_Remake_0_0,0_0,1081,24ad8eStN6hPFHehG
cute bed,Blue,NA,NA,NA,No,No,No,NA,12000,3000,Blue,Black,2x2,NA,Nook's Cranny,"Available in Nook's Cranny (upgraded only), in the third unique furniture slot",1.0.0,fancy,None,cute,None,Yes,Bed,No,Does not play music,No lighting,For sale,FtrCuteBedW_Remake_4_0,4_0,3624,NThCMdhEzLbbSn3kj
springy ride-on,White,NA,NA,NA,No,No,No,NA,NFS,10000,White,Green,1x1,2000,Nook Miles Shop,,1.0.0,facility,fancy,None,None,Yes,Playground,Yes,Does not play music,No lighting,Not for sale,FtrSpringrider_Remake_0_0,0_0,4379,yaf3NuR8y5nKjxA7X
mini DIY workbench,Natural,Paint color,NA,NA,Yes,Yes,No,4,NFS,2580,Beige,White,1x1,NA,Crafting,,1.0.0,garage,None,None,None,Workbench,Work Bench,No,Does not play music,No lighting,Not for sale,FtrWorkbenchS_Remake_0_0,0_0,3122,jGazK6f7jbFxGXTXB
neutral corner,NA,NA,Red,Ring curtain,No,No,Yes,3,6100,1525,White,Red,2x2,NA,Nook's Cranny,"Available in Nook's Cranny (upgraded only), in the third unique furniture slot",1.0.0,fitness,None,None,sports ring,Yes,Sports,No,Does not play music,No lighting,For sale,FtrRingcornerNeutral_Remake_0_1,0_1,7152,JFMZWLqwiPaJG2bKB
wooden chair,Dark wood,Paint color,NA,NA,Yes,Yes,No,1,NFS,720,Brown,Brown,1x1,NA,Crafting,,1.0.0,child's room,living room,wooden,None,Yes,Chair,No,Does not play music,No lighting,Not for sale,FtrWoodenChairS_Remake_3_0,3_0,1913,TsboTaiYqynWXcQFp
studio spotlight,Pink,NA,NA,NA,No,No,No,NA,2100,525,Black,Pink,1x1,NA,Nook's Cranny,Available in Nook's Cranny (either upgrade tier) in the unique furniture slot,1.0.0,facility,concert,None,None,Yes,Lamp,No,Does not play music,Spotlight,For sale,FtrLampSpot_Remake_4_0,4_0,7189,QmfKTz8ad3v4B62YY
rocking horse,Colorful,Paint color,NA,NA,Yes,Yes,No,1,NFS,600,Red,Blue,1x1,NA,Crafting,,1.0.0,child's room,fancy,None,None,Yes,Toy,No,Does not play music,No lighting,Not for sale,FtrRockinghorse_Remake_1_0,1_0,83,PnfktiMPc3uczaqET
effects rack,White,NA,Rock logo,Sticker area,No,No,Yes,3,6800,1700,White,Purple,1x1,NA,Nook's Cranny,"Available in Nook's Cranny (upgraded only), in the unique furniture slot",1.0.0,concert,facility,None,None,No,Musical Instrument,No,Does not play music,No lighting,For sale,FtrEffectorrack_Remake_1_3,1_3,950,HEzgTZRqx5e8iBads
electric guitar,Dark red,NA,Emblem logo,Sticker area,No,No,Yes,7,71000,17750,Red,Green,1x1,NA,Nook's Cranny,"Available in Nook's Cranny (upgraded only), in the third unique furniture slot",1.0.0,concert,None,None,None,Yes,Musical Instrument,No,Does not play music,No lighting,For sale,FtrElectricguitar2_Remake_0_4,0_4,1645,TttbJda3a677FcLYx
wooden table,Dark wood,Paint color,Blue,Tablecloth,Yes,Yes,Yes,4,NFS,1800,Brown,Light blue,2x2,NA,Crafting,,1.0.0,child's room,living room,wooden,None,No,Table,No,Does not play music,No lighting,Not for sale,FtrWoodenTableL_Remake_3_3,3_3,3439,FYFdKvqbg5nNXqZxc
DJ's turntable,White,NA,Chic logo,Flag,No,No,Yes,4,9300,2325,White,White,2x1,NA,Nook's Cranny,"Available in Nook's Cranny (upgraded only), in the unique furniture slot",1.0.0,party,concert,None,None,Yes,Musical Instrument,No,Hi-fi,No lighting,For sale,FtrDJbooth_Remake_1_2,1_2,941,JonDQGorD3o3MrrwT
plain wooden shop sign,Dark wood,NA,Ad,Flier,Yes,No,Yes,2,NFS,720,Brown,Blue,1x1,NA,Crafting,,1.0.0,garden,None,None,None,No,Vehicle,Yes,Does not play music,No lighting,Not for sale,FtrSignWood_Remake_2_2,2_2,3692,ojdzL3vSyKboTS7WQ
changing room,Dark brown,NA,Pink,Curtain,No,No,Yes,2,3700,925,Brown,Pink,1x1,NA,Nook's Cranny,"Available in Nook's Cranny (upgraded only), in the unique furniture slot",1.0.0,shop,facility,None,None,Wardrobe,Shop,No,Does not play music,No lighting,For sale,FtrFittingroom_Remake_3_4,3_4,1816,cQ2G6AawfmoCrZhGW
barbecue,Red,NA,NA,NA,No,No,No,NA,2500,625,Red,Colorful,1x1,NA,Nook's Cranny,"Available in all tiers of shops, including Timmy & Tommy before the shop is opened",1.0.0,outdoors,None,None,None,Yes,Outdoors Decor,Yes,Does not play music,No lighting,For sale,FtrBarbecuegrill_Remake_0_0,0_0,330,4iaPhJhwanmxMDFs5
loft bed with desk,Brown,NA,Yellow,Bedding,No,No,Yes,3,7700,1925,Red,Yellow,2x1,NA,Nook's Cranny,"Available in Nook's Cranny (upgraded only), in the unique furniture slot",1.0.0,child's room,None,None,None,Yes,Desk,No,Does not play music,No lighting,For sale,FtrBeddesk_Remake_1_4,1_4,3621,eszCpm4ENWZ38uwh7
scarecrow,NA,NA,NA,NA,Yes,No,No,NA,NFS,130,Beige,Yellow,1x1,NA,Crafting,,1.0.0,garden,horror,None,None,No,Ranch,Yes,Does not play music,No lighting,Not for sale,FtrScarecrow,NA,1120,LshGzL3LLw673uFaH
rock guitar,Coral pink,NA,Emblem logo,Sticker area,No,No,Yes,2,3100,775,Pink,Green,1x1,NA,Nook's Cranny,Available in Nook's Cranny (either upgrade tier) in the unique furniture slot,1.0.0,concert,None,None,None,Yes,Musical Instrument,No,Does not play music,No lighting,For sale,FtrElectricguitar1_Remake_1_4,1_4,1644,xxXXBjwEe2W97Nahc
simple panel,Light gray,NA,Gold,Panel design,No,No,Yes,1,810,202,Gray,Yellow,1x0.5,NA,Nook's Cranny,Available in Nook's Cranny (either upgrade tier) in the unique furniture slot,1.0.0,facility,None,None,None,No,Screen,No,Does not play music,No lighting,For sale,FtrScreenSimple_Remake_0_7,0_7,5338,HPMeS5iP2yDPb2FcH
changing room,Black,NA,Purple,Curtain,No,No,Yes,2,3700,925,Black,Purple,1x1,NA,Nook's Cranny,"Available in Nook's Cranny (upgraded only), in the unique furniture slot",1.0.0,shop,facility,None,None,Wardrobe,Shop,No,Does not play music,No lighting,For sale,FtrFittingroom_Remake_4_1,4_1,1816,FrfbchYxYejDNhdfs
peach chair,White peach,Fruit type,NA,NA,Yes,Yes,No,4,NFS,2600,Pink,Brown,1x1,NA,Crafting,,1.0.0,fancy,None,fruits,peach,Yes,Chair,No,Does not play music,No lighting,Not for sale,FtrFruitsChairPeach_Remake_0_0,0_0,4127,GEqTmZe59S4EBjBg3
antique bed,Natural,NA,NA,NA,No,No,No,NA,28000,7000,Beige,White,2x2,NA,Nook's Cranny,"Available in Nook's Cranny (upgraded only), in the third unique furniture slot",1.0.0,living room,expensive,antique,None,Yes,Bed,No,Does not play music,No lighting,For sale,FtrAntiqueBedW_Remake_1_0,1_0,3957,gMCFieFjJLX4yXBPJ
throwback hat table,Black & orange,NA,NA,NA,No,No,No,NA,3800,950,Black,Orange,2x2,NA,Nook's Cranny,"Available in Nook's Cranny (upgraded only), in the third unique furniture slot",1.0.0,child's room,fitness,throwback,None,No,Table,No,Does not play music,No lighting,For sale,FtrBoyTableL_Remake_3_0,3_0,4760,7vgDwfRbom5SXa5P5
angled signpost,Fishing Spot,Navigation,NA,NA,Yes,Yes,No,1,NFS,600,Beige,Brown,1x1,NA,Crafting,,1.0.0,garden,None,None,None,No,Vehicle,Yes,Does not play music,No lighting,Not for sale,FtrSignpostTilt_Remake_2_0,2_0,7867,uvn5kiMi84NMuesmb
hedge standee,Summer,Season,NA,NA,Yes,Yes,No,1,NFS,600,Green,Green,1x0.5,NA,Crafting,,1.0.0,school,None,None,standee,No,School,No,Does not play music,No lighting,Not for sale,FtrHariboteHedge_Remake_2_0,2_0,531,X2y68ErH9peY5GwHf
medium cardboard boxes,NA,NA,NA,NA,Yes,No,No,NA,NFS,240,None,None,2x1,NA,Crafting,,1.0.0,garage,None,cardboard,None,No,Supplies,No,Does not play music,No lighting,Not for sale,FtrMovingboxM,NA,3411,eN3vqv37rnf88uiv5
simple panel,Black,NA,Mud wall,Panel design,No,No,Yes,1,810,202,Black,Beige,1x0.5,NA,Nook's Cranny,Available in Nook's Cranny (either upgrade tier) in the unique furniture slot,1.0.0,facility,None,None,None,No,Screen,No,Does not play music,No lighting,For sale,FtrScreenSimple_Remake_1_5,1_5,5338,cnjoDGw74MBhjDrMr
old sewing machine,Black,NA,NA,NA,No,No,No,NA,2200,550,Orange,Black,2x1,NA,Nook's Cranny,Available in Nook's Cranny (either upgrade tier) in the unique furniture slot,1.0.0,living room,None,None,None,Yes,Sewing Table,No,Does not play music,No lighting,For sale,FtrSewingmachineRetro_Remake_0_0,0_0,1127,HwvDtQKqJxZaq8hst
clothes closet,Blue,NA,NA,NA,No,No,No,NA,3100,775,Blue,Blue,1x1,NA,Nook's Cranny,Available in Nook's Cranny (either upgrade tier) in the unique furniture slot,1.0.0,living room,None,None,None,Wardrobe,Chest,No,Does not play music,No lighting,For sale,FtrFashioncase_Remake_3_0,3_0,9502,sbgK84SGbat5jxKMR
double sofa,Red,NA,NA,NA,No,No,No,NA,4300,1075,Red,Red,2x1,NA,Nook's Cranny,Available in Nook's Cranny (either upgrade tier) in the unique furniture slot,1.0.0,living room,None,None,None,Yes,Sofa,No,Does not play music,No lighting,For sale,FtrSofaL_Remake_0_0,0_0,2554,tFNMuK8wMPgBbcQSR
wooden double bed,Blue,Paint color,Pink,Bedding,Yes,Yes,Yes,6,NFS,3600,Blue,Pink,2x2,NA,Crafting,,1.0.0,child's room,living room,wooden,None,Yes,Bed,No,Does not play music,No lighting,Not for sale,FtrWoodenBedW_Remake_6_1,6_1,7132,FMHdXnfvAdQsSPFgF
crescent-moon chair,Yellow,Color,NA,NA,Yes,Yes,No,7,NFS,8500,Yellow,Yellow,2x1,NA,Crafting,,1.0.0,space,fancy,stars,None,Yes,Chair,No,Does not play music,Fluorescent,Not for sale,FtrStarMoonChairL_Remake_0_0,0_0,6829,ZRd7rA38D9gF5NJDL
antique mini table,Brown,NA,NA,NA,No,No,No,NA,6700,1675,Brown,White,1x1,NA,Nook's Cranny,"Available in Nook's Cranny (upgraded only), in the third unique furniture slot",1.0.0,living room,expensive,antique,None,No,Table,No,Does not play music,No lighting,For sale,FtrAntiqueTableS_Remake_0_0,0_0,3958,WZyBrwSZD4wZtqcBJ
baby chair,Yellow,NA,Train,Cushion,No,No,Yes,1,1200,300,Yellow,Colorful,1x1,NA,Nook's Cranny,Available in Nook's Cranny (either upgrade tier) in the unique furniture slot,1.0.0,child's room,None,None,None,Yes,Chair,No,Does not play music,No lighting,For sale,FtrBabychair_Remake_2_3,2_3,3305,TaiysCHzEZcmoaWxh
red corner,NA,NA,Yellow,Ring curtain,No,No,Yes,3,6100,1525,White,Yellow,2x2,NA,Nook's Cranny,"Available in Nook's Cranny (upgraded only), in the third unique furniture slot",1.0.0,fitness,None,None,sports ring,Yes,Sports,No,Does not play music,No lighting,For sale,FtrRingcornerRed_Remake_0_4,0_4,7151,dPi7khPauzwhS2SrC
electric guitar,Marine emerald,NA,Chic logo,Sticker area,No,No,Yes,7,71000,17750,Light blue,White,1x1,NA,Nook's Cranny,"Available in Nook's Cranny (upgraded only), in the third unique furniture slot",1.0.0,concert,None,None,None,Yes,Musical Instrument,No,Does not play music,No lighting,For sale,FtrElectricguitar2_Remake_4_2,4_2,1645,AwHjisNnQxRauHZTG
log bed,Orange wood,Lumber type,Bears,Bedding,Yes,Yes,Yes,6,NFS,3600,Orange,Brown,2x2,NA,Crafting,,1.0.0,garden,living room,log,None,Yes,Bed,No,Does not play music,No lighting,Not for sale,FtrLogBedW_Remake_1_2,1_2,4041,dn594ZdqymwuaJzBC
digital scale,Blue,NA,Black stripes,Design,No,No,Yes,1,930,232,Blue,Gray,1x1,NA,Nook's Cranny,Available in Nook's Cranny (either upgrade tier) in the unique furniture slot,1.0.0,bathroom,None,None,None,No,Bathroom Things,No,Does not play music,No lighting,For sale,FtrWeightscale_Remake_3_3,3_3,3307,Y96wR5hkMNag3bXjL
Bunny Day table,NA,NA,NA,NA,Yes,No,No,NA,NFS,1600,Red,Pink,1x1,NA,Crafting,,1.1.0a,fancy,None,Bunny Day,None,No,Table,No,Does not play music,No lighting,Not for sale,FtrEggTableS,NA,12436,QKMYK4KTjkZWeaduf
effects rack,Orange,NA,Emblem logo,Sticker area,No,No,Yes,3,6800,1700,Yellow,Green,1x1,NA,Nook's Cranny,"Available in Nook's Cranny (upgraded only), in the unique furniture slot",1.0.0,concert,facility,None,None,No,Musical Instrument,No,Does not play music,No lighting,For sale,FtrEffectorrack_Remake_2_4,2_4,950,MKPwo9ExbBMWEAoo9
rattan low table,Reddish brown,NA,NA,NA,No,No,No,NA,2900,725,Orange,Orange,2x1,NA,Nook's Cranny,"Available in Nook's Cranny (upgraded only), in the unique furniture slot",1.0.0,living room,None,rattan,None,No,Table,No,Does not play music,No lighting,For sale,FtrRattanTableM_Remake_1_0,1_0,4054,i47dZBHgyCjMaTCFn
electric guitar,Chic white,NA,Emblem logo,Sticker area,No,No,Yes,7,71000,17750,White,Green,1x1,NA,Nook's Cranny,"Available in Nook's Cranny (upgraded only), in the third unique furniture slot",1.0.0,concert,None,None,None,Yes,Musical Instrument,No,Does not play music,No lighting,For sale,FtrElectricguitar2_Remake_5_4,5_4,1645,sDSPQBb8A4oYedP4D
wooden stool,Pink wood,Paint color,None,Seat,Yes,Yes,Yes,2,NFS,480,Pink,Pink,1x1,NA,Crafting,,1.0.0,child's room,living room,wooden,None,Yes,Chair,No,Does not play music,No lighting,Not for sale,FtrWoodenStoolS_Remake_7_0,7_0,3449,t8odszphRqETw2uYa
folding floor lamp,Yellow,NA,NA,NA,No,No,No,NA,1900,475,Yellow,Yellow,1x1,NA,Nook's Cranny,"Available in Nook's Cranny (upgraded only), in the unique furniture slot",1.0.0,child's room,living room,None,None,Yes,Lamp,No,Does not play music,Spotlight,For sale,FtrLampArm_Remake_2_0,2_0,4014,3jbTXHcE8o5W4Wbkb
den desk,Brown wood,NA,NA,NA,No,No,No,NA,10000,2500,Orange,Orange,2x1,NA,Nook's Cranny,"Available in Nook's Cranny (upgraded only), in the unique furniture slot",1.0.0,den,None,None,den,No,Desk,No,Does not play music,No lighting,For sale,FtrDrawingTable_Remake_1_0,1_0,3783,E9GaNivENumhacvCt
synthesizer,Black,NA,NA,NA,No,No,No,NA,66000,16500,Black,White,2x1,NA,Nook's Cranny,"Available in Nook's Cranny (upgraded only), in the third unique furniture slot",1.0.0,concert,None,None,None,Yes,Musical Instrument,No,Does not play music,No lighting,For sale,FtrSynthesizer_Remake_0_0,0_0,1171,rhRJX8qTFiSHjFHCK
synthesizer,Yellow,NA,NA,NA,No,No,No,NA,66000,16500,Yellow,White,2x1,NA,Nook's Cranny,"Available in Nook's Cranny (upgraded only), in the third unique furniture slot",1.0.0,concert,None,None,None,Yes,Musical Instrument,No,Does not play music,No lighting,For sale,FtrSynthesizer_Remake_3_0,3_0,1171,4bSJGw2Eb9LK27GjD
upright locker,Red,NA,Pop,Sticker area,No,No,Yes,2,3700,925,Red,Colorful,1x1,NA,Nook's Cranny,Available in Nook's Cranny (either upgrade tier) in the unique furniture slot,1.0.0,school,facility,None,None,Wardrobe,Chest,No,Does not play music,No lighting,For sale,FtrLocker_Remake_3_3,3_3,833,GZHSc4YFwhiTH23fA
elephant slide,Light blue,NA,NA,NA,No,No,No,NA,4200,1050,Light blue,White,2x1,NA,Nook's Cranny,Available in Nook's Cranny (either upgrade tier) in the unique furniture slot,1.0.0,garden,child's room,None,None,No,Playground,No,Does not play music,No lighting,For sale,FtrSlideelephant_Remake_3_0,3_0,86,uS9GEqAwZdN2yBcxq
stadiometer,Blue,NA,NA,NA,No,No,No,NA,2100,525,Blue,Gray,1x1,NA,Nook's Cranny,Available in Nook's Cranny (either upgrade tier) in the unique furniture slot,1.0.0,school,facility,None,None,No,School,No,Does not play music,No lighting,For sale,FtrStadiometer_Remake_1_0,1_0,546,qyAEC4fxwXKRMd3Wk
stall,Black,Variation,Waves,Curtain,Yes,Yes,Yes,3,NFS,1440,Black,Blue,2x1,NA,Crafting,,1.0.0,shop,party,None,None,No,Shop,Yes,Does not play music,No lighting,Not for sale,FtrFloat_Remake_6_4,6_4,3617,XGSZtziCBHtMYv2vn
upright locker,Red,NA,Cute,Sticker area,No,No,Yes,2,3700,925,Red,Pink,1x1,NA,Nook's Cranny,Available in Nook's Cranny (either upgrade tier) in the unique furniture slot,1.0.0,school,facility,None,None,Wardrobe,Chest,No,Does not play music,No lighting,For sale,FtrLocker_Remake_3_2,3_2,833,ndsAxtnorJzQ8io4P
wooden stool,Black,Paint color,Green,Seat,Yes,Yes,Yes,2,NFS,480,Black,Green,1x1,NA,Crafting,,1.0.0,child's room,living room,wooden,None,Yes,Chair,No,Does not play music,No lighting,Not for sale,FtrWoodenStoolS_Remake_4_4,4_4,3449,nYiRNwkcYuLiCh6QP
wooden-block stereo,Natural,Block color,NA,NA,Yes,Yes,No,4,NFS,2460,Beige,Beige,2x1,NA,Crafting,,1.0.0,child's room,None,wooden block,None,Yes,Audio,No,Hi-fi,No lighting,Not for sale,FtrBlockCompo_Remake_0_0,0_0,3205,5oTTwCDJgLKuToY7H
frozen sculpture,Ice yellow,Illumination,NA,NA,Yes,Yes,No,7,NFS,6600,Yellow,Yellow,1.5x1.5,NA,Crafting,,1.0.0,freezing cold,None,frozen,None,No,Seasonal Decor,Yes,Does not play music,No lighting,Not for sale,FtrIceArt_Remake_3_0,3_0,3501,oCmbuxkrLCJdgJXQ2
wooden double bed,Black,Paint color,Green,Bedding,Yes,Yes,Yes,6,NFS,3600,Black,Green,2x2,NA,Crafting,,1.0.0,child's room,living room,wooden,None,Yes,Bed,No,Does not play music,No lighting,Not for sale,FtrWoodenBedW_Remake_4_3,4_3,7132,uiem3cjKuaML4JpSq
frozen tree,Ice blue,Illumination,NA,NA,Yes,Yes,No,7,NFS,8200,Blue,Blue,2x2,NA,Crafting,,1.0.0,freezing cold,None,frozen,None,No,Seasonal Decor,Yes,Does not play music,No lighting,Not for sale,FtrIceTree_Remake_1_0,1_0,3504,Ng6Xrc2oLAHcM2o6E
DIY workbench,Natural,Paint color,NA,NA,Yes,Yes,No,7,NFS,6630,Beige,Colorful,2x1,NA,Crafting,,1.0.0,garage,None,None,None,Workbench,Work Bench,No,Does not play music,No lighting,Not for sale,FtrWorkbench_Remake_0_0,0_0,1241,FE6vccFauNRCgRuj7
electric guitar,Cosmo black,NA,Pop logo,Sticker area,No,No,Yes,7,71000,17750,Black,Colorful,1x1,NA,Nook's Cranny,"Available in Nook's Cranny (upgraded only), in the third unique furniture slot",1.0.0,concert,None,None,None,Yes,Musical Instrument,No,Does not play music,No lighting,For sale,FtrElectricguitar2_Remake_6_6,6_6,1645,7phZnAvFg3hLwqxG3
electric guitar,Natural wood,NA,Emblem logo,Sticker area,No,No,Yes,7,71000,17750,Beige,Green,1x1,NA,Nook's Cranny,"Available in Nook's Cranny (upgraded only), in the third unique furniture slot",1.0.0,concert,None,None,None,Yes,Musical Instrument,No,Does not play music,No lighting,For sale,FtrElectricguitar2_Remake_1_4,1_4,1645,vzDYg3rpHk3YkDpth
wooden end table,Black,Paint color,NA,NA,Yes,Yes,No,2,NFS,960,Black,Colorful,1x1,NA,Crafting,,1.0.0,child's room,living room,wooden,None,No,Table,No,Does not play music,No lighting,Not for sale,FtrWoodenTableS_Remake_4_0,4_0,3438,qnpks89w8dga8mdsS
stall,Pink,Variation,Waves,Curtain,Yes,Yes,Yes,3,NFS,1440,Pink,Blue,2x1,NA,Crafting,,1.0.0,shop,party,None,None,No,Shop,Yes,Does not play music,No lighting,Not for sale,FtrFloat_Remake_4_4,4_4,3617,mNmf46dmhveZJnMPa
throwback race-car bed,White,NA,NA,NA,No,No,No,NA,3800,950,White,Black,2x1,NA,Nook's Cranny,"Available in Nook's Cranny (upgraded only), in the unique furniture slot",1.0.0,child's room,None,throwback,None,Yes,Bed,No,Does not play music,No lighting,For sale,FtrBoyBedS_Remake_5_0,5_0,4759,ipjQq2gYYtxKXpeK7
lawn mower,Blue,NA,NA,NA,No,No,No,NA,2900,725,Blue,White,1x1,NA,Nook's Cranny,Available in Nook's Cranny (either upgrade tier) in the unique furniture slot,1.0.0,garden,None,None,None,No,Garden,Yes,Does not play music,No lighting,For sale,FtrLawnmower_Remake_2_0,2_0,338,CLs9jA4Tqe3vjEYW4
log extra-long sofa,Orange wood,Lumber type,Geometric print,Cushions,Yes,Yes,Yes,4,NFS,1920,Orange,Colorful,2x1,NA,Crafting,,1.0.0,garden,living room,log,None,Yes,Sofa,No,Does not play music,No lighting,Not for sale,FtrLogSofaL_Remake_1_2,1_2,4044,LxCWETnYDJuFTSewS
garden bench,Black,Variation,NA,NA,Yes,Yes,No,6,NFS,4440,Beige,Black,2x1,NA,Crafting,,1.0.0,garden,None,None,None,Yes,Sofa,Yes,Does not play music,No lighting,Not for sale,FtrParkbenche_Remake_0_0,0_0,3509,BoDSXSMQZtnJPKQBe
box corner sofa,Navy blue,NA,NA,NA,No,No,No,NA,2700,675,Blue,Black,1x1,NA,Nook's Cranny,"Available in Nook's Cranny (upgraded only), in the unique furniture slot",1.0.0,shop,facility,None,None,Yes,Chair,No,Does not play music,No lighting,For sale,FtrBoxsofaCorner_Remake_3_0,3_0,1853,Dm6yT3emYdLoYinbS
digital scale,White,NA,White,Design,No,No,Yes,1,930,232,White,White,1x1,NA,Nook's Cranny,Available in Nook's Cranny (either upgrade tier) in the unique furniture slot,1.0.0,bathroom,None,None,None,No,Bathroom Things,No,Does not play music,No lighting,For sale,FtrWeightscale_Remake_0_0,0_0,3307,2mNpm4xzP6xHcAPXE
lifeguard chair,Blue,NA,NA,NA,No,No,No,NA,NFS,5000,Blue,White,1x1,1000,Nook Miles Shop,,1.0.0,ocean,None,None,None,No,Seaside,Yes,Does not play music,No lighting,Not for sale,FtrMonitoringchair_Remake_0_0,0_0,3345,o5zk7pS64Lcwzhhdy
wooden table,Pink wood,Paint color,None,Tablecloth,Yes,Yes,Yes,4,NFS,1800,Pink,Pink,2x2,NA,Crafting,,1.0.0,child's room,living room,wooden,None,No,Table,No,Does not play music,No lighting,Not for sale,FtrWoodenTableL_Remake_7_0,7_0,3439,6kiqE7HWH2znhjuMZ
double sofa,Blue,NA,NA,NA,No,No,No,NA,4300,1075,Blue,Blue,2x1,NA,Nook's Cranny,Available in Nook's Cranny (either upgrade tier) in the unique furniture slot,1.0.0,living room,None,None,None,Yes,Sofa,No,Does not play music,No lighting,For sale,FtrSofaL_Remake_3_0,3_0,2554,9j9CToxTa98p8ADsX
throwback race-car bed,Yellow,NA,NA,NA,No,No,No,NA,3800,950,Yellow,Black,2x1,NA,Nook's Cranny,"Available in Nook's Cranny (upgraded only), in the unique furniture slot",1.0.0,child's room,None,throwback,None,Yes,Bed,No,Does not play music,No lighting,For sale,FtrBoyBedS_Remake_2_0,2_0,4759,kXmCi7pmAg2chKq7a
frozen bed,Ice blue,Illumination,Brown,Bedding,Yes,Yes,Yes,8,NFS,9000,Blue,Brown,2x2,NA,Crafting,,1.0.0,freezing cold,None,frozen,None,Yes,Bed,Yes,Does not play music,No lighting,Not for sale,FtrIceBedW_Remake_1_0,1_0,3502,dgMibFh4DRuyuD4Mh
park clock,Brown,NA,NA,NA,No,No,No,NA,NFS,12000,Brown,White,1x1,2400,Nook Miles Shop,,1.0.0,garden,None,None,None,Yes,Clock,Yes,Does not play music,No lighting,Not for sale,FtrParkclock_Remake_3_0,3_0,3595,8Au2EB4tdo45xpcZ9
log round table,White birch,Lumber type,Geometric print,Tablecloth,Yes,No,Yes,4,NFS,1800,White,Colorful,2x2,NA,Crafting,,1.0.0,garden,living room,log,None,No,Table,Yes,Does not play music,No lighting,Not for sale,FtrLogTableLRound_Remake_3_2,3_2,4043,acaX4YvTPg9GZ7X7f
log stool,White wood,Lumber type,NA,NA,Yes,Yes,No,1,NFS,480,Beige,Beige,1x1,NA,Crafting,,1.0.0,garden,None,log,None,Yes,Chair,Yes,Does not play music,No lighting,Not for sale,FtrLogStoolS_Remake_2_0,2_0,4038,ALXdHxZxSkLD2Y9r8
vintage TV tray,Silver,NA,White,Tray,No,No,Yes,1,1200,300,Gray,White,1x1,NA,Nook's Cranny,Available in Nook's Cranny (either upgrade tier) in the unique furniture slot,1.0.0,living room,None,None,None,No,Table,No,Does not play music,No lighting,For sale,FtrTVtray_Remake_1_2,1_2,4445,mBecRNRKXmWzMGppz
log extra-long sofa,White birch,Lumber type,None,Cushions,Yes,Yes,Yes,4,NFS,1920,White,White,2x1,NA,Crafting,,1.0.0,garden,living room,log,None,Yes,Sofa,No,Does not play music,No lighting,Not for sale,FtrLogSofaL_Remake_3_0,3_0,4044,sWMWPLGQELSqK2pQF
simple panel,Silver,NA,Horizontal planks,Panel design,No,No,Yes,1,810,202,Gray,Brown,1x0.5,NA,Nook's Cranny,Available in Nook's Cranny (either upgrade tier) in the unique furniture slot,1.0.0,facility,None,None,None,No,Screen,No,Does not play music,No lighting,For sale,FtrScreenSimple_Remake_6_3,6_3,5338,y95E7YhK7CPvDG8eE
hammock,Blue,NA,Hibiscus flowers,Cloth,No,No,Yes,1,1300,325,Blue,Light blue,2x1,NA,Nook's Cranny,"Available in all tiers of shops, including Timmy & Tommy before the shop is opened",1.0.0,outdoors,None,None,None,Yes,Bed,Yes,Does not play music,No lighting,For sale,FtrHammock_Remake_3_2,3_2,1620,v3QuijmQvd5qmiEXj
hammock,Black,NA,White,Cloth,No,No,Yes,1,1300,325,Black,White,2x1,NA,Nook's Cranny,"Available in all tiers of shops, including Timmy & Tommy before the shop is opened",1.0.0,outdoors,None,None,None,Yes,Bed,Yes,Does not play music,No lighting,For sale,FtrHammock_Remake_6_3,6_3,1620,MQtoTqctyqA2Bchsg
rock guitar,Natural wood,NA,Pop logo,Sticker area,No,No,Yes,2,3100,775,Beige,Colorful,1x1,NA,Nook's Cranny,Available in Nook's Cranny (either upgrade tier) in the unique furniture slot,1.0.0,concert,None,None,None,Yes,Musical Instrument,No,Does not play music,No lighting,For sale,FtrElectricguitar1_Remake_5_6,5_6,1644,zBZ39HEkgB3qYjFWg
bunk bed,Pink,NA,White,Bedding,No,No,Yes,2,5000,1250,Pink,White,2x1,NA,Nook's Cranny,Available in Nook's Cranny (either upgrade tier) in the unique furniture slot,1.0.0,facility,None,None,None,Yes,Bed,No,Does not play music,No lighting,For sale,FtrBunkbed_Remake_6_0,6_0,8298,2ydLKLZrqAkruHeaj
deluxe washer,Black,NA,NA,NA,No,No,No,NA,76000,19000,Black,Black,1x1,NA,Nook's Cranny,"Available in Nook's Cranny (upgraded only), in the third unique furniture slot",1.0.0,bathroom,None,None,None,Yes,Home Appliances,No,Does not play music,No lighting,For sale,FtrWashingmachineDrum_Remake_1_0,1_0,1227,A9cDRxPhu8yWgCr7C
deluxe washer,Blue,NA,NA,NA,No,No,No,NA,76000,19000,Blue,Blue,1x1,NA,Nook's Cranny,"Available in Nook's Cranny (upgraded only), in the third unique furniture slot",1.0.0,bathroom,None,None,None,Yes,Home Appliances,No,Does not play music,No lighting,For sale,FtrWashingmachineDrum_Remake_2_0,2_0,1227,w37n9KYeeaGNAoFYb
rattan armchair,White,NA,NA,NA,No,No,No,NA,3200,800,Light blue,White,1x1,NA,Nook's Cranny,"Available in Nook's Cranny (upgraded only), in the unique furniture slot",1.0.0,living room,None,rattan,None,Yes,Sofa,No,Does not play music,No lighting,For sale,FtrRattanChairS_Remake_3_0,3_0,4053,GDCR5zmaEbmmTHFuH
outdoor bench,Red,NA,Green,Seat,No,No,Yes,1,1300,325,Red,Green,2x1,NA,Nook's Cranny,Available in Nook's Cranny (either upgrade tier) in the unique furniture slot,1.0.0,outdoors,None,None,None,Yes,Sofa,Yes,Does not play music,No lighting,For sale,FtrOutdoorchairM_Remake_4_2,4_2,3947,8oyE2tLMJCz4uz5JR
hose reel,Green,NA,NA,NA,No,No,No,NA,1400,350,Green,Beige,1x1,NA,Nook's Cranny,Available in Nook's Cranny (either upgrade tier) in the unique furniture slot,1.0.0,garden,None,None,None,No,Garden,Yes,Does not play music,No lighting,For sale,FtrHosereel_Remake_3_0,3_0,4113,Aja6Y8BJCufbmSWdj
changing room,Brown,NA,Purple,Curtain,No,No,Yes,2,3700,925,Orange,Purple,1x1,NA,Nook's Cranny,"Available in Nook's Cranny (upgraded only), in the unique furniture slot",1.0.0,shop,facility,None,None,Wardrobe,Shop,No,Does not play music,No lighting,For sale,FtrFittingroom_Remake_2_1,2_1,1816,BmTLWo9YRFvGmQFdK
zen-style stone,White granite,Stone,NA,NA,Yes,Yes,No,6,NFS,4500,Gray,Gray,1x1,NA,Crafting,,1.0.0,zen-style,horror,None,None,No,Japanese Style,Yes,Does not play music,No lighting,Not for sale,FtrGravestoneJapan_Remake_0_0,0_0,7317,xDuaerhiJuiJnwNDS
school chair,Natural & silver,NA,NA,NA,No,No,No,NA,980,245,Yellow,Gray,1x1,NA,Nook's Cranny,Available in Nook's Cranny (either upgrade tier) in the unique furniture slot,1.0.0,school,None,None,school,Yes,Chair,No,Does not play music,No lighting,For sale,FtrSchoolChairS_Remake_0_0,0_0,1308,NukHfecsnkaCp2QMz
Papa bear,Checkered,NA,Blue,Ribbon,No,No,Yes,3,8500,2125,Red,Blue,2x2,NA,Nook's Cranny,"Available in Nook's Cranny (upgraded only), in the third unique furniture slot",1.0.0,fancy,child's room,None,bear,No,Animal,No,Does not play music,No lighting,For sale,FtrBearL_Remake_4_2,4_2,1499,N4qANzbii6fpDkcxF
sleeping bag,Blue,NA,NA,NA,No,No,No,NA,1400,350,Blue,Orange,2x1,NA,Nook's Cranny,"Available in all tiers of shops, including Timmy & Tommy before the shop is opened",1.0.0,outdoors,None,None,None,Yes,Bed,Yes,Does not play music,No lighting,For sale,FtrSleepingbag_Remake_2_0,2_0,1434,2tgRqT44Dfuc6RHi2
DJ's turntable,Black,NA,Pop logo,Flag,No,No,Yes,4,9300,2325,Black,Yellow,2x1,NA,Nook's Cranny,"Available in Nook's Cranny (upgraded only), in the unique furniture slot",1.0.0,party,concert,None,None,Yes,Musical Instrument,No,Hi-fi,No lighting,For sale,FtrDJbooth_Remake_0_6,0_6,941,rJ6XcP7hnLAdPQnSW
throwback hat table,Blue,NA,NA,NA,No,No,No,NA,3800,950,Blue,Blue,2x2,NA,Nook's Cranny,"Available in Nook's Cranny (upgraded only), in the third unique furniture slot",1.0.0,child's room,fitness,throwback,None,No,Table,No,Does not play music,No lighting,For sale,FtrBoyTableL_Remake_1_0,1_0,4760,zpgadZ5b36PJfkRGW
fishing-rod stand,Black,Variation,NA,NA,No,Yes,No,1,NFS,300,Black,Black,1x1,NA,Fishing Tourney,,1.0.0,ocean,living room,None,None,No,Supplies,No,Does not play music,No lighting,Not for sale,FtrRodstand_Remake_2_0,2_0,3587,DoZ8JujCxSemiRdC9
upright locker,White,NA,Cool,Sticker area,No,No,Yes,2,3700,925,White,Black,1x1,NA,Nook's Cranny,Available in Nook's Cranny (either upgrade tier) in the unique furniture slot,1.0.0,school,facility,None,None,Wardrobe,Chest,No,Does not play music,No lighting,For sale,FtrLocker_Remake_1_1,1_1,833,YoFRe7sceozdPR3A9
fish-drying rack,Octopus,Variation,NA,NA,No,Yes,No,1,NFS,750,Orange,Beige,2x1,NA,Fishing Tourney,,1.0.0,ocean,garden,None,None,No,Seaside,Yes,Does not play music,No lighting,Not for sale,FtrDriedfish_Remake_2_0,2_0,3581,HJ2ED2N53xRudjShv
wooden double bed,Pink wood,Paint color,Pink,Bedding,Yes,Yes,Yes,6,NFS,3600,Pink,Pink,2x2,NA,Crafting,,1.0.0,child's room,living room,wooden,None,Yes,Bed,No,Does not play music,No lighting,Not for sale,FtrWoodenBedW_Remake_7_1,7_1,7132,R9CWQbAxXixtZp9JZ
wooden double bed,Blue,Paint color,Green,Bedding,Yes,Yes,Yes,6,NFS,3600,Blue,Green,2x2,NA,Crafting,,1.0.0,child's room,living room,wooden,None,Yes,Bed,No,Does not play music,No lighting,Not for sale,FtrWoodenBedW_Remake_6_3,6_3,7132,A7zMCCd9pfw9zPn6Y
ironwood bed,Birch,Lumber type,Navy,Bedding,Yes,Yes,Yes,8,NFS,9900,Beige,Black,2x1,NA,Crafting,,1.0.0,living room,None,ironwood,None,Yes,Bed,No,Does not play music,No lighting,Not for sale,FtrIronwoodBedS_Remake_0_0,0_0,3200,JEcoSbWyZrv7tvZiQ
beekeeper's hive,White,Paint color,NA,NA,Yes,Yes,No,4,NFS,2400,White,White,1x1,NA,Crafting,,1.0.0,garden,None,None,None,No,Ranch,Yes,Does not play music,No lighting,Not for sale,FtrBeekeepingbox_Remake_1_0,1_0,3406,WdhfmHNG3KCDQdrS4
wooden-block stool,Pastel,Block color,NA,NA,Yes,Yes,No,1,NFS,600,Light blue,Light blue,1x1,NA,Crafting,,1.0.0,child's room,None,wooden block,None,Yes,Chair,No,Does not play music,No lighting,Not for sale,FtrBlockStoolS_Remake_3_0,3_0,5543,JkrgNR4zwnMusoz4J
hedge standee,Hibiscus,Season,NA,NA,Yes,Yes,No,1,NFS,600,Green,Red,1x0.5,NA,Crafting,,1.0.0,school,None,None,standee,No,School,No,Does not play music,No lighting,Not for sale,FtrHariboteHedge_Remake_4_0,4_0,531,nBtvcnKS5cu5nyPjf
wooden double bed,Light wood,Paint color,Blue,Bedding,Yes,Yes,Yes,6,NFS,3600,Beige,Light blue,2x2,NA,Crafting,,1.0.0,child's room,living room,wooden,None,Yes,Bed,No,Does not play music,No lighting,Not for sale,FtrWoodenBedW_Remake_0_2,0_2,7132,QM5ThhQJqqCdTqWdg
imperial dining chair,Brown,NA,NA,NA,No,No,No,NA,29000,7250,Green,Brown,1x1,NA,Nook's Cranny,"Available in Nook's Cranny (upgraded only), in the third unique furniture slot",1.0.0,shop,zen-style,None,imperial dining,Yes,Chair,No,Does not play music,No lighting,For sale,FtrChineseChair_Remake_1_0,1_0,7797,LewsiCSziWK5SNXj5
floor lamp,Natural,NA,White,Lampshade,No,No,Yes,1,1400,350,Beige,White,1x1,NA,Nook's Cranny,"Available in Nook's Cranny (upgraded only), in the unique furniture slot",1.0.0,living room,None,None,None,Yes,Lamp,No,Does not play music,Fluorescent,For sale,FtrLamp_Remake_0_0,0_0,2561,LZBQBncGemMuS3oF9
wedding chair,Cute,Design,NA,NA,No,Yes,No,2,2000,500,White,Pink,1x1,NA,Wedding Season,,1.2.0,party,expensive,wedding,None,Yes,Chair,No,Does not play music,No lighting,Not for sale,FtrWeddingChairS_Remake_0_0,0_0,12405,kgHqkSCZZSHaoCNCG
vintage TV tray,Silver,NA,Black,Tray,No,No,Yes,1,1200,300,Gray,Black,1x1,NA,Nook's Cranny,Available in Nook's Cranny (either upgrade tier) in the unique furniture slot,1.0.0,living room,None,None,None,No,Table,No,Does not play music,No lighting,For sale,FtrTVtray_Remake_1_1,1_1,4445,rLhRP92bTAuAzMPA9
electric guitar,Marine emerald,NA,None,Sticker area,No,No,Yes,7,71000,17750,Light blue,Light blue,1x1,NA,Nook's Cranny,"Available in Nook's Cranny (upgraded only), in the third unique furniture slot",1.0.0,concert,None,None,None,Yes,Musical Instrument,No,Does not play music,No lighting,For sale,FtrElectricguitar2_Remake_4_0,4_0,1645,utwBur5sSSpYJPavd
frozen sculpture,Ice purple,Illumination,NA,NA,Yes,Yes,No,7,NFS,6600,Purple,Purple,1.5x1.5,NA,Crafting,,1.0.0,freezing cold,None,frozen,None,No,Seasonal Decor,Yes,Does not play music,No lighting,Not for sale,FtrIceArt_Remake_6_0,6_0,3501,twYuCudxKFe73hMnw
studio spotlight,Blue,NA,NA,NA,No,No,No,NA,2100,525,Black,Blue,1x1,NA,Nook's Cranny,Available in Nook's Cranny (either upgrade tier) in the unique furniture slot,1.0.0,facility,concert,None,None,Yes,Lamp,No,Does not play music,Spotlight,For sale,FtrLampSpot_Remake_6_0,6_0,7189,2MfG3hbJAzna4ygyg
shell table,Purple,Shell color,NA,NA,Yes,Yes,No,4,NFS,2280,Purple,Purple,2x2,NA,Crafting,,1.0.0,ocean,None,shell,None,No,Table,Yes,Does not play music,No lighting,Not for sale,FtrShellTableL_Remake_4_0,4_0,3980,yKEoPwwSmPPAfTMk2
box corner sofa,Pink,NA,NA,NA,No,No,No,NA,2700,675,Pink,Black,1x1,NA,Nook's Cranny,"Available in Nook's Cranny (upgraded only), in the unique furniture slot",1.0.0,shop,facility,None,None,Yes,Chair,No,Does not play music,No lighting,For sale,FtrBoxsofaCorner_Remake_1_0,1_0,1853,XDTS9AhCbPBaCwsob
changing room,Black,NA,Black,Curtain,No,No,Yes,2,3700,925,Black,Black,1x1,NA,Nook's Cranny,"Available in Nook's Cranny (upgraded only), in the unique furniture slot",1.0.0,shop,facility,None,None,Wardrobe,Shop,No,Does not play music,No lighting,For sale,FtrFittingroom_Remake_4_2,4_2,1816,WxywpCh64irnyem5c
screen,Pine,NA,NA,NA,No,No,No,NA,140000,35000,Yellow,Green,2x1,NA,Nook's Cranny,"Available in Nook's Cranny (upgraded only), in the third unique furniture slot",1.0.0,zen-style,expensive,None,None,No,Japanese Style,No,Does not play music,No lighting,For sale,FtrScreenByoubu_Remake_2_0,2_0,716,chz42N5FbGPkxyTgu
digital scale,Black,NA,Floral,Design,No,No,Yes,1,930,232,Black,Red,1x1,NA,Nook's Cranny,Available in Nook's Cranny (either upgrade tier) in the unique furniture slot,1.0.0,bathroom,None,None,None,No,Bathroom Things,No,Does not play music,No lighting,For sale,FtrWeightscale_Remake_1_1,1_1,3307,9rEvCpCeht9DagD3n
simple panel,Brown,NA,Pegboard,Panel design,No,No,Yes,1,810,202,Orange,Brown,1x0.5,NA,Nook's Cranny,Available in Nook's Cranny (either upgrade tier) in the unique furniture slot,1.0.0,facility,None,None,None,No,Screen,No,Does not play music,No lighting,For sale,FtrScreenSimple_Remake_3_2,3_2,5338,H7tHRzitjW4nqrfKD
rocket lamp,Turquoise,NA,NA,NA,No,No,No,NA,1500,375,Light blue,Pink,1x1,NA,Nook's Cranny,Available in Nook's Cranny (either upgrade tier) in the unique furniture slot,1.0.0,facility,None,None,None,Yes,Lamp,No,Does not play music,Fluorescent,For sale,FtrLavalamp_Remake_3_0,3_0,1851,wWcfwGBc6yF88wrjb
wooden table,White wood,Paint color,Pink,Tablecloth,Yes,Yes,Yes,4,NFS,1800,White,Pink,2x2,NA,Crafting,,1.0.0,child's room,living room,wooden,None,No,Table,No,Does not play music,No lighting,Not for sale,FtrWoodenTableL_Remake_1_2,1_2,3439,pkfZzAcbvhphy4Ykm
changing room,Brown,NA,Black,Curtain,No,No,Yes,2,3700,925,Orange,Black,1x1,NA,Nook's Cranny,"Available in Nook's Cranny (upgraded only), in the unique furniture slot",1.0.0,shop,facility,None,None,Wardrobe,Shop,No,Does not play music,No lighting,For sale,FtrFittingroom_Remake_2_2,2_2,1816,k3t55AoYzTC95inHh
monster statue,Blue,NA,NA,NA,No,No,No,NA,NFS,25000,Blue,Blue,3x3,5000,Nook Miles Shop,,1.0.0,child's room,horror,None,None,Yes,Toy,Yes,Does not play music,No lighting,Not for sale,FtrMonster_Remake_1_0,1_0,4722,ifyYxTHPnYs8Tm9GC
drying rack,Black,NA,NA,NA,No,No,No,NA,2700,675,Black,Colorful,2x1,NA,Nook's Cranny,Available in Nook's Cranny (either upgrade tier) in the unique furniture slot,1.0.0,garden,bathroom,None,None,No,Supplies,Yes,Does not play music,No lighting,For sale,FtrClothesstand_Remake_2_0,2_0,7789,BHLggkqKdJ9wuyk9J
ironwood chair,Birch,Lumber type,NA,NA,Yes,Yes,No,3,NFS,1860,Beige,Black,1x1,NA,Crafting,,1.0.0,living room,None,ironwood,None,Yes,Chair,No,Does not play music,No lighting,Not for sale,FtrIronwoodChairS_Remake_0_0,0_0,3193,Gd5KPkiGL664LBeQW
playground gym,Colorful,NA,NA,NA,No,No,No,NA,NFS,15000,Colorful,Colorful,2x2,3000,Nook Miles Shop,,1.0.0,garden,child's room,None,None,Yes,Playground,Yes,Does not play music,No lighting,Not for sale,FtrJunglegym_Remake_0_0,0_0,3430,MbEZKWwfNgEno7wWX
cute sofa,Yellow,NA,NA,NA,No,No,No,NA,9600,2400,Yellow,Orange,2x1,NA,Nook's Cranny,"Available in Nook's Cranny (upgraded only), in the unique furniture slot",1.0.0,fancy,None,cute,None,Yes,Sofa,No,Does not play music,No lighting,For sale,FtrCuteChairL_Remake_2_0,2_0,3998,EPahiFHfus98vyZAd
wooden low table,Cherry wood,Paint color,NA,NA,Yes,Yes,No,2,NFS,1200,Orange,Orange,2x1,NA,Crafting,,1.0.0,child's room,living room,wooden,None,No,Table,No,Does not play music,No lighting,Not for sale,FtrWoodenTableM_Remake_2_0,2_0,7134,zrZRmduoyLNxyBpiX
stall,Light brown,Variation,Red stripes,Curtain,Yes,Yes,Yes,3,NFS,1440,Yellow,Red,2x1,NA,Crafting,,1.0.0,shop,party,None,None,No,Shop,Yes,Does not play music,No lighting,Not for sale,FtrFloat_Remake_2_2,2_2,3617,GTf4kgDnd5s7WsCg7
cute vanity,White,NA,NA,NA,No,No,No,NA,5400,1350,White,Pink,1x1,NA,Nook's Cranny,"Available in Nook's Cranny (upgraded only), in the unique furniture slot",1.0.0,fancy,None,cute,None,Yes,Dresser,No,Does not play music,No lighting,For sale,FtrCuteDresser_Remake_0_0,0_0,4001,y2sCDMvPCTJQz6QB3
palm-tree lamp,Cool,Variation,NA,NA,Yes,Yes,No,5,NFS,3280,Blue,Blue,1.5x1.5,NA,Crafting,,1.0.0,ocean,None,None,None,Yes,Lamp,Yes,Does not play music,Fluorescent,Not for sale,FtrPalmtreelamp_Remake_3_0,3_0,7259,6Rw7bqA4MZDoMt7jn
blossom-viewing lantern,Light wood,Body color,NA,NA,Yes,Yes,No,4,NFS,2880,Beige,Pink,1x1,NA,Crafting,,1.0.0,zen-style,None,cherry blossoms,None,Yes,Lamp,Yes,Does not play music,Fluorescent,Not for sale,FtrSakuraLantern_Remake_1_0,1_0,6831,SwREFsfJhFy9SyeBo
illuminated reindeer,Green,Light color,NA,NA,Yes,Yes,No,6,NFS,4350,Green,Green,2x1,NA,Crafting,,1.0.0,party,fancy,festive,None,Yes,Seasonal Decor,Yes,Does not play music,Fluorescent,Not for sale,FtrIllumiReindeer_Remake_3_0,3_0,4074,s4MEWnJFgptPZsLLE
writing chair,Natural,NA,Yellow,Seat,No,No,Yes,1,1700,425,Beige,Yellow,1x1,NA,Nook's Cranny,Available in Nook's Cranny (either upgrade tier) in the unique furniture slot,1.0.0,child's room,None,None,writing,Yes,Chair,No,Does not play music,No lighting,For sale,FtrStudyChair_Remake_0_0,0_0,3702,xSDav8xoLttoKknLf
DJ's turntable,Black,NA,Handwritten logo,Flag,No,No,Yes,4,9300,2325,Black,Light blue,2x1,NA,Nook's Cranny,"Available in Nook's Cranny (upgraded only), in the unique furniture slot",1.0.0,party,concert,None,None,Yes,Musical Instrument,No,Hi-fi,No lighting,For sale,FtrDJbooth_Remake_0_5,0_5,941,XG5yDiNsiS3iYQ86f
box sofa,Pink,NA,NA,NA,No,No,No,NA,2700,675,Pink,Black,1x1,NA,Nook's Cranny,"Available in Nook's Cranny (upgraded only), in the unique furniture slot",1.0.0,shop,facility,None,None,Yes,Chair,No,Does not play music,No lighting,For sale,FtrBoxsofa_Remake_1_0,1_0,1852,aHgmWBhMnmGxJN6j6
changing room,Black,NA,White,Curtain,No,No,Yes,2,3700,925,Black,White,1x1,NA,Nook's Cranny,"Available in Nook's Cranny (upgraded only), in the unique furniture slot",1.0.0,shop,facility,None,None,Wardrobe,Shop,No,Does not play music,No lighting,For sale,FtrFittingroom_Remake_4_0,4_0,1816,SRDQjDatcaYRfDfm6
serving cart,White & silver,NA,NA,NA,No,No,No,NA,1300,325,White,Gray,1x1,NA,Nook's Cranny,Available in Nook's Cranny (either upgrade tier) in the unique furniture slot,1.0.0,kitchen,shop,None,None,No,Kitchen Things,No,Does not play music,No lighting,For sale,FtrServingcart_Remake_3_0,3_0,1606,YJt9y4i4HXxPePjKF
bunk bed,Pink,NA,Colorful lines,Bedding,No,No,Yes,2,5000,1250,Pink,Yellow,2x1,NA,Nook's Cranny,Available in Nook's Cranny (either upgrade tier) in the unique furniture slot,1.0.0,facility,None,None,None,Yes,Bed,No,Does not play music,No lighting,For sale,FtrBunkbed_Remake_6_4,6_4,8298,aPtXoArnCiHQ2LbYy
rattan vanity,Black,NA,NA,NA,No,No,No,NA,5900,1475,Black,Black,1x1,NA,Nook's Cranny,"Available in Nook's Cranny (upgraded only), in the unique furniture slot",1.0.0,living room,None,rattan,None,Yes,Dresser,No,Does not play music,No lighting,For sale,FtrRattanDresser_Remake_5_0,5_0,4051,s5g3Yx2PRcozdCWWh
wooden full-length mirror,Pink wood,Paint color,NA,NA,Yes,Yes,No,2,NFS,1350,Pink,Pink,1x1,NA,Crafting,,1.0.0,child's room,living room,wooden,None,Yes,Dresser,No,Does not play music,No lighting,Not for sale,FtrWoodenMirror_Remake_7_0,7_0,7137,uLZXHqNXG75ZtcKXM
wooden simple bed,Dark wood,Paint color,Orange,Bedding,Yes,Yes,Yes,4,NFS,2160,Brown,Orange,2x1,NA,Crafting,,1.0.0,child's room,living room,wooden,None,Yes,Bed,No,Does not play music,No lighting,Not for sale,FtrWoodenBedS_Remake_3_0,3_0,2605,4eFNs5fj45mQLdiGx
garden lantern,Bronze,NA,NA,NA,No,No,No,NA,1400,350,Green,Green,1x1,NA,Nook's Cranny,Available in Nook's Cranny (either upgrade tier) in the unique furniture slot,1.0.0,garden,None,None,None,Yes,Lamp,Yes,Does not play music,Fluorescent,For sale,FtrLampGarden_Remake_2_0,2_0,1628,FccAL9Z7t4e9LoCwf
exercise ball,White,NA,NA,NA,No,No,No,NA,1100,275,White,White,1x1,NA,Nook's Cranny,Available in Nook's Cranny (either upgrade tier) in the unique furniture slot,1.0.0,fitness,office,None,None,Yes,Sports,No,Does not play music,No lighting,For sale,FtrBalanceball_Remake_2_0,2_0,1598,xuxAD8a4MFbZbps7c
claw-foot tub,Black,NA,NA,NA,No,No,No,NA,63000,15750,Black,White,2x1,NA,Nook's Cranny,"Available in Nook's Cranny (upgraded only), in the third unique furniture slot",1.0.0,bathroom,expensive,None,None,No,Bathtub,No,Does not play music,No lighting,For sale,FtrBathtubCabriole_Remake_1_0,1_0,1757,JXnrPfBhZSX353JYM
simple panel,Copper,NA,Mud wall,Panel design,No,No,Yes,1,810,202,Brown,Beige,1x0.5,NA,Nook's Cranny,Available in Nook's Cranny (either upgrade tier) in the unique furniture slot,1.0.0,facility,None,None,None,No,Screen,No,Does not play music,No lighting,For sale,FtrScreenSimple_Remake_5_5,5_5,5338,SbQ5CrEdERBrnTkSx
pet bed,White,NA,Moss green,Cushion,No,No,Yes,1,1100,275,White,Green,1x1,NA,Nook's Cranny,Available in Nook's Cranny (either upgrade tier) in the unique furniture slot,1.0.0,living room,None,None,pet,Yes,Chair,No,Does not play music,No lighting,For sale,FtrPetBed_Remake_2_1,2_1,7802,DNG8geAdXzG2k3uH6
soft-serve lamp,Purple sweet potato,NA,NA,NA,No,No,No,NA,3000,750,Purple,Beige,1x1,NA,Nook's Cranny,"Available in Nook's Cranny (upgraded only), in the unique furniture slot",1.0.0,shop,fancy,None,None,Yes,Lamp,Yes,Does not play music,Fluorescent,For sale,FtrLampSoftcream_Remake_1_0,1_0,3416,DfXYbuExurXsjxZkm
floor lamp,White,NA,Light blue,Lampshade,No,No,Yes,1,1400,350,White,Light blue,1x1,NA,Nook's Cranny,"Available in Nook's Cranny (upgraded only), in the unique furniture slot",1.0.0,living room,None,None,None,Yes,Lamp,No,Does not play music,Fluorescent,For sale,FtrLamp_Remake_2_3,2_3,2561,eBLomgnf2DbuMfmFS
stall,Dark brown,Variation,Green stripes,Curtain,Yes,Yes,Yes,3,NFS,1440,Brown,Green,2x1,NA,Crafting,,1.0.0,shop,party,None,None,No,Shop,Yes,Does not play music,No lighting,Not for sale,FtrFloat_Remake_1_1,1_1,3617,kzdhvTBNcyJ5S4ztD
standard umbrella stand,Silver,Body color,Dots,Favorite umbrella,Yes,Yes,Yes,4,NFS,2250,Gray,Green,1x1,NA,Crafting,,1.0.0,school,office,None,None,No,Supplies,No,Does not play music,No lighting,Not for sale,FtrUmbrellastand_Remake_2_1,2_1,3445,KM3HcP7F7NjTQemkt
public bench,White,NA,NA,NA,No,No,No,NA,NFS,10000,Beige,Beige,2x1,2000,Nook Miles Shop,,1.0.0,facility,None,None,None,Yes,Sofa,Yes,Does not play music,No lighting,Not for sale,FtrPublicbench_Remake_3_0,3_0,3346,xpetQ9ZwwY9euSKH5
air circulator,White,NA,NA,NA,No,No,No,NA,1100,275,White,White,1x1,NA,Nook's Cranny,Available in Nook's Cranny (either upgrade tier) in the unique furniture slot,1.0.0,living room,office,None,None,Yes,Fan,Yes,Does not play music,No lighting,For sale,FtrCirculator_Remake_0_0,0_0,3821,J4inuBziPCSGZNEPM
stall,Natural,Variation,Red stripes,Curtain,Yes,Yes,Yes,3,NFS,1440,Beige,Red,2x1,NA,Crafting,,1.0.0,shop,party,None,None,No,Shop,Yes,Does not play music,No lighting,Not for sale,FtrFloat_Remake_0_2,0_2,3617,AaQe7bG5MysbQr6R8
lifeguard chair,Red,NA,NA,NA,No,No,No,NA,NFS,5000,Red,Red,1x1,1000,Nook Miles Shop,,1.0.0,ocean,None,None,None,No,Seaside,Yes,Does not play music,No lighting,Not for sale,FtrMonitoringchair_Remake_4_0,4_0,3345,7DESvhrXXQvZLfXBh
frozen arch,Ice green,Illumination,NA,NA,Yes,Yes,No,7,NFS,9000,Green,Green,3x1,NA,Crafting,,1.0.0,freezing cold,None,frozen,None,No,Arch,Yes,Does not play music,No lighting,Not for sale,FtrIceGate_Remake_5_0,5_0,3499,v6P8ekW9rxCHSKfhf
climbing wall,Blue,NA,NA,NA,No,No,No,NA,4300,1075,Light blue,Colorful,2x0.5,NA,Nook's Cranny,"Available in Nook's Cranny (upgraded only), in the unique furniture slot",1.0.0,fitness,None,None,None,No,Sports,Yes,Does not play music,No lighting,For sale,FtrClimbingwall_Remake_2_0,2_0,4006,QBtBqZfN2vfJbe3TE
garden bench,White,Variation,NA,NA,Yes,Yes,No,6,NFS,4440,White,White,2x1,NA,Crafting,,1.0.0,garden,None,None,None,Yes,Sofa,Yes,Does not play music,No lighting,Not for sale,FtrParkbenche_Remake_5_0,5_0,3509,kmuuh5kB75uocwKnr
iron hanger stand,White,NA,Shell pink,Shawl,Yes,No,Yes,4,NFS,2250,White,Pink,1x1,NA,Crafting,,1.0.0,living room,None,iron,None,No,Chest,No,Does not play music,No lighting,Not for sale,FtrIronHanger_Remake_1_1,1_1,3561,LDXoMXLyLPFLGGN8Y
school desk,Light brown & black,NA,NA,NA,No,No,No,NA,1100,275,Orange,Black,1x1,NA,Nook's Cranny,Available in Nook's Cranny (either upgrade tier) in the unique furniture slot,1.0.0,school,None,None,school,No,Desk,No,Does not play music,No lighting,For sale,FtrSchoolTableS_Remake_2_0,2_0,1328,c4LPPGGWHeZyXuDfH
throwback rocket,Black,NA,NA,NA,No,No,No,NA,5900,1475,Black,Red,1x1,NA,Nook's Cranny,"Available in Nook's Cranny (upgraded only), in the unique furniture slot",1.0.0,child's room,space,throwback,None,Wardrobe,Chest,No,Does not play music,No lighting,For sale,FtrBoyClosetL_Remake_5_0,5_0,4761,5j7mynEbTsJ8Yc3GA
birthday sign,Blue,Variation,NA,NA,No,Yes,No,1,NFS,300,Colorful,Blue,2x1,NA,Birthday,,1.0.0,party,fancy,None,birthday,No,Seasonal Decor,No,Does not play music,No lighting,Not for sale,FtrBirthdayBoard_Remake_2_0,2_0,3594,L37r5nZM9HMtypigw
giant teddy bear,Cream,Fabric,White,Ribbon,Yes,Yes,Yes,8,NFS,6300,Yellow,White,3x3,NA,Crafting,,1.0.0,fancy,child's room,None,bear,No,Animal,No,Does not play music,No lighting,Not for sale,FtrBearXL_Remake_0_1,0_1,1504,Wa2ByDsRxqXAcu2Eb
speed bag,Black,NA,NA,NA,No,No,No,NA,3500,875,Black,Gray,1x1,NA,Nook's Cranny,Available in Nook's Cranny (either upgrade tier) in the unique furniture slot,1.0.0,fitness,None,None,None,Yes,Sports,No,Does not play music,No lighting,For sale,FtrSpeedbag_Remake_2_0,2_0,7653,ZRSRxiAGZwaAtAumW
effects rack,Blue,NA,Rock logo,Sticker area,No,No,Yes,3,6800,1700,Blue,Purple,1x1,NA,Nook's Cranny,"Available in Nook's Cranny (upgraded only), in the unique furniture slot",1.0.0,concert,facility,None,None,No,Musical Instrument,No,Does not play music,No lighting,For sale,FtrEffectorrack_Remake_3_3,3_3,950,jM4ARnEqpPMPDQcY2
wooden-block stool,Natural,Block color,NA,NA,Yes,Yes,No,1,NFS,600,Brown,Brown,1x1,NA,Crafting,,1.0.0,child's room,None,wooden block,None,Yes,Chair,No,Does not play music,No lighting,Not for sale,FtrBlockStoolS_Remake_0_0,0_0,5543,2ZYB28KdGnYJAxNvz
swinging bench,White wood,Lumber type,NA,NA,Yes,Yes,No,2,NFS,1440,White,White,2x1,NA,Crafting,,1.0.0,garden,None,None,None,Yes,Sofa,Yes,Does not play music,No lighting,Not for sale,FtrSwingWood_Remake_2_0,2_0,1170,tgHfawPjKQXfWEGfT
Bunny Day vanity,NA,NA,NA,NA,Yes,No,No,NA,NFS,1600,Green,Green,1x1,NA,Crafting,,1.1.0a,fancy,None,Bunny Day,None,No,Dresser,No,Does not play music,No lighting,Not for sale,FtrEggDresser,NA,12420,RLey65t95i2RLdHn9
space shuttle,NA,NA,NA,NA,Yes,No,No,NA,NFS,10000,White,Black,2x1,NA,Crafting,,1.0.0,space,None,None,None,Yes,Space,Yes,Does not play music,No lighting,Not for sale,FtrShuttle,NA,1444,uFQvuL2KQhFRjNrvB
box sofa,Magenta,NA,NA,NA,No,No,No,NA,2700,675,Pink,Black,1x1,NA,Nook's Cranny,"Available in Nook's Cranny (upgraded only), in the unique furniture slot",1.0.0,shop,facility,None,None,Yes,Chair,No,Does not play music,No lighting,For sale,FtrBoxsofa_Remake_5_0,5_0,1852,Tngorv6MyxAe9Pirh
giant teddy bear,Cream,Fabric,Giant stripes,Ribbon,Yes,Yes,Yes,8,NFS,6300,Yellow,Yellow,3x3,NA,Crafting,,1.0.0,fancy,child's room,None,bear,No,Animal,No,Does not play music,No lighting,Not for sale,FtrBearXL_Remake_0_3,0_3,1504,DipFZCLdJRKMDb9zN
electric guitar,Chic white,NA,Pop logo,Sticker area,No,No,Yes,7,71000,17750,White,Colorful,1x1,NA,Nook's Cranny,"Available in Nook's Cranny (upgraded only), in the third unique furniture slot",1.0.0,concert,None,None,None,Yes,Musical Instrument,No,Does not play music,No lighting,For sale,FtrElectricguitar2_Remake_5_6,5_6,1645,HGAN2rZcezYSmEy4u
monstera,White,NA,NA,NA,No,No,No,NA,1700,425,White,Green,1x1,NA,Nook's Cranny,Available in Nook's Cranny (either upgrade tier) in the unique furniture slot,1.0.0,living room,None,None,None,No,Plants,No,Does not play music,No lighting,For sale,FtrPlantMonstera_Remake_5_0,5_0,4129,GX8vNi8HbPZ5CS2MD
baby chair,Blue,NA,Butterfly,Cushion,No,No,Yes,1,1200,300,Blue,Orange,1x1,NA,Nook's Cranny,Available in Nook's Cranny (either upgrade tier) in the unique furniture slot,1.0.0,child's room,None,None,None,Yes,Chair,No,Does not play music,No lighting,For sale,FtrBabychair_Remake_4_2,4_2,3305,2w7g3DewPNN9w47Yu
wooden double bed,Dark wood,Paint color,Pink,Bedding,Yes,Yes,Yes,6,NFS,3600,Brown,Pink,2x2,NA,Crafting,,1.0.0,child's room,living room,wooden,None,Yes,Bed,No,Does not play music,No lighting,Not for sale,FtrWoodenBedW_Remake_3_1,3_1,7132,nTQR6Aks32SA7AM6b
tree standee,Summer,Season,NA,NA,Yes,Yes,No,3,NFS,1560,Green,Brown,2x1,NA,Crafting,,1.0.0,school,None,None,standee,No,School,No,Does not play music,No lighting,Not for sale,FtrHariboteTree_Remake_2_0,2_0,533,FXyJonwDXfpLYFJMD
rocking horse,Blue,Paint color,NA,NA,Yes,Yes,No,1,NFS,600,Blue,Light blue,1x1,NA,Crafting,,1.0.0,child's room,fancy,None,None,Yes,Toy,No,Does not play music,No lighting,Not for sale,FtrRockinghorse_Remake_4_0,4_0,83,gWsRZjnmBJkYeKRzx
floor lamp,White,NA,Gray,Lampshade,No,No,Yes,1,1400,350,White,Gray,1x1,NA,Nook's Cranny,"Available in Nook's Cranny (upgraded only), in the unique furniture slot",1.0.0,living room,None,None,None,Yes,Lamp,No,Does not play music,Fluorescent,For sale,FtrLamp_Remake_2_1,2_1,2561,b6GArHycdzQhKwY9r
ironwood table,Oak,Lumber type,NA,NA,Yes,Yes,No,7,NFS,5940,Orange,White,2x2,NA,Crafting,,1.0.0,living room,None,ironwood,None,No,Table,No,Does not play music,No lighting,Not for sale,FtrIronwoodTableL_Remake_4_0,4_0,3191,ckXna4S38CAbfdaiX
frozen sculpture,Ice orange,Illumination,NA,NA,Yes,Yes,No,7,NFS,6600,Orange,Orange,1.5x1.5,NA,Crafting,,1.0.0,freezing cold,None,frozen,None,No,Seasonal Decor,Yes,Does not play music,No lighting,Not for sale,FtrIceArt_Remake_4_0,4_0,3501,Ncci8pscF7aBiEnSk
wooden stool,Cherry wood,Paint color,Green,Seat,Yes,Yes,Yes,2,NFS,480,Orange,Green,1x1,NA,Crafting,,1.0.0,child's room,living room,wooden,None,Yes,Chair,No,Does not play music,No lighting,Not for sale,FtrWoodenStoolS_Remake_2_4,2_4,3449,L8aNAt3gAPtvpf3Tx
upright locker,Silver,NA,None,Sticker area,No,No,Yes,2,3700,925,Gray,Gray,1x1,NA,Nook's Cranny,Available in Nook's Cranny (either upgrade tier) in the unique furniture slot,1.0.0,school,facility,None,None,Wardrobe,Chest,No,Does not play music,No lighting,For sale,FtrLocker_Remake_0_0,0_0,833,KN6oGFqSfzxaJu2rQ
telescope,NA,NA,NA,NA,No,No,No,NA,5600,1400,White,Black,1x1,NA,Nook's Cranny,Available in Nook's Cranny (either upgrade tier) in the unique furniture slot,1.0.0,space,None,None,None,No,Space,Yes,Does not play music,No lighting,For sale,FtrTelescope,NA,1186,LSh9eBsD3etAYjFRJ
log round table,Orange wood,Lumber type,Geometric print,Tablecloth,Yes,Yes,Yes,4,NFS,1800,Orange,Colorful,2x2,NA,Crafting,,1.0.0,garden,living room,log,None,No,Table,Yes,Does not play music,No lighting,Not for sale,FtrLogTableLRound_Remake_1_2,1_2,4043,pczBXmbNsQbipuDsE
baby chair,Black,NA,Bear,Cushion,No,No,Yes,1,1200,300,Black,Colorful,1x1,NA,Nook's Cranny,Available in Nook's Cranny (either upgrade tier) in the unique furniture slot,1.0.0,child's room,None,None,None,Yes,Chair,No,Does not play music,No lighting,For sale,FtrBabychair_Remake_6_0,6_0,3305,hu24KrPHNS3tA8ufv
shell table,White,Shell color,NA,NA,Yes,Yes,No,4,NFS,2280,White,White,2x2,NA,Crafting,,1.0.0,ocean,None,shell,None,No,Table,Yes,Does not play music,No lighting,Not for sale,FtrShellTableL_Remake_0_0,0_0,3980,S5WDhgsqQEmzSPDtG
zen cushion,NA,NA,Crane,Upholstery,No,No,Yes,1,500,125,Red,Red,1x1,NA,Nook's Cranny,Available in Nook's Cranny (either upgrade tier) in the unique furniture slot,1.0.0,zen-style,living room,None,None,Yes,Chair,No,Does not play music,No lighting,For sale,FtrCushionJapan_Remake_0_5,0_5,7047,dRrJtY9YCpaJmvNpu
silo,Blue roof,Roof color,NA,NA,Yes,Yes,No,7,NFS,13920,Blue,Gray,2x2,NA,Crafting,,1.0.0,garden,None,None,None,No,Ranch,Yes,Does not play music,No lighting,Not for sale,FtrSilo_Remake_2_0,2_0,7247,AhJbeCjLhjdnuPRBL
hammock,Brown,NA,Colorful,Cloth,No,No,Yes,1,1300,325,Brown,Colorful,2x1,NA,Nook's Cranny,"Available in all tiers of shops, including Timmy & Tommy before the shop is opened",1.0.0,outdoors,None,None,None,Yes,Bed,Yes,Does not play music,No lighting,For sale,FtrHammock_Remake_0_0,0_0,1620,QscLmzsw9rk9jDSsB
frozen tree,Ice,Illumination,NA,NA,Yes,Yes,No,7,NFS,8200,Light blue,Light blue,2x2,NA,Crafting,,1.0.0,freezing cold,None,frozen,None,No,Seasonal Decor,Yes,Does not play music,No lighting,Not for sale,FtrIceTree_Remake_0_0,0_0,3504,asiYm63NdJs2iyz5T
wooden table,Pink wood,Paint color,Pink,Tablecloth,Yes,Yes,Yes,4,NFS,1800,Pink,Pink,2x2,NA,Crafting,,1.0.0,child's room,living room,wooden,None,No,Table,No,Does not play music,No lighting,Not for sale,FtrWoodenTableL_Remake_7_2,7_2,3439,kWb6qniKvSnYdgNLE
train set,Spring,NA,NA,NA,No,No,No,NA,7900,1975,Green,Brown,2x2,NA,Nook's Cranny,"Available in Nook's Cranny (upgraded only), in the third unique furniture slot",1.0.0,child's room,None,None,None,Yes,Toy,No,Does not play music,No lighting,For sale,FtrRailroad_Remake_0_0,0_0,85,XhTiTf8dDoHJNxp3Q
synthesizer,Silver,NA,NA,NA,No,No,No,NA,66000,16500,Gray,White,2x1,NA,Nook's Cranny,"Available in Nook's Cranny (upgraded only), in the third unique furniture slot",1.0.0,concert,None,None,None,Yes,Musical Instrument,No,Does not play music,No lighting,For sale,FtrSynthesizer_Remake_4_0,4_0,1171,qjCR3BmTZ48FGqunc
drum set,Natural wood,NA,Rock logo,Bass drum head,No,No,Yes,2,5600,1400,Brown,Black,2x1,NA,Nook's Cranny,"Available in Nook's Cranny (upgraded only), in the unique furniture slot",1.0.0,concert,None,None,None,Yes,Musical Instrument,No,Does not play music,No lighting,For sale,FtrDrumSet_Remake_3_4,3_4,1803,kYCRpKyhmcGyFyRjE
box sofa,Turquoise,NA,NA,NA,No,No,No,NA,2700,675,Light blue,Black,1x1,NA,Nook's Cranny,"Available in Nook's Cranny (upgraded only), in the unique furniture slot",1.0.0,shop,facility,None,None,Yes,Chair,No,Does not play music,No lighting,For sale,FtrBoxsofa_Remake_0_0,0_0,1852,pu6EP3DibieFgjoik
frozen table,Ice pink,Illumination,NA,NA,Yes,Yes,No,7,NFS,8200,Pink,Pink,2x2,NA,Crafting,,1.0.0,freezing cold,None,frozen,None,No,Table,Yes,Does not play music,No lighting,Not for sale,FtrIceTableL_Remake_2_0,2_0,3497,yrpSRKcoevsRLECA9
simple panel,Light gray,NA,Plain panel,Panel design,No,No,Yes,1,810,202,Gray,Gray,1x0.5,NA,Nook's Cranny,Available in Nook's Cranny (either upgrade tier) in the unique furniture slot,1.0.0,facility,None,None,None,No,Screen,No,Does not play music,No lighting,For sale,FtrScreenSimple_Remake_0_0,0_0,5338,TD6xH3vgjuf8YgkW8
video camera,Silver,NA,NA,NA,No,No,No,NA,32000,8000,Gray,White,1x1,NA,Nook's Cranny,"Available in Nook's Cranny (upgraded only), in the third unique furniture slot",1.0.0,facility,None,None,None,Yes,Home Appliances,No,Does not play music,No lighting,For sale,FtrVideocamera_Remake_1_0,1_0,1221,GMwQFmbJZxGm59kMG
wooden full-length mirror,Cherry wood,Paint color,NA,NA,Yes,Yes,No,2,NFS,1350,Orange,Orange,1x1,NA,Crafting,,1.0.0,child's room,living room,wooden,None,Yes,Dresser,No,Does not play music,No lighting,Not for sale,FtrWoodenMirror_Remake_2_0,2_0,7137,sTauxkAuH8gBYbBeS
retro gas pump,White,NA,Black retro,Lamp,No,No,Yes,1,2700,675,White,Yellow,1x1,NA,Nook's Cranny,Available in Nook's Cranny (either upgrade tier) in the unique furniture slot,1.0.0,garden,shop,diner,None,Yes,Vehicle,Yes,Does not play music,No lighting,For sale,FtrAmeretroGasstand_Remake_3_2,3_2,4140,dJmvANEXpjtd5Soki
outdoor bench,Blue,NA,Green,Seat,No,No,Yes,1,1300,325,Blue,Green,2x1,NA,Nook's Cranny,Available in Nook's Cranny (either upgrade tier) in the unique furniture slot,1.0.0,outdoors,None,None,None,Yes,Sofa,Yes,Does not play music,No lighting,For sale,FtrOutdoorchairM_Remake_3_2,3_2,3947,dkiREMcv6xPGwd8xE
signpost,Tailors,Navigation,NA,NA,Yes,Yes,No,1,NFS,600,Beige,Brown,1x1,NA,Crafting,,1.0.0,garden,None,None,None,No,Ranch,Yes,Does not play music,No lighting,Not for sale,FtrSignpost_Remake_6_0,6_0,3588,YsmNnciBFKixYsYt2
wooden wardrobe,White wood,Paint color,NA,NA,Yes,Yes,No,2,NFS,1440,Beige,Beige,1x1,NA,Crafting,,1.0.0,child's room,living room,wooden,None,Wardrobe,Chest,No,Does not play music,No lighting,Not for sale,FtrWoodenCloset_Remake_1_0,1_0,3436,Se3aB9BmAocHWXjtQ
ironwood low table,Old,Lumber type,NA,NA,Yes,Yes,No,5,NFS,3720,Brown,Black,2x1,NA,Crafting,,1.0.0,living room,None,ironwood,None,No,Table,No,Does not play music,No lighting,Not for sale,FtrIronwoodTableM_Remake_3_0,3_0,3194,wdQgShDyfy9Dxaa9d
hammock,Pink,NA,Colorful,Cloth,No,No,Yes,1,1300,325,Pink,Colorful,2x1,NA,Nook's Cranny,"Available in all tiers of shops, including Timmy & Tommy before the shop is opened",1.0.0,outdoors,None,None,None,Yes,Bed,Yes,Does not play music,No lighting,For sale,FtrHammock_Remake_4_0,4_0,1620,XtXcTHnRgEYCGtHsc
elephant slide,Blue,NA,NA,NA,No,No,No,NA,4200,1050,Blue,Yellow,2x1,NA,Nook's Cranny,Available in Nook's Cranny (either upgrade tier) in the unique furniture slot,1.0.0,garden,child's room,None,None,No,Playground,No,Does not play music,No lighting,For sale,FtrSlideelephant_Remake_0_0,0_0,86,arXw6Sz99gRb6xwjq
giant teddy bear,Floral,Fabric,Giant stripes,Ribbon,Yes,Yes,Yes,8,NFS,6300,Yellow,Yellow,3x3,NA,Crafting,,1.0.0,fancy,child's room,None,bear,No,Animal,No,Does not play music,No lighting,Not for sale,FtrBearXL_Remake_3_3,3_3,1504,TrHe7xvHHBgosWYf7
log chair,Orange wood,Lumber type,Geometric print,Cushion,Yes,Yes,Yes,3,NFS,960,Orange,Colorful,1x1,NA,Crafting,,1.0.0,garden,living room,log,None,Yes,Sofa,No,Does not play music,No lighting,Not for sale,FtrLogSofaS_Remake_1_2,1_2,4039,wrosk7GEpHGP9Mrht
juicy-apple TV,Red apple,Fruit type,NA,NA,Yes,Yes,No,5,NFS,3500,Red,Yellow,1x1,NA,Crafting,,1.0.0,fancy,None,fruits,apple,Yes,TV,No,Does not play music,Monitor,Not for sale,FtrFruitsTV_Remake_0_0,0_0,2596,TZ25BzNNHG4fcmncS
mush log,Yellow mushroom,Mushroom type,NA,NA,Yes,Yes,No,3,NFS,1680,Brown,Orange,1x1,NA,Crafting,,1.0.0,facility,garden,mush,None,No,Desk,Yes,Does not play music,No lighting,Not for sale,FtrMushroomPulpwood_Remake_4_0,4_0,3808,9MpB3jmXDvDReYqcx
upright piano,White,NA,NA,NA,No,No,No,NA,53000,13250,White,Black,2x1,NA,Nook's Cranny,"Available in Nook's Cranny (upgraded only), in the third unique furniture slot",1.0.0,music,expensive,None,None,Yes,Musical Instrument,No,Does not play music,No lighting,For sale,FtrPianoUpright_Remake_1_0,1_0,1081,9jdLwLS36rfB8gnvw
whiteboard,Sales meeting,NA,NA,NA,No,No,No,NA,2600,650,White,Gray,2x1,NA,Nook's Cranny,"Available in Nook's Cranny (upgraded only), in the unique furniture slot",1.0.0,office,None,None,None,No,Office,No,Does not play music,No lighting,For sale,FtrWhiteboard_Remake_2_0,2_0,4116,MHBNvWPSJmb6wmccP
crescent-moon chair,Pink,Color,NA,NA,Yes,Yes,No,7,NFS,8500,Pink,Yellow,2x1,NA,Crafting,,1.0.0,space,fancy,stars,None,Yes,Chair,No,Does not play music,Fluorescent,Not for sale,FtrStarMoonChairL_Remake_4_0,4_0,6829,EsjzgZ4DDNgr3dScK
frozen table,Ice orange,Illumination,NA,NA,Yes,Yes,No,7,NFS,8200,Orange,Orange,2x2,NA,Crafting,,1.0.0,freezing cold,None,frozen,None,No,Table,Yes,Does not play music,No lighting,Not for sale,FtrIceTableL_Remake_4_0,4_0,3497,yzYTKaLjYsFfm9LJn
rattan wardrobe,White,NA,NA,NA,No,No,No,NA,6900,1725,White,White,1x1,NA,Nook's Cranny,"Available in Nook's Cranny (upgraded only), in the unique furniture slot",1.0.0,living room,None,rattan,None,Wardrobe,Chest,No,Does not play music,No lighting,For sale,FtrRattanClosetLR_Remake_3_0,3_0,4049,fmsWKfhA2rDpaFpqg
outdoor generator,Yellow,NA,NA,NA,No,No,No,NA,4900,1225,Yellow,Black,1x1,NA,Nook's Cranny,"Available in all tiers of shops, including Timmy & Tommy before the shop is opened",1.0.0,outdoors,None,None,None,Yes,Outdoors Decor,Yes,Does not play music,No lighting,For sale,FtrOutdoorgenerator_Remake_2_0,2_0,7526,hy2JMRuy3McgGkvZK
log bed,White wood,Lumber type,Geometric print,Bedding,Yes,Yes,Yes,6,NFS,3600,Beige,Colorful,2x2,NA,Crafting,,1.0.0,garden,living room,log,None,Yes,Bed,No,Does not play music,No lighting,Not for sale,FtrLogBedW_Remake_2_1,2_1,4041,wYroCxap7Zb4RzXvR
marimba,NA,NA,NA,NA,No,No,No,NA,4300,1075,Brown,Black,2x1,NA,Nook's Cranny,"Available in Nook's Cranny (upgraded only), in the unique furniture slot",1.0.0,music,school,None,None,Yes,Musical Instrument,No,Does not play music,No lighting,For sale,FtrMarimba,NA,4121,SzF6bFn3g3Twkvxcm
stadiometer,Pink,NA,NA,NA,No,No,No,NA,2100,525,Pink,Gray,1x1,NA,Nook's Cranny,Available in Nook's Cranny (either upgrade tier) in the unique furniture slot,1.0.0,school,facility,None,None,No,School,No,Does not play music,No lighting,For sale,FtrStadiometer_Remake_2_0,2_0,546,jAJCGeiA24YmF7oQP
outdoor bench,Red,NA,Blue,Seat,No,No,Yes,1,1300,325,Red,Blue,2x1,NA,Nook's Cranny,Available in Nook's Cranny (either upgrade tier) in the unique furniture slot,1.0.0,outdoors,None,None,None,Yes,Sofa,Yes,Does not play music,No lighting,For sale,FtrOutdoorchairM_Remake_4_3,4_3,3947,75EW6jauBk2AR8yTd
water pump,Silver,Body color,NA,NA,Yes,Yes,No,4,NFS,2700,White,Gray,1x1,NA,Crafting,,1.0.0,garden,None,None,None,Yes,Garden,Yes,Does not play music,No lighting,Not for sale,FtrHandpump_Remake_2_0,2_0,2326,f9ZkD7XEPJMWq3rKx
blue corner,NA,NA,Red,Ring curtain,No,No,Yes,3,6100,1525,White,Red,2x2,NA,Nook's Cranny,"Available in Nook's Cranny (upgraded only), in the third unique furniture slot",1.0.0,fitness,None,None,sports ring,Yes,Sports,No,Does not play music,No lighting,For sale,FtrRingcornerBlue_Remake_0_1,0_1,7150,YJDH6BhWRKZRcT7Rp
alto saxophone,NA,NA,NA,NA,No,No,No,NA,3400,850,Yellow,Yellow,1x1,NA,Nook's Cranny,"Available in Nook's Cranny (upgraded only), in the unique furniture slot",1.0.0,music,None,None,None,Yes,Musical Instrument,No,Does not play music,No lighting,For sale,FtrAltosax,NA,846,yAj7DyFRDjWbh7qYP
wooden table,Black,Paint color,Orange,Tablecloth,Yes,Yes,Yes,4,NFS,1800,Black,Orange,2x2,NA,Crafting,,1.0.0,child's room,living room,wooden,None,No,Table,No,Does not play music,No lighting,Not for sale,FtrWoodenTableL_Remake_4_1,4_1,3439,EtHAygh4hQQPLuuKa
clothes closet,Light blue,NA,NA,NA,No,No,No,NA,3100,775,Green,Green,1x1,NA,Nook's Cranny,Available in Nook's Cranny (either upgrade tier) in the unique furniture slot,1.0.0,living room,None,None,None,Wardrobe,Chest,No,Does not play music,No lighting,For sale,FtrFashioncase_Remake_5_0,5_0,9502,iRWmuneQrXGEwHWWg
Mama bear,Caramel mocha,NA,Red stripes,Shirt,No,No,Yes,1,2300,575,Beige,Red,1x1,NA,Nook's Cranny,Available in Nook's Cranny (either upgrade tier) in the unique furniture slot,1.0.0,fancy,child's room,None,bear,No,Animal,No,Does not play music,No lighting,For sale,FtrBearM_Remake_1_1,1_1,1500,aBDBJ87pxjYnC3Hxt
poolside bed,Dark brown,NA,Black,Bed mat,No,No,Yes,2,3400,850,Brown,Black,2x1,NA,Nook's Cranny,"Available in Nook's Cranny (upgraded only), in the unique furniture slot",1.0.0,ocean,expensive,None,None,Yes,Bed,Yes,Does not play music,No lighting,For sale,FtrPoolsidebed_Remake_2_1,2_1,4102,NgQeEAJv6nEqT8GGR
garbage bin,Black,NA,NA,NA,No,No,No,NA,1000,250,Black,Black,1x1,NA,Nook's Cranny,Available in Nook's Cranny (either upgrade tier) in the unique furniture slot,1.0.0,garage,facility,None,None,Trash,Supplies,Yes,Does not play music,No lighting,For sale,FtrPaleCaster_Remake_3_0,3_0,9767,ectxWJLEmp77fYmDu
garbage pail,NA,NA,NA,NA,No,No,No,NA,1000,250,Light blue,Light blue,1x1,NA,Nook's Cranny,Available in Nook's Cranny (either upgrade tier) in the unique furniture slot,1.0.0,garage,None,None,None,Trash,Supplies,Yes,Does not play music,No lighting,For sale,FtrPale,NA,2556,Wo52MA24JSYdRaz8a
log decorative shelves,Dark wood,Lumber type,Bears,Mat,Yes,Yes,Yes,4,NFS,1560,Brown,Brown,2x1,NA,Crafting,,1.0.0,garden,living room,log,None,No,Shelf,No,Does not play music,No lighting,Not for sale,FtrLogShelf_Remake_0_3,0_3,4036,DNJvfFj8vMg8Fduav
drum set,Natural wood,NA,Glossy black,Bass drum head,No,No,Yes,2,5600,1400,Brown,Black,2x1,NA,Nook's Cranny,"Available in Nook's Cranny (upgraded only), in the unique furniture slot",1.0.0,concert,None,None,None,Yes,Musical Instrument,No,Does not play music,No lighting,For sale,FtrDrumSet_Remake_3_1,3_1,1803,DeZ9CJbcubQW4Skho
vintage TV tray,Gold,NA,Green,Tray,No,No,Yes,1,1200,300,Beige,Green,1x1,NA,Nook's Cranny,Available in Nook's Cranny (either upgrade tier) in the unique furniture slot,1.0.0,living room,None,None,None,No,Table,No,Does not play music,No lighting,For sale,FtrTVtray_Remake_0_0,0_0,4445,EJRaWqhJdabYwL5j4
foosball table,Brown,NA,NA,NA,No,No,No,NA,2300,575,Orange,Green,2x1,NA,Nook's Cranny,"Available in Nook's Cranny (upgraded only), in the unique furniture slot",1.0.0,facility,shop,None,None,Yes,Toy,No,Does not play music,No lighting,For sale,FtrTablesoccer_Remake_0_0,0_0,1177,7w7if4ionFjWjDNrq
log round table,Orange wood,Lumber type,Bears,Tablecloth,Yes,Yes,Yes,4,NFS,1800,Orange,Brown,2x2,NA,Crafting,,1.0.0,garden,living room,log,None,No,Table,Yes,Does not play music,No lighting,Not for sale,FtrLogTableLRound_Remake_1_3,1_3,4043,2voa77rNw9QSyPQKY
public bench,Blue & yellow,NA,NA,NA,No,No,No,NA,NFS,10000,Yellow,Blue,2x1,2000,Nook Miles Shop,,1.0.0,facility,None,None,None,Yes,Sofa,Yes,Does not play music,No lighting,Not for sale,FtrPublicbench_Remake_4_0,4_0,3346,egEkZTKxyP7qc8rho
log decorative shelves,White wood,Lumber type,Bears,Mat,Yes,Yes,Yes,4,NFS,1560,Beige,Brown,2x1,NA,Crafting,,1.0.0,garden,living room,log,None,No,Shelf,No,Does not play music,No lighting,Not for sale,FtrLogShelf_Remake_2_3,2_3,4036,JbF4GKXbGuEQBx4RX
outdoor table,White,NA,Orange,Table,No,No,Yes,1,2200,550,Gray,Orange,2x1,NA,Nook's Cranny,Available in Nook's Cranny (either upgrade tier) in the unique furniture slot,1.0.0,outdoors,None,None,None,No,Table,Yes,Does not play music,No lighting,For sale,FtrOutdoortableM_Remake_0_4,0_4,3946,pP2qW7c9xn949Zhek
cypress bathtub,Natural wood,NA,NA,NA,No,No,No,NA,13000,3250,Yellow,Yellow,2x2,NA,Nook's Cranny,"Available in Nook's Cranny (upgraded only), in the third unique furniture slot",1.0.0,bathroom,None,None,None,No,Bathtub,No,Does not play music,No lighting,For sale,FtrBathHinoki_Remake_1_0,1_0,7153,rYmN3AFFM2HtX73x7
DIY workbench,Red,Paint color,NA,NA,Yes,Yes,No,7,NFS,6630,Red,Colorful,2x1,NA,Crafting,,1.0.0,garage,None,None,None,Workbench,Work Bench,No,Does not play music,No lighting,Not for sale,FtrWorkbench_Remake_7_0,7_0,1241,oD86rfgh9WZo9gs53
diner counter table,Cream,NA,NA,NA,No,No,No,NA,6000,1500,Beige,Gray,2x1,NA,Nook's Cranny,"Available in Nook's Cranny (upgraded only), in the unique furniture slot",1.0.0,shop,None,diner,None,No,Table,No,Does not play music,No lighting,For sale,FtrAmeretroCounter_Remake_5_0,5_0,4139,n7FDE5H53HpJrrpyw
trophy case,NA,NA,NA,NA,Yes,No,No,NA,NFS,33690,Brown,Colorful,2x1,NA,Crafting,,1.0.0,expensive,living room,None,None,No,Museum,No,Does not play music,No lighting,Not for sale,FtrTrophycase,NA,7261,b5Dbrzksdb9w8bKvC
playground gym,Green,NA,NA,NA,No,No,No,NA,NFS,15000,Light blue,Yellow,2x2,3000,Nook Miles Shop,,1.0.0,garden,child's room,None,None,Yes,Playground,Yes,Does not play music,No lighting,Not for sale,FtrJunglegym_Remake_4_0,4_0,3430,YkdEJvZHbzXHZwSNo
Pisces lamp,NA,NA,NA,NA,Yes,No,No,NA,NFS,22050,Yellow,White,1x1,NA,Crafting,,1.0.0,expensive,None,stars,None,Yes,Lamp,No,Does not play music,Fluorescent,Not for sale,FtrZodiacPisces,NA,5963,2k2sPqBPbwomcJx3d
wooden end table,Cherry wood,Paint color,NA,NA,Yes,Yes,No,2,NFS,960,Orange,Colorful,1x1,NA,Crafting,,1.0.0,child's room,living room,wooden,None,No,Table,No,Does not play music,No lighting,Not for sale,FtrWoodenTableS_Remake_2_0,2_0,3438,F3qDnigWHY6o5ARiZ
vintage TV tray,Silver,NA,Green,Tray,No,No,Yes,1,1200,300,Gray,Green,1x1,NA,Nook's Cranny,Available in Nook's Cranny (either upgrade tier) in the unique furniture slot,1.0.0,living room,None,None,None,No,Table,No,Does not play music,No lighting,For sale,FtrTVtray_Remake_1_0,1_0,4445,uQqXxt8yMGBdRjMxN
deer scare,Dried bamboo,Bamboo,NA,NA,Yes,Yes,No,3,NFS,1740,Beige,Brown,1x1,NA,Crafting,,1.0.0,zen-style,garden,bamboo,None,Yes,Japanese Style,Yes,Does not play music,No lighting,Not for sale,FtrShishiodoshi_Remake_1_0,1_0,677,XvJFQJM3r4yNFjwGN
simple panel,Black,NA,Horizontal planks,Panel design,No,No,Yes,1,810,202,Black,Brown,1x0.5,NA,Nook's Cranny,Available in Nook's Cranny (either upgrade tier) in the unique furniture slot,1.0.0,facility,None,None,None,No,Screen,No,Does not play music,No lighting,For sale,FtrScreenSimple_Remake_1_3,1_3,5338,QeGjWSTRAJSrgu43g
frozen partition,Ice purple,Illumination,NA,NA,Yes,Yes,No,7,NFS,7400,Purple,Purple,2x0.5,NA,Crafting,,1.0.0,freezing cold,None,frozen,None,No,Seasonal Decor,Yes,Does not play music,No lighting,Not for sale,FtrIceScreen_Remake_6_0,6_0,3498,bT27jhwEsSNXe9eNw
digital scale,Brown,NA,White,Design,No,No,Yes,1,930,232,Brown,White,1x1,NA,Nook's Cranny,Available in Nook's Cranny (either upgrade tier) in the unique furniture slot,1.0.0,bathroom,None,None,None,No,Bathroom Things,No,Does not play music,No lighting,For sale,FtrWeightscale_Remake_6_0,6_0,3307,E4rToBZEB7MG7s8Sa
wooden waste bin,Light wood,Paint color,NA,NA,Yes,Yes,No,1,NFS,480,Beige,Beige,1x1,NA,Crafting,,1.0.0,child's room,living room,wooden,None,Trash,Supplies,No,Does not play music,No lighting,Not for sale,FtrTrashboxWood_Remake_0_0,0_0,3490,ad5TJZMWeP6fp8dvf
wooden chest,Light wood,Paint color,NA,NA,Yes,Yes,No,3,NFS,1920,Yellow,Yellow,2x1,NA,Crafting,,1.0.0,child's room,living room,wooden,None,Wardrobe,Chest,No,Does not play music,No lighting,Not for sale,FtrWoodenChest_Remake_0_0,0_0,2560,24Dnyr3QKDrTNwQnX
iron garden chair,Blue,Body color,NA,NA,Yes,Yes,No,3,NFS,2250,Blue,Blue,1x1,NA,Crafting,,1.0.0,garden,None,iron,None,Yes,Chair,Yes,Does not play music,No lighting,Not for sale,FtrIrongardenChair_Remake_1_0,1_0,1626,u2nKP7oLzpQcZuXXu
rocking chair,Natural wood,Lumber type,NA,NA,Yes,Yes,No,2,NFS,960,Orange,Orange,1x1,NA,Crafting,,1.0.0,living room,None,None,None,Yes,Chair,No,Does not play music,No lighting,Not for sale,FtrRockingchair_Remake_1_0,1_0,1103,jxPNjfiBzCdb5tsxj
floor lamp,Natural,NA,Yellow design,Lampshade,No,No,Yes,1,1400,350,Beige,Yellow,1x1,NA,Nook's Cranny,"Available in Nook's Cranny (upgraded only), in the unique furniture slot",1.0.0,living room,None,None,None,Yes,Lamp,No,Does not play music,Fluorescent,For sale,FtrLamp_Remake_0_4,0_4,2561,BRpWziTBW3yDjzvwn
ironwood DIY workbench,Birch,Lumber type,NA,NA,Yes,Yes,No,7,NFS,8520,Beige,Black,2x1,NA,Crafting,,1.0.0,garage,None,ironwood,None,Workbench,Work Bench,No,Does not play music,No lighting,Not for sale,FtrWorkbenchIronwood_Remake_0_0,0_0,3943,GpLGAC5TgSAH87sPr
standard umbrella stand,Green,NA,Dots,Favorite umbrella,Yes,No,Yes,4,NFS,2250,Green,Green,1x1,NA,Crafting,,1.0.0,school,office,None,None,No,Supplies,No,Does not play music,No lighting,Not for sale,FtrUmbrellastand_Remake_3_1,3_1,3445,CznKexXwZWYXezpMx
bamboo shelf,Green bamboo,Bamboo,NA,NA,Yes,Yes,No,4,NFS,2400,Green,White,2x1,NA,Crafting,,1.0.0,zen-style,None,bamboo,None,No,Shelf,No,Does not play music,No lighting,Not for sale,FtrBambooShelf_Remake_0_0,0_0,3551,uucJrLxCbCQgn76vt
kitchen island,Blue,NA,NA,NA,No,No,No,NA,170000,42500,Blue,White,2x2,NA,Nook's Cranny,"Available in Nook's Cranny (upgraded only), in the third unique furniture slot",1.0.0,kitchen,expensive,None,None,No,Kitchen,No,Does not play music,No lighting,For sale,FtrKitchenIsland_Remake_1_0,1_0,998,zbnfAM2g9H7G8NSs6
fan palm,Blue,NA,NA,NA,No,No,No,NA,1200,300,Blue,Green,1x1,NA,Nook's Cranny,Available in Nook's Cranny (either upgrade tier) in the unique furniture slot,1.0.0,living room,None,None,None,No,Plants,No,Does not play music,No lighting,For sale,FtrPlantYamadoriyashi_Remake_3_0,3_0,1288,jcoFwhGbeSCuA6tF6
box corner sofa,Orange,NA,NA,NA,No,No,No,NA,2700,675,Orange,Black,1x1,NA,Nook's Cranny,"Available in Nook's Cranny (upgraded only), in the unique furniture slot",1.0.0,shop,facility,None,None,Yes,Chair,No,Does not play music,No lighting,For sale,FtrBoxsofaCorner_Remake_2_0,2_0,1853,NEk6hi7ov7NHErPo5
effects rack,Pink,NA,Handwritten logo,Sticker area,No,No,Yes,3,6800,1700,Pink,Light blue,1x1,NA,Nook's Cranny,"Available in Nook's Cranny (upgraded only), in the unique furniture slot",1.0.0,concert,facility,None,None,No,Musical Instrument,No,Does not play music,No lighting,For sale,FtrEffectorrack_Remake_5_5,5_5,950,P7PcrXzfhbhqbLtWN
wooden table,Green,Paint color,Orange,Tablecloth,Yes,Yes,Yes,4,NFS,1800,Green,Orange,2x2,NA,Crafting,,1.0.0,child's room,living room,wooden,None,No,Table,No,Does not play music,No lighting,Not for sale,FtrWoodenTableL_Remake_5_1,5_1,3439,9DnHwGEqATtHuAfDb
changing room,Dark brown,NA,Purple,Curtain,No,No,Yes,2,3700,925,Brown,Purple,1x1,NA,Nook's Cranny,"Available in Nook's Cranny (upgraded only), in the unique furniture slot",1.0.0,shop,facility,None,None,Wardrobe,Shop,No,Does not play music,No lighting,For sale,FtrFittingroom_Remake_3_1,3_1,1816,aPu342SNxYFn8CfuJ
baby chair,White,NA,Strawberry,Cushion,No,No,Yes,1,1200,300,White,Colorful,1x1,NA,Nook's Cranny,Available in Nook's Cranny (either upgrade tier) in the unique furniture slot,1.0.0,child's room,None,None,None,Yes,Chair,No,Does not play music,No lighting,For sale,FtrBabychair_Remake_5_1,5_1,3305,MExvKfHcM8ieNnr6p
vintage TV tray,Gold,NA,Black,Tray,No,No,Yes,1,1200,300,Beige,Black,1x1,NA,Nook's Cranny,Available in Nook's Cranny (either upgrade tier) in the unique furniture slot,1.0.0,living room,None,None,None,No,Table,No,Does not play music,No lighting,For sale,FtrTVtray_Remake_0_1,0_1,4445,MpBjiN2Kqe2S7qC5X
digital scale,Black,NA,Black stripes,Design,No,No,Yes,1,930,232,Black,Gray,1x1,NA,Nook's Cranny,Available in Nook's Cranny (either upgrade tier) in the unique furniture slot,1.0.0,bathroom,None,None,None,No,Bathroom Things,No,Does not play music,No lighting,For sale,FtrWeightscale_Remake_1_3,1_3,3307,XgWMYcuvu9zobZ2Gb
outdoor table,Green,NA,Light wood,Table,No,No,Yes,1,2200,550,Green,Beige,2x1,NA,Nook's Cranny,Available in Nook's Cranny (either upgrade tier) in the unique furniture slot,1.0.0,outdoors,None,None,None,No,Table,Yes,Does not play music,No lighting,For sale,FtrOutdoortableM_Remake_2_5,2_5,3946,h5DtPoM96yiPC5DAJ
natural garden chair,Oak,Chair back and seat,NA,NA,Yes,Yes,No,3,NFS,2220,Orange,Green,1x1,NA,Crafting,,1.0.0,garden,None,None,natural,Yes,Chair,Yes,Does not play music,No lighting,Not for sale,FtrGardenChairNatural_Remake_1_0,1_0,2586,pvStbiEHiiSvznhTT
bunk bed,Red,NA,Checkered,Bedding,No,No,Yes,2,5000,1250,Red,Pink,2x1,NA,Nook's Cranny,Available in Nook's Cranny (either upgrade tier) in the unique furniture slot,1.0.0,facility,None,None,None,Yes,Bed,No,Does not play music,No lighting,For sale,FtrBunkbed_Remake_3_2,3_2,8298,NrSxh7Ns87NCxsjfX
wooden full-length mirror,Green,Paint color,NA,NA,Yes,Yes,No,2,NFS,1350,Green,Green,1x1,NA,Crafting,,1.0.0,child's room,living room,wooden,None,Yes,Dresser,No,Does not play music,No lighting,Not for sale,FtrWoodenMirror_Remake_5_0,5_0,7137,z24EeDYDGzefKcnze
simple panel,Copper,NA,Horizontal planks,Panel design,No,No,Yes,1,810,202,Brown,Brown,1x0.5,NA,Nook's Cranny,Available in Nook's Cranny (either upgrade tier) in the unique furniture slot,1.0.0,facility,None,None,None,No,Screen,No,Does not play music,No lighting,For sale,FtrScreenSimple_Remake_5_3,5_3,5338,4gYrHZXuFa2MLaCFf
upright vacuum,Red,NA,NA,NA,No,No,No,NA,2500,625,Red,Black,1x1,NA,Nook's Cranny,"Available in Nook's Cranny (upgraded only), in the unique furniture slot",1.0.0,living room,None,None,None,Yes,Home Appliances,No,Does not play music,No lighting,For sale,FtrCleanerStick_Remake_3_0,3_0,908,8aunXPZcWdehHmD9w
wooden-block bookshelf,Pastel,Block color,NA,NA,Yes,Yes,No,1,NFS,720,Pink,Colorful,1x1,NA,Crafting,,1.0.0,child's room,None,wooden block,None,No,Shelf,No,Does not play music,No lighting,Not for sale,FtrBlockShelf_Remake_3_0,3_0,1558,HwaP4rhsd3sCLiq5b
video camera,Black,NA,NA,NA,No,No,No,NA,32000,8000,Black,Black,1x1,NA,Nook's Cranny,"Available in Nook's Cranny (upgraded only), in the third unique furniture slot",1.0.0,facility,None,None,None,Yes,Home Appliances,No,Does not play music,No lighting,For sale,FtrVideocamera_Remake_0_0,0_0,1221,yxMxaQ37edLTrrQby
pagoda,Red,Variation,NA,NA,No,Yes,No,3,NFS,2030,Green,Red,1.5x1.5,NA,Gulliver,,1.0.0,folk art,zen-style,None,None,No,Japanese Style,Yes,Does not play music,No lighting,Not for sale,FtrGojyu_Remake_0_0,0_0,688,95gTuC89Y9MYRhnGd
golf bag,Green,NA,NA,NA,No,No,No,NA,54000,13500,Green,Green,1x1,NA,Nook's Cranny,"Available in Nook's Cranny (upgraded only), in the third unique furniture slot",1.0.0,fitness,None,None,None,No,Sports,No,Does not play music,No lighting,For sale,FtrGolfbag_Remake_1_0,1_0,1632,4R5FneezcRTLGRXMS
standard umbrella stand,Silver,Body color,Navy,Favorite umbrella,Yes,Yes,Yes,4,NFS,2250,Gray,Blue,1x1,NA,Crafting,,1.0.0,school,office,None,None,No,Supplies,No,Does not play music,No lighting,Not for sale,FtrUmbrellastand_Remake_2_2,2_2,3445,P235CcHsrCbn6Mt5c
loft bed with desk,Natural,NA,Orange,Bedding,No,No,Yes,3,7700,1925,Beige,Orange,2x1,NA,Nook's Cranny,"Available in Nook's Cranny (upgraded only), in the unique furniture slot",1.0.0,child's room,None,None,None,Yes,Desk,No,Does not play music,No lighting,For sale,FtrBeddesk_Remake_0_3,0_3,3621,53raZ3jiRZKeYoaCC
punching bag,Blue,NA,NA,NA,No,No,No,NA,3800,950,Blue,Black,1x1,NA,Nook's Cranny,Available in Nook's Cranny (either upgrade tier) in the unique furniture slot,1.0.0,fitness,None,None,None,Yes,Sports,No,Does not play music,No lighting,For sale,FtrSandbag_Remake_1_0,1_0,4013,XfbbY4D58qy3sCNQW
wooden simple bed,Pink wood,Paint color,Orange,Bedding,Yes,Yes,Yes,4,NFS,2160,Pink,Orange,2x1,NA,Crafting,,1.0.0,child's room,living room,wooden,None,Yes,Bed,No,Does not play music,No lighting,Not for sale,FtrWoodenBedS_Remake_7_0,7_0,2605,QTBGLbCgAdLu4GXEr
wooden bucket,NA,NA,NA,NA,Yes,No,No,NA,NFS,1110,Brown,Black,1x1,NA,Crafting,,1.0.0,garden,None,wooden,None,No,Garden,Yes,Does not play music,No lighting,Not for sale,FtrBucketWood,NA,880,RHkQdFBAhKDreBFkS
poolside bed,Light brown,NA,Yellow,Bed mat,No,No,Yes,2,3400,850,Beige,Yellow,2x1,NA,Nook's Cranny,"Available in Nook's Cranny (upgraded only), in the unique furniture slot",1.0.0,ocean,expensive,None,None,Yes,Bed,Yes,Does not play music,No lighting,For sale,FtrPoolsidebed_Remake_0_4,0_4,4102,6b7SYQ3nAo28XNwQu
smoker,Black,NA,NA,NA,No,No,No,NA,5500,1375,Black,Beige,1x1,NA,Nook's Cranny,"Available in all tiers of shops, including Timmy & Tommy before the shop is opened",1.0.0,outdoors,None,None,None,Yes,Kitchen Things,Yes,Does not play music,No lighting,For sale,FtrSmoker_Remake_0_0,0_0,1143,pDb2pG9rr7tFyMTuP
cosmos shower,White,Flower color,NA,NA,Yes,Yes,No,5,NFS,3050,White,Green,1x1,NA,Crafting,,1.0.0,bathroom,fancy,flowers,None,Yes,Bathtub,No,Does not play music,No lighting,Not for sale,FtrFlowerShower_Remake_2_0,2_0,7230,eKtmhPuuzjsWAHa5z
crescent-moon chair,Blue,Color,NA,NA,Yes,Yes,No,7,NFS,8500,Light blue,Yellow,2x1,NA,Crafting,,1.0.0,space,fancy,stars,None,Yes,Chair,No,Does not play music,Fluorescent,Not for sale,FtrStarMoonChairL_Remake_2_0,2_0,6829,HvpRb7MuCdy2Zzz5b
shell stool,White,Shell color,NA,NA,Yes,Yes,No,1,NFS,600,White,Brown,1x1,NA,Crafting,,1.0.0,ocean,None,shell,None,Yes,Chair,Yes,Does not play music,No lighting,Not for sale,FtrShellStoolS_Remake_0_0,0_0,3979,x8EhK5PKEMFar49Td
festive tree,Red,Design,NA,NA,Yes,Yes,No,2,NFS,1400,Green,Red,1x1,NA,Crafting,,1.0.0,party,fancy,festive,None,Yes,Seasonal Decor,No,Does not play music,No lighting,Not for sale,FtrTreeXmasS_Remake_2_0,2_0,3991,xtdZ6k5CAku5t3ghW
rock guitar,Cosmo black,NA,Rock logo,Sticker area,No,No,Yes,2,3100,775,Black,Purple,1x1,NA,Nook's Cranny,Available in Nook's Cranny (either upgrade tier) in the unique furniture slot,1.0.0,concert,None,None,None,Yes,Musical Instrument,No,Does not play music,No lighting,For sale,FtrElectricguitar1_Remake_2_3,2_3,1644,x8CMeYbyoQmQCKtzh
upright vacuum,Orange,NA,NA,NA,No,No,No,NA,2500,625,Orange,Black,1x1,NA,Nook's Cranny,"Available in Nook's Cranny (upgraded only), in the unique furniture slot",1.0.0,living room,None,None,None,Yes,Home Appliances,No,Does not play music,No lighting,For sale,FtrCleanerStick_Remake_4_0,4_0,908,p94pShH8K3ocBKzcm
school chair,Brown & white,NA,NA,NA,No,No,No,NA,980,245,Brown,White,1x1,NA,Nook's Cranny,Available in Nook's Cranny (either upgrade tier) in the unique furniture slot,1.0.0,school,None,None,school,Yes,Chair,No,Does not play music,No lighting,For sale,FtrSchoolChairS_Remake_1_0,1_0,1308,dHiaxgFab46c8kan4
changing room,Pink,NA,White,Curtain,No,No,Yes,2,3700,925,Pink,White,1x1,NA,Nook's Cranny,"Available in Nook's Cranny (upgraded only), in the unique furniture slot",1.0.0,shop,facility,None,None,Wardrobe,Shop,No,Does not play music,No lighting,For sale,FtrFittingroom_Remake_6_0,6_0,1816,L4YAHZFQDr5oqbgr9
wooden mini table,Dark wood,Paint color,Orange,Tablecloth,Yes,Yes,Yes,2,NFS,720,Brown,Orange,1x1,NA,Crafting,,1.0.0,child's room,living room,wooden,None,No,Table,No,Does not play music,No lighting,Not for sale,FtrWoodenTableMini_Remake_3_1,3_1,7133,nYvBnNnEAWhuakQmh
inflatable sofa,Rainbow,NA,NA,NA,No,No,No,NA,1100,275,Colorful,Colorful,2x1,NA,Nook's Cranny,"Available in all tiers of shops, including Timmy & Tommy before the shop is opened",1.0.0,outdoors,None,None,None,Yes,Bed,Yes,Does not play music,No lighting,For sale,FtrAirsofa_Remake_6_0,6_0,3962,DDgzFenrfXz2znQxr
Papa bear,Cream,NA,Blue,Ribbon,No,No,Yes,3,8500,2125,Orange,Blue,2x2,NA,Nook's Cranny,"Available in Nook's Cranny (upgraded only), in the third unique furniture slot",1.0.0,fancy,child's room,None,bear,No,Animal,No,Does not play music,No lighting,For sale,FtrBearL_Remake_0_2,0_2,1499,NJrvHwhkbWNyQKu89
festive tree,White,Design,NA,NA,Yes,Yes,No,2,NFS,1400,White,Gray,1x1,NA,Crafting,,1.0.0,party,fancy,festive,None,Yes,Seasonal Decor,No,Does not play music,No lighting,Not for sale,FtrTreeXmasS_Remake_5_0,5_0,3991,tTxTcDTaEnZYRnhau
log chair,White birch,Lumber type,Bears,Cushion,Yes,No,Yes,3,NFS,960,White,Brown,1x1,NA,Crafting,,1.0.0,garden,living room,log,None,Yes,Sofa,No,Does not play music,No lighting,Not for sale,FtrLogSofaS_Remake_3_3,3_3,4039,K6MssatzNF4WJxL7D
frozen pillar,Ice green,Illumination,NA,NA,Yes,Yes,No,7,NFS,6200,Green,Green,1x1,NA,Crafting,,1.0.0,freezing cold,None,frozen,None,No,Seasonal Decor,Yes,Does not play music,No lighting,Not for sale,FtrIcePillar_Remake_5_0,5_0,3500,xguSpHM499bTHAJAZ
frozen counter,Ice pink,Illumination,NA,NA,Yes,Yes,No,7,NFS,7000,Pink,Pink,2x1,NA,Crafting,,1.0.0,freezing cold,None,frozen,None,No,Table,Yes,Does not play music,No lighting,Not for sale,FtrIceCounter_Remake_2_0,2_0,3505,6WMQQoPwSaui5EPBn
swinging bench,Natural wood,Lumber type,NA,NA,Yes,Yes,No,2,NFS,1440,Yellow,Yellow,2x1,NA,Crafting,,1.0.0,garden,None,None,None,Yes,Sofa,Yes,Does not play music,No lighting,Not for sale,FtrSwingWood_Remake_1_0,1_0,1170,4AXMrEtkftLq9fKFw
DJ's turntable,Brown,NA,Familiar logo,Flag,No,No,Yes,4,9300,2325,Orange,Black,2x1,NA,Nook's Cranny,"Available in Nook's Cranny (upgraded only), in the unique furniture slot",1.0.0,party,concert,None,None,Yes,Musical Instrument,No,Hi-fi,No lighting,For sale,FtrDJbooth_Remake_2_1,2_1,941,khsPdhGEtu9MBgdPK
arcade fighting game,NA,NA,NA,NA,No,No,No,NA,64000,16000,White,Red,1x1,NA,Nook's Cranny,"Available in Nook's Cranny (upgraded only), in the third unique furniture slot",1.0.0,facility,shop,None,None,Yes,Toy,No,Does not play music,Monitor,For sale,FtrArcadegameFight,NA,8225,3CKqHScHJuqbW7e4u
simple panel,Light brown,NA,Plain panel,Panel design,No,No,Yes,1,810,202,Beige,Gray,1x0.5,NA,Nook's Cranny,Available in Nook's Cranny (either upgrade tier) in the unique furniture slot,1.0.0,facility,None,None,None,No,Screen,No,Does not play music,No lighting,For sale,FtrScreenSimple_Remake_4_0,4_0,5338,5KDwFCw3osa8WFD72
wooden chair,Cherry wood,Paint color,NA,NA,Yes,Yes,No,1,NFS,720,Orange,Orange,1x1,NA,Crafting,,1.0.0,child's room,living room,wooden,None,Yes,Chair,No,Does not play music,No lighting,Not for sale,FtrWoodenChairS_Remake_2_0,2_0,1913,AdskMmKspjqkLsKQf
wooden simple bed,Green,Paint color,Green,Bedding,Yes,Yes,Yes,4,NFS,2160,Green,Green,2x1,NA,Crafting,,1.0.0,child's room,living room,wooden,None,Yes,Bed,No,Does not play music,No lighting,Not for sale,FtrWoodenBedS_Remake_5_3,5_3,2605,qq75pwjw3LswHKFNv
zen-style stone,Brown granite,Stone,NA,NA,Yes,Yes,No,6,NFS,4500,Brown,Brown,1x1,NA,Crafting,,1.0.0,zen-style,horror,None,None,No,Japanese Style,Yes,Does not play music,No lighting,Not for sale,FtrGravestoneJapan_Remake_3_0,3_0,7317,7qXRema8baxyunhvS
Mama bear,Tweed,NA,None,Shirt,No,No,Yes,1,2300,575,Gray,Gray,1x1,NA,Nook's Cranny,Available in Nook's Cranny (either upgrade tier) in the unique furniture slot,1.0.0,fancy,child's room,None,bear,No,Animal,No,Does not play music,No lighting,For sale,FtrBearM_Remake_5_0,5_0,1500,PuXd4tRQNRSpiLkTa
stall,Natural,Variation,None,Curtain,Yes,Yes,Yes,3,NFS,1440,Beige,Beige,2x1,NA,Crafting,,1.0.0,shop,party,None,None,No,Shop,Yes,Does not play music,No lighting,Not for sale,FtrFloat_Remake_0_0,0_0,3617,Wmi7kuKaAEJNYWwFR
simple panel,Light brown,NA,Concrete,Panel design,No,No,Yes,1,810,202,Beige,Gray,1x0.5,NA,Nook's Cranny,Available in Nook's Cranny (either upgrade tier) in the unique furniture slot,1.0.0,facility,None,None,None,No,Screen,No,Does not play music,No lighting,For sale,FtrScreenSimple_Remake_4_6,4_6,5338,pTmjTHrM4mweaaxv3
old sewing machine,Green,NA,NA,NA,No,No,No,NA,2200,550,Brown,Green,2x1,NA,Nook's Cranny,Available in Nook's Cranny (either upgrade tier) in the unique furniture slot,1.0.0,living room,None,None,None,Yes,Sewing Table,No,Does not play music,No lighting,For sale,FtrSewingmachineRetro_Remake_1_0,1_0,1127,Fjn5kBTCDymB6tMHL
DJ's turntable,White,NA,Emblem logo,Flag,No,No,Yes,4,9300,2325,White,Green,2x1,NA,Nook's Cranny,"Available in Nook's Cranny (upgraded only), in the unique furniture slot",1.0.0,party,concert,None,None,Yes,Musical Instrument,No,Hi-fi,No lighting,For sale,FtrDJbooth_Remake_1_4,1_4,941,aSNYiQ9eMC6cntDJp
surfboard,Stripes,NA,NA,NA,No,No,No,NA,4100,1025,Blue,White,1x1,NA,Nook's Cranny,Season sale item,1.0.0,ocean,None,None,None,No,Seaside,Yes,Does not play music,No lighting,For sale,FtrSurfboard_Remake_4_0,4_0,7868,tmu6NXzSvL2eqMQAo
electric guitar,Natural wood,NA,Chic logo,Sticker area,No,No,Yes,7,71000,17750,Beige,White,1x1,NA,Nook's Cranny,"Available in Nook's Cranny (upgraded only), in the third unique furniture slot",1.0.0,concert,None,None,None,Yes,Musical Instrument,No,Does not play music,No lighting,For sale,FtrElectricguitar2_Remake_1_2,1_2,1645,hxxhggQG98vXf9ZWo
destinations signpost,Old,Color,NA,NA,Yes,Yes,No,2,NFS,1440,Beige,Beige,1.5x1.5,NA,Crafting,,1.0.0,garden,None,None,None,No,Vehicle,Yes,Does not play music,No lighting,Not for sale,FtrSignpostWorld_Remake_5_0,5_0,4309,SgTcYAsaDkGv9vX44
floor seat,Light wood,NA,Mustard yellow,Cushion,No,No,Yes,1,730,182,Beige,Yellow,1x1,NA,Nook's Cranny,Available in Nook's Cranny (either upgrade tier) in the unique furniture slot,1.0.0,zen-style,child's room,None,None,Yes,Chair,No,Does not play music,No lighting,For sale,FtrFloorchair_Remake_1_1,1_1,3622,CMYnLYNa22wjbTH3h
writing desk,Dark brown,NA,NA,NA,No,No,No,NA,7100,1775,Brown,Brown,2x1,NA,Nook's Cranny,Available in Nook's Cranny (either upgrade tier) in the unique furniture slot,1.0.0,child's room,None,None,writing,Yes,Desk,No,Does not play music,Monitor,For sale,FtrStudyDesk_Remake_2_0,2_0,3701,qaYJ8hXb2JabYcAxJ
kitchen island,Red,NA,NA,NA,No,No,No,NA,170000,42500,Red,Black,2x2,NA,Nook's Cranny,"Available in Nook's Cranny (upgraded only), in the third unique furniture slot",1.0.0,kitchen,expensive,None,None,No,Kitchen,No,Does not play music,No lighting,For sale,FtrKitchenIsland_Remake_2_0,2_0,998,RrEYB2BSSSsstqYtu
pool,White,NA,NA,NA,No,No,No,NA,NFS,25000,White,Blue,3x3,5000,Nook Miles Shop,,1.0.0,fitness,expensive,None,None,No,Sports,Yes,Does not play music,No lighting,Not for sale,FtrPool_Remake_0_0,0_0,3596,dYhhwpjG3ief3a9oA
frozen bed,Ice yellow,Illumination,Brown,Bedding,Yes,Yes,Yes,8,NFS,9000,Yellow,Brown,2x2,NA,Crafting,,1.0.0,freezing cold,None,frozen,None,Yes,Bed,Yes,Does not play music,No lighting,Not for sale,FtrIceBedW_Remake_3_0,3_0,3502,Jqp6iDM4mkA3xJS8b
freezer,Black,NA,NA,NA,No,No,No,NA,3500,875,Black,Black,2x1,NA,Nook's Cranny,Available in Nook's Cranny (either upgrade tier) in the unique furniture slot,1.0.0,kitchen,shop,None,None,Wardrobe,Home Appliances,No,Does not play music,No lighting,For sale,FtrFreezer_Remake_1_0,1_0,4135,Y7bM4PzgP3Y6fE3Sk
log extra-long sofa,Dark wood,Lumber type,Geometric print,Cushions,Yes,Yes,Yes,4,NFS,1920,Brown,Colorful,2x1,NA,Crafting,,1.0.0,garden,living room,log,None,Yes,Sofa,No,Does not play music,No lighting,Not for sale,FtrLogSofaL_Remake_0_2,0_2,4044,4Xd2PPbgQJAbA2qBC
stone tablet,Black,Color,NA,NA,Yes,Yes,No,3,NFS,1800,Black,Black,2x2,NA,Crafting,,1.0.0,garden,horror,None,None,No,Japanese Style,No,Does not play music,No lighting,Not for sale,FtrRockMonument_Remake_0_0,0_0,11943,RhvzBwdLMP6CC8CFm
mountain standee,Summer,Season,NA,NA,Yes,Yes,No,2,NFS,1080,Green,Green,2x1,NA,Crafting,,1.0.0,school,None,None,standee,No,School,No,Does not play music,No lighting,Not for sale,FtrHariboteMountain_Remake_2_0,2_0,532,ECHWG29TPChWY73tJ
round space heater,Orange,NA,NA,NA,No,No,No,NA,2700,675,Orange,Orange,1x1,NA,Nook's Cranny,Season sale item,1.0.0,living room,school,None,None,Yes,Heating,No,Does not play music,No lighting,For sale,FtrStoveRound_Remake_4_0,4_0,2771,HAY4chL9uCKABaQJu
folding chair,Red,NA,NA,NA,No,No,No,NA,920,230,Red,Gray,1x1,NA,Nook's Cranny,Available in Nook's Cranny (either upgrade tier) in the unique furniture slot,1.0.0,facility,None,None,None,Yes,Chair,No,Does not play music,No lighting,For sale,FtrPipechair_Remake_2_0,2_0,7529,tFJx9LLDDZR6qKv9Z
golf bag,Brown,NA,NA,NA,No,No,No,NA,54000,13500,Brown,Brown,1x1,NA,Nook's Cranny,"Available in Nook's Cranny (upgraded only), in the third unique furniture slot",1.0.0,fitness,None,None,None,No,Sports,No,Does not play music,No lighting,For sale,FtrGolfbag_Remake_4_0,4_0,1632,zeqhGpQWgNHmNHkP3
wooden table,Dark wood,Paint color,Pink,Tablecloth,Yes,Yes,Yes,4,NFS,1800,Brown,Pink,2x2,NA,Crafting,,1.0.0,child's room,living room,wooden,None,No,Table,No,Does not play music,No lighting,Not for sale,FtrWoodenTableL_Remake_3_2,3_2,3439,A8ZSGQPjKoWvveKNg
wooden table,Cherry wood,Paint color,None,Tablecloth,Yes,Yes,Yes,4,NFS,1800,Orange,Orange,2x2,NA,Crafting,,1.0.0,child's room,living room,wooden,None,No,Table,No,Does not play music,No lighting,Not for sale,FtrWoodenTableL_Remake_2_0,2_0,3439,HDkKeYwH6E42ma7ng
phone box,Red,NA,NA,NA,No,No,No,NA,NFS,12000,Red,Red,1x1,2400,Nook Miles Shop,,1.0.0,school,facility,None,None,Yes,Facility Decor,Yes,Does not play music,Emission,Not for sale,FtrTelephonebox_Remake_0_0,0_0,1185,LchzJeEoB3bZDrNfm
rock guitar,Sunburst,NA,None,Sticker area,No,No,Yes,2,3100,775,Orange,White,1x1,NA,Nook's Cranny,Available in Nook's Cranny (either upgrade tier) in the unique furniture slot,1.0.0,concert,None,None,None,Yes,Musical Instrument,No,Does not play music,No lighting,For sale,FtrElectricguitar1_Remake_0_0,0_0,1644,bjsr3Gsdoq5jjgSnZ
stone table,NA,NA,NA,NA,Yes,No,No,NA,NFS,1200,Gray,Gray,1x1,NA,Crafting,,1.0.0,garden,None,None,stone,Yes,Table,Yes,Does not play music,No lighting,Not for sale,FtrStoneTable,NA,3397,a4pKEsQSesLcdmuBP
pet bed,Natural,NA,White,Cushion,No,No,Yes,1,1100,275,Beige,White,1x1,NA,Nook's Cranny,Available in Nook's Cranny (either upgrade tier) in the unique furniture slot,1.0.0,living room,None,None,pet,Yes,Chair,No,Does not play music,No lighting,For sale,FtrPetBed_Remake_0_0,0_0,7802,AvrmQiGWmbBfSWEob
rock guitar,Cool blue,NA,Handwritten logo,Sticker area,No,No,Yes,2,3100,775,Blue,Light blue,1x1,NA,Nook's Cranny,Available in Nook's Cranny (either upgrade tier) in the unique furniture slot,1.0.0,concert,None,None,None,Yes,Musical Instrument,No,Does not play music,No lighting,For sale,FtrElectricguitar1_Remake_7_5,7_5,1644,Z8k5amCLFjjbwsbmm
mush partition,Ordinary mushroom,Mushroom type,NA,NA,Yes,Yes,No,3,NFS,1800,Brown,Beige,2x1,NA,Crafting,,1.0.0,garden,None,mush,None,No,Screen,Yes,Does not play music,No lighting,Not for sale,FtrMushroomScreen_Remake_0_0,0_0,3806,yTpM8rbQWGRxKRpbP
low screen,Light brown,NA,Spring,Screen,No,No,Yes,1,870,217,Beige,Red,1x0.5,NA,Nook's Cranny,Available in Nook's Cranny (either upgrade tier) in the unique furniture slot,1.0.0,zen-style,None,None,None,No,Japanese Style,No,Does not play music,No lighting,For sale,FtrScreenJapanLow_Remake_0_1,0_1,1029,sZ7p5GkxXZ5GYyiNe
log chair,White wood,Lumber type,Quilted,Cushion,Yes,Yes,Yes,3,NFS,960,Beige,Light blue,1x1,NA,Crafting,,1.0.0,garden,living room,log,None,Yes,Sofa,No,Does not play music,No lighting,Not for sale,FtrLogSofaS_Remake_2_4,2_4,4039,qfMM8ChwLjMxS8upD
clothesline pole,Blue,NA,Carrot,Drying shirt,No,No,Yes,1,1100,275,Light blue,Yellow,2x0.5,NA,Nook's Cranny,Available in Nook's Cranny (either upgrade tier) in the unique furniture slot,1.0.0,garden,bathroom,None,None,No,Supplies,Yes,Does not play music,No lighting,For sale,FtrClotheshorse_Remake_1_3,1_3,1778,e2PoQ963EkHdnR9Gh
frozen partition,Ice green,Illumination,NA,NA,Yes,Yes,No,7,NFS,7400,Green,Green,2x0.5,NA,Crafting,,1.0.0,freezing cold,None,frozen,None,No,Seasonal Decor,Yes,Does not play music,No lighting,Not for sale,FtrIceScreen_Remake_5_0,5_0,3498,xQc4taDXnouRZef2p
brick oven,White,Brick color,NA,NA,Yes,Yes,No,6,NFS,3820,White,Black,1.5x1.5,NA,Crafting,,1.0.0,kitchen,shop,None,None,Yes,Kitchen,Yes,Does not play music,No lighting,Not for sale,FtrStoneoven_Remake_2_0,2_0,1157,xo2RaXeTJQngSoeG8
loft bed with desk,Blue,NA,Pink,Bedding,No,No,Yes,3,7700,1925,Blue,Pink,2x1,NA,Nook's Cranny,"Available in Nook's Cranny (upgraded only), in the unique furniture slot",1.0.0,child's room,None,None,None,Yes,Desk,No,Does not play music,No lighting,For sale,FtrBeddesk_Remake_4_5,4_5,3621,WMsK6EfXZ7JgNWjym
upright locker,Green,NA,Cute,Sticker area,No,No,Yes,2,3700,925,Green,Pink,1x1,NA,Nook's Cranny,Available in Nook's Cranny (either upgrade tier) in the unique furniture slot,1.0.0,school,facility,None,None,Wardrobe,Chest,No,Does not play music,No lighting,For sale,FtrLocker_Remake_5_2,5_2,833,NK7DQMWS89mDhn7GW
bamboo basket,Green bamboo,Bamboo,NA,NA,Yes,Yes,No,2,NFS,1120,Green,Green,1x1,NA,Crafting,,1.0.0,zen-style,None,bamboo,None,No,Japanese Style,No,Does not play music,No lighting,Not for sale,FtrBambooBasket_Remake_0_0,0_0,3658,EhqChmN8mmQb5Xbrs
simple panel,Copper,NA,Lined panel,Panel design,No,No,Yes,1,810,202,Brown,White,1x0.5,NA,Nook's Cranny,Available in Nook's Cranny (either upgrade tier) in the unique furniture slot,1.0.0,facility,None,None,None,No,Screen,No,Does not play music,No lighting,For sale,FtrScreenSimple_Remake_5_1,5_1,5338,cyaPn2vBAveSPsvmp
effects rack,Black,NA,Cute logo,Sticker area,No,No,Yes,3,6800,1700,Black,Pink,1x1,NA,Nook's Cranny,"Available in Nook's Cranny (upgraded only), in the unique furniture slot",1.0.0,concert,facility,None,None,No,Musical Instrument,No,Does not play music,No lighting,For sale,FtrEffectorrack_Remake_0_7,0_7,950,2JChKLRPZXZPSnfHK
retro gas pump,Green,NA,Black retro,Lamp,No,No,Yes,1,2700,675,Green,Yellow,1x1,NA,Nook's Cranny,Available in Nook's Cranny (either upgrade tier) in the unique furniture slot,1.0.0,garden,shop,diner,None,Yes,Vehicle,Yes,Does not play music,No lighting,For sale,FtrAmeretroGasstand_Remake_1_2,1_2,4140,v7moddG9PpMtemoaf
beach towel,NA,NA,Shells,Towel,No,No,Yes,1,380,95,Pink,Pink,2x1,NA,Nook's Cranny,"Available in all tiers of shops, including Timmy & Tommy before the shop is opened",1.0.0,ocean,None,None,None,Yes,Bed,Yes,Does not play music,No lighting,For sale,FtrBeachtowel_Remake_0_3,0_3,3468,ADaMwCytMMFHcyyuv
campfire,NA,NA,NA,NA,Yes,No,No,NA,NFS,30,Brown,Brown,1x1,NA,Crafting,,1.0.0,outdoors,None,None,None,Yes,Fireplace,Yes,Does not play music,Candle,Not for sale,FtrBonfire,NA,1429,9CianvzagBoXJohyr
log stakes,White wood,Lumber type,NA,NA,Yes,Yes,No,1,NFS,360,Beige,Beige,1x1,NA,Crafting,,1.0.0,garden,None,log,None,No,Ranch,Yes,Does not play music,No lighting,Not for sale,FtrWoodPile_Remake_2_0,2_0,5973,yjNwQMwR5hf6okPSB
bunk bed,White,NA,White,Bedding,No,No,Yes,2,5000,1250,White,White,2x1,NA,Nook's Cranny,Available in Nook's Cranny (either upgrade tier) in the unique furniture slot,1.0.0,facility,None,None,None,Yes,Bed,No,Does not play music,No lighting,For sale,FtrBunkbed_Remake_2_0,2_0,8298,xqijQEGjpDpuZqGo8
imperial bed,Black,NA,NA,NA,No,No,No,NA,23000,5750,Black,Black,2x2,NA,Nook's Cranny,"Available in Nook's Cranny (upgraded only), in the third unique furniture slot",1.0.0,zen-style,None,zen,None,Yes,Bed,No,Does not play music,No lighting,For sale,FtrOrientalBedW_Remake_3_0,3_0,3973,apbWZJ6cgy9WPsfep
iron garden table,White,Body color,NA,NA,Yes,Yes,No,5,NFS,3750,White,White,1x1,NA,Crafting,,1.0.0,garden,None,iron,None,No,Table,Yes,Does not play music,No lighting,Not for sale,FtrIrongardenTable_Remake_4_0,4_0,1627,ZAXbvgxA7MyF3CNkF
tire stack,Black,Tire color,NA,NA,Yes,Yes,No,1,NFS,60,Black,Black,1x1,NA,Crafting,,1.0.0,garage,garden,None,None,No,Vehicle,Yes,Does not play music,No lighting,Not for sale,FtrTyres_Remake_0_0,0_0,1189,FYecxBRHBE47ZAh5X
outdoor bath,White,Stone,NA,NA,Yes,Yes,No,6,NFS,4350,White,White,3x3,NA,Crafting,,1.0.0,garden,zen-style,None,None,Yes,Bathtub,Yes,Does not play music,Fluorescent,Not for sale,FtrOpenairbath_Remake_3_0,3_0,1111,KKrnR4TWhaD2ARs3C
drum set,Black & white,NA,White with logo,Bass drum head,No,No,Yes,2,5600,1400,Gray,White,2x1,NA,Nook's Cranny,"Available in Nook's Cranny (upgraded only), in the unique furniture slot",1.0.0,concert,None,None,None,Yes,Musical Instrument,No,Does not play music,No lighting,For sale,FtrDrumSet_Remake_7_3,7_3,1803,MEvqWiGNiRi6tERyE
frozen bed,Ice yellow,Illumination,Gray,Bedding,Yes,Yes,Yes,8,NFS,9000,Yellow,Gray,2x2,NA,Crafting,,1.0.0,freezing cold,None,frozen,None,Yes,Bed,Yes,Does not play music,No lighting,Not for sale,FtrIceBedW_Remake_3_2,3_2,3502,qqeTpw6AQYW8KZELb
effects rack,White,NA,Handwritten logo,Sticker area,No,No,Yes,3,6800,1700,White,Light blue,1x1,NA,Nook's Cranny,"Available in Nook's Cranny (upgraded only), in the unique furniture slot",1.0.0,concert,facility,None,None,No,Musical Instrument,No,Does not play music,No lighting,For sale,FtrEffectorrack_Remake_1_5,1_5,950,L2NzC92BmaXvNcoSp
log chair,Orange wood,Lumber type,Quilted,Cushion,Yes,Yes,Yes,3,NFS,960,Orange,Light blue,1x1,NA,Crafting,,1.0.0,garden,living room,log,None,Yes,Sofa,No,Does not play music,No lighting,Not for sale,FtrLogSofaS_Remake_1_4,1_4,4039,QFoFZCk7ETrjxW8zC
upright locker,Yellow,NA,Cute,Sticker area,No,No,Yes,2,3700,925,Yellow,Pink,1x1,NA,Nook's Cranny,Available in Nook's Cranny (either upgrade tier) in the unique furniture slot,1.0.0,school,facility,None,None,Wardrobe,Chest,No,Does not play music,No lighting,For sale,FtrLocker_Remake_6_2,6_2,833,vj8fFWHpQymYEeApq
fire pit,NA,NA,NA,NA,No,No,No,NA,96000,24000,Black,Black,1.5x1.5,NA,Nook's Cranny,"Available in Nook's Cranny (upgraded only), in the third unique furniture slot",1.0.0,outdoors,None,None,None,Yes,Fireplace,Yes,Does not play music,No lighting,For sale,FtrFirepit,NA,4100,bvgeNiWoQhCG3jvRK
rocket lamp,Blue,NA,NA,NA,No,No,No,NA,1500,375,Light blue,Green,1x1,NA,Nook's Cranny,Available in Nook's Cranny (either upgrade tier) in the unique furniture slot,1.0.0,facility,None,None,None,Yes,Lamp,No,Does not play music,Fluorescent,For sale,FtrLavalamp_Remake_0_0,0_0,1851,JyFNqtLNJaayDW7WT
upright locker,Green,NA,Pop,Sticker area,No,No,Yes,2,3700,925,Green,Colorful,1x1,NA,Nook's Cranny,Available in Nook's Cranny (either upgrade tier) in the unique furniture slot,1.0.0,school,facility,None,None,Wardrobe,Chest,No,Does not play music,No lighting,For sale,FtrLocker_Remake_5_3,5_3,833,6zyGggALSTsbFkjke
kimono stand,NA,NA,Goldfish,Kimono,No,No,Yes,2,3200,800,Beige,Light blue,2x1,NA,Nook's Cranny,"Available in Nook's Cranny (upgraded only), in the unique furniture slot",1.0.0,zen-style,None,None,None,No,Japanese Style,No,Does not play music,No lighting,For sale,FtrKimonostand_Remake_0_1,0_1,7682,hkkcQs9HSARHGaNj7
train set,Summer,NA,NA,NA,No,No,No,NA,7900,1975,Green,Brown,2x2,NA,Nook's Cranny,"Available in Nook's Cranny (upgraded only), in the third unique furniture slot",1.0.0,child's room,None,None,None,Yes,Toy,No,Does not play music,No lighting,For sale,FtrRailroad_Remake_1_0,1_0,85,jw7RfDqQYoNMAf2z9
stall,Dark brown,Variation,Red stripes,Curtain,Yes,Yes,Yes,3,NFS,1440,Brown,Red,2x1,NA,Crafting,,1.0.0,shop,party,None,None,No,Shop,Yes,Does not play music,No lighting,Not for sale,FtrFloat_Remake_1_2,1_2,3617,xLjxKF6BZcswpTjqw
rattan stool,Gray,NA,NA,NA,No,No,No,NA,2900,725,Green,Blue,1x1,NA,Nook's Cranny,"Available in Nook's Cranny (upgraded only), in the unique furniture slot",1.0.0,living room,None,rattan,None,Yes,Chair,No,Does not play music,No lighting,For sale,FtrRattanStool_Remake_4_0,4_0,4047,Jxe7Poq5DtQEqWRtG
frozen table,Ice,Illumination,NA,NA,Yes,Yes,No,7,NFS,8200,Light blue,Light blue,2x2,NA,Crafting,,1.0.0,freezing cold,None,frozen,None,No,Table,Yes,Does not play music,No lighting,Not for sale,FtrIceTableL_Remake_0_0,0_0,3497,uxA4dFE7fLtC2K2WK
log garden lounge,Orange wood,Lumber type,Bears,Pillow,Yes,Yes,Yes,3,NFS,1440,Orange,Brown,2x1,NA,Crafting,,1.0.0,garden,None,log,None,Yes,Bed,Yes,Does not play music,No lighting,Not for sale,FtrLogBedS_Remake_1_3,1_3,4035,atA6RMHvfpgtomjGu
standard umbrella stand,Black,Body color,Navy,Favorite umbrella,Yes,Yes,Yes,4,NFS,2250,Black,Blue,1x1,NA,Crafting,,1.0.0,school,office,None,None,No,Supplies,No,Does not play music,No lighting,Not for sale,FtrUmbrellastand_Remake_0_2,0_2,3445,HRDTiK3vZryCDYuDK
outdoor table,Red,NA,White,Table,No,No,Yes,1,2200,550,Red,White,2x1,NA,Nook's Cranny,Available in Nook's Cranny (either upgrade tier) in the unique furniture slot,1.0.0,outdoors,None,None,None,No,Table,Yes,Does not play music,No lighting,For sale,FtrOutdoortableM_Remake_4_0,4_0,3946,hkvQx3tb52og44bXT
doghouse,Natural,Paint color,NA,NA,Yes,Yes,No,3,NFS,2040,Brown,Brown,1x1,NA,Crafting,,1.0.0,garden,None,None,None,Yes,Animal,Yes,Does not play music,No lighting,Not for sale,FtrDoghouse_Remake_0_0,0_0,1799,hoPZHBjtdrmtQFwbW
pet bed,Natural,NA,Moss green,Cushion,No,No,Yes,1,1100,275,Beige,Green,1x1,NA,Nook's Cranny,Available in Nook's Cranny (either upgrade tier) in the unique furniture slot,1.0.0,living room,None,None,pet,Yes,Chair,No,Does not play music,No lighting,For sale,FtrPetBed_Remake_0_1,0_1,7802,PyAE6nmYT2y5t6C9v
garbage bin,Green,NA,NA,NA,No,No,No,NA,1000,250,Green,Green,1x1,NA,Nook's Cranny,Available in Nook's Cranny (either upgrade tier) in the unique furniture slot,1.0.0,garage,facility,None,None,Trash,Supplies,Yes,Does not play music,No lighting,For sale,FtrPaleCaster_Remake_0_0,0_0,9767,TKWgtW6JghNAbp93k
log round table,White wood,Lumber type,Bears,Tablecloth,Yes,Yes,Yes,4,NFS,1800,Beige,Brown,2x2,NA,Crafting,,1.0.0,garden,living room,log,None,No,Table,Yes,Does not play music,No lighting,Not for sale,FtrLogTableLRound_Remake_2_3,2_3,4043,ZidKmGed6XLwEyEp9
rock guitar,Fire red,NA,Handwritten logo,Sticker area,No,No,Yes,2,3100,775,Red,Light blue,1x1,NA,Nook's Cranny,Available in Nook's Cranny (either upgrade tier) in the unique furniture slot,1.0.0,concert,None,None,None,Yes,Musical Instrument,No,Does not play music,No lighting,For sale,FtrElectricguitar1_Remake_3_5,3_5,1644,DRzTenXZx8kYRHPSY
bunk bed,Silver,NA,Striped,Bedding,No,No,Yes,2,5000,1250,Gray,Blue,2x1,NA,Nook's Cranny,Available in Nook's Cranny (either upgrade tier) in the unique furniture slot,1.0.0,facility,None,None,None,Yes,Bed,No,Does not play music,No lighting,For sale,FtrBunkbed_Remake_0_1,0_1,8298,JtnDEL4pcF9bsNQfJ
harp,Black,NA,NA,NA,No,No,No,NA,130000,32500,Black,Beige,1x1,NA,Nook's Cranny,"Available in Nook's Cranny (upgraded only), in the third unique furniture slot",1.0.0,music,None,None,None,Yes,Musical Instrument,No,Does not play music,No lighting,For sale,FtrHarp_Remake_4_0,4_0,987,b8SHxhT48MwusqTNg
wooden mini table,Pink wood,Paint color,Green,Tablecloth,Yes,Yes,Yes,2,NFS,720,Pink,Green,1x1,NA,Crafting,,1.0.0,child's room,living room,wooden,None,No,Table,No,Does not play music,No lighting,Not for sale,FtrWoodenTableMini_Remake_7_4,7_4,7133,DZdS7xfKYcTr6YSMa
log extra-long sofa,White wood,Lumber type,Quilted,Cushions,Yes,Yes,Yes,4,NFS,1920,Beige,Light blue,2x1,NA,Crafting,,1.0.0,garden,living room,log,None,Yes,Sofa,No,Does not play music,No lighting,Not for sale,FtrLogSofaL_Remake_2_4,2_4,4044,N9mDiB9qF5jtftdeX
bunk bed,Red,NA,Colorful lines,Bedding,No,No,Yes,2,5000,1250,Red,Yellow,2x1,NA,Nook's Cranny,Available in Nook's Cranny (either upgrade tier) in the unique furniture slot,1.0.0,facility,None,None,None,Yes,Bed,No,Does not play music,No lighting,For sale,FtrBunkbed_Remake_3_4,3_4,8298,XsHrxdCG8sg5KByEC
frozen counter,Ice,Illumination,NA,NA,Yes,Yes,No,7,NFS,7000,Light blue,Light blue,2x1,NA,Crafting,,1.0.0,freezing cold,None,frozen,None,No,Table,Yes,Does not play music,No lighting,Not for sale,FtrIceCounter_Remake_0_0,0_0,3505,E8Y56sQaeBreCdHXg
electric bass,Space silver,NA,NA,NA,No,No,No,NA,82000,20500,Gray,Black,1x1,NA,Nook's Cranny,"Available in Nook's Cranny (upgraded only), in the third unique furniture slot",1.0.0,concert,None,None,None,Yes,Musical Instrument,No,Does not play music,No lighting,For sale,FtrElectricbass_Remake_7_0,7_0,1804,2ErLhu83kTGFscyf4
wooden stool,Light wood,Paint color,Orange,Seat,Yes,Yes,Yes,2,NFS,480,Beige,Orange,1x1,NA,Crafting,,1.0.0,child's room,living room,wooden,None,Yes,Chair,No,Does not play music,No lighting,Not for sale,FtrWoodenStoolS_Remake_0_1,0_1,3449,LWbNbTapgceEs3Xva
wedding table,Chic,Design,NA,NA,No,Yes,No,2,6000,1500,White,Beige,2x2,NA,Wedding Season,,1.2.0,party,expensive,wedding,None,Yes,Table,No,Does not play music,Candle,Not for sale,FtrWeddingTableL_Remake_1_0,1_0,12406,Q2vQd6JLLmL2uXu8F
Mama bear,Caramel mocha,NA,None,Shirt,No,No,Yes,1,2300,575,Beige,Beige,1x1,NA,Nook's Cranny,Available in Nook's Cranny (either upgrade tier) in the unique furniture slot,1.0.0,fancy,child's room,None,bear,No,Animal,No,Does not play music,No lighting,For sale,FtrBearM_Remake_1_0,1_0,1500,fiTtrJmvCbXWgAjZi
rattan vanity,White,NA,NA,NA,No,No,No,NA,5900,1475,White,White,1x1,NA,Nook's Cranny,"Available in Nook's Cranny (upgraded only), in the unique furniture slot",1.0.0,living room,None,rattan,None,Yes,Dresser,No,Does not play music,No lighting,For sale,FtrRattanDresser_Remake_3_0,3_0,4051,MC8c6FFKyw3dyuvpj
changing room,Gray,NA,Blue,Curtain,No,No,Yes,2,3700,925,White,Light blue,1x1,NA,Nook's Cranny,"Available in Nook's Cranny (upgraded only), in the unique furniture slot",1.0.0,shop,facility,None,None,Wardrobe,Shop,No,Does not play music,No lighting,For sale,FtrFittingroom_Remake_0_7,0_7,1816,x37RGuHrDjMtvGnj5
phone box,Gold,NA,NA,NA,No,No,No,NA,NFS,12000,Yellow,Gray,1x1,2400,Nook Miles Shop,,1.0.0,school,facility,None,None,Yes,Facility Decor,Yes,Does not play music,Emission,Not for sale,FtrTelephonebox_Remake_7_0,7_0,1185,qJPXRzXby7E2dNcpA
drum set,Marine blue,NA,Black with logo,Bass drum head,No,No,Yes,2,5600,1400,Blue,Black,2x1,NA,Nook's Cranny,"Available in Nook's Cranny (upgraded only), in the unique furniture slot",1.0.0,concert,None,None,None,Yes,Musical Instrument,No,Does not play music,No lighting,For sale,FtrDrumSet_Remake_4_2,4_2,1803,8MqYzGbsCoz9xdWto
ironwood bed,Walnut,Lumber type,Brown,Bedding,Yes,Yes,Yes,8,NFS,9900,Brown,Brown,2x1,NA,Crafting,,1.0.0,living room,None,ironwood,None,Yes,Bed,No,Does not play music,No lighting,Not for sale,FtrIronwoodBedS_Remake_2_2,2_2,3200,BJxJTcGHdxFzEr8vW
cute DIY table,Yellow,NA,NA,NA,No,No,No,NA,7000,1750,Yellow,Orange,2x1,NA,Nook's Cranny,"Available in Nook's Cranny (upgraded only), in the unique furniture slot",1.0.0,fancy,None,cute,None,Yes,Work Bench,No,Does not play music,Spotlight,For sale,FtrCuteWorkbench_Remake_2_0,2_0,3995,n2bTZfj9XMoCRsC4T
futon,NA,NA,Green,Bedding,No,No,Yes,1,1600,400,White,Green,2x1,NA,Nook's Cranny,Available in Nook's Cranny (either upgrade tier) in the unique furniture slot,1.0.0,zen-style,None,None,None,Yes,Bed,No,Does not play music,No lighting,For sale,FtrFuton_Remake_0_3,0_3,3230,zmxnPHay6bcfiQeSB
western-style stone,Gray,Stone,NA,NA,Yes,Yes,No,6,NFS,4500,Gray,Orange,2x1,NA,Crafting,,1.0.0,garden,horror,None,None,No,Garden,Yes,Does not play music,No lighting,Not for sale,FtrGravestoneEuropean_Remake_1_0,1_0,3446,NsYcbcwZqPifJq7St
wooden simple bed,Dark wood,Paint color,Blue,Bedding,Yes,Yes,Yes,4,NFS,2160,Brown,Light blue,2x1,NA,Crafting,,1.0.0,child's room,living room,wooden,None,Yes,Bed,No,Does not play music,No lighting,Not for sale,FtrWoodenBedS_Remake_3_2,3_2,2605,njcwYjnQ24Xj6PN6X
effects rack,White,NA,Familiar logo,Sticker area,No,No,Yes,3,6800,1700,White,White,1x1,NA,Nook's Cranny,"Available in Nook's Cranny (upgraded only), in the unique furniture slot",1.0.0,concert,facility,None,None,No,Musical Instrument,No,Does not play music,No lighting,For sale,FtrEffectorrack_Remake_1_1,1_1,950,DTenbt3zvd3Yzkt4u
wooden end table,Pink wood,Paint color,NA,NA,Yes,Yes,No,2,NFS,960,Pink,Colorful,1x1,NA,Crafting,,1.0.0,child's room,living room,wooden,None,No,Table,No,Does not play music,No lighting,Not for sale,FtrWoodenTableS_Remake_7_0,7_0,3438,BfvxWwrRNu2NdnW4S
rattan bed,White,NA,NA,NA,No,No,No,NA,7200,1800,Light blue,White,2x2,NA,Nook's Cranny,"Available in Nook's Cranny (upgraded only), in the third unique furniture slot",1.0.0,living room,None,rattan,None,Yes,Bed,No,Does not play music,No lighting,For sale,FtrRattanBedW_Remake_3_0,3_0,4052,ZMwjriuK6qTbrh3wf
wooden simple bed,Light wood,Paint color,Blue,Bedding,Yes,Yes,Yes,4,NFS,2160,Beige,Light blue,2x1,NA,Crafting,,1.0.0,child's room,living room,wooden,None,Yes,Bed,No,Does not play music,No lighting,Not for sale,FtrWoodenBedS_Remake_0_2,0_2,2605,mxoMFLjs4YnLZ5FKm
park clock,White,NA,NA,NA,No,No,No,NA,NFS,12000,White,White,1x1,2400,Nook Miles Shop,,1.0.0,garden,None,None,None,Yes,Clock,Yes,Does not play music,No lighting,Not for sale,FtrParkclock_Remake_2_0,2_0,3595,fuysbBWBSKBKMj7Fe
playground gym,Monotone,NA,NA,NA,No,No,No,NA,NFS,15000,White,Black,2x2,3000,Nook Miles Shop,,1.0.0,garden,child's room,None,None,Yes,Playground,Yes,Does not play music,No lighting,Not for sale,FtrJunglegym_Remake_1_0,1_0,3430,vFA7baPXr6jXrNuom
frozen pillar,Ice pink,Illumination,NA,NA,Yes,Yes,No,7,NFS,6200,Pink,Pink,1x1,NA,Crafting,,1.0.0,freezing cold,None,frozen,None,No,Seasonal Decor,Yes,Does not play music,No lighting,Not for sale,FtrIcePillar_Remake_2_0,2_0,3500,3rvdMT3TjCQP8Jh6e
tool cart,Silver,NA,NA,NA,No,No,No,NA,2400,600,Gray,Black,1x1,NA,Nook's Cranny,Available in Nook's Cranny (either upgrade tier) in the unique furniture slot,1.0.0,garage,None,None,None,No,Table,No,Does not play music,No lighting,For sale,FtrToolcart_Remake_7_0,7_0,7528,rNjJfDcqe6uFCopB8
rock guitar,Chic white,NA,Chic logo,Sticker area,No,No,Yes,2,3100,775,White,White,1x1,NA,Nook's Cranny,Available in Nook's Cranny (either upgrade tier) in the unique furniture slot,1.0.0,concert,None,None,None,Yes,Musical Instrument,No,Does not play music,No lighting,For sale,FtrElectricguitar1_Remake_6_2,6_2,1644,6i3NQQcCRSmMQBZ6E
hammock,Light brown,NA,Colorful,Cloth,No,No,Yes,1,1300,325,Beige,Colorful,2x1,NA,Nook's Cranny,"Available in all tiers of shops, including Timmy & Tommy before the shop is opened",1.0.0,outdoors,None,None,None,Yes,Bed,Yes,Does not play music,No lighting,For sale,FtrHammock_Remake_1_0,1_0,1620,beCusn5isZxbdtqSz
ironwood bed,Oak,NA,Blue-gray,Bedding,Yes,No,Yes,8,NFS,9900,Brown,Light blue,2x1,NA,Crafting,,1.0.0,living room,None,ironwood,None,Yes,Bed,No,Does not play music,No lighting,Not for sale,FtrIronwoodBedS_Remake_4_1,4_1,3200,MjNrXGvb8CWTXAfFN
director's chair,Light brown,NA,Director black,Fabric,No,No,Yes,1,1600,400,Orange,Black,1x1,NA,Nook's Cranny,"Available in all tiers of shops, including Timmy & Tommy before the shop is opened",1.0.0,outdoors,None,None,None,Yes,Chair,Yes,Does not play music,No lighting,For sale,FtrDirectorchair_Remake_0_1,0_1,2020,uCPaC8cXQ328yf84f
changing room,Beige,NA,Green,Curtain,No,No,Yes,2,3700,925,Yellow,Green,1x1,NA,Nook's Cranny,"Available in Nook's Cranny (upgraded only), in the unique furniture slot",1.0.0,shop,facility,None,None,Wardrobe,Shop,No,Does not play music,No lighting,For sale,FtrFittingroom_Remake_1_6,1_6,1816,5sR6zTAe9PsMcZkpn
podium,NA,NA,NA,NA,No,No,No,NA,3400,850,Brown,Brown,1x1,NA,Nook's Cranny,"Available in Nook's Cranny (upgraded only), in the unique furniture slot",1.0.0,school,None,None,None,No,Desk,No,Does not play music,No lighting,For sale,FtrLectern,NA,1329,xczAKXvxxubJWZH4r
round space heater,Black,NA,NA,NA,No,No,No,NA,2700,675,Black,Black,1x1,NA,Nook's Cranny,Season sale item,1.0.0,living room,school,None,None,Yes,Heating,No,Does not play music,No lighting,For sale,FtrStoveRound_Remake_1_0,1_0,2771,tKZXYfPR8TKLfhixP
floor light,Red,NA,NA,NA,No,No,No,NA,2200,550,Red,Red,1x1,NA,Nook's Cranny,"Available in Nook's Cranny (upgraded only), in the unique furniture slot",1.0.0,facility,concert,None,None,Yes,Lamp,Yes,Does not play music,Spotlight,For sale,FtrGrandlight_Remake_2_0,2_0,7135,fQmMvwkd3ZLZ3a7qq
upright locker,Silver,NA,Cool,Sticker area,No,No,Yes,2,3700,925,Gray,Black,1x1,NA,Nook's Cranny,Available in Nook's Cranny (either upgrade tier) in the unique furniture slot,1.0.0,school,facility,None,None,Wardrobe,Chest,No,Does not play music,No lighting,For sale,FtrLocker_Remake_0_1,0_1,833,iwhDJAMTDLMgdy4Mk
iron frame,Black,Coating,NA,NA,Yes,Yes,No,7,NFS,15000,Black,Gray,2x1,NA,Crafting,,1.0.0,garage,None,None,None,No,Vehicle,Yes,Does not play music,No lighting,Not for sale,FtrIronframe_Remake_2_0,2_0,2553,BqFNiG9meYjBy5ZCr
exercise bike,Red,NA,NA,NA,No,No,No,NA,4800,1200,Red,Black,1x1,NA,Nook's Cranny,"Available in Nook's Cranny (upgraded only), in the unique furniture slot",1.0.0,fitness,None,None,None,Yes,Sports,No,Does not play music,No lighting,For sale,FtrExercisebike_Remake_1_0,1_0,287,pqhhPbR6TyhPgumBp
pile of leaves,NA,NA,NA,NA,Yes,No,No,NA,NFS,1300,Brown,Brown,1.5x1.5,NA,Crafting,,1.0.0,garden,None,tree's bounty or leaves,None,Yes,Plants,Yes,Does not play music,No lighting,Not for sale,FtrFallenleaves,NA,1023,v4j39PZT6JBNDN2ey
director's chair,White,NA,Director black,Fabric,No,No,Yes,1,1600,400,White,Black,1x1,NA,Nook's Cranny,"Available in all tiers of shops, including Timmy & Tommy before the shop is opened",1.0.0,outdoors,None,None,None,Yes,Chair,Yes,Does not play music,No lighting,For sale,FtrDirectorchair_Remake_2_1,2_1,2020,n2rsd5ezLDLfpb3Go
giant teddy bear,Tweed,NA,Giant stripes,Ribbon,Yes,No,Yes,8,NFS,6300,Purple,Yellow,3x3,NA,Crafting,,1.0.0,fancy,child's room,None,bear,No,Animal,No,Does not play music,No lighting,Not for sale,FtrBearXL_Remake_5_3,5_3,1504,cJd638Qr2LZPLYh8S
cone,Red stripes,NA,NA,NA,No,No,No,NA,630,157,Red,White,1x1,NA,Nook's Cranny,Available in Nook's Cranny (either upgrade tier) in the unique furniture slot,1.0.0,facility,garage,None,None,No,Vehicle,Yes,Does not play music,No lighting,For sale,FtrPylon_Remake_4_0,4_0,146,htsp838zt3prgkoNo
diner neon sign,Blue,NA,NA,NA,No,No,No,NA,3900,975,Red,Blue,2x1,NA,Nook's Cranny,"Available in Nook's Cranny (upgraded only), in the unique furniture slot",1.0.0,shop,None,diner,None,Yes,Lamp,No,Does not play music,Emission,For sale,FtrAmeretroNeon_Remake_4_0,4_0,4143,WKEo4va7iJLpxEYgt
rock guitar,Sunburst,NA,Chic logo,Sticker area,No,No,Yes,2,3100,775,Orange,White,1x1,NA,Nook's Cranny,Available in Nook's Cranny (either upgrade tier) in the unique furniture slot,1.0.0,concert,None,None,None,Yes,Musical Instrument,No,Does not play music,No lighting,For sale,FtrElectricguitar1_Remake_0_2,0_2,1644,xSFnF93iuZ7eXDaTL
monster statue,Brown,NA,NA,NA,No,No,No,NA,NFS,25000,Brown,Brown,3x3,5000,Nook Miles Shop,,1.0.0,child's room,horror,None,None,Yes,Toy,Yes,Does not play music,No lighting,Not for sale,FtrMonster_Remake_0_0,0_0,4722,ocnmkHpuF49FNT5iD
log chair,Dark wood,Lumber type,Quilted,Cushion,Yes,Yes,Yes,3,NFS,960,Brown,Light blue,1x1,NA,Crafting,,1.0.0,garden,living room,log,None,Yes,Sofa,No,Does not play music,No lighting,Not for sale,FtrLogSofaS_Remake_0_4,0_4,4039,f8ie9zEXToBJg7exq
ironwood cart,Birch,Lumber type,NA,NA,Yes,Yes,No,5,NFS,3720,Beige,Black,1x1,NA,Crafting,,1.0.0,living room,None,ironwood,None,No,Desk,No,Does not play music,No lighting,Not for sale,FtrIronwoodServingcart_Remake_0_0,0_0,3195,uE5xCZfBdszvipzhD
tool shelf,Blue,NA,NA,NA,No,No,No,NA,7300,1825,Blue,Colorful,2x1,NA,Nook's Cranny,Available in Nook's Cranny (either upgrade tier) in the unique furniture slot,1.0.0,garage,facility,None,None,No,Table,No,Does not play music,No lighting,For sale,FtrToolshelf_Remake_2_0,2_0,7525,J36QjznXxh5rbJSqf
garden bench,Navy blue,Variation,NA,NA,Yes,Yes,No,6,NFS,4440,Beige,Black,2x1,NA,Crafting,,1.0.0,garden,None,None,None,Yes,Sofa,Yes,Does not play music,No lighting,Not for sale,FtrParkbenche_Remake_2_0,2_0,3509,2HDqhR3rRvYmPFrxs
loft bed with desk,Orange,NA,Black,Bedding,No,No,Yes,3,7700,1925,Orange,Black,2x1,NA,Nook's Cranny,"Available in Nook's Cranny (upgraded only), in the unique furniture slot",1.0.0,child's room,None,None,None,Yes,Desk,No,Does not play music,No lighting,For sale,FtrBeddesk_Remake_5_1,5_1,3621,HtJa9e7XibPaKZdj3
changing room,Brown,NA,Pink,Curtain,No,No,Yes,2,3700,925,Orange,Pink,1x1,NA,Nook's Cranny,"Available in Nook's Cranny (upgraded only), in the unique furniture slot",1.0.0,shop,facility,None,None,Wardrobe,Shop,No,Does not play music,No lighting,For sale,FtrFittingroom_Remake_2_4,2_4,1816,t3PqQ3hcZ7kLXFMt2
diner neon sign,Red,NA,NA,NA,No,No,No,NA,3900,975,Blue,Red,2x1,NA,Nook's Cranny,"Available in Nook's Cranny (upgraded only), in the unique furniture slot",1.0.0,shop,None,diner,None,Yes,Lamp,No,Does not play music,Emission,For sale,FtrAmeretroNeon_Remake_0_0,0_0,4143,RbpDhBLcYH4j3pvt2
signpost,Home,Navigation,NA,NA,Yes,Yes,No,1,NFS,600,Beige,Brown,1x1,NA,Crafting,,1.0.0,garden,None,None,None,No,Ranch,Yes,Does not play music,No lighting,Not for sale,FtrSignpost_Remake_0_0,0_0,3588,RAqjSXzbRx6hnMQj2
mush low stool,White mushroom,Mushroom type,NA,NA,Yes,Yes,No,2,NFS,800,White,White,1x1,NA,Crafting,,1.0.0,garden,None,mush,None,Yes,Chair,Yes,Does not play music,No lighting,Not for sale,FtrMushroomChairS_Remake_1_0,1_0,4708,NFpsRoFD6h8zihnWu
plain wooden shop sign,White,Sign,Warning,Flier,Yes,Yes,Yes,2,NFS,720,White,Yellow,1x1,NA,Crafting,,1.0.0,garden,None,None,None,No,Vehicle,Yes,Does not play music,No lighting,Not for sale,FtrSignWood_Remake_1_3,1_3,3692,bfxq3cga2LWRgQSWb
Aquarius urn,NA,NA,NA,NA,Yes,No,No,NA,NFS,22125,White,Yellow,1x1,NA,Crafting,,1.0.0,expensive,bathroom,stars,None,No,Bathroom Things,No,Does not play music,No lighting,Not for sale,FtrZodiacAquarius,NA,5956,dYz86HHwPAWYn5c3Z
ironwood DIY workbench,Old,Lumber type,NA,NA,Yes,Yes,No,7,NFS,8520,Brown,Black,2x1,NA,Crafting,,1.0.0,garage,None,ironwood,None,Workbench,Work Bench,No,Does not play music,No lighting,Not for sale,FtrWorkbenchIronwood_Remake_3_0,3_0,3943,b8wk34CGzmKHZgH8K
