Name,Variation,Body Title,Pattern,Pattern Title,DIY,Body Customize,Pattern Customize,Kit Cost,Buy,Sell,Color 1,Color 2,Size,Miles Price,Source,Source Notes,Version,HHA Concept 1,HHA Concept 2,HHA Series,HHA Set,Interact,Tag,Outdoor,Speaker Type,Lighting Type,Catalog,Filename,Variant ID,Internal ID,Unique Entry ID
  ROCKING HORSE  ,Natural,Paint color,NA,NA,Yes,Yes,No,1,NFS,600,Yellow,Yellow,1x1,NA,Crafting,,1.0.0,child's room,fancy,None,None,Yes,Toy,No,Does not play music,No lighting,Not for sale,FtrRockinghorse_Remake_0_0,0_0,83,5yG5dJeztH649hDEF
  HAMMOCK  ,Light brown,NA,Camouflage,Cloth,No,No,Yes,1,1300,,Beige,Green,2x1,NA,Nook's Cranny,"Available in all tiers of shops, including Timmy & Tommy before the shop is opened",1.0.0,outdoors,None,None,None,Yes,Bed,Yes,Does not play music,No lighting,For sale,FtrHammock_Remake_1_1,1_1,1620,hqgeXHvPCbLaynMCY
LOFT BED WITH DESK,Blue,NA,Green stripes,Bedding,No,No,Yes,3,7700,1925,Blue,Colorful,2x1,NA,Nook's Cranny,"Available in Nook's Cranny (upgraded only), in the unique furniture slot",1.0.0,child's room,None,None,None,Yes,Desk,No,Does not play music,No lighting,For sale,FtrBeddesk_Remake_4_6,4_6,3621,m4wm6B5MmAdf2vEQo
camping cot,Yellow,NA,NA,NA,No,No,No,NA,1800,450,Yellow,Yellow,2x1,NA,Starting items,,1.0.0,outdoors,None,None,None,Yes,Bed,Yes,Does not play music,No lighting,For sale,FtrCampbed_Remake_1_0,1_0,4081,EfgFd67XeHoa6Z6JZ
  CUTE FLOOR LAMP  ,Yellow,NA,NA,NA,No,No,No,NA,3500,875,Yellow,Purple,1x1,NA,Nook's Cranny,"Available in Nook's Cranny (upgraded only), in the unique furniture slot",1.0.0,fancy,None,cute,None,Yes,Lamp,No,Does not play music,Fluorescent,For sale,FtrCuteLamp_Remake_2_0,2_0,4002,Too8dDarzLpdR47GE
crescent-moon chair,Purple,Color,NA,NA,Yes,Yes,No,7,,8500,Purple,Yellow,2x1,NA,Crafting,,1.0.0,space,fancy,stars,None,Yes,Chair,No,Does not play music,Fluorescent,Not for sale,FtrStarMoonChairL_Remake_3_0,3_0,6829,D8YEuyBhvk3YNRWQc
  CAMPFIRE COOKWARE  ,NA,NA,NA,NA,No,No,No,NA,900,225,Brown,Black,1x1,NA,Nook's Cranny,"Available in all tiers of shops, including Timmy & Tommy before the shop is opened",1.0.0,outdoors,None,None,None,Yes,Kitchen Things,Yes,Does not play music,Candle,For sale,FtrMesstin,NA,1433,hk3E2ppSro5Y8hWXy
  BARBECUE  ,Black,NA,NA,NA,No,No,No,NA,2500,625,Black,Colorful,1x1,NA,Nook's Cranny,"Available in all tiers of shops, including Timmy & Tommy before the shop is opened",1.0.0,outdoors,None,None,None,Yes,Outdoors Decor,Yes,Does not play music,No lighting,For sale,FtrBarbecuegrill_Remake_4_0,4_0,330,ArGHiDEjLyA7p8f66
  PLAIN SINK  ,Dark wood,Design,NA,NA,Yes,Yes,No,4,NFS,2270,Brown,Green,1x1,NA,Crafting,,1.0.0,bathroom,None,None,None,Yes,Bathroom Things,No,Does not play music,No lighting,Not for sale,FtrWashstandBowl_Remake_2_0,2_0,3683,fwZN7sLcZCWtLm5Bh
  cute wardrobe  ,Blue,NA,NA,NA,No,No,No,NA,7300,1825,Blue,White,1x1,NA,Nook's Cranny,"Available in Nook's Cranny (upgraded only), in the unique furniture slot",1.0.0,fancy,None,cute,None,Wardrobe,Chest,No,Does not play music,No lighting,For sale,FtrCuteClosetLR_Remake_4_0,4_0,3997,bpg2z9qk9GQSgRrtm
WHITEBOARD,Brainstorming meeting,NA,NA,NA,No,No,No,NA,2600,650,White,Gray,2x1,NA,Nook's Cranny,"Available in Nook's Cranny (upgraded only), in the unique furniture slot",1.0.0,office,None,None,None,No,Office,No,Does not play music,No lighting,For sale,FtrWhiteboard_Remake_5_0,5_0,4116,aTd8oKdE38jnwzBNm
hose reel,Silver,NA,NA,NA,No,No,No,NA,1400,350,Gray,Light blue,1x1,NA,Nook's Cranny,Available in Nook's Cranny (either upgrade tier) in the unique furniture slot,1.0.0,garden,None,None,None,No,Garden,Yes,Does not play music,No lighting,For sale,FtrHosereel_Remake_0_0,0_0,4113,N4hjHX9MesAnWmjtm
  wooden mini table  ,Cherry wood,Paint color,Green,Tablecloth,Yes,Yes,Yes,2,,720,Orange,Green,1x1,NA,Crafting,,1.0.0,child's room,living room,wooden,None,No,Table,No,Does not play music,No lighting,Not for sale,FtrWoodenTableMini_Remake_2_4,2_4,7133,LdJ3LAWjEJ3fLaqpJ
effects rack,Blue,NA,Handwritten logo,Sticker area,No,No,Yes,3,6800,1700,Blue,Light blue,1x1,NA,Nook's Cranny,"Available in Nook's Cranny (upgraded only), in the unique furniture slot",1.0.0,concert,facility,None,None,No,Musical Instrument,No,Does not play music,No lighting,For sale,FtrEffectorrack_Remake_3_5,3_5,950,LpCGc6CkxJjQjtqey
  loft bed with desk  ,Brown,NA,Black,Bedding,No,No,Yes,3,7700,1925,Red,Black,2x1,NA,Nook's Cranny,"Available in Nook's Cranny (upgraded only), in the unique furniture slot",1.0.0,child's room,None,None,None,Yes,Desk,No,Does not play music,No lighting,For sale,FtrBeddesk_Remake_1_1,1_1,3621,xapoyEk8gqkc64n4p
  construction sign  ,Ongoing work,NA,NA,NA,No,No,No,NA,,5000,White,Blue,1x1,1000,Nook Miles Shop,,1.0.0,garage,facility,None,None,No,Vehicle,Yes,Does not play music,No lighting,Not for sale,FtrSignConstruction_Remake_0_0,0_0,9568,aFi7Nk8YGWeoizzqu
  wooden-block table  ,Vivid,Block color,NA,NA,Yes,Yes,No,2,NFS,1320,Red,Colorful,2x2,NA,Crafting,,1.0.0,child's room,None,wooden block,None,No,Table,No,Does not play music,No lighting,Not for sale,FtrBlockTableL_Remake_4_0,4_0,1565,8hYurfXnfEfDQ5sWh
  wedding arch  ,Chic,Design,NA,NA,No,Yes,No,7,20000,5000,White,Brown,3x1,NA,Wedding Season,,1.2.0,party,expensive,wedding,None,No,Arch,No,Does not play music,No lighting,Not for sale,FtrWeddingArch_Remake_1_0,1_0,12402,iYQeGKgR67gmisv7R
  DJ's turntable  ,Brown,NA,Emblem logo,Flag,No,No,Yes,4,9300,2325,Orange,Green,2x1,NA,Nook's Cranny,"Available in Nook's Cranny (upgraded only), in the unique furniture slot",1.0.0,party,concert,None,None,Yes,Musical Instrument,No,Hi-fi,No lighting,For sale,FtrDJbooth_Remake_2_4,2_4,941,3rTcLoj8ghfenGYi6
  soccer goal  ,NA,NA,NA,NA,No,No,No,NA,NFS,20000,White,White,3x2,4000,Nook Miles Shop,,1.0.0,fitness,None,None,None,No,Sports,Yes,Does not play music,No lighting,Not for sale,FtrSoccergoal,NA,1149,wzWPLmRmjzSPdciCR
  cute DIY table  ,Sky blue,NA,NA,NA,No,No,No,NA,7000,1750,Light blue,Blue,2x1,NA,Nook's Cranny,"Available in Nook's Cranny (upgraded only), in the unique furniture slot",1.0.0,fancy,None,cute,None,Yes,Work Bench,No,Does not play music,Spotlight,For sale,FtrCuteWorkbench_Remake_1_0,1_0,3995,PSXCm8csqXToGmMse
WOODEN FULL-LENGTH MIRROR,Light wood,Paint color,NA,NA,Yes,Yes,No,2,NFS,1350,Yellow,Yellow,1x1,NA,Crafting,,1.0.0,child's room,living room,wooden,None,Yes,Dresser,No,Does not play music,No lighting,Not for sale,FtrWoodenMirror_Remake_0_0,0_0,7137,r7kgrSonB53YQEstf
  log decorative shelves  ,Orange wood,Lumber type,Geometric print,Mat,Yes,Yes,Yes,4,NFS,1560,Orange,Colorful,2x1,NA,Crafting,,1.0.0,garden,living room,log,None,No,Shelf,No,Does not play music,No lighting,Not for sale,FtrLogShelf_Remake_1_2,1_2,4036,fihjZvDxPsh3iwYSa
log round table,White wood,Lumber type,Southwestern flair,Tablecloth,Yes,Yes,Yes,4,NFS,1800,Beige,Colorful,2x2,NA,Crafting,,1.0.0,garden,living room,log,None,No,Table,Yes,Does not play music,No lighting,Not for sale,FtrLogTableLRound_Remake_2_1,2_1,4043,pX8cvCtPKedH2FCTn
tire toy,Turquoise,Tire color,NA,NA,Yes,Yes,No,1,NFS,20,Green,Green,1x1,NA,Crafting,,1.0.0,garden,None,None,None,Yes,Playground,Yes,Does not play music,No lighting,Not for sale,FtrPlayingtire_Remake_3_0,3_0,2329,BgjJWnfFf5MAEB75e
brick oven,Black,Brick color,NA,NA,Yes,Yes,No,6,NFS,,Black,Gray,1.5x1.5,NA,Crafting,,1.0.0,kitchen,shop,None,None,Yes,Kitchen,Yes,Does not play music,No lighting,Not for sale,FtrStoneoven_Remake_3_0,3_0,1157,CQiD3jT6CdYfi3z7N
  diner mini table  ,Cream,NA,NA,NA,No,No,No,NA,1600,400,Gray,White,1x1,NA,Nook's Cranny,"Available in Nook's Cranny (upgraded only), in the unique furniture slot",1.0.0,shop,None,diner,None,No,Table,No,Does not play music,No lighting,For sale,FtrAmeretroTableS_Remake_5_0,5_0,4441,RAc5QG7N7mtcTdTMX
  MAPLE-LEAF POND STONE  ,NA,NA,NA,NA,Yes,No,No,NA,NFS,2700,Brown,Orange,2x1,NA,Crafting,,1.0.0,zen-style,garden,tree's bounty or leaves,None,No,Japanese Style,Yes,Does not play music,No lighting,Not for sale,FtrStonewaterbowlAutumun,NA,7408,2FGMfr2BKcY7mnHqA
wedding flower stand,Garden,Design,NA,NA,No,Yes,No,2,4000,1000,Yellow,Brown,1x1,NA,Wedding Season,,1.2.0,party,expensive,wedding,None,No,Plants,No,Does not play music,No lighting,Not for sale,FtrWeddingFlower_Remake_2_0,2_0,12411,obXJFc4LwC29mNGLg
  baby chair  ,Green,NA,Paw print,Cushion,No,No,Yes,1,1200,300,Green,Colorful,1x1,NA,Nook's Cranny,Available in Nook's Cranny (either upgrade tier) in the unique furniture slot,1.0.0,child's room,None,None,None,Yes,Chair,No,Does not play music,No lighting,For sale,FtrBabychair_Remake_3_4,3_4,3305,3e9b2NF4sqpynsAx2
baby chair,White,NA,Train,Cushion,No,No,Yes,1,1200,300,White,Colorful,1x1,NA,Nook's Cranny,Available in Nook's Cranny (either upgrade tier) in the unique furniture slot,1.0.0,child's room,None,None,None,Yes,Chair,No,Does not play music,No lighting,For sale,FtrBabychair_Remake_5_3,5_3,3305,zKcKRjhc7Wb7KNnyd
  flower stand  ,Pink,Variation,NA,NA,Yes,Yes,No,4,,2880,Pink,Green,1.5x1.5,NA,Crafting,,1.0.0,party,None,None,None,No,Plants,No,Does not play music,No lighting,Not for sale,FtrStandflower_Remake_2_0,2_0,7527,DYT97hfpZ3MJE5Y6K
bamboo stopblock,Smoke-cured bamboo,Bamboo,NA,NA,Yes,Yes,No,1,NFS,480,Brown,Black,1x0.5,NA,Crafting,,1.0.0,zen-style,None,bamboo,None,No,Vehicle,Yes,Does not play music,No lighting,Not for sale,FtrBambooCarstop_Remake_2_0,2_0,3556,rcGeNM8ZcnF3y3FHX
imperial low table,Black,NA,NA,NA,No,No,No,NA,3700,925,Black,Black,2x1,NA,Nook's Cranny,"Available in Nook's Cranny (upgraded only), in the unique furniture slot",1.0.0,zen-style,None,zen,None,No,Table,No,Does not play music,No lighting,For sale,FtrOrientalTableM_Remake_3_0,3_0,3974,cc2s6L6ne6WtYLsR5
BUNK BED,Red,NA,White,Bedding,No,No,Yes,2,5000,1250,Red,White,2x1,NA,Nook's Cranny,Available in Nook's Cranny (either upgrade tier) in the unique furniture slot,1.0.0,facility,None,None,None,Yes,Bed,No,Does not play music,No lighting,For sale,FtrBunkbed_Remake_3_0,3_0,8298,Hz2XkoCbzaTekDy8Z
  kitty litter box  ,Brown,NA,NA,NA,No,No,No,NA,1100,275,Brown,Gray,1x1,NA,Nook's Cranny,Available in Nook's Cranny (either upgrade tier) in the unique furniture slot,1.0.0,living room,None,None,pet,No,Bathroom Things,No,Does not play music,No lighting,For sale,FtrPetWC_Remake_5_0,5_0,7803,HDqcrLftoz3WwyYmh
KITTY LITTER BOX,Black,NA,NA,NA,No,No,No,NA,1100,275,Black,Light blue,1x1,NA,Nook's Cranny,Available in Nook's Cranny (either upgrade tier) in the unique furniture slot,1.0.0,living room,None,None,pet,No,Bathroom Things,No,Does not play music,No lighting,For sale,FtrPetWC_Remake_6_0,6_0,7803,8KgEuwSkD9xMff8DD
writing desk,Light brown,NA,NA,NA,No,No,No,NA,7100,1775,Yellow,Yellow,2x1,NA,Nook's Cranny,Available in Nook's Cranny (either upgrade tier) in the unique furniture slot,1.0.0,child's room,None,None,writing,Yes,Desk,No,Does not play music,Monitor,For sale,FtrStudyDesk_Remake_1_0,1_0,3701,zj8ug6pwLT5bbjt3a
  WOODEN STOOL  ,Light wood,Paint color,Green,Seat,Yes,Yes,Yes,2,NFS,480,Beige,Green,1x1,NA,Crafting,,1.0.0,child's room,living room,wooden,None,Yes,Chair,No,Does not play music,No lighting,Not for sale,FtrWoodenStoolS_Remake_0_4,0_4,3449,6m45MDhimPsgFQf9d
antique bed,Black,NA,NA,NA,No,No,No,NA,28000,7000,Black,White,2x2,NA,Nook's Cranny,"Available in Nook's Cranny (upgraded only), in the third unique furniture slot",1.0.0,living room,expensive,antique,None,Yes,Bed,No,Does not play music,No lighting,For sale,FtrAntiqueBedW_Remake_2_0,2_0,3957,s5ZQQKh3XYcue8R6S
refrigerator,Blue,NA,None,Sticker area,No,No,Yes,2,5100,1275,Blue,Blue,1x1,NA,Nook's Cranny,"Available in Nook's Cranny (upgraded only), in the unique furniture slot",1.0.0,kitchen,shop,None,None,Wardrobe,Home Appliances,No,Does not play music,No lighting,For sale,FtrRefrigerator_Remake_4_0,4_0,2713,JDx6D7Cm27B5R6JNQ
  taurus bathtub  ,NA,NA,NA,NA,Yes,No,No,NA,NFS,12350,White,Yellow,2x1,NA,Crafting,,1.0.0,bathroom,expensive,stars,None,No,Bathtub,No,Does not play music,No lighting,Not for sale,FtrZodiacTaurus,NA,5961,xfgKGNrzwSupQjTud
loft bed with desk,Light blue,NA,Yellow,Bedding,No,No,Yes,3,,1925,Light blue,Yellow,2x1,NA,Nook's Cranny,"Available in Nook's Cranny (upgraded only), in the unique furniture slot",1.0.0,child's room,None,None,None,Yes,Desk,No,Does not play music,No lighting,For sale,FtrBeddesk_Remake_6_4,6_4,3621,Jzmfcqw86pcNtXk4Y
outdoor bench,White,NA,Black,Seat,No,No,Yes,1,,325,Gray,Black,2x1,NA,Nook's Cranny,Available in Nook's Cranny (either upgrade tier) in the unique furniture slot,1.0.0,outdoors,None,None,None,Yes,Sofa,Yes,Does not play music,No lighting,For sale,FtrOutdoorchairM_Remake_0_1,0_1,3947,WD45zMwfvbmxvMrs7
EXERCISE BIKE,Yellow,NA,NA,NA,No,No,No,NA,4800,1200,Yellow,Black,1x1,NA,Nook's Cranny,"Available in Nook's Cranny (upgraded only), in the unique furniture slot",1.0.0,fitness,None,None,None,Yes,Sports,No,Does not play music,No lighting,For sale,FtrExercisebike_Remake_2_0,2_0,287,ei5LirK64nubeDEAg
  wooden stool  ,Dark wood,Paint color,Blue,Seat,Yes,Yes,Yes,2,NFS,,Brown,Light blue,1x1,NA,Crafting,,1.0.0,child's room,living room,wooden,None,Yes,Chair,No,Does not play music,No lighting,Not for sale,FtrWoodenStoolS_Remake_3_3,3_3,3449,6a9L4JYGPbrsX2XF6
diy workbench,Marine blue,Paint color,NA,NA,Yes,Yes,No,7,NFS,,Light blue,Colorful,2x1,NA,Crafting,,1.0.0,garage,None,None,None,Workbench,Work Bench,No,Does not play music,No lighting,Not for sale,FtrWorkbench_Remake_5_0,5_0,1241,aYcS5STicPHQhkPCN
  ironwood bed  ,Walnut,Lumber type,Navy,Bedding,Yes,Yes,Yes,8,NFS,9900,Brown,Black,2x1,NA,Crafting,,1.0.0,living room,None,ironwood,None,Yes,Bed,No,Does not play music,No lighting,Not for sale,FtrIronwoodBedS_Remake_2_0,2_0,3200,cD9CjJCC7Zcs8K7We
chalkboard,Math,NA,NA,NA,No,No,No,NA,2600,650,Green,Gray,2x1,NA,Nook's Cranny,"Available in Nook's Cranny (upgraded only), in the unique furniture slot",1.0.0,school,None,None,None,No,School,No,Does not play music,No lighting,For sale,FtrBlackboard_Remake_3_0,3_0,2012,atRnsthywz6gyJmHc
  ELECTRIC GUITAR  ,Dark red,NA,Rock logo,Sticker area,No,No,Yes,7,71000,,Red,Purple,1x1,NA,Nook's Cranny,"Available in Nook's Cranny (upgraded only), in the third unique furniture slot",1.0.0,concert,None,None,None,Yes,Musical Instrument,No,Does not play music,No lighting,For sale,FtrElectricguitar2_Remake_0_3,0_3,1645,yffi7v9tcqfSQ48kv
colorful wheel,Win or lose,NA,NA,NA,No,No,No,NA,2900,725,Purple,Yellow,2x1,NA,Nook's Cranny,"Available in Nook's Cranny (upgraded only), in the unique furniture slot",1.0.0,party,None,None,None,Yes,Toy,No,Does not play music,No lighting,For sale,FtrRoulette_Remake_2_0,2_0,1112,i48gjmGQCjTFtsffB
bunk bed,Blue,NA,Striped,Bedding,No,No,Yes,2,5000,1250,Blue,Blue,2x1,NA,Nook's Cranny,Available in Nook's Cranny (either upgrade tier) in the unique furniture slot,1.0.0,facility,None,None,None,Yes,Bed,No,Does not play music,No lighting,For sale,FtrBunkbed_Remake_4_1,4_1,8298,w3umEo6vpdHfvFaC4
  VINTAGE TV TRAY  ,Black,NA,Green,Tray,No,No,Yes,1,1200,300,Black,Green,1x1,NA,Nook's Cranny,Available in Nook's Cranny (either upgrade tier) in the unique furniture slot,1.0.0,living room,None,None,None,No,Table,No,Does not play music,No lighting,For sale,FtrTVtray_Remake_3_0,3_0,4445,T7KdXKdhZNhXPp5M9
  STADIOMETER  ,Gray,NA,NA,NA,No,No,No,NA,2100,,Black,Gray,1x1,NA,Nook's Cranny,Available in Nook's Cranny (either upgrade tier) in the unique furniture slot,1.0.0,school,facility,None,None,No,School,No,Does not play music,No lighting,For sale,FtrStadiometer_Remake_0_0,0_0,546,KmLzzEp4sxPnFsQt4
  poolside bed  ,Brown,NA,Yellow,Bed mat,No,No,Yes,2,3400,850,Orange,Yellow,2x1,NA,Nook's Cranny,"Available in Nook's Cranny (upgraded only), in the unique furniture slot",1.0.0,ocean,expensive,None,None,Yes,Bed,Yes,Does not play music,No lighting,For sale,FtrPoolsidebed_Remake_1_4,1_4,4102,CLGoSZmGh885M5qkh
frozen chair,Ice orange,Illumination,NA,NA,Yes,Yes,No,7,NFS,6200,Orange,Orange,1x1,NA,Crafting,,1.0.0,freezing cold,None,frozen,None,Yes,Chair,Yes,Does not play music,No lighting,Not for sale,FtrIceChairS_Remake_4_0,4_0,3503,QYGAsZxd4Bes6CY4w
  AUTOMATIC WASHER  ,Blue,NA,NA,NA,No,No,No,NA,4500,1125,Blue,White,1x1,NA,Nook's Cranny,"Available in Nook's Cranny (upgraded only), in the unique furniture slot",1.0.0,bathroom,None,None,None,Yes,Home Appliances,No,Does not play music,No lighting,For sale,FtrWashingmachine_Remake_2_0,2_0,2740,vCcK4sAa2HDC2cLQG
CHANGING ROOM,Beige,NA,Red,Curtain,No,No,Yes,2,3700,925,Yellow,Red,1x1,NA,Nook's Cranny,"Available in Nook's Cranny (upgraded only), in the unique furniture slot",1.0.0,shop,facility,None,None,Wardrobe,Shop,No,Does not play music,No lighting,For sale,FtrFittingroom_Remake_1_5,1_5,1816,KcXaGW49HwocRBvzj
  bunk bed  ,White,NA,Checkered,Bedding,No,No,Yes,2,5000,1250,White,Pink,2x1,NA,Nook's Cranny,Available in Nook's Cranny (either upgrade tier) in the unique furniture slot,1.0.0,facility,None,None,None,Yes,Bed,No,Does not play music,No lighting,For sale,FtrBunkbed_Remake_2_2,2_2,8298,yyT3WFXwaPnCx4xN8
SHADED FLOOR LAMP,Yellow,NA,NA,NA,No,No,No,NA,,425,Yellow,Gray,1x1,NA,Nook's Cranny,"Available in Nook's Cranny (upgraded only), in the unique furniture slot",1.0.0,living room,None,None,None,Yes,Lamp,No,Does not play music,Fluorescent,For sale,FtrLampMount_Remake_0_0,0_0,4572,584LfQkaemKeexgc9
  champion's pennant  ,Green,NA,NA,NA,No,No,No,NA,3900,975,Green,Yellow,1x1,NA,Nook's Cranny,"Available in Nook's Cranny (upgraded only), in the unique furniture slot",1.0.0,school,None,None,None,No,School,No,Does not play music,No lighting,For sale,FtrVictoryflag_Remake_2_0,2_0,7264,yczJPkDz2CLwurp8j
digital scale,Red,NA,Floral,Design,No,No,Yes,1,930,,Red,Red,1x1,NA,Nook's Cranny,Available in Nook's Cranny (either upgrade tier) in the unique furniture slot,1.0.0,bathroom,None,None,None,No,Bathroom Things,No,Does not play music,No lighting,For sale,FtrWeightscale_Remake_2_1,2_1,3307,pwnTCwwHa9yhEB2iP
VINTAGE TV TRAY,Black,NA,Black,Tray,No,No,Yes,1,1200,300,Black,Black,1x1,NA,Nook's Cranny,Available in Nook's Cranny (either upgrade tier) in the unique furniture slot,1.0.0,living room,None,None,None,No,Table,No,Does not play music,No lighting,For sale,FtrTVtray_Remake_3_1,3_1,4445,6jZGbuMs2XwAM8p4t
frozen arch,Ice purple,Illumination,NA,NA,Yes,Yes,No,7,NFS,9000,Purple,Purple,3x1,NA,Crafting,,1.0.0,freezing cold,None,frozen,None,No,Arch,Yes,Does not play music,No lighting,Not for sale,FtrIceGate_Remake_6_0,6_0,3499,PTqtWSh82xbkqGjbk
  climbing wall  ,Pink,NA,NA,NA,No,No,No,NA,4300,1075,Pink,Colorful,2x0.5,NA,Nook's Cranny,"Available in Nook's Cranny (upgraded only), in the unique furniture slot",1.0.0,fitness,None,None,None,No,Sports,Yes,Does not play music,No lighting,For sale,FtrClimbingwall_Remake_1_0,1_0,4006,nq45QwfcFocFND6yP
kotatsu,NA,NA,Stripes,Blanket,No,No,Yes,2,,925,Brown,Colorful,2x2,NA,Nook's Cranny,"Available in Nook's Cranny (upgraded only), in the third unique furniture slot",1.0.0,zen-style,None,None,None,No,Table,No,Does not play music,No lighting,For sale,FtrKotatsu_Remake_0_3,0_3,1849,XjaiJptva6rJCnNyc
school chair,Light brown & black,NA,NA,NA,No,No,No,NA,,,Orange,Black,1x1,NA,Nook's Cranny,Available in Nook's Cranny (either upgrade tier) in the unique furniture slot,1.0.0,school,None,None,school,Yes,Chair,No,Does not play music,No lighting,For sale,FtrSchoolChairS_Remake_2_0,2_0,1308,TB8xPSJhuu7YafYsv
floor lamp,Black,NA,White,Lampshade,No,No,Yes,1,,350,Black,White,1x1,NA,Nook's Cranny,"Available in Nook's Cranny (upgraded only), in the unique furniture slot",1.0.0,living room,None,None,None,Yes,Lamp,No,Does not play music,Fluorescent,For sale,FtrLamp_Remake_3_0,3_0,2561,Nz2JCeXiKWFMYC76S
THROWBACK ROCKET,Silver,NA,NA,NA,No,No,No,NA,5900,1475,Gray,Orange,1x1,NA,Nook's Cranny,"Available in Nook's Cranny (upgraded only), in the unique furniture slot",1.0.0,child's room,space,throwback,None,Wardrobe,Chest,No,Does not play music,No lighting,For sale,FtrBoyClosetL_Remake_0_0,0_0,4761,HEn7YMzYz5zFXYLWD
writing desk,White,NA,NA,NA,No,No,No,NA,7100,1775,White,White,2x1,NA,Nook's Cranny,Available in Nook's Cranny (either upgrade tier) in the unique furniture slot,1.0.0,child's room,None,None,writing,Yes,Desk,No,Does not play music,Monitor,For sale,FtrStudyDesk_Remake_3_0,3_0,3701,5njHyM5GZ22v6Levz
  wooden mini table  ,Light wood,Paint color,Orange,Tablecloth,Yes,Yes,Yes,2,NFS,720,Beige,Orange,1x1,NA,Crafting,,1.0.0,child's room,living room,wooden,None,No,Table,No,Does not play music,No lighting,Not for sale,FtrWoodenTableMini_Remake_0_1,0_1,7133,MiXLbYhi8QtBP9Bgk
  PLAIN SINK  ,Gray wood & tile,Design,NA,NA,Yes,Yes,No,4,NFS,2270,Gray,Beige,1x1,NA,Crafting,,1.0.0,bathroom,None,None,None,Yes,Bathroom Things,No,Does not play music,No lighting,Not for sale,FtrWashstandBowl_Remake_4_0,4_0,3683,LZcuYKEEp6xhxK8MJ
freezer,Silver,NA,NA,NA,No,No,No,NA,3500,875,Gray,Gray,2x1,NA,Nook's Cranny,Available in Nook's Cranny (either upgrade tier) in the unique furniture slot,1.0.0,kitchen,shop,None,None,Wardrobe,Home Appliances,No,Does not play music,No lighting,For sale,FtrFreezer_Remake_3_0,3_0,4135,yft5YzF44oFzqmoJ4
  LOFT BED WITH DESK  ,Natural,NA,White,Bedding,No,No,Yes,3,7700,1925,Beige,White,2x1,NA,Nook's Cranny,"Available in Nook's Cranny (upgraded only), in the unique furniture slot",1.0.0,child's room,None,None,None,Yes,Desk,No,Does not play music,No lighting,For sale,FtrBeddesk_Remake_0_0,0_0,3621,pEmEpctJ7fDvRK895
  wooden low table  ,Pink wood,Paint color,NA,NA,Yes,Yes,No,2,NFS,,Pink,Pink,2x1,NA,Crafting,,1.0.0,child's room,living room,wooden,None,No,Table,No,Does not play music,No lighting,Not for sale,FtrWoodenTableM_Remake_7_0,7_0,7134,MaSaqNLgbEC4Et76L
SLEEPING BAG,Orange,NA,NA,NA,No,No,No,NA,1400,350,Orange,Gray,2x1,NA,Nook's Cranny,"Available in all tiers of shops, including Timmy & Tommy before the shop is opened",1.0.0,outdoors,None,None,None,Yes,Bed,Yes,Does not play music,No lighting,For sale,FtrSleepingbag_Remake_3_0,3_0,1434,u2P2EYDQWXMuK2amc
wooden double bed,Green,Paint color,Pink,Bedding,Yes,Yes,Yes,6,NFS,3600,Green,Pink,2x2,NA,Crafting,,1.0.0,child's room,living room,wooden,None,Yes,Bed,No,Does not play music,No lighting,Not for sale,FtrWoodenBedW_Remake_5_1,5_1,7132,2BPJ9Rm2ZXC952xEW
FOUNTAIN,Black,Color,NA,NA,Yes,Yes,No,7,NFS,11700,Black,Black,3x3,NA,Crafting,,1.0.0,garden,facility,None,None,Yes,Playground,Yes,Does not play music,No lighting,Not for sale,FtrFountain_Remake_2_0,2_0,8031,mbHXRqiHygK4t5ofg
frozen bed,Ice green,Illumination,White,Bedding,Yes,Yes,Yes,8,NFS,9000,Green,White,2x2,NA,Crafting,,1.0.0,freezing cold,None,frozen,None,Yes,Bed,Yes,Does not play music,No lighting,Not for sale,FtrIceBedW_Remake_5_1,5_1,3502,FKpQZAKraz9XksM7x
  golf bag  ,Pink,NA,NA,NA,No,No,No,NA,54000,13500,Pink,Pink,1x1,NA,Nook's Cranny,"Available in Nook's Cranny (upgraded only), in the third unique furniture slot",1.0.0,fitness,None,None,None,No,Sports,No,Does not play music,No lighting,For sale,FtrGolfbag_Remake_2_0,2_0,1632,pMnpibghSurQPP5GC
  streetlamp  ,Green,NA,NA,NA,No,No,No,NA,NFS,5000,Green,Green,1x1,1000,Nook Miles Shop,,1.0.0,garden,None,None,None,Yes,Lamp,Yes,Does not play music,Fluorescent,Not for sale,FtrStreetlamp_Remake_0_0,0_0,3816,bpmjEMvqg4AriFww3
mush parasol,Ordinary mushroom,Mushroom type,NA,NA,Yes,Yes,No,2,,1200,Orange,Brown,2x2,NA,Crafting,,1.0.0,garden,None,mush,None,No,Plants,Yes,Does not play music,No lighting,Not for sale,FtrMushroomParasol_Remake_0_0,0_0,3805,YoHwDYpbfA3Q7vaaE
rattan wardrobe,Gray,NA,NA,NA,No,No,No,NA,6900,1725,Blue,Blue,1x1,NA,Nook's Cranny,"Available in Nook's Cranny (upgraded only), in the unique furniture slot",1.0.0,living room,None,rattan,None,Wardrobe,Chest,No,Does not play music,No lighting,For sale,FtrRattanClosetLR_Remake_4_0,4_0,4049,eH8JeGm6SAetXNGfm
  cat tower  ,Brown,NA,NA,NA,No,No,No,NA,3000,750,Brown,Beige,1x1,NA,Nook's Cranny,Available in Nook's Cranny (either upgrade tier) in the unique furniture slot,1.0.0,living room,None,None,None,Yes,Animal,No,Does not play music,No lighting,For sale,FtrCattower_Remake_1_0,1_0,896,yZD44wEXn4quwQ3aP
ANCHOR STATUE,White,Color,NA,NA,No,Yes,No,2,NFS,,White,Beige,1x1,NA,Fishing Tourney,,1.0.0,ocean,None,None,None,No,Seaside,Yes,Does not play music,No lighting,Not for sale,FtrShipanchor_Remake_3_0,3_0,7238,ZWyY2rRANgXoGcDha
drum set,Marine blue,NA,Smooth white,Bass drum head,No,No,Yes,2,5600,1400,Blue,White,2x1,NA,Nook's Cranny,"Available in Nook's Cranny (upgraded only), in the unique furniture slot",1.0.0,concert,None,None,None,Yes,Musical Instrument,No,Does not play music,No lighting,For sale,FtrDrumSet_Remake_4_0,4_0,1803,gi4zRDm7tWoTmxhiG
  outdoor bench  ,Black,NA,Blue,Seat,No,No,Yes,1,1300,325,Black,Blue,2x1,NA,Nook's Cranny,Available in Nook's Cranny (either upgrade tier) in the unique furniture slot,1.0.0,outdoors,None,None,None,Yes,Sofa,Yes,Does not play music,No lighting,For sale,FtrOutdoorchairM_Remake_1_3,1_3,3947,5D3989cz2dcXocPzP
wooden chest,Cherry wood,Paint color,NA,NA,Yes,Yes,No,3,NFS,,Orange,Orange,2x1,NA,Crafting,,1.0.0,child's room,living room,wooden,None,Wardrobe,Chest,No,Does not play music,No lighting,Not for sale,FtrWoodenChest_Remake_2_0,2_0,2560,LTHYdojRj8bFff9eo
BIRDBATH,White,Body color,NA,NA,Yes,Yes,No,2,NFS,900,White,White,1x1,NA,Crafting,,1.0.0,garden,None,None,None,No,Garden,Yes,Does not play music,No lighting,Not for sale,FtrBirdbus_Remake_2_0,2_0,331,RKaeAsixwsfMuZpTM
BOX SOFA,Navy blue,NA,NA,NA,No,No,No,NA,2700,675,Blue,Black,1x1,NA,Nook's Cranny,"Available in Nook's Cranny (upgraded only), in the unique furniture slot",1.0.0,shop,facility,None,None,Yes,Chair,No,Does not play music,No lighting,For sale,FtrBoxsofa_Remake_3_0,3_0,1852,dEkGXBgskwMNCDGek
stall,Green,Variation,None,Curtain,Yes,Yes,Yes,3,NFS,1440,Green,Green,2x1,NA,Crafting,,1.0.0,shop,party,None,None,No,Shop,Yes,Does not play music,No lighting,Not for sale,FtrFloat_Remake_3_0,3_0,3617,QutXdHdyqhLJeQ3Mi
TALL GARDEN ROCK,NA,NA,NA,NA,Yes,No,No,NA,NFS,9000,Gray,Gray,1x1,NA,Crafting,,1.0.0,garden,None,None,None,No,Japanese Style,Yes,Does not play music,No lighting,Not for sale,FtrGardenrockTall,NA,730,WrF7wQNQCv9WjN5sj
  SHELL BED  ,Yellow,Shell color,NA,NA,Yes,Yes,No,7,,10200,Yellow,Yellow,2x2,NA,Crafting,,1.0.0,ocean,expensive,shell,None,Yes,Bed,Yes,Does not play music,No lighting,Not for sale,FtrShellBedW_Remake_3_0,3_0,3983,A7YgKpEzLEM7Hb9LS
frozen bed,Ice pink,Illumination,White,Bedding,Yes,Yes,Yes,8,NFS,9000,Pink,White,2x2,NA,Crafting,,1.0.0,freezing cold,None,frozen,None,Yes,Bed,Yes,Does not play music,No lighting,Not for sale,FtrIceBedW_Remake_2_1,2_1,3502,TitjAARHaR856ZHvQ
  effects rack  ,Red,NA,Pop logo,Sticker area,No,No,Yes,3,6800,,Red,Red,1x1,NA,Nook's Cranny,"Available in Nook's Cranny (upgraded only), in the unique furniture slot",1.0.0,concert,facility,None,None,No,Musical Instrument,No,Does not play music,No lighting,For sale,FtrEffectorrack_Remake_4_6,4_6,950,LvEZkWY6EckwBKgSr
STALL,Dark brown,Variation,None,Curtain,Yes,Yes,Yes,3,NFS,1440,Brown,Brown,2x1,NA,Crafting,,1.0.0,shop,party,None,None,No,Shop,Yes,Does not play music,No lighting,Not for sale,FtrFloat_Remake_1_0,1_0,3617,XMaJRn7o2f4mEEvFk
  simple panel  ,Silver,NA,Gold,Panel design,No,No,Yes,1,810,202,Gray,Yellow,1x0.5,NA,Nook's Cranny,Available in Nook's Cranny (either upgrade tier) in the unique furniture slot,1.0.0,facility,None,None,None,No,Screen,No,Does not play music,No lighting,For sale,FtrScreenSimple_Remake_6_7,6_7,5338,tfdQf5XP8YRpDHevN
log round table,Dark wood,Lumber type,Southwestern flair,Tablecloth,Yes,Yes,Yes,4,NFS,1800,Brown,Colorful,2x2,NA,Crafting,,1.0.0,garden,living room,log,None,No,Table,Yes,Does not play music,No lighting,Not for sale,FtrLogTableLRound_Remake_0_1,0_1,4043,9gkgHdsYdPFvf2irQ
  outdoor bench  ,Green,NA,Light wood,Seat,No,No,Yes,1,1300,325,Green,Beige,2x1,NA,Nook's Cranny,Available in Nook's Cranny (either upgrade tier) in the unique furniture slot,1.0.0,outdoors,None,None,None,Yes,Sofa,Yes,Does not play music,No lighting,For sale,FtrOutdoorchairM_Remake_2_5,2_5,3947,T3Dind2uXhTwiweNp
  IRONWOOD CART  ,Old,Lumber type,NA,NA,Yes,Yes,No,5,NFS,3720,Brown,Black,1x1,NA,Crafting,,1.0.0,living room,None,ironwood,None,No,Desk,No,Does not play music,No lighting,Not for sale,FtrIronwoodServingcart_Remake_3_0,3_0,3195,JcCRKZRzXkdzTqjkn
  CARDBOARD SOFA  ,Plain,Cardboard,NA,NA,Yes,Yes,No,1,NFS,120,Beige,Beige,2x1,NA,Crafting,,1.0.0,garage,None,cardboard,None,Yes,Sofa,No,Does not play music,No lighting,Not for sale,FtrCardboardSofaL_Remake_0_0,0_0,7159,gC3KJKpMt87pMCcgD
antique bureau,Natural,NA,NA,NA,No,No,No,NA,20000,5000,Beige,Beige,1x1,NA,Nook's Cranny,"Available in Nook's Cranny (upgraded only), in the third unique furniture slot",1.0.0,living room,expensive,antique,None,Yes,Desk,No,Does not play music,No lighting,For sale,FtrAntiqueBureau_Remake_1_0,1_0,3956,PwbzwqaKiZ7CPKgh6
iron garden bench,Blue,Body color,NA,NA,Yes,Yes,No,7,NFS,6000,Blue,Blue,2x1,NA,Crafting,,1.0.0,garden,None,iron,None,Yes,Sofa,Yes,Does not play music,No lighting,Not for sale,FtrIrongardenBench_Remake_1_0,1_0,1625,RYw2awar4bptqk5vG
DIGITAL SCALE,Red,NA,Polka dots,Design,No,No,Yes,1,930,,Red,Green,1x1,NA,Nook's Cranny,Available in Nook's Cranny (either upgrade tier) in the unique furniture slot,1.0.0,bathroom,None,None,None,No,Bathroom Things,No,Does not play music,No lighting,For sale,FtrWeightscale_Remake_2_2,2_2,3307,MDsR3rGxvosKLuzbq
drum set,Black & white,NA,Smooth white,Bass drum head,No,No,Yes,2,5600,1400,Gray,White,2x1,NA,Nook's Cranny,"Available in Nook's Cranny (upgraded only), in the unique furniture slot",1.0.0,concert,None,None,None,Yes,Musical Instrument,No,Does not play music,No lighting,For sale,FtrDrumSet_Remake_7_0,7_0,1803,7m4TkWwHioNTKqmsP
  SAND CASTLE  ,White sand,NA,NA,NA,No,No,No,NA,2100,525,Gray,Blue,1x1,NA,Nook's Cranny,Available in Nook's Cranny (either upgrade tier) in the unique furniture slot,1.0.0,ocean,garden,None,None,No,Seaside,Yes,Does not play music,No lighting,For sale,FtrSandcastle_Remake_1_0,1_0,1117,bbH5SY5jNFTamvTLP
  beekeeper's hive  ,Blue,Paint color,NA,NA,Yes,Yes,No,4,NFS,2400,Blue,Black,1x1,NA,Crafting,,1.0.0,garden,None,None,None,No,Ranch,Yes,Does not play music,No lighting,Not for sale,FtrBeekeepingbox_Remake_3_0,3_0,3406,wyk7uKBtF3k4WAf9Y
  folding floor lamp  ,Silver,NA,NA,NA,No,No,No,NA,1900,475,Gray,Gray,1x1,NA,Nook's Cranny,"Available in Nook's Cranny (upgraded only), in the unique furniture slot",1.0.0,child's room,living room,None,None,Yes,Lamp,No,Does not play music,Spotlight,For sale,FtrLampArm_Remake_7_0,7_0,4014,RCsdHn6DjwET2n3mE
  CLAW-FOOT TUB  ,Yellow,NA,NA,NA,No,No,No,NA,63000,15750,Yellow,White,2x1,NA,Nook's Cranny,"Available in Nook's Cranny (upgraded only), in the third unique furniture slot",1.0.0,bathroom,expensive,None,None,No,Bathtub,No,Does not play music,No lighting,For sale,FtrBathtubCabriole_Remake_5_0,5_0,1757,WeTDRJAvKXmTFpZLZ
frozen bed,Ice orange,Illumination,Gray,Bedding,Yes,Yes,Yes,8,NFS,9000,Orange,Gray,2x2,NA,Crafting,,1.0.0,freezing cold,None,frozen,None,Yes,Bed,Yes,Does not play music,No lighting,Not for sale,FtrIceBedW_Remake_4_2,4_2,3502,XTXgPmyvGwao6sxtd
orange end table,Blood orange,Fruit type,NA,NA,Yes,Yes,No,4,NFS,2480,Red,Green,1x1,NA,Crafting,,1.0.0,fancy,None,fruits,orange,No,Table,No,Does not play music,No lighting,Not for sale,FtrFruitsTableS_Remake_1_0,1_0,3975,s3fdroRQFmb6FdB9z
  PET BED  ,Natural,NA,Polka dots,Cushion,No,No,Yes,1,1100,275,Beige,Light blue,1x1,NA,Nook's Cranny,Available in Nook's Cranny (either upgrade tier) in the unique furniture slot,1.0.0,living room,None,None,pet,Yes,Chair,No,Does not play music,No lighting,For sale,FtrPetBed_Remake_0_2,0_2,7802,JE3WjmEGL2HJD94aQ
  loft bed with desk  ,White,NA,Green stripes,Bedding,No,No,Yes,3,,,White,Colorful,2x1,NA,Nook's Cranny,"Available in Nook's Cranny (upgraded only), in the unique furniture slot",1.0.0,child's room,None,None,None,Yes,Desk,No,Does not play music,No lighting,For sale,FtrBeddesk_Remake_2_6,2_6,3621,6TdJG3SLL4FQ3hJd3
  drum set  ,Rose pink,NA,Rock logo,Bass drum head,No,No,Yes,2,5600,1400,Red,Black,2x1,NA,Nook's Cranny,"Available in Nook's Cranny (upgraded only), in the unique furniture slot",1.0.0,concert,None,None,None,Yes,Musical Instrument,No,Does not play music,No lighting,For sale,FtrDrumSet_Remake_5_4,5_4,1803,YZokAT8NfLk5PDRYx
  BABY CHAIR  ,Red,NA,Butterfly,Cushion,No,No,Yes,1,,300,Red,Orange,1x1,NA,Nook's Cranny,Available in Nook's Cranny (either upgrade tier) in the unique furniture slot,1.0.0,child's room,None,None,None,Yes,Chair,No,Does not play music,No lighting,For sale,FtrBabychair_Remake_0_2,0_2,3305,SNPkuumtp6rc7Df7k
  effects rack  ,Red,NA,Familiar logo,Sticker area,No,No,Yes,3,6800,1700,Red,White,1x1,NA,Nook's Cranny,"Available in Nook's Cranny (upgraded only), in the unique furniture slot",1.0.0,concert,facility,None,None,No,Musical Instrument,No,Does not play music,No lighting,For sale,FtrEffectorrack_Remake_4_1,4_1,950,xkkkawpohhJS8W2hW
rocket lamp,Purple,NA,NA,NA,No,No,No,NA,1500,375,Purple,Blue,1x1,NA,Nook's Cranny,Available in Nook's Cranny (either upgrade tier) in the unique furniture slot,1.0.0,facility,None,None,None,Yes,Lamp,No,Does not play music,Fluorescent,For sale,FtrLavalamp_Remake_4_0,4_0,1851,sQZunaTDFEqcLuPEi
  BRICK WELL  ,White,Brick color,NA,NA,Yes,Yes,No,4,NFS,2800,White,Red,1.5x1.5,NA,Crafting,,1.0.0,garden,None,None,None,No,Garden,Yes,Does not play music,No lighting,Not for sale,FtrWellBrick_Remake_1_0,1_0,3776,cw9Pm2gWnRCH3KANg
diner counter table,Pink,NA,NA,NA,No,No,No,NA,6000,1500,Pink,Gray,2x1,NA,Nook's Cranny,"Available in Nook's Cranny (upgraded only), in the unique furniture slot",1.0.0,shop,None,diner,None,No,Table,No,Does not play music,No lighting,For sale,FtrAmeretroCounter_Remake_4_0,4_0,4139,C7qujoCkwKta7e3kX
HEDGE STANDEE,Winter,Season,NA,NA,Yes,Yes,No,1,NFS,,White,Gray,1x0.5,NA,Crafting,,1.0.0,school,None,None,standee,No,School,No,Does not play music,No lighting,Not for sale,FtrHariboteHedge_Remake_6_0,6_0,531,PWg5KtXGPhCJmXd8y
  PAPER LANTERN  ,Dark wood,NA,Plain,Paper,No,No,Yes,1,780,195,Brown,White,1x1,NA,Nook's Cranny,Available in Nook's Cranny (either upgrade tier) in the unique furniture slot,1.0.0,zen-style,None,None,None,Yes,Lamp,No,Does not play music,Candle,For sale,FtrLampJapan_Remake_1_0,1_0,725,XDm5P9CnaXGtpzM6W
rattan waste bin,Brown,NA,NA,NA,No,No,No,NA,1000,250,Brown,Brown,1x1,NA,Nook's Cranny,"Available in Nook's Cranny (upgraded only), in the unique furniture slot",1.0.0,living room,None,rattan,None,Trash,Supplies,No,Does not play music,No lighting,For sale,FtrRattanTrashbox_Remake_0_0,0_0,4045,ZL3LSJW2WKe6Dxdzx
  OUTDOOR AIR CONDITIONER  ,NA,NA,NA,NA,No,No,No,NA,2200,550,White,White,1x1,NA,Nook's Cranny,Available in Nook's Cranny (either upgrade tier) in the unique furniture slot,1.0.0,facility,garden,None,None,Yes,Fan,Yes,Does not play music,No lighting,For sale,FtrOutdoorunit,NA,1131,szRSeEPbooktkpNKr
  birdbath  ,Red,Body color,NA,NA,Yes,Yes,No,2,NFS,,Orange,Orange,1x1,NA,Crafting,,1.0.0,garden,None,None,None,No,Garden,Yes,Does not play music,No lighting,Not for sale,FtrBirdbus_Remake_1_0,1_0,331,5swLkbk4TnQD6u4YT
exercise ball,Blue,NA,NA,NA,No,No,No,NA,,,Blue,Blue,1x1,NA,Nook's Cranny,Available in Nook's Cranny (either upgrade tier) in the unique furniture slot,1.0.0,fitness,office,None,None,Yes,Sports,No,Does not play music,No lighting,For sale,FtrBalanceball_Remake_0_0,0_0,1598,uqB2a44LGhKpiPbZa
  rock guitar  ,Cosmo black,NA,None,Sticker area,No,No,Yes,2,3100,775,Black,White,1x1,NA,Nook's Cranny,Available in Nook's Cranny (either upgrade tier) in the unique furniture slot,1.0.0,concert,None,None,None,Yes,Musical Instrument,No,Does not play music,No lighting,For sale,FtrElectricguitar1_Remake_2_0,2_0,1644,kATbKmvwL3LA8H7Bj
  SHELL BED  ,White,Shell color,NA,NA,Yes,Yes,No,7,NFS,10200,White,White,2x2,NA,Crafting,,1.0.0,ocean,expensive,shell,None,Yes,Bed,Yes,Does not play music,No lighting,Not for sale,FtrShellBedW_Remake_0_0,0_0,3983,wB2bDs5c4CNXdD64T
  Cancer table  ,NA,NA,NA,NA,Yes,No,No,NA,NFS,21975,Yellow,White,1x1,NA,Crafting,,1.0.0,expensive,None,stars,None,No,Table,No,Does not play music,No lighting,Not for sale,FtrZodiacCancer,NA,5959,EzTZ4XnhhHSi4sNW6
  IRONWOOD DIY WORKBENCH  ,Oak,Lumber type,NA,NA,Yes,Yes,No,7,NFS,,Orange,White,2x1,NA,Crafting,,1.0.0,garage,None,ironwood,None,Workbench,Work Bench,No,Does not play music,No lighting,Not for sale,FtrWorkbenchIronwood_Remake_4_0,4_0,3943,imFcpFKwNs5dk8q7v
standard umbrella stand,White,Body color,Navy,Favorite umbrella,Yes,Yes,Yes,4,NFS,2250,White,Blue,1x1,NA,Crafting,,1.0.0,school,office,None,None,No,Supplies,No,Does not play music,No lighting,Not for sale,FtrUmbrellastand_Remake_1_2,1_2,3445,NBPqJEnKFws2F6J7s
  SPRINGY RIDE-ON  ,Pink,NA,NA,NA,No,No,No,NA,NFS,10000,Pink,White,1x1,2000,Nook Miles Shop,,1.0.0,facility,fancy,None,None,Yes,Playground,Yes,Does not play music,No lighting,Not for sale,FtrSpringrider_Remake_5_0,5_0,4379,ghai5j7nETAbSeoMJ
  zen cushion  ,NA,NA,Indigo,Upholstery,No,No,Yes,1,500,125,Blue,Light blue,1x1,NA,Nook's Cranny,Available in Nook's Cranny (either upgrade tier) in the unique furniture slot,1.0.0,zen-style,living room,None,None,Yes,Chair,No,Does not play music,No lighting,For sale,FtrCushionJapan_Remake_0_1,0_1,7047,Z7AkYQiT66nz89FRc
LOG ROUND TABLE,White birch,Lumber type,Southwestern flair,Tablecloth,Yes,No,Yes,4,NFS,,White,Colorful,2x2,NA,Crafting,,1.0.0,garden,living room,log,None,No,Table,Yes,Does not play music,No lighting,Not for sale,FtrLogTableLRound_Remake_3_1,3_1,4043,xRPWnd6y3LNwuLoGB
  DRINK MACHINE  ,Red,NA,Sports drink,Advertisement panel,No,No,Yes,7,NFS,10000,Red,Light blue,1x1,2000,Nook Miles Shop,,1.0.0,shop,facility,None,None,Yes,Facility Decor,Yes,Does not play music,Monitor,Not for sale,FtrDrinkmachine_Remake_0_1,0_1,1802,Tiho3w4ZpFyBs9NJk
piano bench,Red,NA,NA,NA,No,No,No,NA,990,247,Red,Black,1x1,NA,Nook's Cranny,Available in Nook's Cranny (either upgrade tier) in the unique furniture slot,1.0.0,music,None,None,None,Yes,Chair,No,Does not play music,No lighting,For sale,FtrPianochair_Remake_1_0,1_0,3681,a4TcHg9EWCgwtBCBF
log extra-long sofa,White wood,Lumber type,Geometric print,Cushions,Yes,Yes,Yes,4,NFS,1920,Beige,Colorful,2x1,NA,Crafting,,1.0.0,garden,living room,log,None,Yes,Sofa,No,Does not play music,No lighting,Not for sale,FtrLogSofaL_Remake_2_2,2_2,4044,xKEeAuTcLxioBDzSh
  MUSH LOW STOOL  ,Red mushroom,Mushroom type,NA,NA,Yes,Yes,No,2,NFS,,Red,Beige,1x1,NA,Crafting,,1.0.0,garden,None,mush,None,Yes,Chair,Yes,Does not play music,No lighting,Not for sale,FtrMushroomChairS_Remake_3_0,3_0,4708,qmCSzTc27WLLQK4vk
  WOODEN LOW TABLE  ,Green,Paint color,NA,NA,Yes,Yes,No,2,NFS,1200,Green,Green,2x1,NA,Crafting,,1.0.0,child's room,living room,wooden,None,No,Table,No,Does not play music,No lighting,Not for sale,FtrWoodenTableM_Remake_5_0,5_0,7134,D8iuhvsgyTRh23ssn
  folding floor lamp  ,Red,NA,NA,NA,No,No,No,NA,1900,,Red,Red,1x1,NA,Nook's Cranny,"Available in Nook's Cranny (upgraded only), in the unique furniture slot",1.0.0,child's room,living room,None,None,Yes,Lamp,No,Does not play music,Spotlight,For sale,FtrLampArm_Remake_3_0,3_0,4014,H4sXo8XQAbmJSfwZw
  oil barrel  ,Green,NA,NA,NA,No,No,No,NA,,162,Green,Green,1x1,NA,Nook's Cranny,"Available in all tiers of shops, including Timmy & Tommy before the shop is opened",1.0.0,garage,None,None,None,No,Vehicle,Yes,Does not play music,No lighting,For sale,FtrDrumcan_Remake_6_0,6_0,1567,cr3LYhn4Tw3pPh8N4
  pants press  ,Black,NA,NA,NA,No,No,No,NA,1900,475,Brown,White,1x1,NA,Nook's Cranny,"Available in Nook's Cranny (upgraded only), in the unique furniture slot",1.0.0,facility,None,None,None,Yes,Home Appliances,No,Does not play music,No lighting,For sale,FtrPantspresser_Remake_1_0,1_0,4023,s4TdMkfQz7Du9EjBe
  outdoor table  ,White,NA,Blue,Table,No,No,Yes,1,2200,550,Gray,Blue,2x1,NA,Nook's Cranny,Available in Nook's Cranny (either upgrade tier) in the unique furniture slot,1.0.0,outdoors,None,None,None,No,Table,Yes,Does not play music,No lighting,For sale,FtrOutdoortableM_Remake_0_3,0_3,3946,68M2koGPMivvrrRRY
hammock,Blue,NA,White,Cloth,No,No,Yes,1,1300,325,Blue,White,2x1,NA,Nook's Cranny,"Available in all tiers of shops, including Timmy & Tommy before the shop is opened",1.0.0,outdoors,None,None,None,Yes,Bed,Yes,Does not play music,No lighting,For sale,FtrHammock_Remake_3_3,3_3,1620,h47vvPyeNcroJiiCg
rattan low table,Black,NA,NA,NA,No,No,No,NA,,725,Black,Black,2x1,NA,Nook's Cranny,"Available in Nook's Cranny (upgraded only), in the unique furniture slot",1.0.0,living room,None,rattan,None,No,Table,No,Does not play music,No lighting,For sale,FtrRattanTableM_Remake_5_0,5_0,4054,w4dDZThhdergczRwu
  wooden simple bed  ,Black,Paint color,Blue,Bedding,Yes,Yes,Yes,4,,2160,Black,Light blue,2x1,NA,Crafting,,1.0.0,child's room,living room,wooden,None,Yes,Bed,No,Does not play music,No lighting,Not for sale,FtrWoodenBedS_Remake_4_2,4_2,2605,a5hMaTJZE9TcmpGLs
  CUTE VANITY  ,Red,NA,NA,NA,No,No,No,NA,5400,1350,Red,White,1x1,NA,Nook's Cranny,"Available in Nook's Cranny (upgraded only), in the unique furniture slot",1.0.0,fancy,None,cute,None,Yes,Dresser,No,Does not play music,No lighting,For sale,FtrCuteDresser_Remake_3_0,3_0,4001,o6EDSRzFFEdTedXLq
  retro stereo  ,Brown,NA,NA,NA,No,No,No,NA,,1500,Orange,Black,2x1,NA,Nook's Cranny,Available in Nook's Cranny (either upgrade tier) in the unique furniture slot,1.0.0,living room,None,None,None,Yes,Audio,No,Retro,No lighting,For sale,FtrStereoRetro_Remake_1_0,1_0,796,EAWNW8osfuCEW9obn
imperial chest,Brown,NA,NA,NA,No,No,No,NA,9300,,Brown,Yellow,2x1,NA,Nook's Cranny,"Available in Nook's Cranny (upgraded only), in the unique furniture slot",1.0.0,zen-style,None,zen,None,Wardrobe,Chest,No,Does not play music,No lighting,For sale,FtrOrientalChest_Remake_2_0,2_0,3972,4ADTP6KQ8NHTyM76Y
log garden lounge,White wood,Lumber type,Geometric print,Pillow,Yes,Yes,Yes,3,NFS,1440,Beige,Colorful,2x1,NA,Crafting,,1.0.0,garden,None,log,None,Yes,Bed,Yes,Does not play music,No lighting,Not for sale,FtrLogBedS_Remake_2_2,2_2,4035,sg4yx45YQxHdkP3y8
  MENU CHALKBOARD  ,White,NA,NA,NA,No,No,No,NA,1800,450,White,Green,1x1,NA,Nook's Cranny,Available in Nook's Cranny (either upgrade tier) in the unique furniture slot,1.0.0,shop,None,None,None,No,Shop,Yes,Does not play music,No lighting,For sale,FtrMenuboard_Remake_2_0,2_0,1866,RZAMJiQT4uQ2y7gTE
wooden table,Cherry wood,Paint color,Blue,Tablecloth,Yes,Yes,Yes,4,,,Orange,Light blue,2x2,NA,Crafting,,1.0.0,child's room,living room,wooden,None,No,Table,No,Does not play music,No lighting,Not for sale,FtrWoodenTableL_Remake_2_3,2_3,3439,ys4MifmdBPRc7zB9g
  sleeping bag  ,Purple,NA,NA,NA,No,No,No,NA,1400,,Pink,Purple,2x1,NA,Nook's Cranny,"Available in all tiers of shops, including Timmy & Tommy before the shop is opened",1.0.0,outdoors,None,None,None,Yes,Bed,Yes,Does not play music,No lighting,For sale,FtrSleepingbag_Remake_5_0,5_0,1434,ieBwocmAHz7HFuZG3
  shell partition  ,Brown,Shell color,NA,NA,Yes,Yes,No,7,NFS,8000,Brown,Brown,2x1,NA,Crafting,,1.0.0,ocean,None,shell,None,No,Screen,Yes,Does not play music,No lighting,Not for sale,FtrShellScreen_Remake_1_0,1_0,3978,So2oPiYBNhtNECFrw
  electric guitar  ,Sunburst,NA,Rock logo,Sticker area,No,No,Yes,7,71000,,Brown,Purple,1x1,NA,Nook's Cranny,"Available in Nook's Cranny (upgraded only), in the third unique furniture slot",1.0.0,concert,None,None,None,Yes,Musical Instrument,No,Does not play music,No lighting,For sale,FtrElectricguitar2_Remake_3_3,3_3,1645,SpQiKSkHL9MpSDt3G
  BUNK BED  ,White,NA,Colorful lines,Bedding,No,No,Yes,2,5000,,White,Yellow,2x1,NA,Nook's Cranny,Available in Nook's Cranny (either upgrade tier) in the unique furniture slot,1.0.0,facility,None,None,None,Yes,Bed,No,Does not play music,No lighting,For sale,FtrBunkbed_Remake_2_4,2_4,8298,TQJkX5mGpRX8zjFCA
  sauna heater  ,NA,NA,NA,NA,Yes,No,No,NA,,3510,Black,Gray,1x1,NA,Crafting,,1.0.0,bathroom,None,None,None,Yes,Fireplace,No,Does not play music,No lighting,Not for sale,FtrStoveSauna,NA,3689,zeqHNikZg489sMDu2
wooden simple bed,White wood,Paint color,Green,Bedding,Yes,Yes,Yes,4,,2160,White,Green,2x1,NA,Crafting,,1.0.0,child's room,living room,wooden,None,Yes,Bed,No,Does not play music,No lighting,Not for sale,FtrWoodenBedS_Remake_1_3,1_3,2605,D3vaznMQBGBx2k7sx
birdhouse,Dark brown,Paint color,NA,NA,Yes,Yes,No,2,NFS,840,Brown,Brown,1x1,NA,Crafting,,1.0.0,garden,None,None,None,No,Animal,Yes,Does not play music,No lighting,Not for sale,FtrBirdhouse_Remake_1_0,1_0,333,g5hNFSx3pdwwMxgdn
moon,NA,NA,NA,NA,Yes,No,No,NA,NFS,12500,Yellow,Yellow,2x2,NA,Crafting,,1.0.0,space,None,None,None,Yes,Space,Yes,Does not play music,No lighting,Not for sale,FtrMoon,NA,1054,4NXubRkipm8qStFXD
outdoor bench,Red,NA,Dark wood,Seat,No,No,Yes,1,1300,,Red,Brown,2x1,NA,Nook's Cranny,Available in Nook's Cranny (either upgrade tier) in the unique furniture slot,1.0.0,outdoors,None,None,None,Yes,Sofa,Yes,Does not play music,No lighting,For sale,FtrOutdoorchairM_Remake_4_6,4_6,3947,yFoa6cCJjMDgdcJCu
  DJ'S TURNTABLE  ,Pink,NA,Cute logo,Flag,No,No,Yes,4,9300,,Pink,Pink,2x1,NA,Nook's Cranny,"Available in Nook's Cranny (upgraded only), in the unique furniture slot",1.0.0,party,concert,None,None,Yes,Musical Instrument,No,Hi-fi,No lighting,For sale,FtrDJbooth_Remake_3_7,3_7,941,QSap5eKnNzdocR5Rj
  ANGLED SIGNPOST  ,Tailors,Navigation,NA,NA,Yes,Yes,No,1,NFS,600,Beige,Brown,1x1,NA,Crafting,,1.0.0,garden,None,None,None,No,Vehicle,Yes,Does not play music,No lighting,Not for sale,FtrSignpostTilt_Remake_6_0,6_0,7867,TW9n423omNZDjZ9hp
BIRTHDAY TABLE,Colorful,Variation,NA,NA,No,Yes,No,1,,300,White,Colorful,2x2,NA,Birthday,,1.0.0,party,fancy,None,birthday,Yes,Table,No,Does not play music,Candle,Not for sale,FtrBirthdayTable_Remake_0_0,0_0,3593,msQh5KBspLz7bsxih
doghouse,Green,Paint color,NA,NA,Yes,Yes,No,3,NFS,2040,Green,Brown,1x1,NA,Crafting,,1.0.0,garden,None,None,None,Yes,Animal,Yes,Does not play music,No lighting,Not for sale,FtrDoghouse_Remake_1_0,1_0,1799,iWSD7v7sahg432NoB
  mush parasol  ,Red mushroom,Mushroom type,NA,NA,Yes,Yes,No,2,NFS,1200,Red,Brown,2x2,NA,Crafting,,1.0.0,garden,None,mush,None,No,Plants,Yes,Does not play music,No lighting,Not for sale,FtrMushroomParasol_Remake_3_0,3_0,3805,Qa4fYkaT8sAvitZz9
  barrel  ,NA,NA,NA,NA,Yes,No,No,NA,,2100,Brown,Black,1x1,NA,Crafting,,1.0.0,garage,None,None,None,No,Ranch,Yes,Does not play music,No lighting,Not for sale,FtrPirateBarrel,NA,1266,5BwwE5cFSHegMB6iK
BATHROOM SINK,Black,NA,NA,NA,No,No,No,NA,3300,825,Black,White,1x1,NA,Nook's Cranny,Available in Nook's Cranny (either upgrade tier) in the unique furniture slot,1.0.0,bathroom,None,None,None,Yes,Bathroom Things,No,Does not play music,No lighting,For sale,FtrWashstand_Remake_1_0,1_0,1229,ZfsXzfqM9aL7ekSkq
sandbox,NA,NA,NA,NA,No,No,No,NA,NFS,12000,Beige,Colorful,3x2,2400,Nook Miles Shop,,1.0.0,garden,None,None,None,No,Playground,Yes,Does not play music,No lighting,Not for sale,FtrSandbox,NA,1116,8oNaMpJdfh8E9w6zw
  wooden end table  ,White wood,Paint color,NA,NA,Yes,Yes,No,2,,960,Beige,Colorful,1x1,NA,Crafting,,1.0.0,child's room,living room,wooden,None,No,Table,No,Does not play music,No lighting,Not for sale,FtrWoodenTableS_Remake_1_0,1_0,3438,HM8ZeTded688JT83g
  climbing wall  ,White,NA,NA,NA,No,No,No,NA,4300,1075,White,Colorful,2x0.5,NA,Nook's Cranny,"Available in Nook's Cranny (upgraded only), in the unique furniture slot",1.0.0,fitness,None,None,None,No,Sports,Yes,Does not play music,No lighting,For sale,FtrClimbingwall_Remake_3_0,3_0,4006,ruAaaHc3tdYuqBi7f
  clothesline pole  ,Blue,NA,PE shirt,Drying shirt,No,No,Yes,1,1100,275,Light blue,Beige,2x0.5,NA,Nook's Cranny,Available in Nook's Cranny (either upgrade tier) in the unique furniture slot,1.0.0,garden,bathroom,None,None,No,Supplies,Yes,Does not play music,No lighting,For sale,FtrClotheshorse_Remake_1_1,1_1,1778,2RWTEJdXXiP8qEmAe
PALM-TREE LAMP,Cute,Variation,NA,NA,Yes,Yes,No,5,NFS,3280,Pink,Pink,1.5x1.5,NA,Crafting,,1.0.0,ocean,None,None,None,Yes,Lamp,Yes,Does not play music,Fluorescent,Not for sale,FtrPalmtreelamp_Remake_2_0,2_0,7259,gKr5ZtBRsAPbPAKiS
upright locker,Silver,NA,Notes,Sticker area,No,No,Yes,2,3700,925,Gray,Pink,1x1,NA,Nook's Cranny,Available in Nook's Cranny (either upgrade tier) in the unique furniture slot,1.0.0,school,facility,None,None,Wardrobe,Chest,No,Does not play music,No lighting,For sale,FtrLocker_Remake_0_4,0_4,833,uWibfMW2RTYBQQc5B
  wooden bookshelf  ,Light brown,Paint color,NA,NA,Yes,Yes,No,3,NFS,1925,Yellow,Colorful,2x0.5,NA,Crafting,,1.0.0,child's room,living room,wooden,None,No,Shelf,No,Does not play music,No lighting,Not for sale,FtrBookshelf_Remake_0_0,0_0,4125,LkoKthY84aJgeozuc
  CHANGING ROOM  ,Green,NA,Pink,Curtain,No,No,Yes,2,3700,925,Light blue,Pink,1x1,NA,Nook's Cranny,"Available in Nook's Cranny (upgraded only), in the unique furniture slot",1.0.0,shop,facility,None,None,Wardrobe,Shop,No,Does not play music,No lighting,For sale,FtrFittingroom_Remake_7_4,7_4,1816,3QmXoP3kpPnpc7iyh
brick well,Red,Brick color,NA,NA,Yes,Yes,No,4,NFS,2800,Orange,Brown,1.5x1.5,NA,Crafting,,1.0.0,garden,None,None,None,No,Garden,Yes,Does not play music,No lighting,Not for sale,FtrWellBrick_Remake_0_0,0_0,3776,29CQnQgWark2KEXPn
  surfboard  ,Cool,NA,NA,NA,No,No,No,NA,4100,1025,Black,Light blue,1x1,NA,Nook's Cranny,Season sale item,1.0.0,ocean,None,None,None,No,Seaside,Yes,Does not play music,No lighting,For sale,FtrSurfboard_Remake_3_0,3_0,7868,kmQg2shYprdeBuTNK
  frozen chair  ,Ice,Illumination,NA,NA,Yes,Yes,No,7,NFS,6200,Light blue,Light blue,1x1,NA,Crafting,,1.0.0,freezing cold,None,frozen,None,Yes,Chair,Yes,Does not play music,No lighting,Not for sale,FtrIceChairS_Remake_0_0,0_0,3503,WjbCHEyDFry45S8tu
  CELLO  ,Black,NA,NA,NA,No,No,No,NA,130000,32500,Black,Black,1x1,NA,Nook's Cranny,"Available in Nook's Cranny (upgraded only), in the third unique furniture slot",1.0.0,music,expensive,None,None,Yes,Musical Instrument,No,Does not play music,No lighting,For sale,FtrCello_Remake_2_0,2_0,1449,uAEgymFL94tnJvjeo
  drink machine  ,White,NA,Cute,Advertisement panel,No,No,Yes,7,,10000,White,White,1x1,2000,Nook Miles Shop,,1.0.0,shop,facility,None,None,Yes,Facility Decor,Yes,Does not play music,Monitor,Not for sale,FtrDrinkmachine_Remake_2_3,2_3,1802,74P7tLbyEZrpKvApH
wooden-block chest,Natural,Block color,NA,NA,Yes,Yes,No,3,,1800,Beige,Beige,2x1,NA,Crafting,,1.0.0,child's room,None,wooden block,None,Wardrobe,Chest,No,Does not play music,No lighting,Not for sale,FtrBlockChest_Remake_0_0,0_0,1561,RWJYhH5hYa2giNga8
wooden stool,Black,Paint color,Pink,Seat,Yes,Yes,Yes,2,,480,Black,Pink,1x1,NA,Crafting,,1.0.0,child's room,living room,wooden,None,Yes,Chair,No,Does not play music,No lighting,Not for sale,FtrWoodenStoolS_Remake_4_2,4_2,3449,rMfuRXk5wxgzZkjFu
GONG,Brown,Frame,NA,NA,Yes,Yes,No,7,NFS,5100,Brown,Yellow,2x1,NA,Crafting,,1.0.0,zen-style,None,None,None,Yes,Musical Instrument,Yes,Does not play music,No lighting,Not for sale,FtrTamtam_Remake_0_0,0_0,4075,5kvs8hXzNnwbYosud
  LECTURE-HALL BENCH  ,Dark brown,NA,NA,NA,No,No,No,NA,3300,825,Brown,Gray,2x1,NA,Nook's Cranny,"Available in Nook's Cranny (upgraded only), in the unique furniture slot",1.0.0,school,None,None,lecture hall,Yes,Sofa,No,Does not play music,No lighting,For sale,FtrChairCollage_Remake_1_0,1_0,2013,K5xcTJqKvBEHHw48R
SYSTEM KITCHEN,Red,NA,NA,NA,No,No,No,NA,130000,32500,Red,Black,2x1,NA,Nook's Cranny,"Available in Nook's Cranny (upgraded only), in the third unique furniture slot",1.0.0,kitchen,expensive,None,None,No,Kitchen,No,Does not play music,No lighting,For sale,FtrKitchenSystem_Remake_1_0,1_0,3616,C52Ak5GsnKutjHSj3
big festive tree,White,Design,NA,NA,Yes,Yes,No,5,NFS,3200,White,Gray,2x2,NA,Crafting,,1.0.0,party,fancy,festive,None,Yes,Seasonal Decor,Yes,Does not play music,No lighting,Not for sale,FtrTreeXmasL_Remake_5_0,5_0,3966,KCXEibR7BQ2KCvKH9
  log extra-long sofa  ,Dark wood,Lumber type,Bears,Cushions,Yes,Yes,Yes,4,NFS,,Brown,Brown,2x1,NA,Crafting,,1.0.0,garden,living room,log,None,Yes,Sofa,No,Does not play music,No lighting,Not for sale,FtrLogSofaL_Remake_0_3,0_3,4044,ERiCjDQ8epn5izxyi
  drum set  ,Evergreen,NA,White with logo,Bass drum head,No,No,Yes,2,5600,1400,Green,White,2x1,NA,Nook's Cranny,"Available in Nook's Cranny (upgraded only), in the unique furniture slot",1.0.0,concert,None,None,None,Yes,Musical Instrument,No,Does not play music,No lighting,For sale,FtrDrumSet_Remake_6_3,6_3,1803,skGBWoy7D8vdixaSN
simple panel,Gold,NA,Lattice,Panel design,No,No,Yes,1,810,202,Yellow,White,1x0.5,NA,Nook's Cranny,Available in Nook's Cranny (either upgrade tier) in the unique furniture slot,1.0.0,facility,None,None,None,No,Screen,No,Does not play music,No lighting,For sale,FtrScreenSimple_Remake_7_4,7_4,5338,vooiyb6nHrGWiviFt
  grand piano  ,Black,NA,NA,NA,No,No,No,NA,260000,,Black,White,2x2,NA,Nook's Cranny,"Available in Nook's Cranny (upgraded only), in the third unique furniture slot",1.0.0,music,expensive,None,None,Yes,Musical Instrument,No,Does not play music,No lighting,For sale,FtrPianoGrand_Remake_0_0,0_0,1875,YQ8uP3So3xErPJ2u4
  CAMPSITE SIGN  ,NA,NA,NA,NA,No,No,No,NA,2500,625,Brown,Colorful,2x1,NA,Nook Shopping Promotion,"Link Nintendo Account to Pocket Camp, then redeem a 16-digit code on your Nintendo Switch",1.1.0,facility,garden,None,None,No,Compass,No,Does not play music,No lighting,Not in catalog,FtrCompassSignCamp,NA,12374,PxHDjz2Sd3xSQgK3x
digital scale,White,NA,Floral,Design,No,No,Yes,1,930,232,White,Red,1x1,NA,Nook's Cranny,Available in Nook's Cranny (either upgrade tier) in the unique furniture slot,1.0.0,bathroom,None,None,None,No,Bathroom Things,No,Does not play music,No lighting,For sale,FtrWeightscale_Remake_0_1,0_1,3307,hNYoSnjSnZGuLWd2o
  lawn chair  ,Pink,NA,NA,NA,No,No,No,NA,760,,Pink,White,1x1,NA,Nook's Cranny,"Available in all tiers of shops, including Timmy & Tommy before the shop is opened",1.0.0,ocean,None,None,None,Yes,Chair,Yes,Does not play music,No lighting,For sale,FtrVinylchair_Remake_2_0,2_0,1621,biA63orayFazc66Yu
  ANTIQUE VANITY  ,Black,NA,NA,NA,No,No,No,NA,31000,7750,Black,Light blue,2x1,NA,Nook's Cranny,"Available in Nook's Cranny (upgraded only), in the third unique furniture slot",1.0.0,living room,expensive,antique,None,Yes,Dresser,No,Does not play music,No lighting,For sale,FtrAntiqueDresser_Remake_2_0,2_0,3955,b5MR8PraRhrJzsqYi
  giant teddy bear  ,Tweed,NA,None,Ribbon,Yes,No,Yes,8,NFS,6300,Purple,Purple,3x3,NA,Crafting,,1.0.0,fancy,child's room,None,bear,No,Animal,No,Does not play music,No lighting,Not for sale,FtrBearXL_Remake_5_0,5_0,1504,u967KDNnvm9ZpCfrg
tool cart,Red,NA,NA,NA,No,No,No,NA,2400,600,Red,Black,1x1,NA,Nook's Cranny,Available in Nook's Cranny (either upgrade tier) in the unique furniture slot,1.0.0,garage,None,None,None,No,Table,No,Does not play music,No lighting,For sale,FtrToolcart_Remake_0_0,0_0,7528,wi6gveHipYFxpmmzM
  LIGHTHOUSE  ,Gray,NA,NA,NA,No,No,No,NA,NFS,25000,Brown,Brown,2x2,5000,Nook Miles Shop,,1.0.0,ocean,garden,None,None,Yes,Seaside,Yes,Does not play music,No lighting,Not for sale,FtrLighthouse_Remake_5_0,5_0,2335,cNdSRxhEZRb2cgHoz
ANCHOR STATUE,Black,Color,NA,NA,No,Yes,No,2,NFS,,Black,Beige,1x1,NA,Fishing Tourney,,1.0.0,ocean,None,None,None,No,Seaside,Yes,Does not play music,No lighting,Not for sale,FtrShipanchor_Remake_0_0,0_0,7238,zgw6WaZRQgrpQ5FTC
ILLUMINATED REINDEER,Blue,Light color,NA,NA,Yes,Yes,No,6,NFS,4350,Blue,Blue,2x1,NA,Crafting,,1.0.0,party,fancy,festive,None,Yes,Seasonal Decor,Yes,Does not play music,Fluorescent,Not for sale,FtrIllumiReindeer_Remake_2_0,2_0,4074,Yi5ziKzeQ5AsyXE7k
  BIG FESTIVE TREE  ,Colorful,Design,NA,NA,Yes,Yes,No,5,NFS,3200,Green,Colorful,2x2,NA,Crafting,,1.0.0,party,fancy,festive,None,Yes,Seasonal Decor,Yes,Does not play music,No lighting,Not for sale,FtrTreeXmasL_Remake_0_0,0_0,3966,Map2ykX5ezxwnyEDr
RETRO FAN,Blue,NA,NA,NA,No,No,No,NA,2100,525,Blue,White,1x1,NA,Nook's Cranny,Season sale item,1.0.0,living room,None,None,None,Yes,Fan,No,Does not play music,No lighting,For sale,FtrFanRetro_Remake_0_0,0_0,2736,cjeGNQ8umeumywKMj
  drum set  ,Cosmo black,NA,Glossy black,Bass drum head,No,No,Yes,2,5600,1400,Black,Black,2x1,NA,Nook's Cranny,"Available in Nook's Cranny (upgraded only), in the unique furniture slot",1.0.0,concert,None,None,None,Yes,Musical Instrument,No,Does not play music,No lighting,For sale,FtrDrumSet_Remake_1_1,1_1,1803,duF9PsZQC98Rx8dCm
  PAPA PANDA  ,NA,NA,NA,NA,No,No,No,NA,8500,2125,Pink,White,2x2,NA,Nook's Cranny,"Available in Nook's Cranny (upgraded only), in the third unique furniture slot",1.0.0,fancy,child's room,None,panda,No,Animal,No,Does not play music,No lighting,For sale,FtrPandaL,NA,9700,4WWs36ea7Lm47csFz
colorful wheel,Black & red,NA,NA,NA,No,No,No,NA,2900,725,Red,Black,2x1,NA,Nook's Cranny,"Available in Nook's Cranny (upgraded only), in the unique furniture slot",1.0.0,party,None,None,None,Yes,Toy,No,Does not play music,No lighting,For sale,FtrRoulette_Remake_3_0,3_0,1112,vw9DarP73xCqTHm6i
  BIG FESTIVE TREE  ,Blue,Design,NA,NA,Yes,Yes,No,5,NFS,3200,Blue,Blue,2x2,NA,Crafting,,1.0.0,party,fancy,festive,None,Yes,Seasonal Decor,Yes,Does not play music,No lighting,Not for sale,FtrTreeXmasL_Remake_1_0,1_0,3966,qW7mpc3PZ8K6NYyuJ
  EFFECTS RACK  ,Red,NA,Emblem logo,Sticker area,No,No,Yes,3,6800,1700,Red,Green,1x1,NA,Nook's Cranny,"Available in Nook's Cranny (upgraded only), in the unique furniture slot",1.0.0,concert,facility,None,None,No,Musical Instrument,No,Does not play music,No lighting,For sale,FtrEffectorrack_Remake_4_4,4_4,950,ALDCWmeEdackGmACs
antique mini table,Natural,NA,NA,NA,No,No,No,NA,6700,1675,Beige,White,1x1,NA,Nook's Cranny,"Available in Nook's Cranny (upgraded only), in the third unique furniture slot",1.0.0,living room,expensive,antique,None,No,Table,No,Does not play music,No lighting,For sale,FtrAntiqueTableS_Remake_1_0,1_0,3958,epWuBMh226r3nu7xh
  OUTDOOR BENCH  ,Black,NA,White,Seat,No,No,Yes,1,1300,325,Black,White,2x1,NA,Nook's Cranny,Available in Nook's Cranny (either upgrade tier) in the unique furniture slot,1.0.0,outdoors,None,None,None,Yes,Sofa,Yes,Does not play music,No lighting,For sale,FtrOutdoorchairM_Remake_1_0,1_0,3947,r29M9SvAeLyMbGsom
  stall  ,Natural,Variation,Green stripes,Curtain,Yes,Yes,Yes,3,NFS,1440,Beige,Green,2x1,NA,Crafting,,1.0.0,shop,party,None,None,No,Shop,Yes,Does not play music,No lighting,Not for sale,FtrFloat_Remake_0_1,0_1,3617,T7JrW6ZzLDpFkhaW3
OUTDOOR BATH,Brown,Stone,NA,NA,Yes,Yes,No,6,NFS,4350,Brown,Brown,3x3,NA,Crafting,,1.0.0,garden,zen-style,None,None,Yes,Bathtub,Yes,Does not play music,Fluorescent,Not for sale,FtrOpenairbath_Remake_2_0,2_0,1111,T4EdBc2QuJpMi8DZ9
ROCK GUITAR,Fire red,NA,None,Sticker area,No,No,Yes,2,3100,,Red,White,1x1,NA,Nook's Cranny,Available in Nook's Cranny (either upgrade tier) in the unique furniture slot,1.0.0,concert,None,None,None,Yes,Musical Instrument,No,Does not play music,No lighting,For sale,FtrElectricguitar1_Remake_3_0,3_0,1644,5SSNDrDt7ckSQQw9K
  hammock  ,Pink,NA,White,Cloth,No,No,Yes,1,1300,325,Pink,White,2x1,NA,Nook's Cranny,"Available in all tiers of shops, including Timmy & Tommy before the shop is opened",1.0.0,outdoors,None,None,None,Yes,Bed,Yes,Does not play music,No lighting,For sale,FtrHammock_Remake_4_3,4_3,1620,723xLMg5YRJz3Wb3s
  log garden lounge  ,White birch,Lumber type,None,Pillow,Yes,Yes,Yes,3,NFS,1440,White,White,2x1,NA,Crafting,,1.0.0,garden,None,log,None,Yes,Bed,Yes,Does not play music,No lighting,Not for sale,FtrLogBedS_Remake_3_0,3_0,4035,zbRvicYgda2rBieKB
ROCK GUITAR,Cosmo black,NA,Pop logo,Sticker area,No,No,Yes,2,3100,775,Black,Colorful,1x1,NA,Nook's Cranny,Available in Nook's Cranny (either upgrade tier) in the unique furniture slot,1.0.0,concert,None,None,None,Yes,Musical Instrument,No,Does not play music,No lighting,For sale,FtrElectricguitar1_Remake_2_6,2_6,1644,dfKCgpgs3WNbhjT4G
  tiny library  ,Fairy tale,Paint color,NA,NA,Yes,Yes,No,2,NFS,1035,Green,White,1x1,NA,Crafting,,1.0.0,garden,None,None,None,No,Garden,Yes,Does not play music,No lighting,Not for sale,FtrMicrolibrary_Remake_5_0,5_0,5635,6zR2guMf9Q4jpBzMi
WOODEN BOOKSHELF,Dark brown,Paint color,NA,NA,Yes,Yes,No,3,NFS,1925,Brown,Colorful,2x0.5,NA,Crafting,,1.0.0,child's room,living room,wooden,None,No,Shelf,No,Does not play music,No lighting,Not for sale,FtrBookshelf_Remake_2_0,2_0,4125,WnqKRCAjzePmyxek4
  handcart  ,Brown,NA,NA,NA,No,No,No,NA,1900,475,Brown,Beige,1x1,NA,Nook's Cranny,Available in Nook's Cranny (either upgrade tier) in the unique furniture slot,1.0.0,garden,None,None,None,No,Ranch,Yes,Does not play music,No lighting,For sale,FtrHandcart_Remake_2_0,2_0,7229,uHWuFC3fSPipSLwNQ
birdhouse,Red & white,Paint color,NA,NA,Yes,Yes,No,2,NFS,840,Red,Yellow,1x1,NA,Crafting,,1.0.0,garden,None,None,None,No,Animal,Yes,Does not play music,No lighting,Not for sale,FtrBirdhouse_Remake_3_0,3_0,333,E8M77hnDALBGiGJHr
  effects rack  ,White,NA,Cute logo,Sticker area,No,No,Yes,3,6800,1700,White,Pink,1x1,NA,Nook's Cranny,"Available in Nook's Cranny (upgraded only), in the unique furniture slot",1.0.0,concert,facility,None,None,No,Musical Instrument,No,Does not play music,No lighting,For sale,FtrEffectorrack_Remake_1_7,1_7,950,84QCKHesn8zBtbqEY
  COTTON-CANDY STALL  ,Pink,NA,NA,NA,No,No,No,NA,NFS,15000,Pink,Red,2x1,3000,Nook Miles Shop,,1.0.0,fancy,party,None,None,Yes,Shop,Yes,Does not play music,No lighting,Not for sale,FtrCottoncandymachine_Remake_0_0,0_0,4412,CazDjtQjPatsHQcGE
  shell table  ,Pearl,Shell color,NA,NA,Yes,Yes,No,4,NFS,2280,White,White,2x2,NA,Crafting,,1.0.0,ocean,None,shell,None,No,Table,Yes,Does not play music,No lighting,Not for sale,FtrShellTableL_Remake_5_0,5_0,3980,qPMuD4vdEsEsmYKJA
SIMPLE PANEL,White,NA,Concrete,Panel design,No,No,Yes,1,,202,White,Gray,1x0.5,NA,Nook's Cranny,Available in Nook's Cranny (either upgrade tier) in the unique furniture slot,1.0.0,facility,None,None,None,No,Screen,No,Does not play music,No lighting,For sale,FtrScreenSimple_Remake_2_6,2_6,5338,EFhgnbTY2in7eb223
  zen cushion  ,NA,NA,Goldfish,Upholstery,No,No,Yes,1,,125,Light blue,Colorful,1x1,NA,Nook's Cranny,Available in Nook's Cranny (either upgrade tier) in the unique furniture slot,1.0.0,zen-style,living room,None,None,Yes,Chair,No,Does not play music,No lighting,For sale,FtrCushionJapan_Remake_0_4,0_4,7047,tHxRrdHCNYEjZXTwD
TREADMILL,White,NA,NA,NA,No,No,No,NA,64000,16000,White,Black,2x1,NA,Nook's Cranny,"Available in Nook's Cranny (upgraded only), in the third unique furniture slot",1.0.0,fitness,None,None,None,Yes,Sports,No,Does not play music,No lighting,For sale,FtrRunningmachine_Remake_3_0,3_0,290,y4v3nQq9Qb3iANkFG
Mama bear,Tweed,NA,Yellow stripes,Shirt,No,No,Yes,1,2300,575,Gray,Yellow,1x1,NA,Nook's Cranny,Available in Nook's Cranny (either upgrade tier) in the unique furniture slot,1.0.0,fancy,child's room,None,bear,No,Animal,No,Does not play music,No lighting,For sale,FtrBearM_Remake_5_3,5_3,1500,gimiNLaKzgWhoBoHo
  arcade seat  ,Blue,NA,NA,NA,No,No,No,NA,1300,325,Blue,Gray,1x1,NA,Nook's Cranny,"Available in Nook's Cranny (upgraded only), in the unique furniture slot",1.0.0,facility,shop,None,None,Yes,Chair,No,Does not play music,No lighting,For sale,FtrGameChair_Remake_2_0,2_0,12207,DZ3hFRhqZ5W62XQ4C
LOG BED,Orange wood,Lumber type,Southwestern flair,Bedding,Yes,Yes,Yes,6,NFS,3600,Orange,Colorful,2x2,NA,Crafting,,1.0.0,garden,living room,log,None,Yes,Bed,No,Does not play music,No lighting,Not for sale,FtrLogBedW_Remake_1_0,1_0,4041,jPLXPmDFFZ3ob5Wq3
  bunny day festive balloons  ,NA,NA,NA,NA,Yes,No,No,NA,NFS,1200,Colorful,Colorful,1x1,NA,Crafting,,1.1.0a,fancy,party,Bunny Day,None,No,Easter,No,Does not play music,No lighting,Not for sale,FtrEggBalloonB,NA,12421,TbTDbrEQnKT96JAHi
  WOODEN TABLE  ,Cherry wood,Paint color,Orange,Tablecloth,Yes,Yes,Yes,4,NFS,1800,Orange,Orange,2x2,NA,Crafting,,1.0.0,child's room,living room,wooden,None,No,Table,No,Does not play music,No lighting,Not for sale,FtrWoodenTableL_Remake_2_1,2_1,3439,R5Lb58KT67k8E2fFJ
log extra-long sofa,Dark wood,Lumber type,None,Cushions,Yes,Yes,Yes,4,,1920,Brown,Brown,2x1,NA,Crafting,,1.0.0,garden,living room,log,None,Yes,Sofa,No,Does not play music,No lighting,Not for sale,FtrLogSofaL_Remake_0_0,0_0,4044,WHb7Cfx9ZygQtXsEi
GRAND B. DRAGONFLY MODEL,NA,NA,NA,NA,No,No,No,NA,NFS,,Black,Yellow,2x2,NA,Flick,Trade 3 insects to receive a model in the mail the next day,1.0.0,None,None,None,None,No,Insect,No,Does not play music,No lighting,Not for sale,FtrInsectOniyanmaToy,NA,7090,DfasCGWQGSq42Ldku
  drum set  ,Black & white,NA,Glossy black,Bass drum head,No,No,Yes,2,5600,1400,Gray,Black,2x1,NA,Nook's Cranny,"Available in Nook's Cranny (upgraded only), in the unique furniture slot",1.0.0,concert,None,None,None,Yes,Musical Instrument,No,Does not play music,No lighting,For sale,FtrDrumSet_Remake_7_1,7_1,1803,fScRvMgnmwWJSX87s
MUSH LAMP,Ordinary mushroom,Mushroom type,NA,NA,Yes,Yes,No,3,NFS,1600,Brown,Brown,1x1,NA,Crafting,,1.0.0,garden,None,mush,None,Yes,Lamp,Yes,Does not play music,Fluorescent,Not for sale,FtrMushroomLamp_Remake_0_0,0_0,805,GKFnaHSs6d9MDNttQ
  wooden simple bed  ,White wood,Paint color,Pink,Bedding,Yes,Yes,Yes,4,NFS,2160,White,Pink,2x1,NA,Crafting,,1.0.0,child's room,living room,wooden,None,Yes,Bed,No,Does not play music,No lighting,Not for sale,FtrWoodenBedS_Remake_1_1,1_1,2605,X9r9bgtDf7LkHBzYh
STONE LION-DOG,White,Color,NA,NA,Yes,Yes,No,3,NFS,3600,White,White,1x1,NA,Crafting,,1.0.0,folk art,garden,None,None,No,Folk Craft Decor,Yes,Does not play music,No lighting,Not for sale,FtrSekishishi_Remake_1_0,1_0,7795,ptFT6FZJYJFRtSkDr
  MINI DIY WORKBENCH  ,Yellow,Paint color,NA,NA,Yes,Yes,No,4,NFS,2580,Yellow,White,1x1,NA,Crafting,,1.0.0,garage,None,None,None,Workbench,Work Bench,No,Does not play music,No lighting,Not for sale,FtrWorkbenchS_Remake_4_0,4_0,3122,FMn6YkLZSKmHZ9zin
refrigerator,Brown,NA,Fruits,Sticker area,No,No,Yes,2,,,Brown,Green,1x1,NA,Nook's Cranny,"Available in Nook's Cranny (upgraded only), in the unique furniture slot",1.0.0,kitchen,shop,None,None,Wardrobe,Home Appliances,No,Does not play music,No lighting,For sale,FtrRefrigerator_Remake_5_3,5_3,2713,PJKv7CTSZ24HD6jBs
  electric guitar  ,Marine emerald,NA,Emblem logo,Sticker area,No,No,Yes,7,,17750,Light blue,Green,1x1,NA,Nook's Cranny,"Available in Nook's Cranny (upgraded only), in the third unique furniture slot",1.0.0,concert,None,None,None,Yes,Musical Instrument,No,Does not play music,No lighting,For sale,FtrElectricguitar2_Remake_4_4,4_4,1645,NozqZNCeMMdE4hi2n
outdoor table,Green,NA,Blue,Table,No,No,Yes,1,2200,550,Green,Blue,2x1,NA,Nook's Cranny,Available in Nook's Cranny (either upgrade tier) in the unique furniture slot,1.0.0,outdoors,None,None,None,No,Table,Yes,Does not play music,No lighting,For sale,FtrOutdoortableM_Remake_2_3,2_3,3946,7vXhyZEfggg39posf
  REFRIGERATOR  ,Red,NA,None,Sticker area,No,No,Yes,2,5100,,Red,Red,1x1,NA,Nook's Cranny,"Available in Nook's Cranny (upgraded only), in the unique furniture slot",1.0.0,kitchen,shop,None,None,Wardrobe,Home Appliances,No,Does not play music,No lighting,For sale,FtrRefrigerator_Remake_1_0,1_0,2713,xnME26oXTDSw55qBy
IRON FRAME,Red,Coating,NA,NA,Yes,Yes,No,7,NFS,,Red,Black,2x1,NA,Crafting,,1.0.0,garage,None,None,None,No,Vehicle,Yes,Does not play music,No lighting,Not for sale,FtrIronframe_Remake_0_0,0_0,2553,BBGzPzjsucH4iAWBW
  shower booth  ,Black,NA,NA,NA,No,No,No,NA,110000,27500,Gray,White,1.5x1.5,NA,Nook's Cranny,"Available in Nook's Cranny (upgraded only), in the third unique furniture slot",1.0.0,bathroom,None,None,None,No,Bathtub,No,Does not play music,No lighting,For sale,FtrShowerboothSquare_Remake_3_0,3_0,4015,j5oLGNGGTR2oRXnd6
school desk,Brown & white,NA,NA,NA,No,No,No,NA,,275,Brown,White,1x1,NA,Nook's Cranny,Available in Nook's Cranny (either upgrade tier) in the unique furniture slot,1.0.0,school,None,None,school,No,Desk,No,Does not play music,No lighting,For sale,FtrSchoolTableS_Remake_1_0,1_0,1328,GjBapFwyM2h4MssGA
cute floor lamp,Red,NA,NA,NA,No,No,No,NA,3500,875,Red,White,1x1,NA,Nook's Cranny,"Available in Nook's Cranny (upgraded only), in the unique furniture slot",1.0.0,fancy,None,cute,None,Yes,Lamp,No,Does not play music,Fluorescent,For sale,FtrCuteLamp_Remake_3_0,3_0,4002,j9z8Bvu9PaRZd7Ruk
  WHITEBOARD  ,Fact-finding meeting,NA,NA,NA,No,No,No,NA,2600,650,White,Gray,2x1,NA,Nook's Cranny,"Available in Nook's Cranny (upgraded only), in the unique furniture slot",1.0.0,office,None,None,None,No,Office,No,Does not play music,No lighting,For sale,FtrWhiteboard_Remake_6_0,6_0,4116,dQcjC5C9yXPdQ9tnA
  CHANGING ROOM  ,Pink,NA,Green,Curtain,No,No,Yes,2,3700,925,Pink,Green,1x1,NA,Nook's Cranny,"Available in Nook's Cranny (upgraded only), in the unique furniture slot",1.0.0,shop,facility,None,None,Wardrobe,Shop,No,Does not play music,No lighting,For sale,FtrFittingroom_Remake_6_6,6_6,1816,Qe2XjBGw5rPJubnd7
SILO,Black roof,Roof color,NA,NA,Yes,Yes,No,7,,13920,Black,White,2x2,NA,Crafting,,1.0.0,garden,None,None,None,No,Ranch,Yes,Does not play music,No lighting,Not for sale,FtrSilo_Remake_3_0,3_0,7247,2TzE9DpRFugRwGLkC
tire stack,Green,Tire color,NA,NA,Yes,Yes,No,1,NFS,60,Green,Brown,1x1,NA,Crafting,,1.0.0,garage,garden,None,None,No,Vehicle,Yes,Does not play music,No lighting,Not for sale,FtrTyres_Remake_1_0,1_0,1189,MAFw6xskPjei4ZP9M
frozen bed,Ice,Illumination,White,Bedding,Yes,Yes,Yes,8,NFS,9000,Light blue,White,2x2,NA,Crafting,,1.0.0,freezing cold,None,frozen,None,Yes,Bed,Yes,Does not play music,No lighting,Not for sale,FtrIceBedW_Remake_0_1,0_1,3502,XwAqhqa5DbZ8R9sYt
  shell bed  ,Pink,Shell color,NA,NA,Yes,Yes,No,7,NFS,10200,Pink,Pink,2x2,NA,Crafting,,1.0.0,ocean,expensive,shell,None,Yes,Bed,Yes,Does not play music,No lighting,Not for sale,FtrShellBedW_Remake_2_0,2_0,3983,B4zAF5gFAgx9obieZ
  diner chair  ,Red,NA,NA,NA,No,No,No,NA,,400,Red,White,1x1,NA,Nook's Cranny,"Available in Nook's Cranny (upgraded only), in the unique furniture slot",1.0.0,shop,None,diner,None,Yes,Chair,No,Does not play music,No lighting,For sale,FtrAmeretroChairS_Remake_0_0,0_0,4137,NLvmSrsxqWKGyXd3K
STALL,Gray,Variation,Colorful,Curtain,Yes,Yes,Yes,3,,1440,Gray,Colorful,2x1,NA,Crafting,,1.0.0,shop,party,None,None,No,Shop,Yes,Does not play music,No lighting,Not for sale,FtrFloat_Remake_7_3,7_3,3617,oLw84sp86Jk4Asret
  DRUM SET  ,Pearl white,NA,Black with logo,Bass drum head,No,No,Yes,2,5600,1400,White,Black,2x1,NA,Nook's Cranny,"Available in Nook's Cranny (upgraded only), in the unique furniture slot",1.0.0,concert,None,None,None,Yes,Musical Instrument,No,Does not play music,No lighting,For sale,FtrDrumSet_Remake_2_2,2_2,1803,vykiTRvXpf3iyzyHT
poolside bed,Brown,NA,Black,Bed mat,No,No,Yes,2,3400,,Orange,Black,2x1,NA,Nook's Cranny,"Available in Nook's Cranny (upgraded only), in the unique furniture slot",1.0.0,ocean,expensive,None,None,Yes,Bed,Yes,Does not play music,No lighting,For sale,FtrPoolsidebed_Remake_1_1,1_1,4102,eSE36hpP7oAy4bHDy
antique wardrobe,Brown,NA,NA,NA,No,No,No,NA,37000,9250,Brown,Brown,2x1,NA,Nook's Cranny,"Available in Nook's Cranny (upgraded only), in the third unique furniture slot",1.0.0,living room,expensive,antique,None,Wardrobe,Chest,No,Does not play music,No lighting,For sale,FtrAntiqueChest_Remake_0_0,0_0,3959,XAnaYsJ8wouWyBBsu
poolside bed,Dark brown,NA,Blue,Bed mat,No,No,Yes,2,,,Brown,Blue,2x1,NA,Nook's Cranny,"Available in Nook's Cranny (upgraded only), in the unique furniture slot",1.0.0,ocean,expensive,None,None,Yes,Bed,Yes,Does not play music,No lighting,For sale,FtrPoolsidebed_Remake_2_2,2_2,4102,CMHS3ssKa5n5DizCJ
  stall  ,Green,Variation,Waves,Curtain,Yes,Yes,Yes,3,NFS,1440,Green,Blue,2x1,NA,Crafting,,1.0.0,shop,party,None,None,No,Shop,Yes,Does not play music,No lighting,Not for sale,FtrFloat_Remake_3_4,3_4,3617,Zfoq5mWFa3beZ8EvG
  digital scale  ,Green,NA,Wood,Design,No,No,Yes,1,930,,Green,Yellow,1x1,NA,Nook's Cranny,Available in Nook's Cranny (either upgrade tier) in the unique furniture slot,1.0.0,bathroom,None,None,None,No,Bathroom Things,No,Does not play music,No lighting,For sale,FtrWeightscale_Remake_5_4,5_4,3307,kzNboPzF3sXfdhaxe
  grass standee  ,Winter,Season,NA,NA,Yes,Yes,No,1,NFS,480,White,Gray,1x0.5,NA,Crafting,,1.0.0,school,None,None,standee,No,School,No,Does not play music,No lighting,Not for sale,FtrHariboteGrass_Remake_3_0,3_0,530,nqQ3N4TBwktKsTj6n
  simple panel  ,Light brown,NA,Lattice,Panel design,No,No,Yes,1,810,202,Beige,White,1x0.5,NA,Nook's Cranny,Available in Nook's Cranny (either upgrade tier) in the unique furniture slot,1.0.0,facility,None,None,None,No,Screen,No,Does not play music,No lighting,For sale,FtrScreenSimple_Remake_4_4,4_4,5338,DvTQx7EAn2gsHGYAB
electric guitar,Dark red,NA,Cute logo,Sticker area,No,No,Yes,7,71000,17750,Red,Pink,1x1,NA,Nook's Cranny,"Available in Nook's Cranny (upgraded only), in the third unique furniture slot",1.0.0,concert,None,None,None,Yes,Musical Instrument,No,Does not play music,No lighting,For sale,FtrElectricguitar2_Remake_0_7,0_7,1645,FjS3EozJMFrMdnemc
bamboo partition,Green bamboo,Bamboo,NA,NA,Yes,Yes,No,3,,2020,Green,White,2x0.5,NA,Crafting,,1.0.0,zen-style,None,bamboo,None,No,Screen,No,Does not play music,No lighting,Not for sale,FtrBambooScreen_Remake_0_0,0_0,3553,y8EchKnaboQBTeo3f
lecture-hall bench,Light brown,NA,NA,NA,No,No,No,NA,3300,825,Orange,Beige,2x1,NA,Nook's Cranny,"Available in Nook's Cranny (upgraded only), in the unique furniture slot",1.0.0,school,None,None,lecture hall,Yes,Sofa,No,Does not play music,No lighting,For sale,FtrChairCollage_Remake_0_0,0_0,2013,GE3TDid2oNirFn8iH
drum set,Pearl white,NA,Smooth white,Bass drum head,No,No,Yes,2,5600,1400,White,White,2x1,NA,Nook's Cranny,"Available in Nook's Cranny (upgraded only), in the unique furniture slot",1.0.0,concert,None,None,None,Yes,Musical Instrument,No,Does not play music,No lighting,For sale,FtrDrumSet_Remake_2_0,2_0,1803,u55AW4g7udJszSZvC
foosball table,Blue,NA,NA,NA,No,No,No,NA,2300,575,Blue,Green,2x1,NA,Nook's Cranny,"Available in Nook's Cranny (upgraded only), in the unique furniture slot",1.0.0,facility,shop,None,None,Yes,Toy,No,Does not play music,No lighting,For sale,FtrTablesoccer_Remake_2_0,2_0,1177,c6mArbBWdkrqdMB8Q
outdoor table,Red,NA,Blue,Table,No,No,Yes,1,2200,550,Red,Blue,2x1,NA,Nook's Cranny,Available in Nook's Cranny (either upgrade tier) in the unique furniture slot,1.0.0,outdoors,None,None,None,No,Table,Yes,Does not play music,No lighting,For sale,FtrOutdoortableM_Remake_4_3,4_3,3946,3qonS9iuwwL95NDAL
system kitchen,Blue,NA,NA,NA,No,No,No,NA,130000,32500,Blue,Black,2x1,NA,Nook's Cranny,"Available in Nook's Cranny (upgraded only), in the third unique furniture slot",1.0.0,kitchen,expensive,None,None,No,Kitchen,No,Does not play music,No lighting,For sale,FtrKitchenSystem_Remake_2_0,2_0,3616,ooyB5YFa2XJBE446T
  western-style stone  ,White,Stone,NA,NA,Yes,Yes,No,6,NFS,4500,White,Purple,2x1,NA,Crafting,,1.0.0,garden,horror,None,None,No,Garden,Yes,Does not play music,No lighting,Not for sale,FtrGravestoneEuropean_Remake_0_0,0_0,3446,QqwfxXkNNP5oxKo6v
VACUUM CLEANER,Yellow,NA,NA,NA,No,No,No,NA,3800,950,Yellow,Black,1x1,NA,Nook's Cranny,Available in Nook's Cranny (either upgrade tier) in the unique furniture slot,1.0.0,living room,None,None,None,Yes,Home Appliances,No,Does not play music,No lighting,For sale,FtrCleaner_Remake_1_0,1_0,907,BZfBSemBYeciy3rQo
FLOWER STAND,Colorful,Variation,NA,NA,Yes,Yes,No,4,NFS,2880,Colorful,Green,1.5x1.5,NA,Crafting,,1.0.0,party,None,None,None,No,Plants,No,Does not play music,No lighting,Not for sale,FtrStandflower_Remake_0_0,0_0,7527,hqn2JpoAtM646Nxcf
  hammock  ,Light brown,NA,White,Cloth,No,No,Yes,1,1300,325,Beige,White,2x1,NA,Nook's Cranny,"Available in all tiers of shops, including Timmy & Tommy before the shop is opened",1.0.0,outdoors,None,None,None,Yes,Bed,Yes,Does not play music,No lighting,For sale,FtrHammock_Remake_1_3,1_3,1620,NZutzSM78fPXnrL9R
  CHALKBOARD  ,Blank,NA,NA,NA,No,No,No,NA,2600,650,Green,Gray,2x1,NA,Nook's Cranny,"Available in Nook's Cranny (upgraded only), in the unique furniture slot",1.0.0,school,None,None,None,No,School,No,Does not play music,No lighting,For sale,FtrBlackboard_Remake_0_0,0_0,2012,yjnGeCu5A8D3BYPNy
blue corner,NA,NA,Black,Ring curtain,No,No,Yes,3,,1525,White,Black,2x2,NA,Nook's Cranny,"Available in Nook's Cranny (upgraded only), in the third unique furniture slot",1.0.0,fitness,None,None,sports ring,Yes,Sports,No,Does not play music,No lighting,For sale,FtrRingcornerBlue_Remake_0_3,0_3,7150,pRX2nxe7v6NRxKJ8E
hammock,Black,NA,Hibiscus flowers,Cloth,No,No,Yes,1,,325,Black,Light blue,2x1,NA,Nook's Cranny,"Available in all tiers of shops, including Timmy & Tommy before the shop is opened",1.0.0,outdoors,None,None,None,Yes,Bed,Yes,Does not play music,No lighting,For sale,FtrHammock_Remake_6_2,6_2,1620,hvKbTi4Sdd6LHRdkc
ironwood chair,Walnut,Lumber type,NA,NA,Yes,Yes,No,3,NFS,1860,Brown,Black,1x1,NA,Crafting,,1.0.0,living room,None,ironwood,None,Yes,Chair,No,Does not play music,No lighting,Not for sale,FtrIronwoodChairS_Remake_2_0,2_0,3193,6Zi9AuKux8bhvrfTW
cone,Blue,NA,NA,NA,No,No,No,NA,630,157,Blue,Blue,1x1,NA,Nook's Cranny,Available in Nook's Cranny (either upgrade tier) in the unique furniture slot,1.0.0,facility,garage,None,None,No,Vehicle,Yes,Does not play music,No lighting,For sale,FtrPylon_Remake_1_0,1_0,146,KKHLamBNiboMy49fp
upright locker,Red,NA,Cool,Sticker area,No,No,Yes,2,3700,925,Red,Black,1x1,NA,Nook's Cranny,Available in Nook's Cranny (either upgrade tier) in the unique furniture slot,1.0.0,school,facility,None,None,Wardrobe,Chest,No,Does not play music,No lighting,For sale,FtrLocker_Remake_3_1,3_1,833,NGKmGHtKZ4k9iHhTQ
WOODEN MINI TABLE,Blue,Paint color,Pink,Tablecloth,Yes,Yes,Yes,2,NFS,720,Blue,Pink,1x1,NA,Crafting,,1.0.0,child's room,living room,wooden,None,No,Table,No,Does not play music,No lighting,Not for sale,FtrWoodenTableMini_Remake_6_2,6_2,7133,nManczc4PywpJ988Y
  portable toilet  ,Blue,NA,NA,NA,No,No,No,NA,NFS,5000,Blue,White,1x1,1000,Nook Miles Shop,,1.0.0,bathroom,facility,None,None,No,Toilet,Yes,Does not play music,No lighting,Not for sale,FtrWCPortable_Remake_2_0,2_0,1234,hQ72FwFAdsjrCYJw6
rocking horse,Pastel,Paint color,NA,NA,Yes,Yes,No,1,,600,Pink,Purple,1x1,NA,Crafting,,1.0.0,child's room,fancy,None,None,Yes,Toy,No,Does not play music,No lighting,Not for sale,FtrRockinghorse_Remake_3_0,3_0,83,x2AAshk3vZmob4zon
  champion's pennant  ,Black,NA,NA,NA,No,No,No,NA,3900,975,Black,Yellow,1x1,NA,Nook's Cranny,"Available in Nook's Cranny (upgraded only), in the unique furniture slot",1.0.0,school,None,None,None,No,School,No,Does not play music,No lighting,For sale,FtrVictoryflag_Remake_3_0,3_0,7264,uyYD3bFGgfvdmtfqQ
  IRONWOOD LOW TABLE  ,Walnut,Lumber type,NA,NA,Yes,Yes,No,5,NFS,3720,Brown,Black,2x1,NA,Crafting,,1.0.0,living room,None,ironwood,None,No,Table,No,Does not play music,No lighting,Not for sale,FtrIronwoodTableM_Remake_2_0,2_0,3194,DR9FaS8kZeMbL7qYS
PET BED,Dark brown,NA,Checkered,Cushion,No,No,Yes,1,1100,275,Brown,Red,1x1,NA,Nook's Cranny,Available in Nook's Cranny (either upgrade tier) in the unique furniture slot,1.0.0,living room,None,None,pet,Yes,Chair,No,Does not play music,No lighting,For sale,FtrPetBed_Remake_1_3,1_3,7802,SymdfYtcxiyRTpTzN
outdoor bench,Blue,NA,Orange,Seat,No,No,Yes,1,1300,325,Blue,Orange,2x1,NA,Nook's Cranny,Available in Nook's Cranny (either upgrade tier) in the unique furniture slot,1.0.0,outdoors,None,None,None,Yes,Sofa,Yes,Does not play music,No lighting,For sale,FtrOutdoorchairM_Remake_3_4,3_4,3947,wo3y4waKyeFHSk2Lb
  antique mini table  ,Black,NA,NA,NA,No,No,No,NA,6700,1675,Black,White,1x1,NA,Nook's Cranny,"Available in Nook's Cranny (upgraded only), in the third unique furniture slot",1.0.0,living room,expensive,antique,None,No,Table,No,Does not play music,No lighting,For sale,FtrAntiqueTableS_Remake_2_0,2_0,3958,2n955ZXXD3RXt9gjE
  street organ  ,Blue,NA,NA,NA,No,No,No,NA,5000,,Blue,Brown,1x1,NA,Nook's Cranny,"Available in Nook's Cranny (upgraded only), in the unique furniture slot",1.0.0,child's room,fancy,None,None,Yes,Musical Instrument,Yes,Does not play music,No lighting,For sale,FtrStreetorgan_Remake_1_0,1_0,4070,FWKubp8mmPezNM9Q9
  box corner sofa  ,Turquoise,NA,NA,NA,No,No,No,NA,2700,675,Light blue,Black,1x1,NA,Nook's Cranny,"Available in Nook's Cranny (upgraded only), in the unique furniture slot",1.0.0,shop,facility,None,None,Yes,Chair,No,Does not play music,No lighting,For sale,FtrBoxsofaCorner_Remake_0_0,0_0,1853,ZBfcDozHPuHDg8hua
mama bear,Tweed,NA,Blue stripes,Shirt,No,No,Yes,1,2300,575,Gray,Blue,1x1,NA,Nook's Cranny,Available in Nook's Cranny (either upgrade tier) in the unique furniture slot,1.0.0,fancy,child's room,None,bear,No,Animal,No,Does not play music,No lighting,For sale,FtrBearM_Remake_5_2,5_2,1500,aQFHBPmCBEyTtcmZe
ZEN-STYLE STONE,Mossy stone,Stone,NA,NA,Yes,Yes,No,6,NFS,4500,Green,Gray,1x1,NA,Crafting,,1.0.0,zen-style,horror,None,None,No,Japanese Style,Yes,Does not play music,No lighting,Not for sale,FtrGravestoneJapan_Remake_4_0,4_0,7317,RswDXvSEibYz7Zajy
LOFT BED WITH DESK,Orange,NA,Yellow,Bedding,No,No,Yes,3,7700,1925,Orange,Yellow,2x1,NA,Nook's Cranny,"Available in Nook's Cranny (upgraded only), in the unique furniture slot",1.0.0,child's room,None,None,None,Yes,Desk,No,Does not play music,No lighting,For sale,FtrBeddesk_Remake_5_4,5_4,3621,7pAHxRCn4EAKAqGic
MENU CHALKBOARD,Blue,NA,NA,NA,No,No,No,NA,1800,450,Light blue,Green,1x1,NA,Nook's Cranny,Available in Nook's Cranny (either upgrade tier) in the unique furniture slot,1.0.0,shop,None,None,None,No,Shop,Yes,Does not play music,No lighting,For sale,FtrMenuboard_Remake_3_0,3_0,1866,45LCxYQEK6j988AR8
  log garden lounge  ,White birch,Lumber type,Bears,Pillow,Yes,No,Yes,3,NFS,1440,White,Brown,2x1,NA,Crafting,,1.0.0,garden,None,log,None,Yes,Bed,Yes,Does not play music,No lighting,Not for sale,FtrLogBedS_Remake_3_3,3_3,4035,RPLoGAXJuDsnrzsqv
  wooden stool  ,Cherry wood,Paint color,Blue,Seat,Yes,Yes,Yes,2,,480,Orange,Light blue,1x1,NA,Crafting,,1.0.0,child's room,living room,wooden,None,Yes,Chair,No,Does not play music,No lighting,Not for sale,FtrWoodenStoolS_Remake_2_3,2_3,3449,ASgiwy8zxZgcMzNv2
  BUNK BED  ,Black,NA,Colorful lines,Bedding,No,No,Yes,2,5000,1250,Black,Yellow,2x1,NA,Nook's Cranny,Available in Nook's Cranny (either upgrade tier) in the unique furniture slot,1.0.0,facility,None,None,None,Yes,Bed,No,Does not play music,No lighting,For sale,FtrBunkbed_Remake_1_4,1_4,8298,iraTbcbpwtnDnd5tG
  LOG BED  ,White birch,Lumber type,Bears,Bedding,Yes,No,Yes,6,NFS,3600,White,Brown,2x2,NA,Crafting,,1.0.0,garden,living room,log,None,Yes,Bed,No,Does not play music,No lighting,Not for sale,FtrLogBedW_Remake_3_2,3_2,4041,3yR9yR7Mb8z9PxXpE
  den chair  ,White,NA,NA,NA,No,No,No,NA,8700,2175,White,White,1x1,NA,Nook's Cranny,"Available in Nook's Cranny (upgraded only), in the unique furniture slot",1.0.0,den,None,None,den,Yes,Chair,No,Does not play music,No lighting,For sale,FtrDrawingChair_Remake_1_0,1_0,3784,96sTBmcSY36Ax3QJa
  diner counter table  ,Black,NA,NA,NA,No,No,No,NA,6000,1500,Black,Gray,2x1,NA,Nook's Cranny,"Available in Nook's Cranny (upgraded only), in the unique furniture slot",1.0.0,shop,None,diner,None,No,Table,No,Does not play music,No lighting,For sale,FtrAmeretroCounter_Remake_6_0,6_0,4139,8egbovQekiG2kbz2t
digital scale,Yellow,NA,Floral,Design,No,No,Yes,1,930,,Yellow,Red,1x1,NA,Nook's Cranny,Available in Nook's Cranny (either upgrade tier) in the unique furniture slot,1.0.0,bathroom,None,None,None,No,Bathroom Things,No,Does not play music,No lighting,For sale,FtrWeightscale_Remake_4_1,4_1,3307,97zfdXJumGBTikYhi
CUTE DIY TABLE,White,NA,NA,NA,No,No,No,NA,7000,,White,Pink,2x1,NA,Nook's Cranny,"Available in Nook's Cranny (upgraded only), in the unique furniture slot",1.0.0,fancy,None,cute,None,Yes,Work Bench,No,Does not play music,Spotlight,For sale,FtrCuteWorkbench_Remake_0_0,0_0,3995,ELzLX57L77astbxHb
Gemini closet,NA,NA,NA,NA,Yes,No,No,NA,,22200,White,Yellow,1x1,NA,Crafting,,1.0.0,expensive,None,stars,None,Wardrobe,Chest,No,Does not play music,No lighting,Not for sale,FtrZodiacGemini,NA,5960,9MjH2Lzd64pdyBHx3
construction sign,Ongoing work - Little bro,NA,NA,NA,No,No,No,NA,NFS,5000,White,Blue,1x1,1000,Nook Miles Shop,,1.0.0,garage,facility,None,None,No,Vehicle,Yes,Does not play music,No lighting,Not for sale,FtrSignConstruction_Remake_1_0,1_0,9568,afCrPaE2EC3gechDH
ELECTRIC GUITAR,Cosmo black,NA,Emblem logo,Sticker area,No,No,Yes,7,71000,,Black,Green,1x1,NA,Nook's Cranny,"Available in Nook's Cranny (upgraded only), in the third unique furniture slot",1.0.0,concert,None,None,None,Yes,Musical Instrument,No,Does not play music,No lighting,For sale,FtrElectricguitar2_Remake_6_4,6_4,1645,G8TRYJe3QKzMkz9mJ
WOODEN-BLOCK CHAIR,Pastel,Block color,NA,NA,Yes,Yes,No,1,NFS,,Pink,Colorful,1x1,NA,Crafting,,1.0.0,child's room,None,wooden block,None,Yes,Chair,No,Does not play music,No lighting,Not for sale,FtrBlockChairS_Remake_3_0,3_0,2558,C9eL44MYY3ojTSsmD
illuminated reindeer,Yellow,Light color,NA,NA,Yes,Yes,No,6,NFS,4350,Yellow,Yellow,2x1,NA,Crafting,,1.0.0,party,fancy,festive,None,Yes,Seasonal Decor,Yes,Does not play music,Fluorescent,Not for sale,FtrIllumiReindeer_Remake_0_0,0_0,4074,Fu398t6EcYJrh6Anx
mama bear,Floral,NA,None,Shirt,No,No,Yes,1,2300,575,White,Pink,1x1,NA,Nook's Cranny,Available in Nook's Cranny (either upgrade tier) in the unique furniture slot,1.0.0,fancy,child's room,None,bear,No,Animal,No,Does not play music,No lighting,For sale,FtrBearM_Remake_3_0,3_0,1500,85uduk44EWYc5PaM6
  rock guitar  ,Sunburst,NA,Emblem logo,Sticker area,No,No,Yes,2,3100,,Orange,Green,1x1,NA,Nook's Cranny,Available in Nook's Cranny (either upgrade tier) in the unique furniture slot,1.0.0,concert,None,None,None,Yes,Musical Instrument,No,Does not play music,No lighting,For sale,FtrElectricguitar1_Remake_0_4,0_4,1644,LiDrdxgmRKvkhxJXf
  WOODEN TABLE  ,Dark wood,Paint color,Orange,Tablecloth,Yes,Yes,Yes,4,NFS,1800,Brown,Orange,2x2,NA,Crafting,,1.0.0,child's room,living room,wooden,None,No,Table,No,Does not play music,No lighting,Not for sale,FtrWoodenTableL_Remake_3_1,3_1,3439,BxX3sMwbkdbLALter
acoustic guitar,Natural,Body,NA,NA,Yes,Yes,No,5,,3210,Beige,Brown,1x1,NA,Crafting,,1.0.0,music,None,None,None,Yes,Musical Instrument,No,Does not play music,No lighting,Not for sale,FtrAcorsticguitar_Remake_0_0,0_0,383,EpywQXABBcv2dipsP
WOODEN WASTE BIN,Black,Paint color,NA,NA,Yes,Yes,No,1,NFS,480,Black,Black,1x1,NA,Crafting,,1.0.0,child's room,living room,wooden,None,Yes,Supplies,No,Does not play music,No lighting,Not for sale,FtrTrashboxWood_Remake_4_0,4_0,3490,zX72k8gTnt7nqQae7
  DESTINATIONS SIGNPOST  ,White,Color,NA,NA,Yes,Yes,No,2,NFS,1440,White,White,1.5x1.5,NA,Crafting,,1.0.0,garden,None,None,None,No,Vehicle,Yes,Does not play music,No lighting,Not for sale,FtrSignpostWorld_Remake_1_0,1_0,4309,Hz4JHYYtXD3CSJBCE
  stall  ,Natural,Variation,Waves,Curtain,Yes,Yes,Yes,3,NFS,1440,Beige,Blue,2x1,NA,Crafting,,1.0.0,shop,party,None,None,No,Shop,Yes,Does not play music,No lighting,Not for sale,FtrFloat_Remake_0_4,0_4,3617,tnKqxJxwnwP7YqnDD
REFRIGERATOR,Brown,NA,Rock,Sticker area,No,No,Yes,2,,1275,Brown,Colorful,1x1,NA,Nook's Cranny,"Available in Nook's Cranny (upgraded only), in the unique furniture slot",1.0.0,kitchen,shop,None,None,Wardrobe,Home Appliances,No,Does not play music,No lighting,For sale,FtrRefrigerator_Remake_5_2,5_2,2713,KtFMiwPfSwZu7AKfZ
poolside bed,Dark brown,NA,White,Bed mat,No,No,Yes,2,3400,850,Brown,White,2x1,NA,Nook's Cranny,"Available in Nook's Cranny (upgraded only), in the unique furniture slot",1.0.0,ocean,expensive,None,None,Yes,Bed,Yes,Does not play music,No lighting,For sale,FtrPoolsidebed_Remake_2_0,2_0,4102,h2Ta2wMZybZyyaT4t
  KIMONO STAND  ,NA,NA,Checkered,Kimono,No,No,Yes,2,3200,800,Beige,Red,2x1,NA,Nook's Cranny,"Available in Nook's Cranny (upgraded only), in the unique furniture slot",1.0.0,zen-style,None,None,None,No,Japanese Style,No,Does not play music,No lighting,For sale,FtrKimonostand_Remake_0_0,0_0,7682,yKSNyMyiFkZp7tLzL
log bed,White wood,Lumber type,Southwestern flair,Bedding,Yes,Yes,Yes,6,NFS,,Beige,Colorful,2x2,NA,Crafting,,1.0.0,garden,living room,log,None,Yes,Bed,No,Does not play music,No lighting,Not for sale,FtrLogBedW_Remake_2_0,2_0,4041,5nWo3nyNndc5HQ7Ax
outdoor bench,White,NA,Orange,Seat,No,No,Yes,1,1300,325,Gray,Orange,2x1,NA,Nook's Cranny,Available in Nook's Cranny (either upgrade tier) in the unique furniture slot,1.0.0,outdoors,None,None,None,Yes,Sofa,Yes,Does not play music,No lighting,For sale,FtrOutdoorchairM_Remake_0_4,0_4,3947,PunXRWi3WqLEotLWK
  BLUE CORNER  ,NA,NA,Green,Ring curtain,No,No,Yes,3,,1525,White,Green,2x2,NA,Nook's Cranny,"Available in Nook's Cranny (upgraded only), in the third unique furniture slot",1.0.0,fitness,None,None,sports ring,Yes,Sports,No,Does not play music,No lighting,For sale,FtrRingcornerBlue_Remake_0_0,0_0,7150,LAwYSrH2Wf2a27boC
WOODEN STOOL,White wood,Paint color,Blue,Seat,Yes,Yes,Yes,2,NFS,,White,Light blue,1x1,NA,Crafting,,1.0.0,child's room,living room,wooden,None,Yes,Chair,No,Does not play music,No lighting,Not for sale,FtrWoodenStoolS_Remake_1_3,1_3,3449,9x2aAcbcw9N5L4nm8
bunk bed,Yellow,NA,Space,Bedding,No,No,Yes,2,5000,1250,Yellow,Light blue,2x1,NA,Nook's Cranny,Available in Nook's Cranny (either upgrade tier) in the unique furniture slot,1.0.0,facility,None,None,None,Yes,Bed,No,Does not play music,No lighting,For sale,FtrBunkbed_Remake_5_3,5_3,8298,aqWS4NuGQrJyPsrok
ROCKET,NA,NA,NA,NA,Yes,No,No,NA,NFS,20000,White,Red,2x1,NA,Crafting,,1.0.0,space,None,None,None,No,Space,Yes,Does not play music,No lighting,Not for sale,FtrRocket,NA,1441,KkcXfWMrSimkgeyAT
  double-door refrigerator  ,White,NA,NA,NA,No,No,No,NA,60000,15000,White,Gray,1x1,NA,Nook's Cranny,"Available in Nook's Cranny (upgraded only), in the third unique furniture slot",1.0.0,kitchen,expensive,None,None,Wardrobe,Home Appliances,No,Does not play music,No lighting,For sale,FtrRefrigeratorDoubledoor_Remake_1_0,1_0,4109,3JgqHzKRyJgqfoZBv
  DINER SOFA  ,Aquamarine,NA,NA,NA,No,No,No,NA,3500,875,Green,White,2x1,NA,Nook's Cranny,"Available in Nook's Cranny (upgraded only), in the unique furniture slot",1.0.0,shop,None,diner,None,Yes,Sofa,No,Does not play music,No lighting,For sale,FtrAmeretroChairL_Remake_3_0,3_0,4141,matmtK77Y7Ng7DnwP
  basketball hoop  ,Green,NA,NA,NA,No,No,No,NA,11000,2750,Green,White,2x2,NA,Nook's Cranny,"Available in Nook's Cranny (upgraded only), in the third unique furniture slot",1.0.0,fitness,school,None,None,No,Sports,Yes,Does not play music,No lighting,For sale,FtrBasketgoal_Remake_1_0,1_0,4226,2s5mgpJK6H9B4Jc9v
outdoor bench,Green,NA,Black,Seat,No,No,Yes,1,1300,,Green,Black,2x1,NA,Nook's Cranny,Available in Nook's Cranny (either upgrade tier) in the unique furniture slot,1.0.0,outdoors,None,None,None,Yes,Sofa,Yes,Does not play music,No lighting,For sale,FtrOutdoorchairM_Remake_2_1,2_1,3947,BuvW9EPysyqffsZmv
  LONG BATHTUB  ,White,NA,NA,NA,No,No,No,NA,7800,1950,White,White,2x1,NA,Nook's Cranny,"Available in Nook's Cranny (upgraded only), in the unique furniture slot",1.0.0,bathroom,None,None,None,Yes,Bathtub,No,Does not play music,No lighting,For sale,FtrBathtub_Remake_0_0,0_0,4080,8jzYuuHWZ8PkcCy48
  phone box  ,White,NA,NA,NA,No,No,No,NA,NFS,,White,White,1x1,2400,Nook Miles Shop,,1.0.0,school,facility,None,None,Yes,Facility Decor,Yes,Does not play music,Emission,Not for sale,FtrTelephonebox_Remake_5_0,5_0,1185,sSZEqnQoD9LxBakNS
  VACUUM CLEANER  ,Red,NA,NA,NA,No,No,No,NA,3800,950,Red,Gray,1x1,NA,Nook's Cranny,Available in Nook's Cranny (either upgrade tier) in the unique furniture slot,1.0.0,living room,None,None,None,Yes,Home Appliances,No,Does not play music,No lighting,For sale,FtrCleaner_Remake_0_0,0_0,907,F2LFSJRkJemabPMZx
electric bass,Deep ocean,NA,NA,NA,No,No,No,NA,82000,20500,Blue,Light blue,1x1,NA,Nook's Cranny,"Available in Nook's Cranny (upgraded only), in the third unique furniture slot",1.0.0,concert,None,None,None,Yes,Musical Instrument,No,Does not play music,No lighting,For sale,FtrElectricbass_Remake_4_0,4_0,1804,aSE7mg2wix33Y95wK
PLASTIC POOL,Pink,NA,NA,NA,No,No,No,NA,3100,775,Pink,Purple,2x2,NA,Nook's Cranny,"Available in Nook's Cranny (upgraded only), in the third unique furniture slot",1.0.0,garden,None,None,None,Yes,Garden,Yes,Does not play music,No lighting,For sale,FtrGardenpool_Remake_1_0,1_0,3348,RdGvbyLB8oQio6Nh8
ANTIQUE BUREAU,Black,NA,NA,NA,No,No,No,NA,20000,,Black,Black,1x1,NA,Nook's Cranny,"Available in Nook's Cranny (upgraded only), in the third unique furniture slot",1.0.0,living room,expensive,antique,None,Yes,Desk,No,Does not play music,No lighting,For sale,FtrAntiqueBureau_Remake_2_0,2_0,3956,nTM9BgbxMArEAuPda
BILLIARD TABLE,Green,NA,NA,NA,No,No,No,NA,77000,19250,Green,Orange,2x1,NA,Nook's Cranny,"Available in Nook's Cranny (upgraded only), in the third unique furniture slot",1.0.0,shop,facility,None,None,No,Sports,No,Does not play music,No lighting,For sale,FtrBilliard_Remake_0_0,0_0,863,RkPFuXP68xp7rKQE2
wooden-block stereo,Colorful,Block color,NA,NA,Yes,Yes,No,4,NFS,2460,Yellow,Colorful,2x1,NA,Crafting,,1.0.0,child's room,None,wooden block,None,Yes,Audio,No,Hi-fi,No lighting,Not for sale,FtrBlockCompo_Remake_2_0,2_0,3205,Ke3wjzKgg4jvuy8QX
drum set,Evergreen,NA,Glossy black,Bass drum head,No,No,Yes,2,5600,1400,Green,Black,2x1,NA,Nook's Cranny,"Available in Nook's Cranny (upgraded only), in the unique furniture slot",1.0.0,concert,None,None,None,Yes,Musical Instrument,No,Does not play music,No lighting,For sale,FtrDrumSet_Remake_6_1,6_1,1803,wbq89Csv4yFKDzb5h
  tea table  ,Orange wood,Body color,NA,NA,Yes,Yes,No,2,NFS,1440,Orange,Orange,2x2,NA,Crafting,,1.0.0,zen-style,living room,None,None,No,Desk,No,Does not play music,No lighting,Not for sale,FtrDiningtableJapan_Remake_2_0,2_0,739,eBQinHrS9MqFpXgoH
  clothesline pole  ,Blue,NA,Plain,Drying shirt,No,No,Yes,1,1100,,Light blue,White,2x0.5,NA,Nook's Cranny,Available in Nook's Cranny (either upgrade tier) in the unique furniture slot,1.0.0,garden,bathroom,None,None,No,Supplies,Yes,Does not play music,No lighting,For sale,FtrClotheshorse_Remake_1_0,1_0,1778,3Z6RxYv5S3MN3L4Xt
OFFICE DESK,White,NA,NA,NA,No,No,No,NA,3600,900,White,White,2x1,NA,Nook's Cranny,"Available in Nook's Cranny (upgraded only), in the unique furniture slot",1.0.0,office,None,None,office,No,Desk,No,Does not play music,No lighting,For sale,FtrOfficeTable_Remake_0_0,0_0,840,ExYib9GyTi9y6sSzh
FROZEN TREE,Ice orange,Illumination,NA,NA,Yes,Yes,No,7,NFS,8200,Orange,Orange,2x2,NA,Crafting,,1.0.0,freezing cold,None,frozen,None,No,Seasonal Decor,Yes,Does not play music,No lighting,Not for sale,FtrIceTree_Remake_4_0,4_0,3504,pQduKcrumfhtgzgQM
  wedding bench  ,Garden,Design,NA,NA,No,Yes,No,2,3500,875,Yellow,Yellow,2x1,NA,Wedding Season,,1.2.0,party,expensive,wedding,None,Yes,Sofa,No,Does not play music,No lighting,Not for sale,FtrWeddingChairL_Remake_2_0,2_0,12401,6BAuHYtjAALsN9zBi
wooden chair,Blue,Paint color,NA,NA,Yes,Yes,No,1,NFS,720,Blue,Blue,1x1,NA,Crafting,,1.0.0,child's room,living room,wooden,None,Yes,Chair,No,Does not play music,No lighting,Not for sale,FtrWoodenChairS_Remake_6_0,6_0,1913,b8d55qMbtRegzFvoG
  changing room  ,Brown,NA,Red,Curtain,No,No,Yes,2,3700,925,Orange,Red,1x1,NA,Nook's Cranny,"Available in Nook's Cranny (upgraded only), in the unique furniture slot",1.0.0,shop,facility,None,None,Wardrobe,Shop,No,Does not play music,No lighting,For sale,FtrFittingroom_Remake_2_5,2_5,1816,dbFPyRHSv7PSBbxYm
log dining table,White wood,Lumber type,Geometric print,Placemats,Yes,Yes,Yes,4,NFS,1800,Beige,Colorful,2x2,NA,Crafting,,1.0.0,garden,living room,log,None,No,Table,No,Does not play music,No lighting,Not for sale,FtrLogTableL_Remake_2_2,2_2,4040,PhGckxSnwG7xoei2J
natural garden table,Natural,Tabletop,NA,NA,Yes,Yes,No,5,NFS,,Beige,Black,2x2,NA,Crafting,,1.0.0,garden,None,None,natural,No,Table,Yes,Does not play music,No lighting,Not for sale,FtrGardenTableNatural_Remake_0_0,0_0,3396,85aQ83vYty7KyApgu
CRESCENT-MOON CHAIR,Green,Color,NA,NA,Yes,Yes,No,7,NFS,8500,Green,Yellow,2x1,NA,Crafting,,1.0.0,space,fancy,stars,None,Yes,Chair,No,Does not play music,Fluorescent,Not for sale,FtrStarMoonChairL_Remake_1_0,1_0,6829,Q9onKzC2L9Sx4fKvc
TANKLESS TOILET,Black,NA,NA,NA,No,No,No,NA,4100,1025,Black,Black,1x1,NA,Nook's Cranny,"Available in Nook's Cranny (upgraded only), in the unique furniture slot",1.0.0,bathroom,None,None,None,Yes,Toilet,No,Does not play music,No lighting,For sale,FtrWCTankless_Remake_4_0,4_0,2776,sXQs9fXn37og9s375
  synthesizer  ,Brown,NA,NA,NA,No,No,No,NA,66000,16500,Brown,White,2x1,NA,Nook's Cranny,"Available in Nook's Cranny (upgraded only), in the third unique furniture slot",1.0.0,concert,None,None,None,Yes,Musical Instrument,No,Does not play music,No lighting,For sale,FtrSynthesizer_Remake_5_0,5_0,1171,fNy9osK4bmyrrMaoZ
FOUNTAIN,Gray,Color,NA,NA,Yes,Yes,No,7,NFS,11700,Gray,Gray,3x3,NA,Crafting,,1.0.0,garden,facility,None,None,Yes,Playground,Yes,Does not play music,No lighting,Not for sale,FtrFountain_Remake_0_0,0_0,8031,yfGHnLgyM5KWn5pi5
  tall lantern  ,White,Stone,NA,NA,Yes,Yes,No,4,NFS,,White,White,1x1,NA,Crafting,,1.0.0,zen-style,None,None,None,Yes,Japanese Style,Yes,Does not play music,Candle,Not for sale,FtrStonelantern_Remake_1_0,1_0,676,3Wwq6BdHnomxrGiSZ
birdcage,Blue,Paint color,NA,NA,Yes,Yes,No,2,NFS,960,Blue,Green,1x1,NA,Crafting,,1.0.0,living room,None,None,None,Yes,Animal,No,Does not play music,No lighting,Not for sale,FtrBirdcage_Remake_2_0,2_0,865,PpryFs7RTYyZFYZoF
  WOODEN SIMPLE BED  ,White wood,Paint color,Orange,Bedding,Yes,Yes,Yes,4,NFS,2160,White,Orange,2x1,NA,Crafting,,1.0.0,child's room,living room,wooden,None,Yes,Bed,No,Does not play music,No lighting,Not for sale,FtrWoodenBedS_Remake_1_0,1_0,2605,m7EcRvtLMfWEgWp2J
IRONWOOD BED,Walnut,Lumber type,Blue-gray,Bedding,Yes,Yes,Yes,8,,9900,Brown,Light blue,2x1,NA,Crafting,,1.0.0,living room,None,ironwood,None,Yes,Bed,No,Does not play music,No lighting,Not for sale,FtrIronwoodBedS_Remake_2_1,2_1,3200,7WGKxApJbqkGL5Lkh
  flat garden rock  ,NA,NA,NA,NA,Yes,No,No,NA,NFS,3000,Gray,Gray,2x1,NA,Crafting,,1.0.0,garden,None,None,None,No,Japanese Style,Yes,Does not play music,No lighting,Not for sale,FtrGardenrockLow,NA,12206,QGJxqYgMSPYCnbN9D
  doghouse  ,Red,Paint color,NA,NA,Yes,Yes,No,3,NFS,,Red,White,1x1,NA,Crafting,,1.0.0,garden,None,None,None,Yes,Animal,Yes,Does not play music,No lighting,Not for sale,FtrDoghouse_Remake_3_0,3_0,1799,GzLQ5qFvYb6yGp6ry
velvet stool,NA,NA,NA,NA,No,No,No,NA,1000,250,Red,Yellow,1x1,NA,Nook's Cranny,Available in Nook's Cranny (either upgrade tier) in the unique furniture slot,1.0.0,music,None,None,None,Yes,Chair,No,Does not play music,No lighting,For sale,FtrPianoStool,NA,8465,ypFx2ihzrHqNpH2qF
wedding welcome board,Cute,Easel,Message,Board,No,Yes,Yes,2,1500,375,Pink,Pink,1x1,NA,Wedding Season,,1.2.0,party,expensive,wedding,None,No,Shop,No,Does not play music,No lighting,Not for sale,FtrWeddingBoard_Remake_0_0,0_0,12410,4HgEuCMwa6jv42HSj
imperial low table,Red,NA,NA,NA,No,No,No,NA,,925,Red,Red,2x1,NA,Nook's Cranny,"Available in Nook's Cranny (upgraded only), in the unique furniture slot",1.0.0,zen-style,None,zen,None,No,Table,No,Does not play music,No lighting,For sale,FtrOrientalTableM_Remake_0_0,0_0,3974,TLKNgkKmfsBtZnPw5
UPRIGHT LOCKER,Black,NA,None,Sticker area,No,No,Yes,2,3700,,Black,Black,1x1,NA,Nook's Cranny,Available in Nook's Cranny (either upgrade tier) in the unique furniture slot,1.0.0,school,facility,None,None,Wardrobe,Chest,No,Does not play music,No lighting,For sale,FtrLocker_Remake_2_0,2_0,833,m6hmBjqNxsBSnD3Ai
  chalkboard  ,Foreign language,NA,NA,NA,No,No,No,NA,2600,,Green,Gray,2x1,NA,Nook's Cranny,"Available in Nook's Cranny (upgraded only), in the unique furniture slot",1.0.0,school,None,None,None,No,School,No,Does not play music,No lighting,For sale,FtrBlackboard_Remake_2_0,2_0,2012,DAxx3aBrTRzKjNioy
garbage bin,White,NA,NA,NA,No,No,No,NA,1000,250,White,Gray,1x1,NA,Nook's Cranny,Available in Nook's Cranny (either upgrade tier) in the unique furniture slot,1.0.0,garage,facility,None,None,Trash,Supplies,Yes,Does not play music,No lighting,For sale,FtrPaleCaster_Remake_4_0,4_0,9767,QCH62LoG94LRyheK8
  DOGHOUSE  ,Blue,Paint color,NA,NA,Yes,Yes,No,3,NFS,2040,Blue,Brown,1x1,NA,Crafting,,1.0.0,garden,None,None,None,Yes,Animal,Yes,Does not play music,No lighting,Not for sale,FtrDoghouse_Remake_2_0,2_0,1799,sudGbdjxgLFWnFYiN
bunk bed,Silver,NA,Colorful lines,Bedding,No,No,Yes,2,5000,1250,Gray,Yellow,2x1,NA,Nook's Cranny,Available in Nook's Cranny (either upgrade tier) in the unique furniture slot,1.0.0,facility,None,None,None,Yes,Bed,No,Does not play music,No lighting,For sale,FtrBunkbed_Remake_0_4,0_4,8298,x4rNR2XC2rRQg25SG
wooden simple bed,White wood,Paint color,Blue,Bedding,Yes,Yes,Yes,4,NFS,2160,White,Light blue,2x1,NA,Crafting,,1.0.0,child's room,living room,wooden,None,Yes,Bed,No,Does not play music,No lighting,Not for sale,FtrWoodenBedS_Remake_1_2,1_2,2605,Td8mesmoSsEuH8tMP
  simple DIY workbench  ,NA,NA,NA,NA,Yes,No,No,NA,NFS,1350,Brown,Colorful,1.5x1.5,NA,Crafting,,1.0.0,outdoors,garden,None,None,Workbench,Work Bench,Yes,Does not play music,No lighting,Not for sale,FtrWorkbenchStump,NA,7142,o3Jm6psSeRbrkivZ9
HANDCART,Green,NA,NA,NA,No,No,No,NA,1900,475,Green,Brown,1x1,NA,Nook's Cranny,Available in Nook's Cranny (either upgrade tier) in the unique furniture slot,1.0.0,garden,None,None,None,No,Ranch,Yes,Does not play music,No lighting,For sale,FtrHandcart_Remake_0_0,0_0,7229,PMRXt7GGkMzDucHhd
log decorative shelves,Orange wood,Lumber type,Southwestern flair,Mat,Yes,Yes,Yes,4,NFS,,Orange,Colorful,2x1,NA,Crafting,,1.0.0,garden,living room,log,None,No,Shelf,No,Does not play music,No lighting,Not for sale,FtrLogShelf_Remake_1_1,1_1,4036,bFSjAhDG2LhSFDubG
  DINER MINI TABLE  ,Pink,NA,NA,NA,No,No,No,NA,1600,,Gray,Pink,1x1,NA,Nook's Cranny,"Available in Nook's Cranny (upgraded only), in the unique furniture slot",1.0.0,shop,None,diner,None,No,Table,No,Does not play music,No lighting,For sale,FtrAmeretroTableS_Remake_4_0,4_0,4441,7e45WKKjovm3uSCWj
  upright locker  ,White,NA,Cute,Sticker area,No,No,Yes,2,3700,925,White,Pink,1x1,NA,Nook's Cranny,Available in Nook's Cranny (either upgrade tier) in the unique furniture slot,1.0.0,school,facility,None,None,Wardrobe,Chest,No,Does not play music,No lighting,For sale,FtrLocker_Remake_1_2,1_2,833,MiCE6mgr4GZLCM8gY
  beach chair  ,Orange,NA,NA,NA,No,No,No,NA,920,230,Orange,White,2x1,NA,Nook's Cranny,Available in Nook's Cranny (either upgrade tier) in the unique furniture slot,1.0.0,ocean,None,None,None,Yes,Bed,Yes,Does not play music,No lighting,For sale,FtrBeachbed_Remake_3_0,3_0,664,HaJrTWRsfd9QYTA4K
shell arch,Pearl,Shell color,NA,NA,Yes,Yes,No,7,,12360,White,White,3x1,NA,Crafting,,1.0.0,ocean,expensive,shell,None,No,Arch,Yes,Does not play music,No lighting,Not for sale,FtrShellArch_Remake_5_0,5_0,3977,3YKjQDhpKgxxeZdpR
DINER DINING TABLE,Aquamarine,NA,NA,NA,No,No,No,NA,6400,1600,Gray,Light blue,2x2,NA,Nook's Cranny,"Available in Nook's Cranny (upgraded only), in the third unique furniture slot",1.0.0,shop,None,diner,None,No,Table,No,Does not play music,No lighting,For sale,FtrAmeretroTableM_Remake_3_0,3_0,4142,tQ7cE6BZZngRXf4EC
leaf stool,Brown,Color,NA,NA,Yes,Yes,No,3,NFS,1560,Brown,Beige,1x1,NA,Crafting,,1.0.0,child's room,fancy,tree's bounty or leaves,None,Yes,Chair,No,Does not play music,No lighting,Not for sale,FtrFallenleavesChairS_Remake_0_0,0_0,7390,35Y88uTbmZLHtJ9QX
  park clock  ,Silver,NA,NA,NA,No,No,No,NA,NFS,12000,Gray,White,1x1,2400,Nook Miles Shop,,1.0.0,garden,None,None,None,Yes,Clock,Yes,Does not play music,No lighting,Not for sale,FtrParkclock_Remake_1_0,1_0,3595,RcDvXPw6pLeErBM55
  POPCORN MACHINE  ,Green,NA,NA,NA,No,No,No,NA,4900,1225,Green,Yellow,1x1,NA,Nook's Cranny,Available in Nook's Cranny (either upgrade tier) in the unique furniture slot,1.0.0,facility,party,None,None,Yes,Shop,Yes,Does not play music,No lighting,For sale,FtrPopcornmachine_Remake_1_0,1_0,1092,pkEthRJe2C8njZnMg
  OUTDOOR TABLE  ,Red,NA,Orange,Table,No,No,Yes,1,2200,,Red,Orange,2x1,NA,Nook's Cranny,Available in Nook's Cranny (either upgrade tier) in the unique furniture slot,1.0.0,outdoors,None,None,None,No,Table,Yes,Does not play music,No lighting,For sale,FtrOutdoortableM_Remake_4_4,4_4,3946,FmHrzvWYoW9apJYBz
WOODEN MINI TABLE,Pink wood,Paint color,None,Tablecloth,Yes,Yes,Yes,2,NFS,720,Pink,Pink,1x1,NA,Crafting,,1.0.0,child's room,living room,wooden,None,No,Table,No,Does not play music,No lighting,Not for sale,FtrWoodenTableMini_Remake_7_0,7_0,7133,mJFnWtLfD5dafCn26
  menu chalkboard  ,Dark brown,NA,NA,NA,No,No,No,NA,1800,450,Brown,Green,1x1,NA,Nook's Cranny,Available in Nook's Cranny (either upgrade tier) in the unique furniture slot,1.0.0,shop,None,None,None,No,Shop,Yes,Does not play music,No lighting,For sale,FtrMenuboard_Remake_1_0,1_0,1866,9fhe3AGZWHmHBafLX
  DOUBLE-DOOR REFRIGERATOR  ,Red,NA,NA,NA,No,No,No,NA,60000,15000,Red,Gray,1x1,NA,Nook's Cranny,"Available in Nook's Cranny (upgraded only), in the third unique furniture slot",1.0.0,kitchen,expensive,None,None,Wardrobe,Home Appliances,No,Does not play music,No lighting,For sale,FtrRefrigeratorDoubledoor_Remake_3_0,3_0,4109,qJdb2G7ruCmuijzZ6
  parabolic antenna  ,Plain,NA,NA,NA,No,No,No,NA,NFS,20000,White,White,3x3,4000,Nook Miles Shop,,1.0.0,facility,None,None,None,Yes,Outdoors Decor,Yes,Does not play music,No lighting,Not for sale,FtrParabolicantenna_Remake_0_0,0_0,2352,R6hrizhT7cPHgWu3D
  simple panel  ,White,NA,Pegboard,Panel design,No,No,Yes,1,810,,White,Brown,1x0.5,NA,Nook's Cranny,Available in Nook's Cranny (either upgrade tier) in the unique furniture slot,1.0.0,facility,None,None,None,No,Screen,No,Does not play music,No lighting,For sale,FtrScreenSimple_Remake_2_2,2_2,5338,2gysFgJKHxSXrHv9u
  IMPERIAL PARTITION  ,Black,NA,NA,NA,No,No,No,NA,5000,1250,Black,Black,2x1,NA,Nook's Cranny,"Available in Nook's Cranny (upgraded only), in the unique furniture slot",1.0.0,zen-style,None,zen,None,No,Screen,No,Does not play music,No lighting,For sale,FtrOrientalScreen_Remake_3_0,3_0,3971,YtGYc4r4r6aabaxim
  IRON GARDEN BENCH  ,White,Body color,NA,NA,Yes,Yes,No,7,NFS,6000,White,White,2x1,NA,Crafting,,1.0.0,garden,None,iron,None,Yes,Sofa,Yes,Does not play music,No lighting,Not for sale,FtrIrongardenBench_Remake_4_0,4_0,1625,Z355Gu5i6WEjTHdAA
LILY RECORD PLAYER,White,Flower color,NA,NA,Yes,Yes,No,5,NFS,3010,White,Green,1x1,NA,Crafting,,1.0.0,fancy,None,flowers,None,Yes,Audio,No,Phono,No lighting,Not for sale,FtrFlowerRecordplayer_Remake_0_0,0_0,7236,ZicofnwgX89Tv54bu
SHOWER BOOTH,White,NA,NA,NA,No,No,No,NA,,27500,White,White,1.5x1.5,NA,Nook's Cranny,"Available in Nook's Cranny (upgraded only), in the third unique furniture slot",1.0.0,bathroom,None,None,None,No,Bathtub,No,Does not play music,No lighting,For sale,FtrShowerboothSquare_Remake_0_0,0_0,4015,vxmeCxPXbWQ6FqxfJ
  big festive tree  ,Red,Design,NA,NA,Yes,Yes,No,5,NFS,3200,Green,Red,2x2,NA,Crafting,,1.0.0,party,fancy,festive,None,Yes,Seasonal Decor,Yes,Does not play music,No lighting,Not for sale,FtrTreeXmasL_Remake_2_0,2_0,3966,rNhWyEbaBdWbhMdsF
  tea table  ,Red wood,Body color,NA,NA,Yes,Yes,No,2,,1440,Brown,Brown,2x2,NA,Crafting,,1.0.0,zen-style,living room,None,None,No,Desk,No,Does not play music,No lighting,Not for sale,FtrDiningtableJapan_Remake_4_0,4_0,739,azja64xGgHLpBRpby
log dining table,White wood,Lumber type,Southwestern flair,Placemats,Yes,Yes,Yes,4,NFS,,Beige,Colorful,2x2,NA,Crafting,,1.0.0,garden,living room,log,None,No,Table,No,Does not play music,No lighting,Not for sale,FtrLogTableL_Remake_2_1,2_1,4040,E9f9KYDrijzxm642f
  tool cart  ,Blue,NA,NA,NA,No,No,No,NA,2400,600,Blue,Black,1x1,NA,Nook's Cranny,Available in Nook's Cranny (either upgrade tier) in the unique furniture slot,1.0.0,garage,None,None,None,No,Table,No,Does not play music,No lighting,For sale,FtrToolcart_Remake_4_0,4_0,7528,NyiNfBL3f8v3kfoFe
WOODEN CHEST,Dark wood,Paint color,NA,NA,Yes,Yes,No,3,,1920,Brown,Brown,2x1,NA,Crafting,,1.0.0,child's room,living room,wooden,None,Wardrobe,Chest,No,Does not play music,No lighting,Not for sale,FtrWoodenChest_Remake_3_0,3_0,2560,EkHqiuxNG4J7CtySg
REFRIGERATOR,Yellow,NA,Rock,Sticker area,No,No,Yes,2,5100,1275,Yellow,Colorful,1x1,NA,Nook's Cranny,"Available in Nook's Cranny (upgraded only), in the unique furniture slot",1.0.0,kitchen,shop,None,None,Wardrobe,Home Appliances,No,Does not play music,No lighting,For sale,FtrRefrigerator_Remake_3_2,3_2,2713,LFLkdEnMyK3A7Fr7E
MARKET PLACE DECORATION,NA,NA,NA,NA,No,No,No,NA,,800,Green,Yellow,2x1,NA,Nook Shopping Promotion,"Link Nintendo Account to Pocket Camp, then redeem a 16-digit code on your Nintendo Switch",1.1.0,facility,garden,None,None,No,Compass,No,Does not play music,No lighting,Not in catalog,FtrCompassPole,NA,12368,WzTQCv8QjsCxfwbpb
lunar lander,NA,NA,NA,NA,Yes,No,No,NA,NFS,16250,Gray,Yellow,2x2,NA,Crafting,,1.0.0,space,None,None,None,No,Space,Yes,Does not play music,No lighting,Not for sale,FtrModule,NA,1440,CZT8FPWE7yb2jArFy
frozen bed,Ice blue,Illumination,White,Bedding,Yes,Yes,Yes,8,NFS,9000,Blue,White,2x2,NA,Crafting,,1.0.0,freezing cold,None,frozen,None,Yes,Bed,Yes,Does not play music,No lighting,Not for sale,FtrIceBedW_Remake_1_1,1_1,3502,md8ZN6vpy2EdLnXM5
  DRINK MACHINE  ,Blue,NA,Sale,Advertisement panel,No,No,Yes,7,NFS,10000,Blue,Green,1x1,2000,Nook Miles Shop,,1.0.0,shop,facility,None,None,Yes,Facility Decor,Yes,Does not play music,Monitor,Not for sale,FtrDrinkmachine_Remake_1_2,1_2,1802,mXnM5GNSjwfxXcs9y
pants press,Brown,NA,NA,NA,No,No,No,NA,1900,475,Red,Gray,1x1,NA,Nook's Cranny,"Available in Nook's Cranny (upgraded only), in the unique furniture slot",1.0.0,facility,None,None,None,Yes,Home Appliances,No,Does not play music,No lighting,For sale,FtrPantspresser_Remake_0_0,0_0,4023,SGdxS8csbrivJWfXq
studio spotlight,Yellow,NA,NA,NA,No,No,No,NA,,,Black,Yellow,1x1,NA,Nook's Cranny,Available in Nook's Cranny (either upgrade tier) in the unique furniture slot,1.0.0,facility,concert,None,None,Yes,Lamp,No,Does not play music,Spotlight,For sale,FtrLampSpot_Remake_1_0,1_0,7189,zsdt3HxxSsm9w8NTq
  CLOTHESLINE POLE  ,Silver,NA,Fish,Drying shirt,No,No,Yes,1,1100,275,Gray,Light blue,2x0.5,NA,Nook's Cranny,Available in Nook's Cranny (either upgrade tier) in the unique furniture slot,1.0.0,garden,bathroom,None,None,No,Supplies,Yes,Does not play music,No lighting,For sale,FtrClotheshorse_Remake_0_2,0_2,1778,6oxsBNTrGjH9F3v86
  festive tree  ,Pink,Design,NA,NA,Yes,Yes,No,2,NFS,1400,Pink,Red,1x1,NA,Crafting,,1.0.0,party,fancy,festive,None,Yes,Seasonal Decor,No,Does not play music,No lighting,Not for sale,FtrTreeXmasS_Remake_3_0,3_0,3991,PsPq3avhppmm3SFtC
  papa bear  ,Choco,NA,None,Ribbon,No,No,Yes,3,8500,,Brown,Brown,2x2,NA,Nook's Cranny,"Available in Nook's Cranny (upgraded only), in the third unique furniture slot",1.0.0,fancy,child's room,None,bear,No,Animal,No,Does not play music,No lighting,For sale,FtrBearL_Remake_2_0,2_0,1499,cAYiLiudC5PC875Zq
  tree standee  ,Spring,Season,NA,NA,Yes,Yes,No,3,NFS,,Green,Brown,2x1,NA,Crafting,,1.0.0,school,None,None,standee,No,School,No,Does not play music,No lighting,Not for sale,FtrHariboteTree_Remake_0_0,0_0,533,cjwceaxmosbfN5jkj
  effects rack  ,Pink,NA,Rock logo,Sticker area,No,No,Yes,3,6800,1700,Pink,Purple,1x1,NA,Nook's Cranny,"Available in Nook's Cranny (upgraded only), in the unique furniture slot",1.0.0,concert,facility,None,None,No,Musical Instrument,No,Does not play music,No lighting,For sale,FtrEffectorrack_Remake_5_3,5_3,950,jEqKHBSkNKfy253JX
  CAT TOWER  ,Navy blue,NA,NA,NA,No,No,No,NA,3000,,Blue,Beige,1x1,NA,Nook's Cranny,Available in Nook's Cranny (either upgrade tier) in the unique furniture slot,1.0.0,living room,None,None,None,Yes,Animal,No,Does not play music,No lighting,For sale,FtrCattower_Remake_2_0,2_0,896,JKFcLxQLx7tsBgrMN
loft bed with desk,White,NA,Red stripes,Bedding,No,No,Yes,3,7700,1925,White,Colorful,2x1,NA,Nook's Cranny,"Available in Nook's Cranny (upgraded only), in the unique furniture slot",1.0.0,child's room,None,None,None,Yes,Desk,No,Does not play music,No lighting,For sale,FtrBeddesk_Remake_2_7,2_7,3621,GLSvpvHGA8EbSvYFY
rock guitar,Sunburst,NA,Familiar logo,Sticker area,No,No,Yes,2,3100,775,Orange,Black,1x1,NA,Nook's Cranny,Available in Nook's Cranny (either upgrade tier) in the unique furniture slot,1.0.0,concert,None,None,None,Yes,Musical Instrument,No,Does not play music,No lighting,For sale,FtrElectricguitar1_Remake_0_1,0_1,1644,vLG7Z9ePH3hy55SYi
STALL,Green,Variation,Colorful,Curtain,Yes,Yes,Yes,3,NFS,1440,Green,Colorful,2x1,NA,Crafting,,1.0.0,shop,party,None,None,No,Shop,Yes,Does not play music,No lighting,Not for sale,FtrFloat_Remake_3_3,3_3,3617,HSNnnXvFtmoEkg2Nz
  sleeping bag  ,White,NA,NA,NA,No,No,No,NA,1400,350,White,Yellow,2x1,NA,Nook's Cranny,"Available in all tiers of shops, including Timmy & Tommy before the shop is opened",1.0.0,outdoors,None,None,None,Yes,Bed,Yes,Does not play music,No lighting,For sale,FtrSleepingbag_Remake_6_0,6_0,1434,5CDunQBfMXhETZFXs
  WOODEN MINI TABLE  ,White wood,Paint color,Pink,Tablecloth,Yes,Yes,Yes,2,NFS,720,White,Pink,1x1,NA,Crafting,,1.0.0,child's room,living room,wooden,None,No,Table,No,Does not play music,No lighting,Not for sale,FtrWoodenTableMini_Remake_1_2,1_2,7133,2AARDQE5yj3xpTFho
  DINER CHAIR  ,Aquamarine,NA,NA,NA,No,No,No,NA,,400,Green,White,1x1,NA,Nook's Cranny,"Available in Nook's Cranny (upgraded only), in the unique furniture slot",1.0.0,shop,None,diner,None,Yes,Chair,No,Does not play music,No lighting,For sale,FtrAmeretroChairS_Remake_3_0,3_0,4137,6k4CkXcvFhiApASYs
STONE ARCH,Mossy,Color,NA,NA,Yes,Yes,No,7,NFS,,Gray,Green,3x1,NA,Crafting,,1.0.0,garden,None,None,None,No,Arch,Yes,Does not play music,No lighting,Not for sale,FtrRockArch_Remake_1_0,1_0,11941,8JFGZRrTeQhZYAPXv
  NATURAL SQUARE TABLE  ,Natural,Tabletop,NA,NA,Yes,Yes,No,3,NFS,,Beige,Black,1x1,NA,Crafting,,1.0.0,garden,None,None,natural,No,Table,Yes,Does not play music,No lighting,Not for sale,FtrGardenTableSNatural_Remake_0_0,0_0,12332,TepZwKDQ3NNceA2cQ
tool cart,Pink,NA,NA,NA,No,No,No,NA,2400,600,Pink,Black,1x1,NA,Nook's Cranny,Available in Nook's Cranny (either upgrade tier) in the unique furniture slot,1.0.0,garage,None,None,None,No,Table,No,Does not play music,No lighting,For sale,FtrToolcart_Remake_5_0,5_0,7528,bjDfkxXMyQZnSkNmE
HAMMOCK,White,NA,Colorful,Cloth,No,No,Yes,1,1300,325,White,Colorful,2x1,NA,Nook's Cranny,"Available in all tiers of shops, including Timmy & Tommy before the shop is opened",1.0.0,outdoors,None,None,None,Yes,Bed,Yes,Does not play music,No lighting,For sale,FtrHammock_Remake_5_0,5_0,1620,4ZrHCXyFAHZqdyErG
  ELECTRIC GUITAR  ,Marine emerald,NA,Cute logo,Sticker area,No,No,Yes,7,71000,17750,Light blue,Pink,1x1,NA,Nook's Cranny,"Available in Nook's Cranny (upgraded only), in the third unique furniture slot",1.0.0,concert,None,None,None,Yes,Musical Instrument,No,Does not play music,No lighting,For sale,FtrElectricguitar2_Remake_4_7,4_7,1645,Z4Rc9p34tBcy3h8ik
CAMPING COT,Simple pattern,NA,NA,NA,No,No,No,NA,1800,450,White,White,2x1,NA,Starting items,,1.0.0,outdoors,None,None,None,Yes,Bed,Yes,Does not play music,No lighting,For sale,FtrCampbed_Remake_6_0,6_0,4081,qnt5pxqwcM6xciH5k
  ironing board  ,NA,NA,Checkered,Ironing board,No,No,Yes,1,2300,575,Black,Pink,1x1,NA,Nook's Cranny,Available in Nook's Cranny (either upgrade tier) in the unique furniture slot,1.0.0,living room,None,None,None,No,Home Appliances,No,Does not play music,No lighting,For sale,FtrIronstand_Remake_0_1,0_1,7531,ykjHZyrvfaLxXBTvt
log dining table,Dark wood,Lumber type,Quilted,Placemats,Yes,Yes,Yes,4,NFS,1800,Brown,Light blue,2x2,NA,Crafting,,1.0.0,garden,living room,log,None,No,Table,No,Does not play music,No lighting,Not for sale,FtrLogTableL_Remake_0_4,0_4,4040,6DzbewyBCFbHJGuaF
  digital scale  ,Green,NA,White,Design,No,No,Yes,1,930,232,Green,White,1x1,NA,Nook's Cranny,Available in Nook's Cranny (either upgrade tier) in the unique furniture slot,1.0.0,bathroom,None,None,None,No,Bathroom Things,No,Does not play music,No lighting,For sale,FtrWeightscale_Remake_5_0,5_0,3307,eoQ4LYwXxLY3NjrgM
SIMPLE PANEL,Gold,NA,Lined panel,Panel design,No,No,Yes,1,,202,Yellow,White,1x0.5,NA,Nook's Cranny,Available in Nook's Cranny (either upgrade tier) in the unique furniture slot,1.0.0,facility,None,None,None,No,Screen,No,Does not play music,No lighting,For sale,FtrScreenSimple_Remake_7_1,7_1,5338,ghpr2p9buZiynqyXW
  bunk bed  ,Blue,NA,Colorful lines,Bedding,No,No,Yes,2,5000,1250,Blue,Yellow,2x1,NA,Nook's Cranny,Available in Nook's Cranny (either upgrade tier) in the unique furniture slot,1.0.0,facility,None,None,None,Yes,Bed,No,Does not play music,No lighting,For sale,FtrBunkbed_Remake_4_4,4_4,8298,PFRCA4APjsnehfMak
wooden chair,Green,Paint color,NA,NA,Yes,Yes,No,1,NFS,720,Green,Green,1x1,NA,Crafting,,1.0.0,child's room,living room,wooden,None,Yes,Chair,No,Does not play music,No lighting,Not for sale,FtrWoodenChairS_Remake_5_0,5_0,1913,PA2A6BPZL6kebDaQw
  BIRDHOUSE  ,White,Paint color,NA,NA,Yes,Yes,No,2,NFS,840,White,White,1x1,NA,Crafting,,1.0.0,garden,None,None,None,No,Animal,Yes,Does not play music,No lighting,Not for sale,FtrBirdhouse_Remake_5_0,5_0,333,mA7wPnFtCZbWiykEf
  clackercart  ,Pop,Paint color,NA,NA,Yes,Yes,No,2,NFS,960,Red,Yellow,1x1,NA,Crafting,,1.0.0,child's room,None,None,None,No,Toy,No,Does not play music,No lighting,Not for sale,FtrKatakatatoy_Remake_2_0,2_0,80,H37KWzJ8tAdiqRdcJ
  rock guitar  ,Cosmo black,NA,Chic logo,Sticker area,No,No,Yes,2,3100,775,Black,White,1x1,NA,Nook's Cranny,Available in Nook's Cranny (either upgrade tier) in the unique furniture slot,1.0.0,concert,None,None,None,Yes,Musical Instrument,No,Does not play music,No lighting,For sale,FtrElectricguitar1_Remake_2_2,2_2,1644,6RXWoHBCLb2gfy2vf
wooden table,White wood,Paint color,Orange,Tablecloth,Yes,Yes,Yes,4,NFS,1800,White,Orange,2x2,NA,Crafting,,1.0.0,child's room,living room,wooden,None,No,Table,No,Does not play music,No lighting,Not for sale,FtrWoodenTableL_Remake_1_1,1_1,3439,mZLbrMpdXitFSKZb7
baby chair,Yellow,NA,Paw print,Cushion,No,No,Yes,1,1200,300,Yellow,Colorful,1x1,NA,Nook's Cranny,Available in Nook's Cranny (either upgrade tier) in the unique furniture slot,1.0.0,child's room,None,None,None,Yes,Chair,No,Does not play music,No lighting,For sale,FtrBabychair_Remake_2_4,2_4,3305,kfty2gGw5RRZSn83e
bunny day bed,NA,NA,NA,NA,Yes,No,No,NA,NFS,2400,Colorful,Colorful,2x2,NA,Crafting,,1.1.0a,fancy,None,Bunny Day,None,Yes,Bed,No,Does not play music,No lighting,Not for sale,FtrEggBedW,NA,12414,yKd72kazk4refkgpd
  log decorative shelves  ,White birch,Lumber type,Bears,Mat,Yes,No,Yes,4,NFS,,White,Brown,2x1,NA,Crafting,,1.0.0,garden,living room,log,None,No,Shelf,No,Does not play music,No lighting,Not for sale,FtrLogShelf_Remake_3_3,3_3,4036,4LCgow3wH2izXcXFj
wooden stool,Blue,Paint color,Green,Seat,Yes,Yes,Yes,2,NFS,480,Blue,Green,1x1,NA,Crafting,,1.0.0,child's room,living room,wooden,None,Yes,Chair,No,Does not play music,No lighting,Not for sale,FtrWoodenStoolS_Remake_6_4,6_4,3449,CbkMdEjHhPWrhgBXe
DRUM SET,Golden yellow,NA,Vintage logo,Bass drum head,No,No,Yes,2,5600,1400,Orange,Beige,2x1,NA,Nook's Cranny,"Available in Nook's Cranny (upgraded only), in the unique furniture slot",1.0.0,concert,None,None,None,Yes,Musical Instrument,No,Does not play music,No lighting,For sale,FtrDrumSet_Remake_0_5,0_5,1803,W7tW26QEMaobkH3YB
wooden double bed,Dark wood,Paint color,Green,Bedding,Yes,Yes,Yes,6,NFS,3600,Brown,Green,2x2,NA,Crafting,,1.0.0,child's room,living room,wooden,None,Yes,Bed,No,Does not play music,No lighting,Not for sale,FtrWoodenBedW_Remake_3_3,3_3,7132,aeArHduywzng6qK46
  LOG ROUND TABLE  ,Orange wood,Lumber type,Southwestern flair,Tablecloth,Yes,Yes,Yes,4,,1800,Orange,Colorful,2x2,NA,Crafting,,1.0.0,garden,living room,log,None,No,Table,Yes,Does not play music,No lighting,Not for sale,FtrLogTableLRound_Remake_1_1,1_1,4043,37a5TfCrWqZDzoWtj
  surfboard  ,White,NA,NA,NA,No,No,No,NA,,1025,White,White,1x1,NA,Nook's Cranny,Season sale item,1.0.0,ocean,None,None,None,No,Seaside,Yes,Does not play music,No lighting,For sale,FtrSurfboard_Remake_0_0,0_0,7868,wvi4xxqHm2fpQE24t
log decorative shelves,Dark wood,Lumber type,None,Mat,Yes,Yes,Yes,4,NFS,,Brown,Brown,2x1,NA,Crafting,,1.0.0,garden,living room,log,None,No,Shelf,No,Does not play music,No lighting,Not for sale,FtrLogShelf_Remake_0_0,0_0,4036,XP6Mm78G4snmDxzHJ
log dining table,Dark wood,Lumber type,Southwestern flair,Placemats,Yes,Yes,Yes,4,NFS,1800,Brown,Colorful,2x2,NA,Crafting,,1.0.0,garden,living room,log,None,No,Table,No,Does not play music,No lighting,Not for sale,FtrLogTableL_Remake_0_1,0_1,4040,8dQZZwHc2qeFHLtTG
BUNK BED,Black,NA,White,Bedding,No,No,Yes,2,5000,1250,Black,White,2x1,NA,Nook's Cranny,Available in Nook's Cranny (either upgrade tier) in the unique furniture slot,1.0.0,facility,None,None,None,Yes,Bed,No,Does not play music,No lighting,For sale,FtrBunkbed_Remake_1_0,1_0,8298,zLxYovJyP2TuyTcSv
  claw-foot tub  ,Red,NA,NA,NA,No,No,No,NA,,15750,Red,White,2x1,NA,Nook's Cranny,"Available in Nook's Cranny (upgraded only), in the third unique furniture slot",1.0.0,bathroom,expensive,None,None,No,Bathtub,No,Does not play music,No lighting,For sale,FtrBathtubCabriole_Remake_2_0,2_0,1757,4refyJMEyTEANwF2C
  SIMPLE PANEL  ,Light gray,NA,Mud wall,Panel design,No,No,Yes,1,810,202,Gray,Beige,1x0.5,NA,Nook's Cranny,Available in Nook's Cranny (either upgrade tier) in the unique furniture slot,1.0.0,facility,None,None,None,No,Screen,No,Does not play music,No lighting,For sale,FtrScreenSimple_Remake_0_5,0_5,5338,JiBJCz8nGnbb4MyzS
  changing room  ,Black,NA,Yellow,Curtain,No,No,Yes,2,3700,925,Black,Yellow,1x1,NA,Nook's Cranny,"Available in Nook's Cranny (upgraded only), in the unique furniture slot",1.0.0,shop,facility,None,None,Wardrobe,Shop,No,Does not play music,No lighting,For sale,FtrFittingroom_Remake_4_3,4_3,1816,7ZFbpAqaYgdww3JWc
ANGLED SIGNPOST,Shop,Navigation,NA,NA,Yes,Yes,No,1,NFS,600,Beige,Brown,1x1,NA,Crafting,,1.0.0,garden,None,None,None,No,Vehicle,Yes,Does not play music,No lighting,Not for sale,FtrSignpostTilt_Remake_5_0,5_0,7867,QNTrffSxKbCJH3C2s
  statue of liberty  ,NA,NA,NA,NA,No,No,No,NA,NFS,,Green,Gray,1x1,NA,Gulliver,,1.0.0,folk art,expensive,None,None,Yes,Folk Craft Decor,Yes,Does not play music,Emission,Not for sale,FtrLiberty,NA,693,crNmwc4JvPDDaq7r2
  frozen partition  ,Ice orange,Illumination,NA,NA,Yes,Yes,No,7,NFS,7400,Orange,Orange,2x0.5,NA,Crafting,,1.0.0,freezing cold,None,frozen,None,No,Seasonal Decor,Yes,Does not play music,No lighting,Not for sale,FtrIceScreen_Remake_4_0,4_0,3498,RTBLM4F524qRTxXYX
plastic pool,Polka dots,NA,NA,NA,No,No,No,NA,3100,775,Colorful,Blue,2x2,NA,Nook's Cranny,"Available in Nook's Cranny (upgraded only), in the third unique furniture slot",1.0.0,garden,None,None,None,Yes,Garden,Yes,Does not play music,No lighting,For sale,FtrGardenpool_Remake_5_0,5_0,3348,2kAfbGifqd4F2JwvH
  LOFT BED WITH DESK  ,Black,NA,Light blue,Bedding,No,No,Yes,3,7700,1925,Black,Light blue,2x1,NA,Nook's Cranny,"Available in Nook's Cranny (upgraded only), in the unique furniture slot",1.0.0,child's room,None,None,None,Yes,Desk,No,Does not play music,No lighting,For sale,FtrBeddesk_Remake_3_2,3_2,3621,tHKwrAn3PQ26BMaLZ
  claw-foot tub  ,Pink,NA,NA,NA,No,No,No,NA,63000,15750,Pink,White,2x1,NA,Nook's Cranny,"Available in Nook's Cranny (upgraded only), in the third unique furniture slot",1.0.0,bathroom,expensive,None,None,No,Bathtub,No,Does not play music,No lighting,For sale,FtrBathtubCabriole_Remake_4_0,4_0,1757,6cTZE43QdMv5xQbAe
  MUSH TABLE  ,Ordinary mushroom,Mushroom type,NA,NA,Yes,Yes,No,3,NFS,,Brown,Beige,2x2,NA,Crafting,,1.0.0,garden,None,mush,None,No,Table,Yes,Does not play music,No lighting,Not for sale,FtrMushroomTableL_Remake_0_0,0_0,808,RBrEghiDZo4GdNZAn
flashy-flower sign,Cute,NA,NA,NA,No,No,No,NA,1800,450,Red,White,1x1,NA,Nook's Cranny,"Available in Nook's Cranny (upgraded only), in the unique furniture slot",1.0.0,party,None,None,None,No,Shop,Yes,Does not play music,No lighting,For sale,FtrWreath_Remake_1_0,1_0,1243,SCXWsWzbce78LBsQw
  outdoor generator  ,Orange,NA,NA,NA,No,No,No,NA,4900,,Black,Orange,1x1,NA,Nook's Cranny,"Available in all tiers of shops, including Timmy & Tommy before the shop is opened",1.0.0,outdoors,None,None,None,Yes,Outdoors Decor,Yes,Does not play music,No lighting,For sale,FtrOutdoorgenerator_Remake_4_0,4_0,7526,mWmxQzZJfRjSiJWXp
yucca,Black,NA,NA,NA,No,No,No,NA,,525,Black,Green,1x1,NA,Nook's Cranny,Available in Nook's Cranny (either upgrade tier) in the unique furniture slot,1.0.0,living room,None,None,None,No,Plants,No,Does not play music,No lighting,For sale,FtrPlantYucca_Remake_4_0,4_0,4132,S5Zaa6AusidKoMJ6y
floor seat,Black,NA,Peach,Cushion,No,No,Yes,1,730,182,Black,Pink,1x1,NA,Nook's Cranny,Available in Nook's Cranny (either upgrade tier) in the unique furniture slot,1.0.0,zen-style,child's room,None,None,Yes,Chair,No,Does not play music,No lighting,For sale,FtrFloorchair_Remake_3_2,3_2,3622,bC3jARDiDXiEkyX4C
illuminated present,Yellow with red ribbon,Light color,NA,NA,Yes,Yes,No,4,NFS,2950,Yellow,Red,1x1,NA,Crafting,,1.0.0,party,fancy,festive,None,Yes,Seasonal Decor,Yes,Does not play music,Fluorescent,Not for sale,FtrIllumiPresent_Remake_0_0,0_0,4108,njZ7bxchHssg5AfPh
  EFFECTS RACK  ,Blue,NA,None,Sticker area,No,No,Yes,3,6800,,Blue,Black,1x1,NA,Nook's Cranny,"Available in Nook's Cranny (upgraded only), in the unique furniture slot",1.0.0,concert,facility,None,None,No,Musical Instrument,No,Does not play music,No lighting,For sale,FtrEffectorrack_Remake_3_0,3_0,950,F3LxMkHLeorZiwtbN
ok motors sign,NA,NA,NA,NA,No,No,No,NA,3000,750,Red,Blue,1x1,NA,Nook Shopping Promotion,"Link Nintendo Account to Pocket Camp, then redeem a 16-digit code on your Nintendo Switch",1.1.0,facility,None,None,None,Yes,Compass,No,Does not play music,Fluorescent,Not in catalog,FtrCompassSignOK,NA,12371,eaqPDaoDNSRvcmcX8
frozen arch,Ice,Illumination,NA,NA,Yes,Yes,No,7,NFS,9000,Light blue,Light blue,3x1,NA,Crafting,,1.0.0,freezing cold,None,frozen,None,No,Arch,Yes,Does not play music,No lighting,Not for sale,FtrIceGate_Remake_0_0,0_0,3499,fEo59F9PRqjurCQyp
  loft bed with desk  ,Pink,NA,Yellow,Bedding,No,No,Yes,3,7700,1925,Pink,Yellow,2x1,NA,Nook's Cranny,"Available in Nook's Cranny (upgraded only), in the unique furniture slot",1.0.0,child's room,None,None,None,Yes,Desk,No,Does not play music,No lighting,For sale,FtrBeddesk_Remake_7_4,7_4,3621,9wfQqfT5Jdygx7hqo
STALL,Dark brown,Variation,Colorful,Curtain,Yes,Yes,Yes,3,NFS,1440,Brown,Colorful,2x1,NA,Crafting,,1.0.0,shop,party,None,None,No,Shop,Yes,Does not play music,No lighting,Not for sale,FtrFloat_Remake_1_3,1_3,3617,2Ax23WtY6RKeFvf7u
wooden stool,Green,Paint color,Orange,Seat,Yes,Yes,Yes,2,NFS,480,Green,Orange,1x1,NA,Crafting,,1.0.0,child's room,living room,wooden,None,Yes,Chair,No,Does not play music,No lighting,Not for sale,FtrWoodenStoolS_Remake_5_1,5_1,3449,PtiGS3dDETJDjTzx2
  astronaut suit  ,NA,NA,NA,NA,Yes,No,No,NA,NFS,,White,Black,1x1,NA,Crafting,,1.0.0,space,None,None,None,No,Space,Yes,Does not play music,No lighting,Not for sale,FtrSpacesuit,NA,1445,mBhzWedMXNB5HSrKa
  LOFT BED WITH DESK  ,Brown,NA,Light blue,Bedding,No,No,Yes,3,7700,1925,Red,Light blue,2x1,NA,Nook's Cranny,"Available in Nook's Cranny (upgraded only), in the unique furniture slot",1.0.0,child's room,None,None,None,Yes,Desk,No,Does not play music,No lighting,For sale,FtrBeddesk_Remake_1_2,1_2,3621,2wNeEqjTZeRWYsBfv
  ironwood table  ,Old,Lumber type,NA,NA,Yes,Yes,No,7,NFS,5940,Brown,Black,2x2,NA,Crafting,,1.0.0,living room,None,ironwood,None,No,Table,No,Does not play music,No lighting,Not for sale,FtrIronwoodTableL_Remake_3_0,3_0,3191,2WjyByPY4EBeXcXx9
  upright locker  ,White,NA,None,Sticker area,No,No,Yes,2,3700,925,White,White,1x1,NA,Nook's Cranny,Available in Nook's Cranny (either upgrade tier) in the unique furniture slot,1.0.0,school,facility,None,None,Wardrobe,Chest,No,Does not play music,No lighting,For sale,FtrLocker_Remake_1_0,1_0,833,fofPasrjf8Zdy39yX
floor light,Orange,NA,NA,NA,No,No,No,NA,2200,,Orange,Orange,1x1,NA,Nook's Cranny,"Available in Nook's Cranny (upgraded only), in the unique furniture slot",1.0.0,facility,concert,None,None,Yes,Lamp,Yes,Does not play music,Spotlight,For sale,FtrGrandlight_Remake_1_0,1_0,7135,DnHBHGGjghcqphJ2C
log decorative shelves,White wood,Lumber type,Quilted,Mat,Yes,Yes,Yes,4,NFS,1560,Beige,Light blue,2x1,NA,Crafting,,1.0.0,garden,living room,log,None,No,Shelf,No,Does not play music,No lighting,Not for sale,FtrLogShelf_Remake_2_4,2_4,4036,sYFYuagAvpkZ5vjdL
  antique bureau  ,Brown,NA,NA,NA,No,No,No,NA,20000,5000,Brown,Brown,1x1,NA,Nook's Cranny,"Available in Nook's Cranny (upgraded only), in the third unique furniture slot",1.0.0,living room,expensive,antique,None,Yes,Desk,No,Does not play music,No lighting,For sale,FtrAntiqueBureau_Remake_0_0,0_0,3956,eqP7Ro4PzjhZFGMaX
STALL,Black,Variation,None,Curtain,Yes,Yes,Yes,3,NFS,1440,Black,Black,2x1,NA,Crafting,,1.0.0,shop,party,None,None,No,Shop,Yes,Does not play music,No lighting,Not for sale,FtrFloat_Remake_6_0,6_0,3617,HETELzhSP3ofcvJfq
  floor lamp  ,White,NA,Yellow design,Lampshade,No,No,Yes,1,,,White,Yellow,1x1,NA,Nook's Cranny,"Available in Nook's Cranny (upgraded only), in the unique furniture slot",1.0.0,living room,None,None,None,Yes,Lamp,No,Does not play music,Fluorescent,For sale,FtrLamp_Remake_2_4,2_4,2561,gG3gBF7Z3hCix7swG
diner dining table,Black,NA,NA,NA,No,No,No,NA,6400,1600,Gray,Black,2x2,NA,Nook's Cranny,"Available in Nook's Cranny (upgraded only), in the third unique furniture slot",1.0.0,shop,None,diner,None,No,Table,No,Does not play music,No lighting,For sale,FtrAmeretroTableM_Remake_6_0,6_0,4142,SbzFcQxFL9djyNuMm
scattered papers,NA,NA,Manuscript paper,Writing,Yes,No,Yes,2,NFS,400,White,Green,1.5x1.5,NA,Crafting,,1.0.0,den,office,None,None,Yes,Study,No,Does not play music,No lighting,Not for sale,FtrFloorpapers_Remake_0_1,0_1,4034,xRRJPt8PHudoKhdvD
  ELECTRIC GUITAR  ,Natural wood,NA,Familiar logo,Sticker area,No,No,Yes,7,71000,17750,Beige,Black,1x1,NA,Nook's Cranny,"Available in Nook's Cranny (upgraded only), in the third unique furniture slot",1.0.0,concert,None,None,None,Yes,Musical Instrument,No,Does not play music,No lighting,For sale,FtrElectricguitar2_Remake_1_1,1_1,1645,mmkWAbpccxJFfRpdH
hammock,White,NA,Hibiscus flowers,Cloth,No,No,Yes,1,1300,325,White,Light blue,2x1,NA,Nook's Cranny,"Available in all tiers of shops, including Timmy & Tommy before the shop is opened",1.0.0,outdoors,None,None,None,Yes,Bed,Yes,Does not play music,No lighting,For sale,FtrHammock_Remake_5_2,5_2,1620,MbtTKfwidKtA9jWvt
  stall  ,Light brown,Variation,Waves,Curtain,Yes,Yes,Yes,3,NFS,1440,Yellow,Blue,2x1,NA,Crafting,,1.0.0,shop,party,None,None,No,Shop,Yes,Does not play music,No lighting,Not for sale,FtrFloat_Remake_2_4,2_4,3617,yFGryFEFiYZ3Bq4Ph
  arcade combat game  ,NA,NA,NA,NA,No,No,No,NA,64000,16000,White,Blue,1x1,NA,Nook's Cranny,"Available in Nook's Cranny (upgraded only), in the third unique furniture slot",1.0.0,facility,shop,None,None,Yes,Toy,No,Does not play music,Monitor,For sale,FtrArcadegameShooting,NA,8226,f7tatK2cmYwskb5LS
CONE,Yellow,NA,NA,NA,No,No,No,NA,630,157,Yellow,Yellow,1x1,NA,Nook's Cranny,Available in Nook's Cranny (either upgrade tier) in the unique furniture slot,1.0.0,facility,garage,None,None,No,Vehicle,Yes,Does not play music,No lighting,For sale,FtrPylon_Remake_2_0,2_0,146,nWhxKBPxDJg5GBWYK
  wooden low table  ,Black,Paint color,NA,NA,Yes,Yes,No,2,NFS,1200,Black,Black,2x1,NA,Crafting,,1.0.0,child's room,living room,wooden,None,No,Table,No,Does not play music,No lighting,Not for sale,FtrWoodenTableM_Remake_4_0,4_0,7134,ZexWewgRhAQ3aAJa2
CLOTHESLINE,NA,NA,White,Drying shirt,Yes,No,Yes,2,NFS,100,Brown,White,2x0.5,NA,Crafting,,1.0.0,garden,None,None,None,No,Supplies,Yes,Does not play music,No lighting,Not for sale,FtrClothesline_Remake_0_0,0_0,3229,oyCJQHBWZPnKHtJw3
changing room,Beige,NA,Black,Curtain,No,No,Yes,2,3700,925,Yellow,Black,1x1,NA,Nook's Cranny,"Available in Nook's Cranny (upgraded only), in the unique furniture slot",1.0.0,shop,facility,None,None,Wardrobe,Shop,No,Does not play music,No lighting,For sale,FtrFittingroom_Remake_1_2,1_2,1816,qHL9ohFPfgs4HZdrb
DRUM SET,Rose pink,NA,White with logo,Bass drum head,No,No,Yes,2,5600,1400,Red,White,2x1,NA,Nook's Cranny,"Available in Nook's Cranny (upgraded only), in the unique furniture slot",1.0.0,concert,None,None,None,Yes,Musical Instrument,No,Does not play music,No lighting,For sale,FtrDrumSet_Remake_5_3,5_3,1803,62R7W4NcXLGHjjjsQ
EFFECTS RACK,Orange,NA,None,Sticker area,No,No,Yes,3,6800,1700,Yellow,Black,1x1,NA,Nook's Cranny,"Available in Nook's Cranny (upgraded only), in the unique furniture slot",1.0.0,concert,facility,None,None,No,Musical Instrument,No,Does not play music,No lighting,For sale,FtrEffectorrack_Remake_2_0,2_0,950,ShdttCSdegF4wNHmo
  beach towel  ,NA,NA,White,Towel,No,No,Yes,1,,95,White,White,2x1,NA,Nook's Cranny,"Available in all tiers of shops, including Timmy & Tommy before the shop is opened",1.0.0,ocean,None,None,None,Yes,Bed,Yes,Does not play music,No lighting,For sale,FtrBeachtowel_Remake_0_6,0_6,3468,YqiWaHbEj5T3an3c3
  BAMBOO SHELF  ,Dried bamboo,Bamboo,NA,NA,Yes,Yes,No,4,NFS,,Yellow,Purple,2x1,NA,Crafting,,1.0.0,zen-style,None,bamboo,None,No,Shelf,No,Does not play music,No lighting,Not for sale,FtrBambooShelf_Remake_1_0,1_0,3551,6k44YK9g9LPcD6eNy
LOG CHAIR,White birch,Lumber type,Southwestern flair,Cushion,Yes,No,Yes,3,NFS,,White,Colorful,1x1,NA,Crafting,,1.0.0,garden,living room,log,None,Yes,Sofa,No,Does not play music,No lighting,Not for sale,FtrLogSofaS_Remake_3_1,3_1,4039,aXr2FmPM6xC9izLo7
  effects rack  ,Black,NA,Chic logo,Sticker area,No,No,Yes,3,6800,1700,Black,White,1x1,NA,Nook's Cranny,"Available in Nook's Cranny (upgraded only), in the unique furniture slot",1.0.0,concert,facility,None,None,No,Musical Instrument,No,Does not play music,No lighting,For sale,FtrEffectorrack_Remake_0_2,0_2,950,JymBk4cHJEP3RST4B
  table with cloth  ,NA,NA,Pink,Tablecloth,No,No,Yes,2,5100,1275,Pink,Pink,2x2,NA,Nook's Cranny,"Available in Nook's Cranny (upgraded only), in the third unique furniture slot",1.0.0,shop,party,None,None,No,Table,No,Does not play music,No lighting,For sale,FtrTableCloth_Remake_0_4,0_4,1779,FqmzWkA3k9FxXNW5f
  den chair  ,Camel,NA,NA,NA,No,No,No,NA,8700,2175,Orange,Orange,1x1,NA,Nook's Cranny,"Available in Nook's Cranny (upgraded only), in the unique furniture slot",1.0.0,den,None,None,den,Yes,Chair,No,Does not play music,No lighting,For sale,FtrDrawingChair_Remake_2_0,2_0,3784,9Deo8xM6R66FpL3WL
  popcorn machine  ,Pink,NA,NA,NA,No,No,No,NA,4900,1225,Pink,White,1x1,NA,Nook's Cranny,Available in Nook's Cranny (either upgrade tier) in the unique furniture slot,1.0.0,facility,party,None,None,Yes,Shop,Yes,Does not play music,No lighting,For sale,FtrPopcornmachine_Remake_2_0,2_0,1092,b3xaiBs8vcXKE63MK
  wedding pipe organ  ,Dark brown,Body color,NA,NA,No,Yes,No,7,100000,25000,Brown,Yellow,2x1,NA,Wedding Season,,1.2.0,party,expensive,wedding,None,Yes,Musical Instrument,No,Does not play music,No lighting,Not for sale,FtrWeddingOrgan_Remake_1_0,1_0,12409,jomGHAT87csEz9eip
  electric guitar  ,Sunburst,NA,None,Sticker area,No,No,Yes,7,71000,17750,Brown,Orange,1x1,NA,Nook's Cranny,"Available in Nook's Cranny (upgraded only), in the third unique furniture slot",1.0.0,concert,None,None,None,Yes,Musical Instrument,No,Does not play music,No lighting,For sale,FtrElectricguitar2_Remake_3_0,3_0,1645,jzdzQqmqtDYXfZee3
TOOL SHELF,White,NA,NA,NA,No,No,No,NA,7300,1825,White,Colorful,2x1,NA,Nook's Cranny,Available in Nook's Cranny (either upgrade tier) in the unique furniture slot,1.0.0,garage,facility,None,None,No,Table,No,Does not play music,No lighting,For sale,FtrToolshelf_Remake_0_0,0_0,7525,qgPYiWxgbTaDuR7Q5
LOFT BED WITH DESK,Natural,NA,Light blue,Bedding,No,No,Yes,3,7700,1925,Beige,Light blue,2x1,NA,Nook's Cranny,"Available in Nook's Cranny (upgraded only), in the unique furniture slot",1.0.0,child's room,None,None,None,Yes,Desk,No,Does not play music,No lighting,For sale,FtrBeddesk_Remake_0_2,0_2,3621,BHx8sg7DDbnvDETn5
wooden table,Black,Paint color,Blue,Tablecloth,Yes,Yes,Yes,4,NFS,1800,Black,Light blue,2x2,NA,Crafting,,1.0.0,child's room,living room,wooden,None,No,Table,No,Does not play music,No lighting,Not for sale,FtrWoodenTableL_Remake_4_3,4_3,3439,C3Xco6NkRu4pkaudR
upright locker,Red,NA,None,Sticker area,No,No,Yes,2,3700,925,Red,Red,1x1,NA,Nook's Cranny,Available in Nook's Cranny (either upgrade tier) in the unique furniture slot,1.0.0,school,facility,None,None,Wardrobe,Chest,No,Does not play music,No lighting,For sale,FtrLocker_Remake_3_0,3_0,833,N29boezj35uGWaYrj
  LOG DINING TABLE  ,White birch,Lumber type,Geometric print,Placemats,Yes,No,Yes,4,NFS,1800,White,Colorful,2x2,NA,Crafting,,1.0.0,garden,living room,log,None,No,Table,No,Does not play music,No lighting,Not for sale,FtrLogTableL_Remake_3_2,3_2,4040,ZBtZNthRZHePDDCwm
paper lantern,Dark wood,NA,Fall,Paper,No,No,Yes,1,780,195,Brown,Orange,1x1,NA,Nook's Cranny,Available in Nook's Cranny (either upgrade tier) in the unique furniture slot,1.0.0,zen-style,None,None,None,Yes,Lamp,No,Does not play music,Candle,For sale,FtrLampJapan_Remake_1_3,1_3,725,BPdnM5xeFfP98PrJi
  mush table  ,Yellow mushroom,Mushroom type,NA,NA,Yes,Yes,No,3,NFS,1520,Yellow,Beige,2x2,NA,Crafting,,1.0.0,garden,None,mush,None,No,Table,Yes,Does not play music,No lighting,Not for sale,FtrMushroomTableL_Remake_4_0,4_0,808,MFLc6Xhe8b8MRNjzS
cute tea table,Yellow,NA,NA,NA,No,No,No,NA,3000,,Yellow,White,1x1,NA,Nook's Cranny,"Available in Nook's Cranny (upgraded only), in the unique furniture slot",1.0.0,fancy,None,cute,None,No,Table,No,Does not play music,No lighting,For sale,FtrCuteTableS_Remake_2_0,2_0,4000,PXHLJG2iXW5XzpYtK
  GARDEN BENCH  ,Green,Variation,NA,NA,Yes,Yes,No,6,NFS,,Brown,Green,2x1,NA,Crafting,,1.0.0,garden,None,None,None,Yes,Sofa,Yes,Does not play music,No lighting,Not for sale,FtrParkbenche_Remake_1_0,1_0,3509,FXhSNcnMTgXbhTAoZ
  loft bed with desk  ,Blue,NA,White,Bedding,No,No,Yes,3,7700,1925,Blue,White,2x1,NA,Nook's Cranny,"Available in Nook's Cranny (upgraded only), in the unique furniture slot",1.0.0,child's room,None,None,None,Yes,Desk,No,Does not play music,No lighting,For sale,FtrBeddesk_Remake_4_0,4_0,3621,p4JfmPXp9NZm9NyHT
  upright piano  ,Maple,NA,NA,NA,No,No,No,NA,53000,13250,Beige,White,2x1,NA,Nook's Cranny,"Available in Nook's Cranny (upgraded only), in the third unique furniture slot",1.0.0,music,expensive,None,None,Yes,Musical Instrument,No,Does not play music,No lighting,For sale,FtrPianoUpright_Remake_3_0,3_0,1081,CntzvorcRkjz3oYEf
public bench,Blue,NA,NA,NA,No,No,No,NA,,,Light blue,Light blue,2x1,2000,Nook Miles Shop,,1.0.0,facility,None,None,None,Yes,Sofa,Yes,Does not play music,No lighting,Not for sale,FtrPublicbench_Remake_0_0,0_0,3346,PMuFJJccJiSCktxdC
  effects rack  ,Blue,NA,Emblem logo,Sticker area,No,No,Yes,3,6800,1700,Blue,Green,1x1,NA,Nook's Cranny,"Available in Nook's Cranny (upgraded only), in the unique furniture slot",1.0.0,concert,facility,None,None,No,Musical Instrument,No,Does not play music,No lighting,For sale,FtrEffectorrack_Remake_3_4,3_4,950,DN8gofBsF2ufGshib
BIG FESTIVE TREE,Pink,Design,NA,NA,Yes,Yes,No,5,NFS,3200,Pink,Pink,2x2,NA,Crafting,,1.0.0,party,fancy,festive,None,Yes,Seasonal Decor,Yes,Does not play music,No lighting,Not for sale,FtrTreeXmasL_Remake_3_0,3_0,3966,kpjG8RDrzbxzRYzNH
CYPRESS PLANT,Brown,NA,NA,NA,No,No,No,NA,1000,250,Green,Brown,1x1,NA,Nook's Cranny,Available in Nook's Cranny (either upgrade tier) in the unique furniture slot,1.0.0,living room,None,None,None,No,Plants,Yes,Does not play music,No lighting,For sale,FtrPlantGoldcrest_Remake_0_0,0_0,1829,wSzi2xysZptpApt87
  ironwood bed  ,Birch,Lumber type,Blue-gray,Bedding,Yes,Yes,Yes,8,,9900,Beige,Light blue,2x1,NA,Crafting,,1.0.0,living room,None,ironwood,None,Yes,Bed,No,Does not play music,No lighting,Not for sale,FtrIronwoodBedS_Remake_0_1,0_1,3200,Nm9jb4sbPg2LnS75A
yucca,Blue,NA,NA,NA,No,No,No,NA,2100,525,Blue,Green,1x1,NA,Nook's Cranny,Available in Nook's Cranny (either upgrade tier) in the unique furniture slot,1.0.0,living room,None,None,None,No,Plants,No,Does not play music,No lighting,For sale,FtrPlantYucca_Remake_3_0,3_0,4132,Armyn3SB5x83qSTcX
  effects rack  ,Red,NA,Rock logo,Sticker area,No,No,Yes,3,6800,1700,Red,Purple,1x1,NA,Nook's Cranny,"Available in Nook's Cranny (upgraded only), in the unique furniture slot",1.0.0,concert,facility,None,None,No,Musical Instrument,No,Does not play music,No lighting,For sale,FtrEffectorrack_Remake_4_3,4_3,950,mQz4GwHdWrGi4spro
  manhole cover  ,Bronze,Cover design,NA,NA,Yes,Yes,No,3,NFS,2250,Brown,Brown,1x1,NA,Crafting,,1.0.0,garden,None,None,None,Yes,Vehicle,Yes,Does not play music,No lighting,Not for sale,FtrManhole_Remake_1_0,1_0,144,xxkEsQ2AYYXAjhqR9
  MAMA BEAR  ,Checkered,NA,None,Shirt,No,No,Yes,1,2300,575,Gray,White,1x1,NA,Nook's Cranny,Available in Nook's Cranny (either upgrade tier) in the unique furniture slot,1.0.0,fancy,child's room,None,bear,No,Animal,No,Does not play music,No lighting,For sale,FtrBearM_Remake_4_0,4_0,1500,CqkhDFNTSxzcENWJC
frozen counter,Ice purple,Illumination,NA,NA,Yes,Yes,No,7,NFS,7000,Purple,Purple,2x1,NA,Crafting,,1.0.0,freezing cold,None,frozen,None,No,Table,Yes,Does not play music,No lighting,Not for sale,FtrIceCounter_Remake_6_0,6_0,3505,wJHapZDDRET2rKkxw
  cute wardrobe  ,Red,NA,NA,NA,No,No,No,NA,7300,1825,Red,White,1x1,NA,Nook's Cranny,"Available in Nook's Cranny (upgraded only), in the unique furniture slot",1.0.0,fancy,None,cute,None,Wardrobe,Chest,No,Does not play music,No lighting,For sale,FtrCuteClosetLR_Remake_3_0,3_0,3997,kT76B2eYgPGYqEvps
  office desk  ,Beige & white,NA,NA,NA,No,No,No,NA,,,Beige,White,2x1,NA,Nook's Cranny,"Available in Nook's Cranny (upgraded only), in the unique furniture slot",1.0.0,office,None,None,office,No,Desk,No,Does not play music,No lighting,For sale,FtrOfficeTable_Remake_1_0,1_0,840,LLbafqdLAfeWhjH6w
garden wagon,White,Paint color,NA,NA,Yes,Yes,No,5,,3180,White,Colorful,2x1,NA,Crafting,,1.0.0,garden,fancy,flowers,None,No,Plants,Yes,Does not play music,No lighting,Not for sale,FtrGardenwagon_Remake_3_0,3_0,8419,HTF68MWtoAjMhKmuR
baby chair,Pink,NA,Strawberry,Cushion,No,No,Yes,1,1200,300,Pink,Colorful,1x1,NA,Nook's Cranny,Available in Nook's Cranny (either upgrade tier) in the unique furniture slot,1.0.0,child's room,None,None,None,Yes,Chair,No,Does not play music,No lighting,For sale,FtrBabychair_Remake_1_1,1_1,3305,kiYP9J9thzGkP2ZXQ
flower stand,Blue,Variation,NA,NA,Yes,Yes,No,4,NFS,2880,Blue,Green,1.5x1.5,NA,Crafting,,1.0.0,party,None,None,None,No,Plants,No,Does not play music,No lighting,Not for sale,FtrStandflower_Remake_5_0,5_0,7527,zzb9ZD2EGhJdhc3Kk
ROCK GUITAR,Coral pink,NA,Chic logo,Sticker area,No,No,Yes,2,3100,775,Pink,White,1x1,NA,Nook's Cranny,Available in Nook's Cranny (either upgrade tier) in the unique furniture slot,1.0.0,concert,None,None,None,Yes,Musical Instrument,No,Does not play music,No lighting,For sale,FtrElectricguitar1_Remake_1_2,1_2,1644,2jJ7kR2DYsNfiAhGb
rock guitar,Sunburst,NA,Cute logo,Sticker area,No,No,Yes,2,3100,775,Orange,Pink,1x1,NA,Nook's Cranny,Available in Nook's Cranny (either upgrade tier) in the unique furniture slot,1.0.0,concert,None,None,None,Yes,Musical Instrument,No,Does not play music,No lighting,For sale,FtrElectricguitar1_Remake_0_7,0_7,1644,MWaEsewN2nKHN2vY2
rattan vanity,Brown,NA,NA,NA,No,No,No,NA,5900,1475,Brown,Brown,1x1,NA,Nook's Cranny,"Available in Nook's Cranny (upgraded only), in the unique furniture slot",1.0.0,living room,None,rattan,None,Yes,Dresser,No,Does not play music,No lighting,For sale,FtrRattanDresser_Remake_0_0,0_0,4051,oWvWhRxkjPu3bWmPG
  simple panel  ,Light brown,NA,Lined panel,Panel design,No,No,Yes,1,810,202,Beige,White,1x0.5,NA,Nook's Cranny,Available in Nook's Cranny (either upgrade tier) in the unique furniture slot,1.0.0,facility,None,None,None,No,Screen,No,Does not play music,No lighting,For sale,FtrScreenSimple_Remake_4_1,4_1,5338,qoZEMK5oqAwTmcH73
BIG FESTIVE TREE,Gold,Design,NA,NA,Yes,Yes,No,5,NFS,3200,Green,Yellow,2x2,NA,Crafting,,1.0.0,party,fancy,festive,None,Yes,Seasonal Decor,Yes,Does not play music,No lighting,Not for sale,FtrTreeXmasL_Remake_4_0,4_0,3966,JhmgHWyoc78bjoLZ4
  school chair  ,Gray & blue,NA,NA,NA,No,No,No,NA,980,245,Gray,Blue,1x1,NA,Nook's Cranny,Available in Nook's Cranny (either upgrade tier) in the unique furniture slot,1.0.0,school,None,None,school,Yes,Chair,No,Does not play music,No lighting,For sale,FtrSchoolChairS_Remake_4_0,4_0,1308,Tth3gQprmS3vcndBS
electric guitar,Dark red,NA,Handwritten logo,Sticker area,No,No,Yes,7,71000,17750,Red,Light blue,1x1,NA,Nook's Cranny,"Available in Nook's Cranny (upgraded only), in the third unique furniture slot",1.0.0,concert,None,None,None,Yes,Musical Instrument,No,Does not play music,No lighting,For sale,FtrElectricguitar2_Remake_0_5,0_5,1645,p4FJ82K4858NwGma5
standard umbrella stand,Silver,Body color,Red & white & blue,Favorite umbrella,Yes,Yes,Yes,4,NFS,2250,Gray,Colorful,1x1,NA,Crafting,,1.0.0,school,office,None,None,No,Supplies,No,Does not play music,No lighting,Not for sale,FtrUmbrellastand_Remake_2_3,2_3,3445,SgSNqP9884H4MqyXT
  outdoor bench  ,Green,NA,Blue,Seat,No,No,Yes,1,1300,,Green,Blue,2x1,NA,Nook's Cranny,Available in Nook's Cranny (either upgrade tier) in the unique furniture slot,1.0.0,outdoors,None,None,None,Yes,Sofa,Yes,Does not play music,No lighting,For sale,FtrOutdoorchairM_Remake_2_3,2_3,3947,bDni9g9iBJuWdJ6Cu
changing room,Black,NA,Red,Curtain,No,No,Yes,2,3700,925,Black,Red,1x1,NA,Nook's Cranny,"Available in Nook's Cranny (upgraded only), in the unique furniture slot",1.0.0,shop,facility,None,None,Wardrobe,Shop,No,Does not play music,No lighting,For sale,FtrFittingroom_Remake_4_5,4_5,1816,ojMJyxybGMKHfT3NL
handcart,Yellow,NA,NA,NA,No,No,No,NA,1900,475,Yellow,Brown,1x1,NA,Nook's Cranny,Available in Nook's Cranny (either upgrade tier) in the unique furniture slot,1.0.0,garden,None,None,None,No,Ranch,Yes,Does not play music,No lighting,For sale,FtrHandcart_Remake_3_0,3_0,7229,8oFHaTCySNNA4wW34
  wooden low table  ,Light wood,Paint color,NA,NA,Yes,Yes,No,2,,1200,Yellow,Yellow,2x1,NA,Crafting,,1.0.0,child's room,living room,wooden,None,No,Table,No,Does not play music,No lighting,Not for sale,FtrWoodenTableM_Remake_0_0,0_0,7134,5tuGu2ttrDCXaQr7u
stall,Black,Variation,Red stripes,Curtain,Yes,Yes,Yes,3,NFS,1440,Black,Red,2x1,NA,Crafting,,1.0.0,shop,party,None,None,No,Shop,Yes,Does not play music,No lighting,Not for sale,FtrFloat_Remake_6_2,6_2,3617,iepzRWs8CHKDNv69q
mush lamp,White mushroom,Mushroom type,NA,NA,Yes,Yes,No,3,NFS,,White,White,1x1,NA,Crafting,,1.0.0,garden,None,mush,None,Yes,Lamp,Yes,Does not play music,Fluorescent,Not for sale,FtrMushroomLamp_Remake_1_0,1_0,805,S3qFAPAvvgv4g3DRh
  DINER DINING TABLE  ,Red,NA,NA,NA,No,No,No,NA,6400,1600,Gray,Red,2x2,NA,Nook's Cranny,"Available in Nook's Cranny (upgraded only), in the third unique furniture slot",1.0.0,shop,None,diner,None,No,Table,No,Does not play music,No lighting,For sale,FtrAmeretroTableM_Remake_0_0,0_0,4142,d4Bu4LgPFZLPidrao
  mini fridge  ,Red,NA,NA,NA,No,No,No,NA,1300,325,Red,Red,1x1,NA,Nook's Cranny,"Available in Nook's Cranny (upgraded only), in the unique furniture slot",1.0.0,facility,None,None,None,Wardrobe,Home Appliances,No,Does not play music,No lighting,For sale,FtrRefrigeratorMini_Remake_1_0,1_0,9766,hsxB5XdAPbvjWuW6b
digital scale,Red,NA,Wood,Design,No,No,Yes,1,930,232,Red,Yellow,1x1,NA,Nook's Cranny,Available in Nook's Cranny (either upgrade tier) in the unique furniture slot,1.0.0,bathroom,None,None,None,No,Bathroom Things,No,Does not play music,No lighting,For sale,FtrWeightscale_Remake_2_4,2_4,3307,xgYWbbw3NZS2oYkjj
  barbell  ,White,Plate color,NA,NA,Yes,Yes,No,7,NFS,7500,White,Gray,2x1,NA,Crafting,,1.0.0,fitness,None,None,None,No,Sports,No,Does not play music,No lighting,Not for sale,FtrBarbell_Remake_1_0,1_0,4078,huZozQf8hjT2ADKjS
log decorative shelves,White wood,Lumber type,Southwestern flair,Mat,Yes,Yes,Yes,4,NFS,,Beige,Colorful,2x1,NA,Crafting,,1.0.0,garden,living room,log,None,No,Shelf,No,Does not play music,No lighting,Not for sale,FtrLogShelf_Remake_2_1,2_1,4036,GvtcJzgdFfSvYDsMW
  digital scale  ,Yellow,NA,Wood,Design,No,No,Yes,1,930,232,Yellow,Yellow,1x1,NA,Nook's Cranny,Available in Nook's Cranny (either upgrade tier) in the unique furniture slot,1.0.0,bathroom,None,None,None,No,Bathroom Things,No,Does not play music,No lighting,For sale,FtrWeightscale_Remake_4_4,4_4,3307,3SQc2vm2LBrxzBrex
  tire stack  ,Old,Tire color,NA,NA,Yes,Yes,No,1,NFS,,Black,Beige,1x1,NA,Crafting,,1.0.0,garage,garden,None,None,No,Vehicle,Yes,Does not play music,No lighting,Not for sale,FtrTyres_Remake_3_0,3_0,1189,LTsgD87n7jDrChf8p
  CUTE BED  ,Red,NA,NA,NA,No,No,No,NA,12000,3000,Red,Red,2x2,NA,Nook's Cranny,"Available in Nook's Cranny (upgraded only), in the third unique furniture slot",1.0.0,fancy,None,cute,None,Yes,Bed,No,Does not play music,No lighting,For sale,FtrCuteBedW_Remake_3_0,3_0,3624,yNZorpxoxW3c8YWSt
illuminated reindeer,White,Light color,NA,NA,Yes,Yes,No,6,NFS,,White,White,2x1,NA,Crafting,,1.0.0,party,fancy,festive,None,Yes,Seasonal Decor,Yes,Does not play music,Fluorescent,Not for sale,FtrIllumiReindeer_Remake_4_0,4_0,4074,hHBhm7xiSchK7cFsP
pet bed,Dark brown,NA,Floral,Cushion,No,No,Yes,1,1100,,Brown,Green,1x1,NA,Nook's Cranny,Available in Nook's Cranny (either upgrade tier) in the unique furniture slot,1.0.0,living room,None,None,pet,Yes,Chair,No,Does not play music,No lighting,For sale,FtrPetBed_Remake_1_4,1_4,7802,bxB2EN7RvG85zebYs
EFFECTS RACK,Pink,NA,Emblem logo,Sticker area,No,No,Yes,3,6800,,Pink,Green,1x1,NA,Nook's Cranny,"Available in Nook's Cranny (upgraded only), in the unique furniture slot",1.0.0,concert,facility,None,None,No,Musical Instrument,No,Does not play music,No lighting,For sale,FtrEffectorrack_Remake_5_4,5_4,950,D8xuxRJFZpGpC7Hg8
  WHEELCHAIR  ,NA,NA,Colorful,Seat,No,No,Yes,1,2700,675,Black,Colorful,1x1,NA,Nook's Cranny,Available in Nook's Cranny (either upgrade tier) in the unique furniture slot,1.0.0,facility,None,None,None,Yes,Chair,No,Does not play music,No lighting,For sale,FtrWheelchair_Remake_0_4,0_4,3444,kZMT4WgiEzuDLpj2H
LOG GARDEN LOUNGE,Dark wood,Lumber type,Bears,Pillow,Yes,Yes,Yes,3,NFS,1440,Brown,Brown,2x1,NA,Crafting,,1.0.0,garden,None,log,None,Yes,Bed,Yes,Does not play music,No lighting,Not for sale,FtrLogBedS_Remake_0_3,0_3,4035,Gqec3S3xHK2ovLoPg
BIRDHOUSE,Blue,Paint color,NA,NA,Yes,Yes,No,2,NFS,840,Blue,Blue,1x1,NA,Crafting,,1.0.0,garden,None,None,None,No,Animal,Yes,Does not play music,No lighting,Not for sale,FtrBirdhouse_Remake_4_0,4_0,333,xGiYJCdMQEENXfuQa
den desk,Dark wood,NA,NA,NA,No,No,No,NA,,,Brown,Brown,2x1,NA,Nook's Cranny,"Available in Nook's Cranny (upgraded only), in the unique furniture slot",1.0.0,den,None,None,den,No,Desk,No,Does not play music,No lighting,For sale,FtrDrawingTable_Remake_0_0,0_0,3783,kmhga6uEKfSWKJF3X
ROCK GUITAR,Chic white,NA,Rock logo,Sticker area,No,No,Yes,2,,775,White,Purple,1x1,NA,Nook's Cranny,Available in Nook's Cranny (either upgrade tier) in the unique furniture slot,1.0.0,concert,None,None,None,Yes,Musical Instrument,No,Does not play music,No lighting,For sale,FtrElectricguitar1_Remake_6_3,6_3,1644,Q4RhA32HHk38Dj4wu
  pansy table  ,Yellow,Flower color,NA,NA,Yes,Yes,No,2,NFS,,Yellow,Green,1x1,NA,Crafting,,1.0.0,fancy,None,flowers,None,No,Table,No,Does not play music,No lighting,Not for sale,FtrFlowerTableS_Remake_0_0,0_0,7237,gpNCkuzcSeHYfDYyb
wooden double bed,White wood,Paint color,Pink,Bedding,Yes,Yes,Yes,6,,3600,White,Pink,2x2,NA,Crafting,,1.0.0,child's room,living room,wooden,None,Yes,Bed,No,Does not play music,No lighting,Not for sale,FtrWoodenBedW_Remake_1_1,1_1,7132,bA23y9eYtE9MtktHM
simple panel,White,NA,Horizontal planks,Panel design,No,No,Yes,1,810,202,White,Brown,1x0.5,NA,Nook's Cranny,Available in Nook's Cranny (either upgrade tier) in the unique furniture slot,1.0.0,facility,None,None,None,No,Screen,No,Does not play music,No lighting,For sale,FtrScreenSimple_Remake_2_3,2_3,5338,wWpXQzfyhM7HpDytw
SIGNPOST,Shop,Navigation,NA,NA,Yes,Yes,No,1,NFS,600,Beige,Brown,1x1,NA,Crafting,,1.0.0,garden,None,None,None,No,Ranch,Yes,Does not play music,No lighting,Not for sale,FtrSignpost_Remake_5_0,5_0,3588,fWqbnxXmNz4cDHuDg
  HOSE REEL  ,Black,NA,NA,NA,No,No,No,NA,,350,Black,Gray,1x1,NA,Nook's Cranny,Available in Nook's Cranny (either upgrade tier) in the unique furniture slot,1.0.0,garden,None,None,None,No,Garden,Yes,Does not play music,No lighting,For sale,FtrHosereel_Remake_5_0,5_0,4113,ZSMXhoXqbSCfDoZBN
  ironwood bed  ,Oak,NA,Navy,Bedding,Yes,No,Yes,8,NFS,9900,Brown,Black,2x1,NA,Crafting,,1.0.0,living room,None,ironwood,None,Yes,Bed,No,Does not play music,No lighting,Not for sale,FtrIronwoodBedS_Remake_4_0,4_0,3200,urAyZoLuwjNYYRQHn
throwback rocket,Red,NA,NA,NA,No,No,No,NA,,1475,Red,Blue,1x1,NA,Nook's Cranny,"Available in Nook's Cranny (upgraded only), in the unique furniture slot",1.0.0,child's room,space,throwback,None,Wardrobe,Chest,No,Does not play music,No lighting,For sale,FtrBoyClosetL_Remake_2_0,2_0,4761,Wffo6scGSmDqfsHnd
BEACH TOWEL,NA,NA,Colorful,Towel,No,No,Yes,1,380,95,Yellow,Red,2x1,NA,Nook's Cranny,"Available in all tiers of shops, including Timmy & Tommy before the shop is opened",1.0.0,ocean,None,None,None,Yes,Bed,Yes,Does not play music,No lighting,For sale,FtrBeachtowel_Remake_0_2,0_2,3468,8F7bAmSWJYxnTrDvv
  mush partition  ,Strange mushroom,Mushroom type,NA,NA,Yes,Yes,No,3,NFS,1800,Green,Green,2x1,NA,Crafting,,1.0.0,garden,None,mush,None,No,Screen,Yes,Does not play music,No lighting,Not for sale,FtrMushroomScreen_Remake_2_0,2_0,3806,nE3tfhFk9nDDZMXJf
  MUSH LOW STOOL  ,Strange mushroom,Mushroom type,NA,NA,Yes,Yes,No,2,NFS,800,Brown,Brown,1x1,NA,Crafting,,1.0.0,garden,None,mush,None,Yes,Chair,Yes,Does not play music,No lighting,Not for sale,FtrMushroomChairS_Remake_2_0,2_0,4708,sbzdDLLHEBDuAeRFd
  WOODEN SIMPLE BED  ,Black,Paint color,Orange,Bedding,Yes,Yes,Yes,4,NFS,,Black,Orange,2x1,NA,Crafting,,1.0.0,child's room,living room,wooden,None,Yes,Bed,No,Does not play music,No lighting,Not for sale,FtrWoodenBedS_Remake_4_0,4_0,2605,jNSAhuSChokywGTwp
  EFFECTS RACK  ,Blue,NA,Cute logo,Sticker area,No,No,Yes,3,6800,1700,Blue,Pink,1x1,NA,Nook's Cranny,"Available in Nook's Cranny (upgraded only), in the unique furniture slot",1.0.0,concert,facility,None,None,No,Musical Instrument,No,Does not play music,No lighting,For sale,FtrEffectorrack_Remake_3_7,3_7,950,bf7zShqvaAHkBgMyc
DIGITAL SCALE,White,NA,Wood,Design,No,No,Yes,1,930,232,White,Yellow,1x1,NA,Nook's Cranny,Available in Nook's Cranny (either upgrade tier) in the unique furniture slot,1.0.0,bathroom,None,None,None,No,Bathroom Things,No,Does not play music,No lighting,For sale,FtrWeightscale_Remake_0_4,0_4,3307,myGatkpAgZXCAQW7Y
  HAMMOCK  ,Black,NA,Camouflage,Cloth,No,No,Yes,1,1300,325,Black,Green,2x1,NA,Nook's Cranny,"Available in all tiers of shops, including Timmy & Tommy before the shop is opened",1.0.0,outdoors,None,None,None,Yes,Bed,Yes,Does not play music,No lighting,For sale,FtrHammock_Remake_6_1,6_1,1620,neCtB3Pd2uBcvdmjz
floor lamp,Black,NA,Navy design,Lampshade,No,No,Yes,1,1400,350,Black,Blue,1x1,NA,Nook's Cranny,"Available in Nook's Cranny (upgraded only), in the unique furniture slot",1.0.0,living room,None,None,None,Yes,Lamp,No,Does not play music,Fluorescent,For sale,FtrLamp_Remake_3_7,3_7,2561,393s7Wpb5WbNZcDjG
GIANT TEDDY BEAR,Checkered,Fabric,None,Ribbon,Yes,Yes,Yes,8,NFS,6300,Purple,White,3x3,NA,Crafting,,1.0.0,fancy,child's room,None,bear,No,Animal,No,Does not play music,No lighting,Not for sale,FtrBearXL_Remake_4_0,4_0,1504,w2b8uajojuuoikgak
  public bench  ,Green & orange,NA,NA,NA,No,No,No,NA,NFS,10000,Orange,Green,2x1,2000,Nook Miles Shop,,1.0.0,facility,None,None,None,Yes,Sofa,Yes,Does not play music,No lighting,Not for sale,FtrPublicbench_Remake_5_0,5_0,3346,Cky3b9pxKcbXEK8hw
wooden stool,Pink wood,Paint color,Orange,Seat,Yes,Yes,Yes,2,NFS,480,Pink,Orange,1x1,NA,Crafting,,1.0.0,child's room,living room,wooden,None,Yes,Chair,No,Does not play music,No lighting,Not for sale,FtrWoodenStoolS_Remake_7_1,7_1,3449,63DPPaKBRcSHNa2o4
  jukebox  ,NA,NA,NA,NA,No,No,No,NA,5600,1400,Red,Gray,1x1,NA,Nook's Cranny,"Available in Nook's Cranny (upgraded only), in the unique furniture slot",1.0.0,shop,facility,diner,None,Yes,Audio,No,Retro,No lighting,For sale,FtrJukebox,NA,791,NdQCw7DtbKgj8P2jv
  iron shelf  ,White,Body color,NA,NA,Yes,Yes,No,7,NFS,10500,White,Brown,2x1,NA,Crafting,,1.0.0,living room,None,iron,None,No,Shelf,No,Does not play music,No lighting,Not for sale,FtrIronShelf_Remake_1_0,1_0,3563,tiPpt6xywaMzT2GZw
  WOODEN TABLE  ,White wood,Paint color,Green,Tablecloth,Yes,Yes,Yes,4,NFS,,White,Green,2x2,NA,Crafting,,1.0.0,child's room,living room,wooden,None,No,Table,No,Does not play music,No lighting,Not for sale,FtrWoodenTableL_Remake_1_4,1_4,3439,An4xs75REhPtEX2Ht
dj's turntable,Pink,NA,Familiar logo,Flag,No,No,Yes,4,,2325,Pink,Black,2x1,NA,Nook's Cranny,"Available in Nook's Cranny (upgraded only), in the unique furniture slot",1.0.0,party,concert,None,None,Yes,Musical Instrument,No,Hi-fi,No lighting,For sale,FtrDJbooth_Remake_3_1,3_1,941,xxNGAuDmbE5mS8Pvm
automatic washer,Black,NA,NA,NA,No,No,No,NA,4500,1125,Black,Black,1x1,NA,Nook's Cranny,"Available in Nook's Cranny (upgraded only), in the unique furniture slot",1.0.0,bathroom,None,None,None,Yes,Home Appliances,No,Does not play music,No lighting,For sale,FtrWashingmachine_Remake_5_0,5_0,2740,z8zJrXKQxbrLnXXLv
  antique table  ,Black,NA,NA,NA,No,No,No,NA,25000,6250,Black,Black,2x2,NA,Nook's Cranny,"Available in Nook's Cranny (upgraded only), in the third unique furniture slot",1.0.0,living room,expensive,antique,None,No,Table,No,Does not play music,No lighting,For sale,FtrAntiqueTableL_Remake_2_0,2_0,3952,x2K5wv9K8qGXcmukB
tiny library,Natural,Paint color,NA,NA,Yes,Yes,No,2,,1035,Orange,Orange,1x1,NA,Crafting,,1.0.0,garden,None,None,None,No,Garden,Yes,Does not play music,No lighting,Not for sale,FtrMicrolibrary_Remake_0_0,0_0,5635,zX3yGd3fm8sRWQofL
STANDARD UMBRELLA STAND,Green,NA,Navy,Favorite umbrella,Yes,No,Yes,4,NFS,2250,Green,Blue,1x1,NA,Crafting,,1.0.0,school,office,None,None,No,Supplies,No,Does not play music,No lighting,Not for sale,FtrUmbrellastand_Remake_3_2,3_2,3445,pudATZe499JWWSqEX
  wooden double bed  ,Green,Paint color,Blue,Bedding,Yes,Yes,Yes,6,NFS,3600,Green,Light blue,2x2,NA,Crafting,,1.0.0,child's room,living room,wooden,None,Yes,Bed,No,Does not play music,No lighting,Not for sale,FtrWoodenBedW_Remake_5_2,5_2,7132,kDXKXABcCroAFYxqT
MAMA BEAR,Cream,NA,Red stripes,Shirt,No,No,Yes,1,2300,575,Pink,Red,1x1,NA,Nook's Cranny,Available in Nook's Cranny (either upgrade tier) in the unique furniture slot,1.0.0,fancy,child's room,None,bear,No,Animal,No,Does not play music,No lighting,For sale,FtrBearM_Remake_0_1,0_1,1500,an5eGHGb9SPtvHcv8
ELECTRIC BASS,Sunburst,NA,NA,NA,No,No,No,NA,82000,20500,Orange,Brown,1x1,NA,Nook's Cranny,"Available in Nook's Cranny (upgraded only), in the third unique furniture slot",1.0.0,concert,None,None,None,Yes,Musical Instrument,No,Does not play music,No lighting,For sale,FtrElectricbass_Remake_2_0,2_0,1804,2yBQSnPamWZ8GnXhy
outdoor table,White,NA,Light wood,Table,No,No,Yes,1,,550,Gray,Beige,2x1,NA,Nook's Cranny,Available in Nook's Cranny (either upgrade tier) in the unique furniture slot,1.0.0,outdoors,None,None,None,No,Table,Yes,Does not play music,No lighting,For sale,FtrOutdoortableM_Remake_0_5,0_5,3946,uAy9WDThvNEjnZP9s
GRAND Q. A. BIRDWING MODEL,NA,NA,NA,NA,No,No,No,NA,NFS,,Black,Green,2x2,NA,Flick,Trade 3 insects to receive a model in the mail the next day,1.0.0,None,None,None,None,No,Insect,No,Does not play music,No lighting,Not for sale,FtrInsectArekisandoratoribaneagehaToy,NA,7051,MXZdPdt5uLgLC3o7w
  WOODEN STOOL  ,Pink wood,Paint color,Pink,Seat,Yes,Yes,Yes,2,NFS,480,Pink,Pink,1x1,NA,Crafting,,1.0.0,child's room,living room,wooden,None,Yes,Chair,No,Does not play music,No lighting,Not for sale,FtrWoodenStoolS_Remake_7_2,7_2,3449,ek8AgmiQYvZyg4tKj
DINER MINI TABLE,Black,NA,NA,NA,No,No,No,NA,1600,400,Gray,Black,1x1,NA,Nook's Cranny,"Available in Nook's Cranny (upgraded only), in the unique furniture slot",1.0.0,shop,None,diner,None,No,Table,No,Does not play music,No lighting,For sale,FtrAmeretroTableS_Remake_6_0,6_0,4441,FMWenFWZcY3wM5MFC
  effects rack  ,Red,NA,Handwritten logo,Sticker area,No,No,Yes,3,6800,,Red,Light blue,1x1,NA,Nook's Cranny,"Available in Nook's Cranny (upgraded only), in the unique furniture slot",1.0.0,concert,facility,None,None,No,Musical Instrument,No,Does not play music,No lighting,For sale,FtrEffectorrack_Remake_4_5,4_5,950,Panq2r8DmHHJ2WKu7
  fireplace  ,Dark brown,NA,NA,NA,No,No,No,NA,5900,1475,Brown,Brown,2x1,NA,Nook's Cranny,Available in Nook's Cranny (either upgrade tier) in the unique furniture slot,1.0.0,living room,expensive,None,None,Yes,Fireplace,No,Does not play music,No lighting,For sale,FtrFireplace_Remake_1_0,1_0,742,fBiTXxx9XbwmtZx6w
pagoda,Natural wood,Variation,NA,NA,No,Yes,No,3,NFS,2030,Orange,Brown,1.5x1.5,NA,Gulliver,,1.0.0,folk art,zen-style,None,None,No,Japanese Style,Yes,Does not play music,No lighting,Not for sale,FtrGojyu_Remake_1_0,1_0,688,N8Azh7y8YtwScjjx3
wooden table,Light wood,Paint color,Pink,Tablecloth,Yes,Yes,Yes,4,NFS,1800,Beige,Pink,2x2,NA,Crafting,,1.0.0,child's room,living room,wooden,None,No,Table,No,Does not play music,No lighting,Not for sale,FtrWoodenTableL_Remake_0_2,0_2,3439,qHADXu4DtGqNow9gp
  STALL  ,Dark brown,Variation,Waves,Curtain,Yes,Yes,Yes,3,NFS,1440,Brown,Blue,2x1,NA,Crafting,,1.0.0,shop,party,None,None,No,Shop,Yes,Does not play music,No lighting,Not for sale,FtrFloat_Remake_1_4,1_4,3617,fJ3KfvMT8zMYyXPBt
  rock guitar  ,Fire red,NA,Chic logo,Sticker area,No,No,Yes,2,3100,775,Red,White,1x1,NA,Nook's Cranny,Available in Nook's Cranny (either upgrade tier) in the unique furniture slot,1.0.0,concert,None,None,None,Yes,Musical Instrument,No,Does not play music,No lighting,For sale,FtrElectricguitar1_Remake_3_2,3_2,1644,249soj7oak3Z5uvyP
  outdoor bench  ,Green,NA,Orange,Seat,No,No,Yes,1,1300,325,Green,Orange,2x1,NA,Nook's Cranny,Available in Nook's Cranny (either upgrade tier) in the unique furniture slot,1.0.0,outdoors,None,None,None,Yes,Sofa,Yes,Does not play music,No lighting,For sale,FtrOutdoorchairM_Remake_2_4,2_4,3947,NirxcGZteh88MkteZ
electric guitar,Sunburst,NA,Handwritten logo,Sticker area,No,No,Yes,7,71000,17750,Brown,Light blue,1x1,NA,Nook's Cranny,"Available in Nook's Cranny (upgraded only), in the third unique furniture slot",1.0.0,concert,None,None,None,Yes,Musical Instrument,No,Does not play music,No lighting,For sale,FtrElectricguitar2_Remake_3_5,3_5,1645,wo2tZPeACHMDydgSH
  PAPA BEAR  ,Caramel mocha,NA,None,Ribbon,No,No,Yes,3,8500,2125,Beige,Beige,2x2,NA,Nook's Cranny,"Available in Nook's Cranny (upgraded only), in the third unique furniture slot",1.0.0,fancy,child's room,None,bear,No,Animal,No,Does not play music,No lighting,For sale,FtrBearL_Remake_1_0,1_0,1499,6xpm6mwoxXuy5wJX9
  PANSY TABLE  ,White,Flower color,NA,NA,Yes,Yes,No,2,NFS,760,White,Green,1x1,NA,Crafting,,1.0.0,fancy,None,flowers,None,No,Table,No,Does not play music,No lighting,Not for sale,FtrFlowerTableS_Remake_2_0,2_0,7237,CH8sxzjkjSn7ugJWu
iron garden chair,Brown,Body color,NA,NA,Yes,Yes,No,3,NFS,,Brown,Brown,1x1,NA,Crafting,,1.0.0,garden,None,iron,None,Yes,Chair,Yes,Does not play music,No lighting,Not for sale,FtrIrongardenChair_Remake_2_0,2_0,1626,uzri2FZPKW5W6uMwc
poolside bed,Light brown,NA,Black,Bed mat,No,No,Yes,2,,850,Beige,Black,2x1,NA,Nook's Cranny,"Available in Nook's Cranny (upgraded only), in the unique furniture slot",1.0.0,ocean,expensive,None,None,Yes,Bed,Yes,Does not play music,No lighting,For sale,FtrPoolsidebed_Remake_0_1,0_1,4102,t3dTdANHZ3Ewj5PRZ
WILD LOG BENCH,White wood,Lumber type,NA,NA,Yes,Yes,No,2,NFS,960,Beige,Beige,2x1,NA,Crafting,,1.0.0,garden,None,log,None,Yes,Chair,Yes,Does not play music,No lighting,Not for sale,FtrWoodBench_Remake_2_0,2_0,5972,EHc9AbLNkK4AeJZap
  round space heater  ,Light blue,NA,NA,NA,No,No,No,NA,,675,Light blue,Light blue,1x1,NA,Nook's Cranny,Season sale item,1.0.0,living room,school,None,None,Yes,Heating,No,Does not play music,No lighting,For sale,FtrStoveRound_Remake_5_0,5_0,2771,BYDjFzJumBZZzGET7
  illuminated tree  ,Pink,Light color,NA,NA,Yes,Yes,No,7,NFS,,Pink,Pink,2x2,NA,Crafting,,1.0.0,party,fancy,festive,None,Yes,Seasonal Decor,Yes,Does not play music,Fluorescent,Not for sale,FtrIllumiTree_Remake_1_0,1_0,4066,DKhrZexDjRWiBf25M
  snack machine  ,Silver,NA,NA,NA,No,No,No,NA,NFS,,Gray,Colorful,2x1,2000,Nook Miles Shop,,1.0.0,facility,shop,None,None,Yes,Facility Decor,Yes,Does not play music,Monitor,Not for sale,FtrFoodmachine_Remake_3_0,3_0,971,6q5rC5XkAwDYDtEAY
  SHELL BED  ,Purple,Shell color,NA,NA,Yes,Yes,No,7,NFS,10200,Purple,Purple,2x2,NA,Crafting,,1.0.0,ocean,expensive,shell,None,Yes,Bed,Yes,Does not play music,No lighting,Not for sale,FtrShellBedW_Remake_4_0,4_0,3983,J3pFmsQATYKiBBYmu
IMPERIAL BED,Red,NA,NA,NA,No,No,No,NA,23000,5750,Red,Red,2x2,NA,Nook's Cranny,"Available in Nook's Cranny (upgraded only), in the third unique furniture slot",1.0.0,zen-style,None,zen,None,Yes,Bed,No,Does not play music,No lighting,For sale,FtrOrientalBedW_Remake_0_0,0_0,3973,GdhBEJLzHkNahttqL
WOODEN DOUBLE BED,White wood,Paint color,Blue,Bedding,Yes,Yes,Yes,6,NFS,3600,White,Light blue,2x2,NA,Crafting,,1.0.0,child's room,living room,wooden,None,Yes,Bed,No,Does not play music,No lighting,Not for sale,FtrWoodenBedW_Remake_1_2,1_2,7132,TugBAPPZx3LYW4J6W
  diner counter table  ,Yellow,NA,NA,NA,No,No,No,NA,6000,1500,Yellow,Gray,2x1,NA,Nook's Cranny,"Available in Nook's Cranny (upgraded only), in the unique furniture slot",1.0.0,shop,None,diner,None,No,Table,No,Does not play music,No lighting,For sale,FtrAmeretroCounter_Remake_2_0,2_0,4139,Dse9e7YEtrCxGczzh
  kitty litter box  ,Green,NA,NA,NA,No,No,No,NA,,275,Green,Red,1x1,NA,Nook's Cranny,Available in Nook's Cranny (either upgrade tier) in the unique furniture slot,1.0.0,living room,None,None,pet,No,Bathroom Things,No,Does not play music,No lighting,For sale,FtrPetWC_Remake_2_0,2_0,7803,tbXfj7e4N6723mujP
drum set,Natural wood,NA,Black with logo,Bass drum head,No,No,Yes,2,5600,1400,Brown,Black,2x1,NA,Nook's Cranny,"Available in Nook's Cranny (upgraded only), in the unique furniture slot",1.0.0,concert,None,None,None,Yes,Musical Instrument,No,Does not play music,No lighting,For sale,FtrDrumSet_Remake_3_2,3_2,1803,9CeQ4euhbw5sMSxBJ
frozen bed,Ice pink,Illumination,Gray,Bedding,Yes,Yes,Yes,8,NFS,9000,Pink,Gray,2x2,NA,Crafting,,1.0.0,freezing cold,None,frozen,None,Yes,Bed,Yes,Does not play music,No lighting,Not for sale,FtrIceBedW_Remake_2_2,2_2,3502,n5ohsgCPGdSFYqh6e
  oil-barrel bathtub  ,No coating,Barrel color,NA,NA,Yes,Yes,No,1,NFS,655,Gray,Gray,1x1,NA,Crafting,,1.0.0,bathroom,None,None,None,Yes,Bathtub,Yes,Does not play music,No lighting,Not for sale,FtrDrumcanbath_Remake_0_0,0_0,3819,qnjMemeagnDAnp2dM
  mini diy workbench  ,Gray,Paint color,NA,NA,Yes,Yes,No,4,NFS,2580,Gray,White,1x1,NA,Crafting,,1.0.0,garage,None,None,None,Workbench,Work Bench,No,Does not play music,No lighting,Not for sale,FtrWorkbenchS_Remake_3_0,3_0,3122,4zzpDFWehtzhkGQtj
outdoor table,Blue,NA,Light wood,Table,No,No,Yes,1,2200,,Blue,Beige,2x1,NA,Nook's Cranny,Available in Nook's Cranny (either upgrade tier) in the unique furniture slot,1.0.0,outdoors,None,None,None,No,Table,Yes,Does not play music,No lighting,For sale,FtrOutdoortableM_Remake_3_5,3_5,3946,JsrBXudcHNs52fyAN
  wooden stool  ,Blue,Paint color,Orange,Seat,Yes,Yes,Yes,2,NFS,480,Blue,Orange,1x1,NA,Crafting,,1.0.0,child's room,living room,wooden,None,Yes,Chair,No,Does not play music,No lighting,Not for sale,FtrWoodenStoolS_Remake_6_1,6_1,3449,owwjeTL8XGu5pbonE
  simple panel  ,Brown,NA,Gold,Panel design,No,No,Yes,1,810,202,Orange,Yellow,1x0.5,NA,Nook's Cranny,Available in Nook's Cranny (either upgrade tier) in the unique furniture slot,1.0.0,facility,None,None,None,No,Screen,No,Does not play music,No lighting,For sale,FtrScreenSimple_Remake_3_7,3_7,5338,t2T74xbzg32ef8nZG
  tall lantern  ,Mossy,Stone,NA,NA,Yes,Yes,No,4,NFS,2700,Gray,Green,1x1,NA,Crafting,,1.0.0,zen-style,None,None,None,Yes,Japanese Style,Yes,Does not play music,Candle,Not for sale,FtrStonelantern_Remake_2_0,2_0,676,dj4CYN2zRgJguKyfC
BABY CHAIR,Black,NA,Paw print,Cushion,No,No,Yes,1,1200,300,Black,Colorful,1x1,NA,Nook's Cranny,Available in Nook's Cranny (either upgrade tier) in the unique furniture slot,1.0.0,child's room,None,None,None,Yes,Chair,No,Does not play music,No lighting,For sale,FtrBabychair_Remake_6_4,6_4,3305,wfyDHz4qnjgSATJ6A
  frozen arch  ,Ice blue,Illumination,NA,NA,Yes,Yes,No,7,,9000,Blue,Blue,3x1,NA,Crafting,,1.0.0,freezing cold,None,frozen,None,No,Arch,Yes,Does not play music,No lighting,Not for sale,FtrIceGate_Remake_1_0,1_0,3499,PXB3txZpFZe5ZxDLE
wooden mini table,Cherry wood,Paint color,Orange,Tablecloth,Yes,Yes,Yes,2,NFS,720,Orange,Orange,1x1,NA,Crafting,,1.0.0,child's room,living room,wooden,None,No,Table,No,Does not play music,No lighting,Not for sale,FtrWoodenTableMini_Remake_2_1,2_1,7133,H2m8QD3o5BBND4vyG
cat tower,White,NA,NA,NA,No,No,No,NA,3000,750,White,Beige,1x1,NA,Nook's Cranny,Available in Nook's Cranny (either upgrade tier) in the unique furniture slot,1.0.0,living room,None,None,None,Yes,Animal,No,Does not play music,No lighting,For sale,FtrCattower_Remake_5_0,5_0,896,CFXFDntJPQSSipxWk
folding chair,Green,NA,NA,NA,No,No,No,NA,920,230,Green,Gray,1x1,NA,Nook's Cranny,Available in Nook's Cranny (either upgrade tier) in the unique furniture slot,1.0.0,facility,None,None,None,Yes,Chair,No,Does not play music,No lighting,For sale,FtrPipechair_Remake_1_0,1_0,7529,zLxXdii2GoDbajqBS
  rose bed  ,Black,Flower color,NA,NA,Yes,Yes,No,2,NFS,1400,Black,Green,2x2,NA,Crafting,,1.0.0,fancy,None,flowers,None,Yes,Bed,No,Does not play music,No lighting,Not for sale,FtrFlowerBedW_Remake_2_0,2_0,7235,5Gx4nQmQWhXauTzgk
VINTAGE TV TRAY,Copper,NA,Natural wood,Tray,No,No,Yes,1,,300,Brown,Brown,1x1,NA,Nook's Cranny,Available in Nook's Cranny (either upgrade tier) in the unique furniture slot,1.0.0,living room,None,None,None,No,Table,No,Does not play music,No lighting,For sale,FtrTVtray_Remake_2_3,2_3,4445,AqnsTP7ytT6DdY5F4
  ELECTRIC GUITAR  ,Cherry,NA,Pop logo,Sticker area,No,No,Yes,7,71000,17750,Red,Colorful,1x1,NA,Nook's Cranny,"Available in Nook's Cranny (upgraded only), in the third unique furniture slot",1.0.0,concert,None,None,None,Yes,Musical Instrument,No,Does not play music,No lighting,For sale,FtrElectricguitar2_Remake_2_6,2_6,1645,FGuBwkAbegb2Bu5rS
WOODEN WARDROBE,Black,Paint color,NA,NA,Yes,Yes,No,2,NFS,1440,Black,Black,1x1,NA,Crafting,,1.0.0,child's room,living room,wooden,None,Wardrobe,Chest,No,Does not play music,No lighting,Not for sale,FtrWoodenCloset_Remake_4_0,4_0,3436,ib2YWDBbZhKbqPHDF
  director's chair  ,White,NA,Natural white,Fabric,No,No,Yes,1,1600,,White,White,1x1,NA,Nook's Cranny,"Available in all tiers of shops, including Timmy & Tommy before the shop is opened",1.0.0,outdoors,None,None,None,Yes,Chair,Yes,Does not play music,No lighting,For sale,FtrDirectorchair_Remake_2_0,2_0,2020,7d3N2ZzCuzqZmqvGS
DJ'S TURNTABLE,White,NA,Familiar logo,Flag,No,No,Yes,4,9300,2325,White,Black,2x1,NA,Nook's Cranny,"Available in Nook's Cranny (upgraded only), in the unique furniture slot",1.0.0,party,concert,None,None,Yes,Musical Instrument,No,Hi-fi,No lighting,For sale,FtrDJbooth_Remake_1_1,1_1,941,bs8nSEeWWnifdCLv5
GARDEN WAGON,Dark brown,Paint color,NA,NA,Yes,Yes,No,5,NFS,3180,Brown,Colorful,2x1,NA,Crafting,,1.0.0,garden,fancy,flowers,None,No,Plants,Yes,Does not play music,No lighting,Not for sale,FtrGardenwagon_Remake_1_0,1_0,8419,EmLGZZJmmX3HrLYGB
MODERN OFFICE CHAIR,Light blue,NA,NA,NA,No,No,No,NA,2200,550,Light blue,Gray,1x1,NA,Nook's Cranny,"Available in Nook's Cranny (upgraded only), in the unique furniture slot",1.0.0,office,None,None,office,Yes,Chair,No,Does not play music,No lighting,For sale,FtrOfficeChair_Remake_4_0,4_0,832,jHQak4ShoPnHchiNq
  frozen chair  ,Ice yellow,Illumination,NA,NA,Yes,Yes,No,7,NFS,6200,Yellow,Yellow,1x1,NA,Crafting,,1.0.0,freezing cold,None,frozen,None,Yes,Chair,Yes,Does not play music,No lighting,Not for sale,FtrIceChairS_Remake_3_0,3_0,3503,y24iD35piYLnDCKwt
ELEPHANT SLIDE,Gray,NA,NA,NA,No,No,No,NA,,1050,Gray,Pink,2x1,NA,Nook's Cranny,Available in Nook's Cranny (either upgrade tier) in the unique furniture slot,1.0.0,garden,child's room,None,None,No,Playground,No,Does not play music,No lighting,For sale,FtrSlideelephant_Remake_6_0,6_0,86,dwxSo5AKhriXk9ibA
  TINY LIBRARY  ,Cool,Paint color,NA,NA,Yes,Yes,No,2,NFS,1035,Black,Green,1x1,NA,Crafting,,1.0.0,garden,None,None,None,No,Garden,Yes,Does not play music,No lighting,Not for sale,FtrMicrolibrary_Remake_3_0,3_0,5635,obM5Zg5qQucZTJKba
  outdoor generator  ,Red,NA,NA,NA,No,No,No,NA,4900,1225,Red,Gray,1x1,NA,Nook's Cranny,"Available in all tiers of shops, including Timmy & Tommy before the shop is opened",1.0.0,outdoors,None,None,None,Yes,Outdoors Decor,Yes,Does not play music,No lighting,For sale,FtrOutdoorgenerator_Remake_0_0,0_0,7526,AE4mNC4ZFm3ujoeww
diner chair,Pink,NA,NA,NA,No,No,No,NA,1600,400,Pink,White,1x1,NA,Nook's Cranny,"Available in Nook's Cranny (upgraded only), in the unique furniture slot",1.0.0,shop,None,diner,None,Yes,Chair,No,Does not play music,No lighting,For sale,FtrAmeretroChairS_Remake_4_0,4_0,4137,etH6kyvNhSox7ykbi
  swinging bench  ,Dark wood,Lumber type,NA,NA,Yes,Yes,No,2,NFS,1440,Brown,Brown,2x1,NA,Crafting,,1.0.0,garden,None,None,None,Yes,Sofa,Yes,Does not play music,No lighting,Not for sale,FtrSwingWood_Remake_4_0,4_0,1170,8jrgFCWbdiJHKT2Tq
  WOODEN MINI TABLE  ,Cherry wood,Paint color,Blue,Tablecloth,Yes,Yes,Yes,2,NFS,720,Orange,Blue,1x1,NA,Crafting,,1.0.0,child's room,living room,wooden,None,No,Table,No,Does not play music,No lighting,Not for sale,FtrWoodenTableMini_Remake_2_3,2_3,7133,Qhp5PSoBJHkj6dYbW
plain wooden shop sign,White,Sign,Wanted,Flier,Yes,Yes,Yes,2,,720,White,Brown,1x1,NA,Crafting,,1.0.0,garden,None,None,None,No,Vehicle,Yes,Does not play music,No lighting,Not for sale,FtrSignWood_Remake_1_1,1_1,3692,ttPWgmHuWJEd2RbCA
  APPLE CHAIR  ,Green apple,Fruit type,NA,NA,Yes,Yes,No,4,NFS,2480,Green,Yellow,1x1,NA,Crafting,,1.0.0,fancy,None,fruits,apple,Yes,Chair,No,Does not play music,No lighting,Not for sale,FtrFruitsChairApple_Remake_1_0,1_0,4134,rjPaqoEyZ2FHDjbkn
  OUTDOOR TABLE  ,Black,NA,Light wood,Table,No,No,Yes,1,2200,550,Black,Beige,2x1,NA,Nook's Cranny,Available in Nook's Cranny (either upgrade tier) in the unique furniture slot,1.0.0,outdoors,None,None,None,No,Table,Yes,Does not play music,No lighting,For sale,FtrOutdoortableM_Remake_1_5,1_5,3946,NzDEXjudspcNB2pRq
  mrs. flamingo  ,Natural,NA,NA,NA,No,No,No,NA,3000,,Pink,Pink,1x1,NA,Nook's Cranny,Available in Nook's Cranny (either upgrade tier) in the unique furniture slot,1.0.0,garden,fancy,None,None,No,Animal,Yes,Does not play music,No lighting,For sale,FtrFlamingoFemale_Remake_0_0,0_0,336,ngYxzsgzeE7yb6wGa
  REFRIGERATOR  ,Pink,NA,Fruits,Sticker area,No,No,Yes,2,5100,1275,Pink,Green,1x1,NA,Nook's Cranny,"Available in Nook's Cranny (upgraded only), in the unique furniture slot",1.0.0,kitchen,shop,None,None,Wardrobe,Home Appliances,No,Does not play music,No lighting,For sale,FtrRefrigerator_Remake_2_3,2_3,2713,zxaCJuTYBD5f7RJTC
  NEUTRAL CORNER  ,NA,NA,Yellow,Ring curtain,No,No,Yes,3,6100,1525,White,Yellow,2x2,NA,Nook's Cranny,"Available in Nook's Cranny (upgraded only), in the third unique furniture slot",1.0.0,fitness,None,None,sports ring,Yes,Sports,No,Does not play music,No lighting,For sale,FtrRingcornerNeutral_Remake_0_4,0_4,7152,TXbNqQZrvPhG76rYo
cute bed,White,NA,NA,NA,No,No,No,NA,12000,3000,White,Pink,2x2,NA,Nook's Cranny,"Available in Nook's Cranny (upgraded only), in the third unique furniture slot",1.0.0,fancy,None,cute,None,Yes,Bed,No,Does not play music,No lighting,For sale,FtrCuteBedW_Remake_0_0,0_0,3624,T8S2qTcQ28PdMLM6v
  WOODEN MINI TABLE  ,Dark wood,Paint color,None,Tablecloth,Yes,Yes,Yes,2,NFS,720,Brown,Brown,1x1,NA,Crafting,,1.0.0,child's room,living room,wooden,None,No,Table,No,Does not play music,No lighting,Not for sale,FtrWoodenTableMini_Remake_3_0,3_0,7133,Wo6dByhNP45Gmquye
  long bathtub  ,Light blue,NA,NA,NA,No,No,No,NA,7800,,Light blue,White,2x1,NA,Nook's Cranny,"Available in Nook's Cranny (upgraded only), in the unique furniture slot",1.0.0,bathroom,None,None,None,Yes,Bathtub,No,Does not play music,No lighting,For sale,FtrBathtub_Remake_4_0,4_0,4080,B5qb4SJHTHfmeF5fw
den desk,Natural wood,NA,NA,NA,No,No,No,NA,10000,2500,Beige,Beige,2x1,NA,Nook's Cranny,"Available in Nook's Cranny (upgraded only), in the unique furniture slot",1.0.0,den,None,None,den,No,Desk,No,Does not play music,No lighting,For sale,FtrDrawingTable_Remake_3_0,3_0,3783,yb89cGYFQDaxpNHMn
floor lamp,Natural,NA,Navy design,Lampshade,No,No,Yes,1,1400,350,Beige,Blue,1x1,NA,Nook's Cranny,"Available in Nook's Cranny (upgraded only), in the unique furniture slot",1.0.0,living room,None,None,None,Yes,Lamp,No,Does not play music,Fluorescent,For sale,FtrLamp_Remake_0_7,0_7,2561,wgDkJHPc7bg36vQsP
  rock guitar  ,Natural wood,NA,Emblem logo,Sticker area,No,No,Yes,2,,775,Beige,Green,1x1,NA,Nook's Cranny,Available in Nook's Cranny (either upgrade tier) in the unique furniture slot,1.0.0,concert,None,None,None,Yes,Musical Instrument,No,Does not play music,No lighting,For sale,FtrElectricguitar1_Remake_5_4,5_4,1644,oPR8TGqEK3E4baC8q
floor seat,Black,NA,Pale grass green,Cushion,No,No,Yes,1,,,Black,Green,1x1,NA,Nook's Cranny,Available in Nook's Cranny (either upgrade tier) in the unique furniture slot,1.0.0,zen-style,child's room,None,None,Yes,Chair,No,Does not play music,No lighting,For sale,FtrFloorchair_Remake_3_0,3_0,3622,fuy7uYsthuoTM52to
MODERN OFFICE CHAIR,Pink,NA,NA,NA,No,No,No,NA,2200,550,Pink,Gray,1x1,NA,Nook's Cranny,"Available in Nook's Cranny (upgraded only), in the unique furniture slot",1.0.0,office,None,None,office,Yes,Chair,No,Does not play music,No lighting,For sale,FtrOfficeChair_Remake_5_0,5_0,832,LHnMMwJ2NZw6DCLwS
  western-style stone  ,Brown,Stone,NA,NA,Yes,Yes,No,6,NFS,4500,Brown,Yellow,2x1,NA,Crafting,,1.0.0,garden,horror,None,None,No,Garden,Yes,Does not play music,No lighting,Not for sale,FtrGravestoneEuropean_Remake_3_0,3_0,3446,9RDskMcftcbkBytXD
REFRIGERATOR,Silver,NA,Fruits,Sticker area,No,No,Yes,2,,1275,Gray,Green,1x1,NA,Nook's Cranny,"Available in Nook's Cranny (upgraded only), in the unique furniture slot",1.0.0,kitchen,shop,None,None,Wardrobe,Home Appliances,No,Does not play music,No lighting,For sale,FtrRefrigerator_Remake_7_3,7_3,2713,xKsrQDdy4rHAGsJu4
log round table,White wood,Lumber type,None,Tablecloth,Yes,Yes,Yes,4,NFS,1800,Beige,Beige,2x2,NA,Crafting,,1.0.0,garden,living room,log,None,No,Table,Yes,Does not play music,No lighting,Not for sale,FtrLogTableLRound_Remake_2_0,2_0,4043,jk78fwGipvtzMNgCg
  automatic washer  ,Pink,NA,NA,NA,No,No,No,NA,4500,1125,Red,White,1x1,NA,Nook's Cranny,"Available in Nook's Cranny (upgraded only), in the unique furniture slot",1.0.0,bathroom,None,None,None,Yes,Home Appliances,No,Does not play music,No lighting,For sale,FtrWashingmachine_Remake_1_0,1_0,2740,wdpzZgQz8aJvnkY33
wooden chair,Pink wood,Paint color,NA,NA,Yes,Yes,No,1,NFS,720,Pink,Pink,1x1,NA,Crafting,,1.0.0,child's room,living room,wooden,None,Yes,Chair,No,Does not play music,No lighting,Not for sale,FtrWoodenChairS_Remake_7_0,7_0,1913,QL4Ga2FtzzfkJB3by
  upright vacuum  ,Pink,NA,NA,NA,No,No,No,NA,2500,625,Pink,Black,1x1,NA,Nook's Cranny,"Available in Nook's Cranny (upgraded only), in the unique furniture slot",1.0.0,living room,None,None,None,Yes,Home Appliances,No,Does not play music,No lighting,For sale,FtrCleanerStick_Remake_6_0,6_0,908,WpXJZfJBYnPWoHLYv
rock guitar,Coral pink,NA,Pop logo,Sticker area,No,No,Yes,2,3100,,Pink,Colorful,1x1,NA,Nook's Cranny,Available in Nook's Cranny (either upgrade tier) in the unique furniture slot,1.0.0,concert,None,None,None,Yes,Musical Instrument,No,Does not play music,No lighting,For sale,FtrElectricguitar1_Remake_1_6,1_6,1644,hS2nukyD3caf68iyt
  colorful wheel  ,Colorful numbers,NA,NA,NA,No,No,No,NA,2900,,Colorful,Colorful,2x1,NA,Nook's Cranny,"Available in Nook's Cranny (upgraded only), in the unique furniture slot",1.0.0,party,None,None,None,Yes,Toy,No,Does not play music,No lighting,For sale,FtrRoulette_Remake_0_0,0_0,1112,BEs85a3zkwegASuCm
  refrigerator  ,White,NA,Notices,Sticker area,No,No,Yes,2,5100,1275,White,Colorful,1x1,NA,Nook's Cranny,"Available in Nook's Cranny (upgraded only), in the unique furniture slot",1.0.0,kitchen,shop,None,None,Wardrobe,Home Appliances,No,Does not play music,No lighting,For sale,FtrRefrigerator_Remake_0_4,0_4,2713,wESLo3Mkp5pow5Gsh
  FROZEN CHAIR  ,Ice pink,Illumination,NA,NA,Yes,Yes,No,7,NFS,6200,Pink,Pink,1x1,NA,Crafting,,1.0.0,freezing cold,None,frozen,None,Yes,Chair,Yes,Does not play music,No lighting,Not for sale,FtrIceChairS_Remake_2_0,2_0,3503,M35DqLtqijGpNAovk
ironwood DIY workbench,Walnut,Lumber type,NA,NA,Yes,Yes,No,7,NFS,8520,Brown,Black,2x1,NA,Crafting,,1.0.0,garage,None,ironwood,None,Workbench,Work Bench,No,Does not play music,No lighting,Not for sale,FtrWorkbenchIronwood_Remake_2_0,2_0,3943,yxzwNKrBRSCp9bctg
BIRTHDAY TABLE,Gorgeous,Variation,NA,NA,No,Yes,No,1,NFS,300,Gray,Colorful,2x2,NA,Birthday,,1.0.0,party,fancy,None,birthday,Yes,Table,No,Does not play music,Candle,Not for sale,FtrBirthdayTable_Remake_5_0,5_0,3593,8Fr2EqPwEm9vN6PrK
frozen bed,Ice purple,Illumination,White,Bedding,Yes,No,Yes,8,NFS,,Purple,White,2x2,NA,Crafting,,1.0.0,freezing cold,None,frozen,None,Yes,Bed,Yes,Does not play music,No lighting,Not for sale,FtrIceBedW_Remake_6_1,6_1,3502,SbJTdkCKieeuZu9ww
  digital scale  ,Yellow,NA,Polka dots,Design,No,No,Yes,1,930,,Yellow,Green,1x1,NA,Nook's Cranny,Available in Nook's Cranny (either upgrade tier) in the unique furniture slot,1.0.0,bathroom,None,None,None,No,Bathroom Things,No,Does not play music,No lighting,For sale,FtrWeightscale_Remake_4_2,4_2,3307,dSForS9ggvRKsra4G
  cat tower  ,Beige,NA,NA,NA,No,No,No,NA,3000,750,Beige,Beige,1x1,NA,Nook's Cranny,Available in Nook's Cranny (either upgrade tier) in the unique furniture slot,1.0.0,living room,None,None,None,Yes,Animal,No,Does not play music,No lighting,For sale,FtrCattower_Remake_0_0,0_0,896,dESzzmpnPWP47WMBA
  DINER DINING TABLE  ,Yellow,NA,NA,NA,No,No,No,NA,6400,1600,Gray,Yellow,2x2,NA,Nook's Cranny,"Available in Nook's Cranny (upgraded only), in the third unique furniture slot",1.0.0,shop,None,diner,None,No,Table,No,Does not play music,No lighting,For sale,FtrAmeretroTableM_Remake_2_0,2_0,4142,atJm7vTYpWdGeAC45
box sofa,Black,NA,NA,NA,No,No,No,NA,2700,675,Black,Black,1x1,NA,Nook's Cranny,"Available in Nook's Cranny (upgraded only), in the unique furniture slot",1.0.0,shop,facility,None,None,Yes,Chair,No,Does not play music,No lighting,For sale,FtrBoxsofa_Remake_7_0,7_0,1852,TenC8nDwwDGte4D87
  harp  ,Dark brown,NA,NA,NA,No,No,No,NA,,,Brown,Orange,1x1,NA,Nook's Cranny,"Available in Nook's Cranny (upgraded only), in the third unique furniture slot",1.0.0,music,None,None,None,Yes,Musical Instrument,No,Does not play music,No lighting,For sale,FtrHarp_Remake_2_0,2_0,987,XJZ2mLcuLDjHe4rRu
  studio spotlight  ,Orange,NA,NA,NA,No,No,No,NA,,525,Black,Orange,1x1,NA,Nook's Cranny,Available in Nook's Cranny (either upgrade tier) in the unique furniture slot,1.0.0,facility,concert,None,None,Yes,Lamp,No,Does not play music,Spotlight,For sale,FtrLampSpot_Remake_2_0,2_0,7189,BdntShcBYvyKjkGhk
  refrigerator  ,Blue,NA,Fruits,Sticker area,No,No,Yes,2,,1275,Blue,Green,1x1,NA,Nook's Cranny,"Available in Nook's Cranny (upgraded only), in the unique furniture slot",1.0.0,kitchen,shop,None,None,Wardrobe,Home Appliances,No,Does not play music,No lighting,For sale,FtrRefrigerator_Remake_4_3,4_3,2713,JZrShDidxDfXea3tg
  log extra-long sofa  ,Dark wood,Lumber type,Southwestern flair,Cushions,Yes,Yes,Yes,4,NFS,1920,Brown,Colorful,2x1,NA,Crafting,,1.0.0,garden,living room,log,None,Yes,Sofa,No,Does not play music,No lighting,Not for sale,FtrLogSofaL_Remake_0_1,0_1,4044,kWAc3Wgxm4eYaMdLM
BAMBOO BASKET,Smoke-cured bamboo,Bamboo,NA,NA,Yes,Yes,No,2,NFS,1120,Brown,Green,1x1,NA,Crafting,,1.0.0,zen-style,None,bamboo,None,No,Japanese Style,No,Does not play music,No lighting,Not for sale,FtrBambooBasket_Remake_2_0,2_0,3658,TEGzshjkjEi8xNENg
LOG BENCH,Orange wood,Lumber type,NA,NA,Yes,Yes,No,1,NFS,600,Orange,Beige,2x1,NA,Crafting,,1.0.0,garden,None,log,None,Yes,Sofa,Yes,Does not play music,No lighting,Not for sale,FtrLogStoolL_Remake_1_0,1_0,4042,SuNySzCAMoc3no4Gs
LOG DECORATIVE SHELVES,Orange wood,Lumber type,Quilted,Mat,Yes,Yes,Yes,4,,1560,Orange,Light blue,2x1,NA,Crafting,,1.0.0,garden,living room,log,None,No,Shelf,No,Does not play music,No lighting,Not for sale,FtrLogShelf_Remake_1_4,1_4,4036,ffvkbSpjTq8vqbxrr
  drinking fountain  ,Ivory,Color,NA,NA,Yes,Yes,No,4,NFS,2700,Beige,Beige,1x1,NA,Crafting,,1.0.0,garden,None,None,None,Yes,Playground,Yes,Does not play music,No lighting,Not for sale,FtrDrinkingfountain_Remake_0_0,0_0,2319,8CZv66ph6jQhktPNM
  OUTDOOR BENCH  ,Red,NA,White,Seat,No,No,Yes,1,1300,,Red,White,2x1,NA,Nook's Cranny,Available in Nook's Cranny (either upgrade tier) in the unique furniture slot,1.0.0,outdoors,None,None,None,Yes,Sofa,Yes,Does not play music,No lighting,For sale,FtrOutdoorchairM_Remake_4_0,4_0,3947,9j2Bm8fScquXitmp9
upright piano,Black,NA,NA,NA,No,No,No,NA,53000,13250,Black,White,2x1,NA,Nook's Cranny,"Available in Nook's Cranny (upgraded only), in the third unique furniture slot",1.0.0,music,expensive,None,None,Yes,Musical Instrument,No,Does not play music,No lighting,For sale,FtrPianoUpright_Remake_0_0,0_0,1081,24ad8eStN6hPFHehG
cute bed,Blue,NA,NA,NA,No,No,No,NA,12000,3000,Blue,Black,2x2,NA,Nook's Cranny,"Available in Nook's Cranny (upgraded only), in the third unique furniture slot",1.0.0,fancy,None,cute,None,Yes,Bed,No,Does not play music,No lighting,For sale,FtrCuteBedW_Remake_4_0,4_0,3624,NThCMdhEzLbbSn3kj
springy ride-on,White,NA,NA,NA,No,No,No,NA,,10000,White,Green,1x1,2000,Nook Miles Shop,,1.0.0,facility,fancy,None,None,Yes,Playground,Yes,Does not play music,No lighting,Not for sale,FtrSpringrider_Remake_0_0,0_0,4379,yaf3NuR8y5nKjxA7X
  mini DIY workbench  ,Natural,Paint color,NA,NA,Yes,Yes,No,4,,2580,Beige,White,1x1,NA,Crafting,,1.0.0,garage,None,None,None,Workbench,Work Bench,No,Does not play music,No lighting,Not for sale,FtrWorkbenchS_Remake_0_0,0_0,3122,jGazK6f7jbFxGXTXB
neutral corner,NA,NA,Red,Ring curtain,No,No,Yes,3,6100,1525,White,Red,2x2,NA,Nook's Cranny,"Available in Nook's Cranny (upgraded only), in the third unique furniture slot",1.0.0,fitness,None,None,sports ring,Yes,Sports,No,Does not play music,No lighting,For sale,FtrRingcornerNeutral_Remake_0_1,0_1,7152,JFMZWLqwiPaJG2bKB
  wooden chair  ,Dark wood,Paint color,NA,NA,Yes,Yes,No,1,NFS,,Brown,Brown,1x1,NA,Crafting,,1.0.0,child's room,living room,wooden,None,Yes,Chair,No,Does not play music,No lighting,Not for sale,FtrWoodenChairS_Remake_3_0,3_0,1913,TsboTaiYqynWXcQFp
  studio spotlight  ,Pink,NA,NA,NA,No,No,No,NA,2100,525,Black,Pink,1x1,NA,Nook's Cranny,Available in Nook's Cranny (either upgrade tier) in the unique furniture slot,1.0.0,facility,concert,None,None,Yes,Lamp,No,Does not play music,Spotlight,For sale,FtrLampSpot_Remake_4_0,4_0,7189,QmfKTz8ad3v4B62YY
  rocking horse  ,Colorful,Paint color,NA,NA,Yes,Yes,No,1,NFS,600,Red,Blue,1x1,NA,Crafting,,1.0.0,child's room,fancy,None,None,Yes,Toy,No,Does not play music,No lighting,Not for sale,FtrRockinghorse_Remake_1_0,1_0,83,PnfktiMPc3uczaqET
effects rack,White,NA,Rock logo,Sticker area,No,No,Yes,3,6800,1700,White,Purple,1x1,NA,Nook's Cranny,"Available in Nook's Cranny (upgraded only), in the unique furniture slot",1.0.0,concert,facility,None,None,No,Musical Instrument,No,Does not play music,No lighting,For sale,FtrEffectorrack_Remake_1_3,1_3,950,HEzgTZRqx5e8iBads
ELECTRIC GUITAR,Dark red,NA,Emblem logo,Sticker area,No,No,Yes,7,71000,17750,Red,Green,1x1,NA,Nook's Cranny,"Available in Nook's Cranny (upgraded only), in the third unique furniture slot",1.0.0,concert,None,None,None,Yes,Musical Instrument,No,Does not play music,No lighting,For sale,FtrElectricguitar2_Remake_0_4,0_4,1645,TttbJda3a677FcLYx
  WOODEN TABLE  ,Dark wood,Paint color,Blue,Tablecloth,Yes,Yes,Yes,4,NFS,1800,Brown,Light blue,2x2,NA,Crafting,,1.0.0,child's room,living room,wooden,None,No,Table,No,Does not play music,No lighting,Not for sale,FtrWoodenTableL_Remake_3_3,3_3,3439,FYFdKvqbg5nNXqZxc
  dj's turntable  ,White,NA,Chic logo,Flag,No,No,Yes,4,9300,2325,White,White,2x1,NA,Nook's Cranny,"Available in Nook's Cranny (upgraded only), in the unique furniture slot",1.0.0,party,concert,None,None,Yes,Musical Instrument,No,Hi-fi,No lighting,For sale,FtrDJbooth_Remake_1_2,1_2,941,JonDQGorD3o3MrrwT
PLAIN WOODEN SHOP SIGN,Dark wood,NA,Ad,Flier,Yes,No,Yes,2,NFS,720,Brown,Blue,1x1,NA,Crafting,,1.0.0,garden,None,None,None,No,Vehicle,Yes,Does not play music,No lighting,Not for sale,FtrSignWood_Remake_2_2,2_2,3692,ojdzL3vSyKboTS7WQ
changing room,Dark brown,NA,Pink,Curtain,No,No,Yes,2,3700,925,Brown,Pink,1x1,NA,Nook's Cranny,"Available in Nook's Cranny (upgraded only), in the unique furniture slot",1.0.0,shop,facility,None,None,Wardrobe,Shop,No,Does not play music,No lighting,For sale,FtrFittingroom_Remake_3_4,3_4,1816,cQ2G6AawfmoCrZhGW
barbecue,Red,NA,NA,NA,No,No,No,NA,2500,,Red,Colorful,1x1,NA,Nook's Cranny,"Available in all tiers of shops, including Timmy & Tommy before the shop is opened",1.0.0,outdoors,None,None,None,Yes,Outdoors Decor,Yes,Does not play music,No lighting,For sale,FtrBarbecuegrill_Remake_0_0,0_0,330,4iaPhJhwanmxMDFs5
loft bed with desk,Brown,NA,Yellow,Bedding,No,No,Yes,3,7700,1925,Red,Yellow,2x1,NA,Nook's Cranny,"Available in Nook's Cranny (upgraded only), in the unique furniture slot",1.0.0,child's room,None,None,None,Yes,Desk,No,Does not play music,No lighting,For sale,FtrBeddesk_Remake_1_4,1_4,3621,eszCpm4ENWZ38uwh7
  scarecrow  ,NA,NA,NA,NA,Yes,No,No,NA,NFS,130,Beige,Yellow,1x1,NA,Crafting,,1.0.0,garden,horror,None,None,No,Ranch,Yes,Does not play music,No lighting,Not for sale,FtrScarecrow,NA,1120,LshGzL3LLw673uFaH
rock guitar,Coral pink,NA,Emblem logo,Sticker area,No,No,Yes,2,,775,Pink,Green,1x1,NA,Nook's Cranny,Available in Nook's Cranny (either upgrade tier) in the unique furniture slot,1.0.0,concert,None,None,None,Yes,Musical Instrument,No,Does not play music,No lighting,For sale,FtrElectricguitar1_Remake_1_4,1_4,1644,xxXXBjwEe2W97Nahc
simple panel,Light gray,NA,Gold,Panel design,No,No,Yes,1,810,202,Gray,Yellow,1x0.5,NA,Nook's Cranny,Available in Nook's Cranny (either upgrade tier) in the unique furniture slot,1.0.0,facility,None,None,None,No,Screen,No,Does not play music,No lighting,For sale,FtrScreenSimple_Remake_0_7,0_7,5338,HPMeS5iP2yDPb2FcH
  CHANGING ROOM  ,Black,NA,Purple,Curtain,No,No,Yes,2,3700,,Black,Purple,1x1,NA,Nook's Cranny,"Available in Nook's Cranny (upgraded only), in the unique furniture slot",1.0.0,shop,facility,None,None,Wardrobe,Shop,No,Does not play music,No lighting,For sale,FtrFittingroom_Remake_4_1,4_1,1816,FrfbchYxYejDNhdfs
  peach chair  ,White peach,Fruit type,NA,NA,Yes,Yes,No,4,NFS,2600,Pink,Brown,1x1,NA,Crafting,,1.0.0,fancy,None,fruits,peach,Yes,Chair,No,Does not play music,No lighting,Not for sale,FtrFruitsChairPeach_Remake_0_0,0_0,4127,GEqTmZe59S4EBjBg3
antique bed,Natural,NA,NA,NA,No,No,No,NA,28000,7000,Beige,White,2x2,NA,Nook's Cranny,"Available in Nook's Cranny (upgraded only), in the third unique furniture slot",1.0.0,living room,expensive,antique,None,Yes,Bed,No,Does not play music,No lighting,For sale,FtrAntiqueBedW_Remake_1_0,1_0,3957,gMCFieFjJLX4yXBPJ
  THROWBACK HAT TABLE  ,Black & orange,NA,NA,NA,No,No,No,NA,3800,950,Black,Orange,2x2,NA,Nook's Cranny,"Available in Nook's Cranny (upgraded only), in the third unique furniture slot",1.0.0,child's room,fitness,throwback,None,No,Table,No,Does not play music,No lighting,For sale,FtrBoyTableL_Remake_3_0,3_0,4760,7vgDwfRbom5SXa5P5
angled signpost,Fishing Spot,Navigation,NA,NA,Yes,Yes,No,1,,600,Beige,Brown,1x1,NA,Crafting,,1.0.0,garden,None,None,None,No,Vehicle,Yes,Does not play music,No lighting,Not for sale,FtrSignpostTilt_Remake_2_0,2_0,7867,uvn5kiMi84NMuesmb
  hedge standee  ,Summer,Season,NA,NA,Yes,Yes,No,1,NFS,600,Green,Green,1x0.5,NA,Crafting,,1.0.0,school,None,None,standee,No,School,No,Does not play music,No lighting,Not for sale,FtrHariboteHedge_Remake_2_0,2_0,531,X2y68ErH9peY5GwHf
MEDIUM CARDBOARD BOXES,NA,NA,NA,NA,Yes,No,No,NA,NFS,240,None,None,2x1,NA,Crafting,,1.0.0,garage,None,cardboard,None,No,Supplies,No,Does not play music,No lighting,Not for sale,FtrMovingboxM,NA,3411,eN3vqv37rnf88uiv5
simple panel,Black,NA,Mud wall,Panel design,No,No,Yes,1,810,202,Black,Beige,1x0.5,NA,Nook's Cranny,Available in Nook's Cranny (either upgrade tier) in the unique furniture slot,1.0.0,facility,None,None,None,No,Screen,No,Does not play music,No lighting,For sale,FtrScreenSimple_Remake_1_5,1_5,5338,cnjoDGw74MBhjDrMr
old sewing machine,Black,NA,NA,NA,No,No,No,NA,2200,550,Orange,Black,2x1,NA,Nook's Cranny,Available in Nook's Cranny (either upgrade tier) in the unique furniture slot,1.0.0,living room,None,None,None,Yes,Sewing Table,No,Does not play music,No lighting,For sale,FtrSewingmachineRetro_Remake_0_0,0_0,1127,HwvDtQKqJxZaq8hst
  clothes closet  ,Blue,NA,NA,NA,No,No,No,NA,3100,775,Blue,Blue,1x1,NA,Nook's Cranny,Available in Nook's Cranny (either upgrade tier) in the unique furniture slot,1.0.0,living room,None,None,None,Wardrobe,Chest,No,Does not play music,No lighting,For sale,FtrFashioncase_Remake_3_0,3_0,9502,sbgK84SGbat5jxKMR
  double sofa  ,Red,NA,NA,NA,No,No,No,NA,4300,,Red,Red,2x1,NA,Nook's Cranny,Available in Nook's Cranny (either upgrade tier) in the unique furniture slot,1.0.0,living room,None,None,None,Yes,Sofa,No,Does not play music,No lighting,For sale,FtrSofaL_Remake_0_0,0_0,2554,tFNMuK8wMPgBbcQSR
  WOODEN DOUBLE BED  ,Blue,Paint color,Pink,Bedding,Yes,Yes,Yes,6,,3600,Blue,Pink,2x2,NA,Crafting,,1.0.0,child's room,living room,wooden,None,Yes,Bed,No,Does not play music,No lighting,Not for sale,FtrWoodenBedW_Remake_6_1,6_1,7132,FMHdXnfvAdQsSPFgF
  CRESCENT-MOON CHAIR  ,Yellow,Color,NA,NA,Yes,Yes,No,7,NFS,8500,Yellow,Yellow,2x1,NA,Crafting,,1.0.0,space,fancy,stars,None,Yes,Chair,No,Does not play music,Fluorescent,Not for sale,FtrStarMoonChairL_Remake_0_0,0_0,6829,ZRd7rA38D9gF5NJDL
  antique mini table  ,Brown,NA,NA,NA,No,No,No,NA,6700,1675,Brown,White,1x1,NA,Nook's Cranny,"Available in Nook's Cranny (upgraded only), in the third unique furniture slot",1.0.0,living room,expensive,antique,None,No,Table,No,Does not play music,No lighting,For sale,FtrAntiqueTableS_Remake_0_0,0_0,3958,WZyBrwSZD4wZtqcBJ
baby chair,Yellow,NA,Train,Cushion,No,No,Yes,1,1200,300,Yellow,Colorful,1x1,NA,Nook's Cranny,Available in Nook's Cranny (either upgrade tier) in the unique furniture slot,1.0.0,child's room,None,None,None,Yes,Chair,No,Does not play music,No lighting,For sale,FtrBabychair_Remake_2_3,2_3,3305,TaiysCHzEZcmoaWxh
red corner,NA,NA,Yellow,Ring curtain,No,No,Yes,3,6100,1525,White,Yellow,2x2,NA,Nook's Cranny,"Available in Nook's Cranny (upgraded only), in the third unique furniture slot",1.0.0,fitness,None,None,sports ring,Yes,Sports,No,Does not play music,No lighting,For sale,FtrRingcornerRed_Remake_0_4,0_4,7151,dPi7khPauzwhS2SrC
ELECTRIC GUITAR,Marine emerald,NA,Chic logo,Sticker area,No,No,Yes,7,71000,17750,Light blue,White,1x1,NA,Nook's Cranny,"Available in Nook's Cranny (upgraded only), in the third unique furniture slot",1.0.0,concert,None,None,None,Yes,Musical Instrument,No,Does not play music,No lighting,For sale,FtrElectricguitar2_Remake_4_2,4_2,1645,AwHjisNnQxRauHZTG
LOG BED,Orange wood,Lumber type,Bears,Bedding,Yes,Yes,Yes,6,NFS,3600,Orange,Brown,2x2,NA,Crafting,,1.0.0,garden,living room,log,None,Yes,Bed,No,Does not play music,No lighting,Not for sale,FtrLogBedW_Remake_1_2,1_2,4041,dn594ZdqymwuaJzBC
DIGITAL SCALE,Blue,NA,Black stripes,Design,No,No,Yes,1,930,232,Blue,Gray,1x1,NA,Nook's Cranny,Available in Nook's Cranny (either upgrade tier) in the unique furniture slot,1.0.0,bathroom,None,None,None,No,Bathroom Things,No,Does not play music,No lighting,For sale,FtrWeightscale_Remake_3_3,3_3,3307,Y96wR5hkMNag3bXjL
  BUNNY DAY TABLE  ,NA,NA,NA,NA,Yes,No,No,NA,NFS,1600,Red,Pink,1x1,NA,Crafting,,1.1.0a,fancy,None,Bunny Day,None,No,Table,No,Does not play music,No lighting,Not for sale,FtrEggTableS,NA,12436,QKMYK4KTjkZWeaduf
  EFFECTS RACK  ,Orange,NA,Emblem logo,Sticker area,No,No,Yes,3,6800,1700,Yellow,Green,1x1,NA,Nook's Cranny,"Available in Nook's Cranny (upgraded only), in the unique furniture slot",1.0.0,concert,facility,None,None,No,Musical Instrument,No,Does not play music,No lighting,For sale,FtrEffectorrack_Remake_2_4,2_4,950,MKPwo9ExbBMWEAoo9
  RATTAN LOW TABLE  ,Reddish brown,NA,NA,NA,No,No,No,NA,2900,,Orange,Orange,2x1,NA,Nook's Cranny,"Available in Nook's Cranny (upgraded only), in the unique furniture slot",1.0.0,living room,None,rattan,None,No,Table,No,Does not play music,No lighting,For sale,FtrRattanTableM_Remake_1_0,1_0,4054,i47dZBHgyCjMaTCFn
  electric guitar  ,Chic white,NA,Emblem logo,Sticker area,No,No,Yes,7,71000,17750,White,Green,1x1,NA,Nook's Cranny,"Available in Nook's Cranny (upgraded only), in the third unique furniture slot",1.0.0,concert,None,None,None,Yes,Musical Instrument,No,Does not play music,No lighting,For sale,FtrElectricguitar2_Remake_5_4,5_4,1645,sDSPQBb8A4oYedP4D
  wooden stool  ,Pink wood,Paint color,None,Seat,Yes,Yes,Yes,2,NFS,480,Pink,Pink,1x1,NA,Crafting,,1.0.0,child's room,living room,wooden,None,Yes,Chair,No,Does not play music,No lighting,Not for sale,FtrWoodenStoolS_Remake_7_0,7_0,3449,t8odszphRqETw2uYa
  FOLDING FLOOR LAMP  ,Yellow,NA,NA,NA,No,No,No,NA,1900,475,Yellow,Yellow,1x1,NA,Nook's Cranny,"Available in Nook's Cranny (upgraded only), in the unique furniture slot",1.0.0,child's room,living room,None,None,Yes,Lamp,No,Does not play music,Spotlight,For sale,FtrLampArm_Remake_2_0,2_0,4014,3jbTXHcE8o5W4Wbkb
DEN DESK,Brown wood,NA,NA,NA,No,No,No,NA,10000,2500,Orange,Orange,2x1,NA,Nook's Cranny,"Available in Nook's Cranny (upgraded only), in the unique furniture slot",1.0.0,den,None,None,den,No,Desk,No,Does not play music,No lighting,For sale,FtrDrawingTable_Remake_1_0,1_0,3783,E9GaNivENumhacvCt
SYNTHESIZER,Black,NA,NA,NA,No,No,No,NA,,16500,Black,White,2x1,NA,Nook's Cranny,"Available in Nook's Cranny (upgraded only), in the third unique furniture slot",1.0.0,concert,None,None,None,Yes,Musical Instrument,No,Does not play music,No lighting,For sale,FtrSynthesizer_Remake_0_0,0_0,1171,rhRJX8qTFiSHjFHCK
  synthesizer  ,Yellow,NA,NA,NA,No,No,No,NA,66000,16500,Yellow,White,2x1,NA,Nook's Cranny,"Available in Nook's Cranny (upgraded only), in the third unique furniture slot",1.0.0,concert,None,None,None,Yes,Musical Instrument,No,Does not play music,No lighting,For sale,FtrSynthesizer_Remake_3_0,3_0,1171,4bSJGw2Eb9LK27GjD
UPRIGHT LOCKER,Red,NA,Pop,Sticker area,No,No,Yes,2,3700,925,Red,Colorful,1x1,NA,Nook's Cranny,Available in Nook's Cranny (either upgrade tier) in the unique furniture slot,1.0.0,school,facility,None,None,Wardrobe,Chest,No,Does not play music,No lighting,For sale,FtrLocker_Remake_3_3,3_3,833,GZHSc4YFwhiTH23fA
elephant slide,Light blue,NA,NA,NA,No,No,No,NA,4200,,Light blue,White,2x1,NA,Nook's Cranny,Available in Nook's Cranny (either upgrade tier) in the unique furniture slot,1.0.0,garden,child's room,None,None,No,Playground,No,Does not play music,No lighting,For sale,FtrSlideelephant_Remake_3_0,3_0,86,uS9GEqAwZdN2yBcxq
  stadiometer  ,Blue,NA,NA,NA,No,No,No,NA,2100,525,Blue,Gray,1x1,NA,Nook's Cranny,Available in Nook's Cranny (either upgrade tier) in the unique furniture slot,1.0.0,school,facility,None,None,No,School,No,Does not play music,No lighting,For sale,FtrStadiometer_Remake_1_0,1_0,546,qyAEC4fxwXKRMd3Wk
  stall  ,Black,Variation,Waves,Curtain,Yes,Yes,Yes,3,NFS,,Black,Blue,2x1,NA,Crafting,,1.0.0,shop,party,None,None,No,Shop,Yes,Does not play music,No lighting,Not for sale,FtrFloat_Remake_6_4,6_4,3617,XGSZtziCBHtMYv2vn
  upright locker  ,Red,NA,Cute,Sticker area,No,No,Yes,2,3700,925,Red,Pink,1x1,NA,Nook's Cranny,Available in Nook's Cranny (either upgrade tier) in the unique furniture slot,1.0.0,school,facility,None,None,Wardrobe,Chest,No,Does not play music,No lighting,For sale,FtrLocker_Remake_3_2,3_2,833,ndsAxtnorJzQ8io4P
WOODEN STOOL,Black,Paint color,Green,Seat,Yes,Yes,Yes,2,NFS,480,Black,Green,1x1,NA,Crafting,,1.0.0,child's room,living room,wooden,None,Yes,Chair,No,Does not play music,No lighting,Not for sale,FtrWoodenStoolS_Remake_4_4,4_4,3449,nYiRNwkcYuLiCh6QP
  WOODEN-BLOCK STEREO  ,Natural,Block color,NA,NA,Yes,Yes,No,4,NFS,2460,Beige,Beige,2x1,NA,Crafting,,1.0.0,child's room,None,wooden block,None,Yes,Audio,No,Hi-fi,No lighting,Not for sale,FtrBlockCompo_Remake_0_0,0_0,3205,5oTTwCDJgLKuToY7H
frozen sculpture,Ice yellow,Illumination,NA,NA,Yes,Yes,No,7,NFS,6600,Yellow,Yellow,1.5x1.5,NA,Crafting,,1.0.0,freezing cold,None,frozen,None,No,Seasonal Decor,Yes,Does not play music,No lighting,Not for sale,FtrIceArt_Remake_3_0,3_0,3501,oCmbuxkrLCJdgJXQ2
  wooden double bed  ,Black,Paint color,Green,Bedding,Yes,Yes,Yes,6,NFS,3600,Black,Green,2x2,NA,Crafting,,1.0.0,child's room,living room,wooden,None,Yes,Bed,No,Does not play music,No lighting,Not for sale,FtrWoodenBedW_Remake_4_3,4_3,7132,uiem3cjKuaML4JpSq
  frozen tree  ,Ice blue,Illumination,NA,NA,Yes,Yes,No,7,NFS,8200,Blue,Blue,2x2,NA,Crafting,,1.0.0,freezing cold,None,frozen,None,No,Seasonal Decor,Yes,Does not play music,No lighting,Not for sale,FtrIceTree_Remake_1_0,1_0,3504,Ng6Xrc2oLAHcM2o6E
DIY workbench,Natural,Paint color,NA,NA,Yes,Yes,No,7,NFS,6630,Beige,Colorful,2x1,NA,Crafting,,1.0.0,garage,None,None,None,Workbench,Work Bench,No,Does not play music,No lighting,Not for sale,FtrWorkbench_Remake_0_0,0_0,1241,FE6vccFauNRCgRuj7
electric guitar,Cosmo black,NA,Pop logo,Sticker area,No,No,Yes,7,71000,17750,Black,Colorful,1x1,NA,Nook's Cranny,"Available in Nook's Cranny (upgraded only), in the third unique furniture slot",1.0.0,concert,None,None,None,Yes,Musical Instrument,No,Does not play music,No lighting,For sale,FtrElectricguitar2_Remake_6_6,6_6,1645,7phZnAvFg3hLwqxG3
  ELECTRIC GUITAR  ,Natural wood,NA,Emblem logo,Sticker area,No,No,Yes,7,71000,17750,Beige,Green,1x1,NA,Nook's Cranny,"Available in Nook's Cranny (upgraded only), in the third unique furniture slot",1.0.0,concert,None,None,None,Yes,Musical Instrument,No,Does not play music,No lighting,For sale,FtrElectricguitar2_Remake_1_4,1_4,1645,vzDYg3rpHk3YkDpth
  WOODEN END TABLE  ,Black,Paint color,NA,NA,Yes,Yes,No,2,NFS,,Black,Colorful,1x1,NA,Crafting,,1.0.0,child's room,living room,wooden,None,No,Table,No,Does not play music,No lighting,Not for sale,FtrWoodenTableS_Remake_4_0,4_0,3438,qnpks89w8dga8mdsS
  STALL  ,Pink,Variation,Waves,Curtain,Yes,Yes,Yes,3,NFS,1440,Pink,Blue,2x1,NA,Crafting,,1.0.0,shop,party,None,None,No,Shop,Yes,Does not play music,No lighting,Not for sale,FtrFloat_Remake_4_4,4_4,3617,mNmf46dmhveZJnMPa
  throwback race-car bed  ,White,NA,NA,NA,No,No,No,NA,3800,950,White,Black,2x1,NA,Nook's Cranny,"Available in Nook's Cranny (upgraded only), in the unique furniture slot",1.0.0,child's room,None,throwback,None,Yes,Bed,No,Does not play music,No lighting,For sale,FtrBoyBedS_Remake_5_0,5_0,4759,ipjQq2gYYtxKXpeK7
lawn mower,Blue,NA,NA,NA,No,No,No,NA,2900,725,Blue,White,1x1,NA,Nook's Cranny,Available in Nook's Cranny (either upgrade tier) in the unique furniture slot,1.0.0,garden,None,None,None,No,Garden,Yes,Does not play music,No lighting,For sale,FtrLawnmower_Remake_2_0,2_0,338,CLs9jA4Tqe3vjEYW4
  LOG EXTRA-LONG SOFA  ,Orange wood,Lumber type,Geometric print,Cushions,Yes,Yes,Yes,4,NFS,,Orange,Colorful,2x1,NA,Crafting,,1.0.0,garden,living room,log,None,Yes,Sofa,No,Does not play music,No lighting,Not for sale,FtrLogSofaL_Remake_1_2,1_2,4044,LxCWETnYDJuFTSewS
GARDEN BENCH,Black,Variation,NA,NA,Yes,Yes,No,6,NFS,4440,Beige,Black,2x1,NA,Crafting,,1.0.0,garden,None,None,None,Yes,Sofa,Yes,Does not play music,No lighting,Not for sale,FtrParkbenche_Remake_0_0,0_0,3509,BoDSXSMQZtnJPKQBe
  box corner sofa  ,Navy blue,NA,NA,NA,No,No,No,NA,,675,Blue,Black,1x1,NA,Nook's Cranny,"Available in Nook's Cranny (upgraded only), in the unique furniture slot",1.0.0,shop,facility,None,None,Yes,Chair,No,Does not play music,No lighting,For sale,FtrBoxsofaCorner_Remake_3_0,3_0,1853,Dm6yT3emYdLoYinbS
  DIGITAL SCALE  ,White,NA,White,Design,No,No,Yes,1,930,232,White,White,1x1,NA,Nook's Cranny,Available in Nook's Cranny (either upgrade tier) in the unique furniture slot,1.0.0,bathroom,None,None,None,No,Bathroom Things,No,Does not play music,No lighting,For sale,FtrWeightscale_Remake_0_0,0_0,3307,2mNpm4xzP6xHcAPXE
lifeguard chair,Blue,NA,NA,NA,No,No,No,NA,NFS,5000,Blue,White,1x1,1000,Nook Miles Shop,,1.0.0,ocean,None,None,None,No,Seaside,Yes,Does not play music,No lighting,Not for sale,FtrMonitoringchair_Remake_0_0,0_0,3345,o5zk7pS64Lcwzhhdy
  WOODEN TABLE  ,Pink wood,Paint color,None,Tablecloth,Yes,Yes,Yes,4,NFS,,Pink,Pink,2x2,NA,Crafting,,1.0.0,child's room,living room,wooden,None,No,Table,No,Does not play music,No lighting,Not for sale,FtrWoodenTableL_Remake_7_0,7_0,3439,6kiqE7HWH2znhjuMZ
double sofa,Blue,NA,NA,NA,No,No,No,NA,4300,1075,Blue,Blue,2x1,NA,Nook's Cranny,Available in Nook's Cranny (either upgrade tier) in the unique furniture slot,1.0.0,living room,None,None,None,Yes,Sofa,No,Does not play music,No lighting,For sale,FtrSofaL_Remake_3_0,3_0,2554,9j9CToxTa98p8ADsX
  throwback race-car bed  ,Yellow,NA,NA,NA,No,No,No,NA,3800,,Yellow,Black,2x1,NA,Nook's Cranny,"Available in Nook's Cranny (upgraded only), in the unique furniture slot",1.0.0,child's room,None,throwback,None,Yes,Bed,No,Does not play music,No lighting,For sale,FtrBoyBedS_Remake_2_0,2_0,4759,kXmCi7pmAg2chKq7a
  frozen bed  ,Ice blue,Illumination,Brown,Bedding,Yes,Yes,Yes,8,NFS,9000,Blue,Brown,2x2,NA,Crafting,,1.0.0,freezing cold,None,frozen,None,Yes,Bed,Yes,Does not play music,No lighting,Not for sale,FtrIceBedW_Remake_1_0,1_0,3502,dgMibFh4DRuyuD4Mh
park clock,Brown,NA,NA,NA,No,No,No,NA,NFS,12000,Brown,White,1x1,2400,Nook Miles Shop,,1.0.0,garden,None,None,None,Yes,Clock,Yes,Does not play music,No lighting,Not for sale,FtrParkclock_Remake_3_0,3_0,3595,8Au2EB4tdo45xpcZ9
  LOG ROUND TABLE  ,White birch,Lumber type,Geometric print,Tablecloth,Yes,No,Yes,4,,1800,White,Colorful,2x2,NA,Crafting,,1.0.0,garden,living room,log,None,No,Table,Yes,Does not play music,No lighting,Not for sale,FtrLogTableLRound_Remake_3_2,3_2,4043,acaX4YvTPg9GZ7X7f
log stool,White wood,Lumber type,NA,NA,Yes,Yes,No,1,NFS,480,Beige,Beige,1x1,NA,Crafting,,1.0.0,garden,None,log,None,Yes,Chair,Yes,Does not play music,No lighting,Not for sale,FtrLogStoolS_Remake_2_0,2_0,4038,ALXdHxZxSkLD2Y9r8
vintage tv tray,Silver,NA,White,Tray,No,No,Yes,1,1200,300,Gray,White,1x1,NA,Nook's Cranny,Available in Nook's Cranny (either upgrade tier) in the unique furniture slot,1.0.0,living room,None,None,None,No,Table,No,Does not play music,No lighting,For sale,FtrTVtray_Remake_1_2,1_2,4445,mBecRNRKXmWzMGppz
  LOG EXTRA-LONG SOFA  ,White birch,Lumber type,None,Cushions,Yes,Yes,Yes,4,,1920,White,White,2x1,NA,Crafting,,1.0.0,garden,living room,log,None,Yes,Sofa,No,Does not play music,No lighting,Not for sale,FtrLogSofaL_Remake_3_0,3_0,4044,sWMWPLGQELSqK2pQF
simple panel,Silver,NA,Horizontal planks,Panel design,No,No,Yes,1,810,202,Gray,Brown,1x0.5,NA,Nook's Cranny,Available in Nook's Cranny (either upgrade tier) in the unique furniture slot,1.0.0,facility,None,None,None,No,Screen,No,Does not play music,No lighting,For sale,FtrScreenSimple_Remake_6_3,6_3,5338,y95E7YhK7CPvDG8eE
HAMMOCK,Blue,NA,Hibiscus flowers,Cloth,No,No,Yes,1,1300,,Blue,Light blue,2x1,NA,Nook's Cranny,"Available in all tiers of shops, including Timmy & Tommy before the shop is opened",1.0.0,outdoors,None,None,None,Yes,Bed,Yes,Does not play music,No lighting,For sale,FtrHammock_Remake_3_2,3_2,1620,v3QuijmQvd5qmiEXj
  hammock  ,Black,NA,White,Cloth,No,No,Yes,1,1300,325,Black,White,2x1,NA,Nook's Cranny,"Available in all tiers of shops, including Timmy & Tommy before the shop is opened",1.0.0,outdoors,None,None,None,Yes,Bed,Yes,Does not play music,No lighting,For sale,FtrHammock_Remake_6_3,6_3,1620,MQtoTqctyqA2Bchsg
  rock guitar  ,Natural wood,NA,Pop logo,Sticker area,No,No,Yes,2,,775,Beige,Colorful,1x1,NA,Nook's Cranny,Available in Nook's Cranny (either upgrade tier) in the unique furniture slot,1.0.0,concert,None,None,None,Yes,Musical Instrument,No,Does not play music,No lighting,For sale,FtrElectricguitar1_Remake_5_6,5_6,1644,zBZ39HEkgB3qYjFWg
  bunk bed  ,Pink,NA,White,Bedding,No,No,Yes,2,5000,1250,Pink,White,2x1,NA,Nook's Cranny,Available in Nook's Cranny (either upgrade tier) in the unique furniture slot,1.0.0,facility,None,None,None,Yes,Bed,No,Does not play music,No lighting,For sale,FtrBunkbed_Remake_6_0,6_0,8298,2ydLKLZrqAkruHeaj
deluxe washer,Black,NA,NA,NA,No,No,No,NA,76000,19000,Black,Black,1x1,NA,Nook's Cranny,"Available in Nook's Cranny (upgraded only), in the third unique furniture slot",1.0.0,bathroom,None,None,None,Yes,Home Appliances,No,Does not play music,No lighting,For sale,FtrWashingmachineDrum_Remake_1_0,1_0,1227,A9cDRxPhu8yWgCr7C
deluxe washer,Blue,NA,NA,NA,No,No,No,NA,76000,19000,Blue,Blue,1x1,NA,Nook's Cranny,"Available in Nook's Cranny (upgraded only), in the third unique furniture slot",1.0.0,bathroom,None,None,None,Yes,Home Appliances,No,Does not play music,No lighting,For sale,FtrWashingmachineDrum_Remake_2_0,2_0,1227,w37n9KYeeaGNAoFYb
RATTAN ARMCHAIR,White,NA,NA,NA,No,No,No,NA,3200,800,Light blue,White,1x1,NA,Nook's Cranny,"Available in Nook's Cranny (upgraded only), in the unique furniture slot",1.0.0,living room,None,rattan,None,Yes,Sofa,No,Does not play music,No lighting,For sale,FtrRattanChairS_Remake_3_0,3_0,4053,GDCR5zmaEbmmTHFuH
  outdoor bench  ,Red,NA,Green,Seat,No,No,Yes,1,,325,Red,Green,2x1,NA,Nook's Cranny,Available in Nook's Cranny (either upgrade tier) in the unique furniture slot,1.0.0,outdoors,None,None,None,Yes,Sofa,Yes,Does not play music,No lighting,For sale,FtrOutdoorchairM_Remake_4_2,4_2,3947,8oyE2tLMJCz4uz5JR
  HOSE REEL  ,Green,NA,NA,NA,No,No,No,NA,1400,350,Green,Beige,1x1,NA,Nook's Cranny,Available in Nook's Cranny (either upgrade tier) in the unique furniture slot,1.0.0,garden,None,None,None,No,Garden,Yes,Does not play music,No lighting,For sale,FtrHosereel_Remake_3_0,3_0,4113,Aja6Y8BJCufbmSWdj
CHANGING ROOM,Brown,NA,Purple,Curtain,No,No,Yes,2,3700,,Orange,Purple,1x1,NA,Nook's Cranny,"Available in Nook's Cranny (upgraded only), in the unique furniture slot",1.0.0,shop,facility,None,None,Wardrobe,Shop,No,Does not play music,No lighting,For sale,FtrFittingroom_Remake_2_1,2_1,1816,BmTLWo9YRFvGmQFdK
zen-style stone,White granite,Stone,NA,NA,Yes,Yes,No,6,NFS,4500,Gray,Gray,1x1,NA,Crafting,,1.0.0,zen-style,horror,None,None,No,Japanese Style,Yes,Does not play music,No lighting,Not for sale,FtrGravestoneJapan_Remake_0_0,0_0,7317,xDuaerhiJuiJnwNDS
  school chair  ,Natural & silver,NA,NA,NA,No,No,No,NA,980,,Yellow,Gray,1x1,NA,Nook's Cranny,Available in Nook's Cranny (either upgrade tier) in the unique furniture slot,1.0.0,school,None,None,school,Yes,Chair,No,Does not play music,No lighting,For sale,FtrSchoolChairS_Remake_0_0,0_0,1308,NukHfecsnkaCp2QMz
Papa bear,Checkered,NA,Blue,Ribbon,No,No,Yes,3,,2125,Red,Blue,2x2,NA,Nook's Cranny,"Available in Nook's Cranny (upgraded only), in the third unique furniture slot",1.0.0,fancy,child's room,None,bear,No,Animal,No,Does not play music,No lighting,For sale,FtrBearL_Remake_4_2,4_2,1499,N4qANzbii6fpDkcxF
sleeping bag,Blue,NA,NA,NA,No,No,No,NA,1400,350,Blue,Orange,2x1,NA,Nook's Cranny,"Available in all tiers of shops, including Timmy & Tommy before the shop is opened",1.0.0,outdoors,None,None,None,Yes,Bed,Yes,Does not play music,No lighting,For sale,FtrSleepingbag_Remake_2_0,2_0,1434,2tgRqT44Dfuc6RHi2
dj's turntable,Black,NA,Pop logo,Flag,No,No,Yes,4,9300,2325,Black,Yellow,2x1,NA,Nook's Cranny,"Available in Nook's Cranny (upgraded only), in the unique furniture slot",1.0.0,party,concert,None,None,Yes,Musical Instrument,No,Hi-fi,No lighting,For sale,FtrDJbooth_Remake_0_6,0_6,941,rJ6XcP7hnLAdPQnSW
throwback hat table,Blue,NA,NA,NA,No,No,No,NA,,950,Blue,Blue,2x2,NA,Nook's Cranny,"Available in Nook's Cranny (upgraded only), in the third unique furniture slot",1.0.0,child's room,fitness,throwback,None,No,Table,No,Does not play music,No lighting,For sale,FtrBoyTableL_Remake_1_0,1_0,4760,zpgadZ5b36PJfkRGW
fishing-rod stand,Black,Variation,NA,NA,No,Yes,No,1,NFS,300,Black,Black,1x1,NA,Fishing Tourney,,1.0.0,ocean,living room,None,None,No,Supplies,No,Does not play music,No lighting,Not for sale,FtrRodstand_Remake_2_0,2_0,3587,DoZ8JujCxSemiRdC9
upright locker,White,NA,Cool,Sticker area,No,No,Yes,2,3700,925,White,Black,1x1,NA,Nook's Cranny,Available in Nook's Cranny (either upgrade tier) in the unique furniture slot,1.0.0,school,facility,None,None,Wardrobe,Chest,No,Does not play music,No lighting,For sale,FtrLocker_Remake_1_1,1_1,833,YoFRe7sceozdPR3A9
  FISH-DRYING RACK  ,Octopus,Variation,NA,NA,No,Yes,No,1,NFS,750,Orange,Beige,2x1,NA,Fishing Tourney,,1.0.0,ocean,garden,None,None,No,Seaside,Yes,Does not play music,No lighting,Not for sale,FtrDriedfish_Remake_2_0,2_0,3581,HJ2ED2N53xRudjShv
wooden double bed,Pink wood,Paint color,Pink,Bedding,Yes,Yes,Yes,6,NFS,3600,Pink,Pink,2x2,NA,Crafting,,1.0.0,child's room,living room,wooden,None,Yes,Bed,No,Does not play music,No lighting,Not for sale,FtrWoodenBedW_Remake_7_1,7_1,7132,R9CWQbAxXixtZp9JZ
WOODEN DOUBLE BED,Blue,Paint color,Green,Bedding,Yes,Yes,Yes,6,NFS,3600,Blue,Green,2x2,NA,Crafting,,1.0.0,child's room,living room,wooden,None,Yes,Bed,No,Does not play music,No lighting,Not for sale,FtrWoodenBedW_Remake_6_3,6_3,7132,A7zMCCd9pfw9zPn6Y
IRONWOOD BED,Birch,Lumber type,Navy,Bedding,Yes,Yes,Yes,8,NFS,9900,Beige,Black,2x1,NA,Crafting,,1.0.0,living room,None,ironwood,None,Yes,Bed,No,Does not play music,No lighting,Not for sale,FtrIronwoodBedS_Remake_0_0,0_0,3200,JEcoSbWyZrv7tvZiQ
  beekeeper's hive  ,White,Paint color,NA,NA,Yes,Yes,No,4,,2400,White,White,1x1,NA,Crafting,,1.0.0,garden,None,None,None,No,Ranch,Yes,Does not play music,No lighting,Not for sale,FtrBeekeepingbox_Remake_1_0,1_0,3406,WdhfmHNG3KCDQdrS4
WOODEN-BLOCK STOOL,Pastel,Block color,NA,NA,Yes,Yes,No,1,NFS,600,Light blue,Light blue,1x1,NA,Crafting,,1.0.0,child's room,None,wooden block,None,Yes,Chair,No,Does not play music,No lighting,Not for sale,FtrBlockStoolS_Remake_3_0,3_0,5543,JkrgNR4zwnMusoz4J
hedge standee,Hibiscus,Season,NA,NA,Yes,Yes,No,1,NFS,600,Green,Red,1x0.5,NA,Crafting,,1.0.0,school,None,None,standee,No,School,No,Does not play music,No lighting,Not for sale,FtrHariboteHedge_Remake_4_0,4_0,531,nBtvcnKS5cu5nyPjf
  WOODEN DOUBLE BED  ,Light wood,Paint color,Blue,Bedding,Yes,Yes,Yes,6,NFS,3600,Beige,Light blue,2x2,NA,Crafting,,1.0.0,child's room,living room,wooden,None,Yes,Bed,No,Does not play music,No lighting,Not for sale,FtrWoodenBedW_Remake_0_2,0_2,7132,QM5ThhQJqqCdTqWdg
imperial dining chair,Brown,NA,NA,NA,No,No,No,NA,29000,7250,Green,Brown,1x1,NA,Nook's Cranny,"Available in Nook's Cranny (upgraded only), in the third unique furniture slot",1.0.0,shop,zen-style,None,imperial dining,Yes,Chair,No,Does not play music,No lighting,For sale,FtrChineseChair_Remake_1_0,1_0,7797,LewsiCSziWK5SNXj5
floor lamp,Natural,NA,White,Lampshade,No,No,Yes,1,1400,350,Beige,White,1x1,NA,Nook's Cranny,"Available in Nook's Cranny (upgraded only), in the unique furniture slot",1.0.0,living room,None,None,None,Yes,Lamp,No,Does not play music,Fluorescent,For sale,FtrLamp_Remake_0_0,0_0,2561,LZBQBncGemMuS3oF9
  wedding chair  ,Cute,Design,NA,NA,No,Yes,No,2,2000,500,White,Pink,1x1,NA,Wedding Season,,1.2.0,party,expensive,wedding,None,Yes,Chair,No,Does not play music,No lighting,Not for sale,FtrWeddingChairS_Remake_0_0,0_0,12405,kgHqkSCZZSHaoCNCG
  vintage TV tray  ,Silver,NA,Black,Tray,No,No,Yes,1,1200,300,Gray,Black,1x1,NA,Nook's Cranny,Available in Nook's Cranny (either upgrade tier) in the unique furniture slot,1.0.0,living room,None,None,None,No,Table,No,Does not play music,No lighting,For sale,FtrTVtray_Remake_1_1,1_1,4445,rLhRP92bTAuAzMPA9
ELECTRIC GUITAR,Marine emerald,NA,None,Sticker area,No,No,Yes,7,71000,,Light blue,Light blue,1x1,NA,Nook's Cranny,"Available in Nook's Cranny (upgraded only), in the third unique furniture slot",1.0.0,concert,None,None,None,Yes,Musical Instrument,No,Does not play music,No lighting,For sale,FtrElectricguitar2_Remake_4_0,4_0,1645,utwBur5sSSpYJPavd
  FROZEN SCULPTURE  ,Ice purple,Illumination,NA,NA,Yes,Yes,No,7,NFS,6600,Purple,Purple,1.5x1.5,NA,Crafting,,1.0.0,freezing cold,None,frozen,None,No,Seasonal Decor,Yes,Does not play music,No lighting,Not for sale,FtrIceArt_Remake_6_0,6_0,3501,twYuCudxKFe73hMnw
  studio spotlight  ,Blue,NA,NA,NA,No,No,No,NA,2100,,Black,Blue,1x1,NA,Nook's Cranny,Available in Nook's Cranny (either upgrade tier) in the unique furniture slot,1.0.0,facility,concert,None,None,Yes,Lamp,No,Does not play music,Spotlight,For sale,FtrLampSpot_Remake_6_0,6_0,7189,2MfG3hbJAzna4ygyg
  shell table  ,Purple,Shell color,NA,NA,Yes,Yes,No,4,NFS,,Purple,Purple,2x2,NA,Crafting,,1.0.0,ocean,None,shell,None,No,Table,Yes,Does not play music,No lighting,Not for sale,FtrShellTableL_Remake_4_0,4_0,3980,yKEoPwwSmPPAfTMk2
  BOX CORNER SOFA  ,Pink,NA,NA,NA,No,No,No,NA,2700,675,Pink,Black,1x1,NA,Nook's Cranny,"Available in Nook's Cranny (upgraded only), in the unique furniture slot",1.0.0,shop,facility,None,None,Yes,Chair,No,Does not play music,No lighting,For sale,FtrBoxsofaCorner_Remake_1_0,1_0,1853,XDTS9AhCbPBaCwsob
  CHANGING ROOM  ,Black,NA,Black,Curtain,No,No,Yes,2,3700,925,Black,Black,1x1,NA,Nook's Cranny,"Available in Nook's Cranny (upgraded only), in the unique furniture slot",1.0.0,shop,facility,None,None,Wardrobe,Shop,No,Does not play music,No lighting,For sale,FtrFittingroom_Remake_4_2,4_2,1816,WxywpCh64irnyem5c
SCREEN,Pine,NA,NA,NA,No,No,No,NA,140000,35000,Yellow,Green,2x1,NA,Nook's Cranny,"Available in Nook's Cranny (upgraded only), in the third unique furniture slot",1.0.0,zen-style,expensive,None,None,No,Japanese Style,No,Does not play music,No lighting,For sale,FtrScreenByoubu_Remake_2_0,2_0,716,chz42N5FbGPkxyTgu
  digital scale  ,Black,NA,Floral,Design,No,No,Yes,1,930,232,Black,Red,1x1,NA,Nook's Cranny,Available in Nook's Cranny (either upgrade tier) in the unique furniture slot,1.0.0,bathroom,None,None,None,No,Bathroom Things,No,Does not play music,No lighting,For sale,FtrWeightscale_Remake_1_1,1_1,3307,9rEvCpCeht9DagD3n
  SIMPLE PANEL  ,Brown,NA,Pegboard,Panel design,No,No,Yes,1,,202,Orange,Brown,1x0.5,NA,Nook's Cranny,Available in Nook's Cranny (either upgrade tier) in the unique furniture slot,1.0.0,facility,None,None,None,No,Screen,No,Does not play music,No lighting,For sale,FtrScreenSimple_Remake_3_2,3_2,5338,H7tHRzitjW4nqrfKD
  ROCKET LAMP  ,Turquoise,NA,NA,NA,No,No,No,NA,,375,Light blue,Pink,1x1,NA,Nook's Cranny,Available in Nook's Cranny (either upgrade tier) in the unique furniture slot,1.0.0,facility,None,None,None,Yes,Lamp,No,Does not play music,Fluorescent,For sale,FtrLavalamp_Remake_3_0,3_0,1851,wWcfwGBc6yF88wrjb
WOODEN TABLE,White wood,Paint color,Pink,Tablecloth,Yes,Yes,Yes,4,NFS,1800,White,Pink,2x2,NA,Crafting,,1.0.0,child's room,living room,wooden,None,No,Table,No,Does not play music,No lighting,Not for sale,FtrWoodenTableL_Remake_1_2,1_2,3439,pkfZzAcbvhphy4Ykm
  changing room  ,Brown,NA,Black,Curtain,No,No,Yes,2,3700,925,Orange,Black,1x1,NA,Nook's Cranny,"Available in Nook's Cranny (upgraded only), in the unique furniture slot",1.0.0,shop,facility,None,None,Wardrobe,Shop,No,Does not play music,No lighting,For sale,FtrFittingroom_Remake_2_2,2_2,1816,k3t55AoYzTC95inHh
  monster statue  ,Blue,NA,NA,NA,No,No,No,NA,NFS,25000,Blue,Blue,3x3,5000,Nook Miles Shop,,1.0.0,child's room,horror,None,None,Yes,Toy,Yes,Does not play music,No lighting,Not for sale,FtrMonster_Remake_1_0,1_0,4722,ifyYxTHPnYs8Tm9GC
  drying rack  ,Black,NA,NA,NA,No,No,No,NA,,675,Black,Colorful,2x1,NA,Nook's Cranny,Available in Nook's Cranny (either upgrade tier) in the unique furniture slot,1.0.0,garden,bathroom,None,None,No,Supplies,Yes,Does not play music,No lighting,For sale,FtrClothesstand_Remake_2_0,2_0,7789,BHLggkqKdJ9wuyk9J
  ironwood chair  ,Birch,Lumber type,NA,NA,Yes,Yes,No,3,NFS,1860,Beige,Black,1x1,NA,Crafting,,1.0.0,living room,None,ironwood,None,Yes,Chair,No,Does not play music,No lighting,Not for sale,FtrIronwoodChairS_Remake_0_0,0_0,3193,Gd5KPkiGL664LBeQW
  PLAYGROUND GYM  ,Colorful,NA,NA,NA,No,No,No,NA,NFS,15000,Colorful,Colorful,2x2,3000,Nook Miles Shop,,1.0.0,garden,child's room,None,None,Yes,Playground,Yes,Does not play music,No lighting,Not for sale,FtrJunglegym_Remake_0_0,0_0,3430,MbEZKWwfNgEno7wWX
  CUTE SOFA  ,Yellow,NA,NA,NA,No,No,No,NA,9600,2400,Yellow,Orange,2x1,NA,Nook's Cranny,"Available in Nook's Cranny (upgraded only), in the unique furniture slot",1.0.0,fancy,None,cute,None,Yes,Sofa,No,Does not play music,No lighting,For sale,FtrCuteChairL_Remake_2_0,2_0,3998,EPahiFHfus98vyZAd
wooden low table,Cherry wood,Paint color,NA,NA,Yes,Yes,No,2,NFS,,Orange,Orange,2x1,NA,Crafting,,1.0.0,child's room,living room,wooden,None,No,Table,No,Does not play music,No lighting,Not for sale,FtrWoodenTableM_Remake_2_0,2_0,7134,zrZRmduoyLNxyBpiX
STALL,Light brown,Variation,Red stripes,Curtain,Yes,Yes,Yes,3,NFS,,Yellow,Red,2x1,NA,Crafting,,1.0.0,shop,party,None,None,No,Shop,Yes,Does not play music,No lighting,Not for sale,FtrFloat_Remake_2_2,2_2,3617,GTf4kgDnd5s7WsCg7
  CUTE VANITY  ,White,NA,NA,NA,No,No,No,NA,5400,1350,White,Pink,1x1,NA,Nook's Cranny,"Available in Nook's Cranny (upgraded only), in the unique furniture slot",1.0.0,fancy,None,cute,None,Yes,Dresser,No,Does not play music,No lighting,For sale,FtrCuteDresser_Remake_0_0,0_0,4001,y2sCDMvPCTJQz6QB3
palm-tree lamp,Cool,Variation,NA,NA,Yes,Yes,No,5,NFS,3280,Blue,Blue,1.5x1.5,NA,Crafting,,1.0.0,ocean,None,None,None,Yes,Lamp,Yes,Does not play music,Fluorescent,Not for sale,FtrPalmtreelamp_Remake_3_0,3_0,7259,6Rw7bqA4MZDoMt7jn
  blossom-viewing lantern  ,Light wood,Body color,NA,NA,Yes,Yes,No,4,NFS,2880,Beige,Pink,1x1,NA,Crafting,,1.0.0,zen-style,None,cherry blossoms,None,Yes,Lamp,Yes,Does not play music,Fluorescent,Not for sale,FtrSakuraLantern_Remake_1_0,1_0,6831,SwREFsfJhFy9SyeBo
illuminated reindeer,Green,Light color,NA,NA,Yes,Yes,No,6,NFS,4350,Green,Green,2x1,NA,Crafting,,1.0.0,party,fancy,festive,None,Yes,Seasonal Decor,Yes,Does not play music,Fluorescent,Not for sale,FtrIllumiReindeer_Remake_3_0,3_0,4074,s4MEWnJFgptPZsLLE
  writing chair  ,Natural,NA,Yellow,Seat,No,No,Yes,1,1700,425,Beige,Yellow,1x1,NA,Nook's Cranny,Available in Nook's Cranny (either upgrade tier) in the unique furniture slot,1.0.0,child's room,None,None,writing,Yes,Chair,No,Does not play music,No lighting,For sale,FtrStudyChair_Remake_0_0,0_0,3702,xSDav8xoLttoKknLf
DJ's turntable,Black,NA,Handwritten logo,Flag,No,No,Yes,4,,2325,Black,Light blue,2x1,NA,Nook's Cranny,"Available in Nook's Cranny (upgraded only), in the unique furniture slot",1.0.0,party,concert,None,None,Yes,Musical Instrument,No,Hi-fi,No lighting,For sale,FtrDJbooth_Remake_0_5,0_5,941,XG5yDiNsiS3iYQ86f
box sofa,Pink,NA,NA,NA,No,No,No,NA,,675,Pink,Black,1x1,NA,Nook's Cranny,"Available in Nook's Cranny (upgraded only), in the unique furniture slot",1.0.0,shop,facility,None,None,Yes,Chair,No,Does not play music,No lighting,For sale,FtrBoxsofa_Remake_1_0,1_0,1852,aHgmWBhMnmGxJN6j6
changing room,Black,NA,White,Curtain,No,No,Yes,2,3700,925,Black,White,1x1,NA,Nook's Cranny,"Available in Nook's Cranny (upgraded only), in the unique furniture slot",1.0.0,shop,facility,None,None,Wardrobe,Shop,No,Does not play music,No lighting,For sale,FtrFittingroom_Remake_4_0,4_0,1816,SRDQjDatcaYRfDfm6
  serving cart  ,White & silver,NA,NA,NA,No,No,No,NA,1300,325,White,Gray,1x1,NA,Nook's Cranny,Available in Nook's Cranny (either upgrade tier) in the unique furniture slot,1.0.0,kitchen,shop,None,None,No,Kitchen Things,No,Does not play music,No lighting,For sale,FtrServingcart_Remake_3_0,3_0,1606,YJt9y4i4HXxPePjKF
  bunk bed  ,Pink,NA,Colorful lines,Bedding,No,No,Yes,2,5000,1250,Pink,Yellow,2x1,NA,Nook's Cranny,Available in Nook's Cranny (either upgrade tier) in the unique furniture slot,1.0.0,facility,None,None,None,Yes,Bed,No,Does not play music,No lighting,For sale,FtrBunkbed_Remake_6_4,6_4,8298,aPtXoArnCiHQ2LbYy
  RATTAN VANITY  ,Black,NA,NA,NA,No,No,No,NA,5900,1475,Black,Black,1x1,NA,Nook's Cranny,"Available in Nook's Cranny (upgraded only), in the unique furniture slot",1.0.0,living room,None,rattan,None,Yes,Dresser,No,Does not play music,No lighting,For sale,FtrRattanDresser_Remake_5_0,5_0,4051,s5g3Yx2PRcozdCWWh
  WOODEN FULL-LENGTH MIRROR  ,Pink wood,Paint color,NA,NA,Yes,Yes,No,2,,1350,Pink,Pink,1x1,NA,Crafting,,1.0.0,child's room,living room,wooden,None,Yes,Dresser,No,Does not play music,No lighting,Not for sale,FtrWoodenMirror_Remake_7_0,7_0,7137,uLZXHqNXG75ZtcKXM
WOODEN SIMPLE BED,Dark wood,Paint color,Orange,Bedding,Yes,Yes,Yes,4,NFS,2160,Brown,Orange,2x1,NA,Crafting,,1.0.0,child's room,living room,wooden,None,Yes,Bed,No,Does not play music,No lighting,Not for sale,FtrWoodenBedS_Remake_3_0,3_0,2605,4eFNs5fj45mQLdiGx
garden lantern,Bronze,NA,NA,NA,No,No,No,NA,1400,350,Green,Green,1x1,NA,Nook's Cranny,Available in Nook's Cranny (either upgrade tier) in the unique furniture slot,1.0.0,garden,None,None,None,Yes,Lamp,Yes,Does not play music,Fluorescent,For sale,FtrLampGarden_Remake_2_0,2_0,1628,FccAL9Z7t4e9LoCwf
exercise ball,White,NA,NA,NA,No,No,No,NA,1100,275,White,White,1x1,NA,Nook's Cranny,Available in Nook's Cranny (either upgrade tier) in the unique furniture slot,1.0.0,fitness,office,None,None,Yes,Sports,No,Does not play music,No lighting,For sale,FtrBalanceball_Remake_2_0,2_0,1598,xuxAD8a4MFbZbps7c
  CLAW-FOOT TUB  ,Black,NA,NA,NA,No,No,No,NA,63000,15750,Black,White,2x1,NA,Nook's Cranny,"Available in Nook's Cranny (upgraded only), in the third unique furniture slot",1.0.0,bathroom,expensive,None,None,No,Bathtub,No,Does not play music,No lighting,For sale,FtrBathtubCabriole_Remake_1_0,1_0,1757,JXnrPfBhZSX353JYM
  simple panel  ,Copper,NA,Mud wall,Panel design,No,No,Yes,1,810,202,Brown,Beige,1x0.5,NA,Nook's Cranny,Available in Nook's Cranny (either upgrade tier) in the unique furniture slot,1.0.0,facility,None,None,None,No,Screen,No,Does not play music,No lighting,For sale,FtrScreenSimple_Remake_5_5,5_5,5338,SbQ5CrEdERBrnTkSx
pet bed,White,NA,Moss green,Cushion,No,No,Yes,1,1100,275,White,Green,1x1,NA,Nook's Cranny,Available in Nook's Cranny (either upgrade tier) in the unique furniture slot,1.0.0,living room,None,None,pet,Yes,Chair,No,Does not play music,No lighting,For sale,FtrPetBed_Remake_2_1,2_1,7802,DNG8geAdXzG2k3uH6
soft-serve lamp,Purple sweet potato,NA,NA,NA,No,No,No,NA,3000,750,Purple,Beige,1x1,NA,Nook's Cranny,"Available in Nook's Cranny (upgraded only), in the unique furniture slot",1.0.0,shop,fancy,None,None,Yes,Lamp,Yes,Does not play music,Fluorescent,For sale,FtrLampSoftcream_Remake_1_0,1_0,3416,DfXYbuExurXsjxZkm
  floor lamp  ,White,NA,Light blue,Lampshade,No,No,Yes,1,1400,,White,Light blue,1x1,NA,Nook's Cranny,"Available in Nook's Cranny (upgraded only), in the unique furniture slot",1.0.0,living room,None,None,None,Yes,Lamp,No,Does not play music,Fluorescent,For sale,FtrLamp_Remake_2_3,2_3,2561,eBLomgnf2DbuMfmFS
stall,Dark brown,Variation,Green stripes,Curtain,Yes,Yes,Yes,3,,,Brown,Green,2x1,NA,Crafting,,1.0.0,shop,party,None,None,No,Shop,Yes,Does not play music,No lighting,Not for sale,FtrFloat_Remake_1_1,1_1,3617,kzdhvTBNcyJ5S4ztD
STANDARD UMBRELLA STAND,Silver,Body color,Dots,Favorite umbrella,Yes,Yes,Yes,4,NFS,2250,Gray,Green,1x1,NA,Crafting,,1.0.0,school,office,None,None,No,Supplies,No,Does not play music,No lighting,Not for sale,FtrUmbrellastand_Remake_2_1,2_1,3445,KM3HcP7F7NjTQemkt
public bench,White,NA,NA,NA,No,No,No,NA,NFS,10000,Beige,Beige,2x1,2000,Nook Miles Shop,,1.0.0,facility,None,None,None,Yes,Sofa,Yes,Does not play music,No lighting,Not for sale,FtrPublicbench_Remake_3_0,3_0,3346,xpetQ9ZwwY9euSKH5
  AIR CIRCULATOR  ,White,NA,NA,NA,No,No,No,NA,1100,275,White,White,1x1,NA,Nook's Cranny,Available in Nook's Cranny (either upgrade tier) in the unique furniture slot,1.0.0,living room,office,None,None,Yes,Fan,Yes,Does not play music,No lighting,For sale,FtrCirculator_Remake_0_0,0_0,3821,J4inuBziPCSGZNEPM
STALL,Natural,Variation,Red stripes,Curtain,Yes,Yes,Yes,3,NFS,1440,Beige,Red,2x1,NA,Crafting,,1.0.0,shop,party,None,None,No,Shop,Yes,Does not play music,No lighting,Not for sale,FtrFloat_Remake_0_2,0_2,3617,AaQe7bG5MysbQr6R8
  lifeguard chair  ,Red,NA,NA,NA,No,No,No,NA,NFS,5000,Red,Red,1x1,1000,Nook Miles Shop,,1.0.0,ocean,None,None,None,No,Seaside,Yes,Does not play music,No lighting,Not for sale,FtrMonitoringchair_Remake_4_0,4_0,3345,7DESvhrXXQvZLfXBh
frozen arch,Ice green,Illumination,NA,NA,Yes,Yes,No,7,NFS,9000,Green,Green,3x1,NA,Crafting,,1.0.0,freezing cold,None,frozen,None,No,Arch,Yes,Does not play music,No lighting,Not for sale,FtrIceGate_Remake_5_0,5_0,3499,v6P8ekW9rxCHSKfhf
climbing wall,Blue,NA,NA,NA,No,No,No,NA,4300,,Light blue,Colorful,2x0.5,NA,Nook's Cranny,"Available in Nook's Cranny (upgraded only), in the unique furniture slot",1.0.0,fitness,None,None,None,No,Sports,Yes,Does not play music,No lighting,For sale,FtrClimbingwall_Remake_2_0,2_0,4006,QBtBqZfN2vfJbe3TE
GARDEN BENCH,White,Variation,NA,NA,Yes,Yes,No,6,NFS,4440,White,White,2x1,NA,Crafting,,1.0.0,garden,None,None,None,Yes,Sofa,Yes,Does not play music,No lighting,Not for sale,FtrParkbenche_Remake_5_0,5_0,3509,kmuuh5kB75uocwKnr
  iron hanger stand  ,White,NA,Shell pink,Shawl,Yes,No,Yes,4,,2250,White,Pink,1x1,NA,Crafting,,1.0.0,living room,None,iron,None,No,Chest,No,Does not play music,No lighting,Not for sale,FtrIronHanger_Remake_1_1,1_1,3561,LDXoMXLyLPFLGGN8Y
  SCHOOL DESK  ,Light brown & black,NA,NA,NA,No,No,No,NA,,,Orange,Black,1x1,NA,Nook's Cranny,Available in Nook's Cranny (either upgrade tier) in the unique furniture slot,1.0.0,school,None,None,school,No,Desk,No,Does not play music,No lighting,For sale,FtrSchoolTableS_Remake_2_0,2_0,1328,c4LPPGGWHeZyXuDfH
  THROWBACK ROCKET  ,Black,NA,NA,NA,No,No,No,NA,5900,1475,Black,Red,1x1,NA,Nook's Cranny,"Available in Nook's Cranny (upgraded only), in the unique furniture slot",1.0.0,child's room,space,throwback,None,Wardrobe,Chest,No,Does not play music,No lighting,For sale,FtrBoyClosetL_Remake_5_0,5_0,4761,5j7mynEbTsJ8Yc3GA
  BIRTHDAY SIGN  ,Blue,Variation,NA,NA,No,Yes,No,1,NFS,300,Colorful,Blue,2x1,NA,Birthday,,1.0.0,party,fancy,None,birthday,No,Seasonal Decor,No,Does not play music,No lighting,Not for sale,FtrBirthdayBoard_Remake_2_0,2_0,3594,L37r5nZM9HMtypigw
  GIANT TEDDY BEAR  ,Cream,Fabric,White,Ribbon,Yes,Yes,Yes,8,NFS,6300,Yellow,White,3x3,NA,Crafting,,1.0.0,fancy,child's room,None,bear,No,Animal,No,Does not play music,No lighting,Not for sale,FtrBearXL_Remake_0_1,0_1,1504,Wa2ByDsRxqXAcu2Eb
speed bag,Black,NA,NA,NA,No,No,No,NA,3500,875,Black,Gray,1x1,NA,Nook's Cranny,Available in Nook's Cranny (either upgrade tier) in the unique furniture slot,1.0.0,fitness,None,None,None,Yes,Sports,No,Does not play music,No lighting,For sale,FtrSpeedbag_Remake_2_0,2_0,7653,ZRSRxiAGZwaAtAumW
effects rack,Blue,NA,Rock logo,Sticker area,No,No,Yes,3,,1700,Blue,Purple,1x1,NA,Nook's Cranny,"Available in Nook's Cranny (upgraded only), in the unique furniture slot",1.0.0,concert,facility,None,None,No,Musical Instrument,No,Does not play music,No lighting,For sale,FtrEffectorrack_Remake_3_3,3_3,950,jM4ARnEqpPMPDQcY2
wooden-block stool,Natural,Block color,NA,NA,Yes,Yes,No,1,NFS,600,Brown,Brown,1x1,NA,Crafting,,1.0.0,child's room,None,wooden block,None,Yes,Chair,No,Does not play music,No lighting,Not for sale,FtrBlockStoolS_Remake_0_0,0_0,5543,2ZYB28KdGnYJAxNvz
  swinging bench  ,White wood,Lumber type,NA,NA,Yes,Yes,No,2,NFS,1440,White,White,2x1,NA,Crafting,,1.0.0,garden,None,None,None,Yes,Sofa,Yes,Does not play music,No lighting,Not for sale,FtrSwingWood_Remake_2_0,2_0,1170,tgHfawPjKQXfWEGfT
  BUNNY DAY VANITY  ,NA,NA,NA,NA,Yes,No,No,NA,NFS,1600,Green,Green,1x1,NA,Crafting,,1.1.0a,fancy,None,Bunny Day,None,No,Dresser,No,Does not play music,No lighting,Not for sale,FtrEggDresser,NA,12420,RLey65t95i2RLdHn9
space shuttle,NA,NA,NA,NA,Yes,No,No,NA,NFS,10000,White,Black,2x1,NA,Crafting,,1.0.0,space,None,None,None,Yes,Space,Yes,Does not play music,No lighting,Not for sale,FtrShuttle,NA,1444,uFQvuL2KQhFRjNrvB
  BOX SOFA  ,Magenta,NA,NA,NA,No,No,No,NA,2700,675,Pink,Black,1x1,NA,Nook's Cranny,"Available in Nook's Cranny (upgraded only), in the unique furniture slot",1.0.0,shop,facility,None,None,Yes,Chair,No,Does not play music,No lighting,For sale,FtrBoxsofa_Remake_5_0,5_0,1852,Tngorv6MyxAe9Pirh
GIANT TEDDY BEAR,Cream,Fabric,Giant stripes,Ribbon,Yes,Yes,Yes,8,NFS,6300,Yellow,Yellow,3x3,NA,Crafting,,1.0.0,fancy,child's room,None,bear,No,Animal,No,Does not play music,No lighting,Not for sale,FtrBearXL_Remake_0_3,0_3,1504,DipFZCLdJRKMDb9zN
ELECTRIC GUITAR,Chic white,NA,Pop logo,Sticker area,No,No,Yes,7,,17750,White,Colorful,1x1,NA,Nook's Cranny,"Available in Nook's Cranny (upgraded only), in the third unique furniture slot",1.0.0,concert,None,None,None,Yes,Musical Instrument,No,Does not play music,No lighting,For sale,FtrElectricguitar2_Remake_5_6,5_6,1645,HGAN2rZcezYSmEy4u
  monstera  ,White,NA,NA,NA,No,No,No,NA,1700,,White,Green,1x1,NA,Nook's Cranny,Available in Nook's Cranny (either upgrade tier) in the unique furniture slot,1.0.0,living room,None,None,None,No,Plants,No,Does not play music,No lighting,For sale,FtrPlantMonstera_Remake_5_0,5_0,4129,GX8vNi8HbPZ5CS2MD
baby chair,Blue,NA,Butterfly,Cushion,No,No,Yes,1,1200,300,Blue,Orange,1x1,NA,Nook's Cranny,Available in Nook's Cranny (either upgrade tier) in the unique furniture slot,1.0.0,child's room,None,None,None,Yes,Chair,No,Does not play music,No lighting,For sale,FtrBabychair_Remake_4_2,4_2,3305,2w7g3DewPNN9w47Yu
  wooden double bed  ,Dark wood,Paint color,Pink,Bedding,Yes,Yes,Yes,6,NFS,3600,Brown,Pink,2x2,NA,Crafting,,1.0.0,child's room,living room,wooden,None,Yes,Bed,No,Does not play music,No lighting,Not for sale,FtrWoodenBedW_Remake_3_1,3_1,7132,nTQR6Aks32SA7AM6b
  TREE STANDEE  ,Summer,Season,NA,NA,Yes,Yes,No,3,NFS,1560,Green,Brown,2x1,NA,Crafting,,1.0.0,school,None,None,standee,No,School,No,Does not play music,No lighting,Not for sale,FtrHariboteTree_Remake_2_0,2_0,533,FXyJonwDXfpLYFJMD
rocking horse,Blue,Paint color,NA,NA,Yes,Yes,No,1,NFS,600,Blue,Light blue,1x1,NA,Crafting,,1.0.0,child's room,fancy,None,None,Yes,Toy,No,Does not play music,No lighting,Not for sale,FtrRockinghorse_Remake_4_0,4_0,83,gWsRZjnmBJkYeKRzx
floor lamp,White,NA,Gray,Lampshade,No,No,Yes,1,1400,350,White,Gray,1x1,NA,Nook's Cranny,"Available in Nook's Cranny (upgraded only), in the unique furniture slot",1.0.0,living room,None,None,None,Yes,Lamp,No,Does not play music,Fluorescent,For sale,FtrLamp_Remake_2_1,2_1,2561,b6GArHycdzQhKwY9r
ironwood table,Oak,Lumber type,NA,NA,Yes,Yes,No,7,NFS,5940,Orange,White,2x2,NA,Crafting,,1.0.0,living room,None,ironwood,None,No,Table,No,Does not play music,No lighting,Not for sale,FtrIronwoodTableL_Remake_4_0,4_0,3191,ckXna4S38CAbfdaiX
  FROZEN SCULPTURE  ,Ice orange,Illumination,NA,NA,Yes,Yes,No,7,NFS,6600,Orange,Orange,1.5x1.5,NA,Crafting,,1.0.0,freezing cold,None,frozen,None,No,Seasonal Decor,Yes,Does not play music,No lighting,Not for sale,FtrIceArt_Remake_4_0,4_0,3501,Ncci8pscF7aBiEnSk
wooden stool,Cherry wood,Paint color,Green,Seat,Yes,Yes,Yes,2,NFS,480,Orange,Green,1x1,NA,Crafting,,1.0.0,child's room,living room,wooden,None,Yes,Chair,No,Does not play music,No lighting,Not for sale,FtrWoodenStoolS_Remake_2_4,2_4,3449,L8aNAt3gAPtvpf3Tx
upright locker,Silver,NA,None,Sticker area,No,No,Yes,2,3700,925,Gray,Gray,1x1,NA,Nook's Cranny,Available in Nook's Cranny (either upgrade tier) in the unique furniture slot,1.0.0,school,facility,None,None,Wardrobe,Chest,No,Does not play music,No lighting,For sale,FtrLocker_Remake_0_0,0_0,833,KN6oGFqSfzxaJu2rQ
  telescope  ,NA,NA,NA,NA,No,No,No,NA,5600,1400,White,Black,1x1,NA,Nook's Cranny,Available in Nook's Cranny (either upgrade tier) in the unique furniture slot,1.0.0,space,None,None,None,No,Space,Yes,Does not play music,No lighting,For sale,FtrTelescope,NA,1186,LSh9eBsD3etAYjFRJ
LOG ROUND TABLE,Orange wood,Lumber type,Geometric print,Tablecloth,Yes,Yes,Yes,4,NFS,1800,Orange,Colorful,2x2,NA,Crafting,,1.0.0,garden,living room,log,None,No,Table,Yes,Does not play music,No lighting,Not for sale,FtrLogTableLRound_Remake_1_2,1_2,4043,pczBXmbNsQbipuDsE
  baby chair  ,Black,NA,Bear,Cushion,No,No,Yes,1,1200,300,Black,Colorful,1x1,NA,Nook's Cranny,Available in Nook's Cranny (either upgrade tier) in the unique furniture slot,1.0.0,child's room,None,None,None,Yes,Chair,No,Does not play music,No lighting,For sale,FtrBabychair_Remake_6_0,6_0,3305,hu24KrPHNS3tA8ufv
shell table,White,Shell color,NA,NA,Yes,Yes,No,4,,2280,White,White,2x2,NA,Crafting,,1.0.0,ocean,None,shell,None,No,Table,Yes,Does not play music,No lighting,Not for sale,FtrShellTableL_Remake_0_0,0_0,3980,S5WDhgsqQEmzSPDtG
zen cushion,NA,NA,Crane,Upholstery,No,No,Yes,1,500,125,Red,Red,1x1,NA,Nook's Cranny,Available in Nook's Cranny (either upgrade tier) in the unique furniture slot,1.0.0,zen-style,living room,None,None,Yes,Chair,No,Does not play music,No lighting,For sale,FtrCushionJapan_Remake_0_5,0_5,7047,dRrJtY9YCpaJmvNpu
  SILO  ,Blue roof,Roof color,NA,NA,Yes,Yes,No,7,NFS,13920,Blue,Gray,2x2,NA,Crafting,,1.0.0,garden,None,None,None,No,Ranch,Yes,Does not play music,No lighting,Not for sale,FtrSilo_Remake_2_0,2_0,7247,AhJbeCjLhjdnuPRBL
HAMMOCK,Brown,NA,Colorful,Cloth,No,No,Yes,1,1300,325,Brown,Colorful,2x1,NA,Nook's Cranny,"Available in all tiers of shops, including Timmy & Tommy before the shop is opened",1.0.0,outdoors,None,None,None,Yes,Bed,Yes,Does not play music,No lighting,For sale,FtrHammock_Remake_0_0,0_0,1620,QscLmzsw9rk9jDSsB
frozen tree,Ice,Illumination,NA,NA,Yes,Yes,No,7,NFS,8200,Light blue,Light blue,2x2,NA,Crafting,,1.0.0,freezing cold,None,frozen,None,No,Seasonal Decor,Yes,Does not play music,No lighting,Not for sale,FtrIceTree_Remake_0_0,0_0,3504,asiYm63NdJs2iyz5T
wooden table,Pink wood,Paint color,Pink,Tablecloth,Yes,Yes,Yes,4,NFS,1800,Pink,Pink,2x2,NA,Crafting,,1.0.0,child's room,living room,wooden,None,No,Table,No,Does not play music,No lighting,Not for sale,FtrWoodenTableL_Remake_7_2,7_2,3439,kWb6qniKvSnYdgNLE
  train set  ,Spring,NA,NA,NA,No,No,No,NA,7900,1975,Green,Brown,2x2,NA,Nook's Cranny,"Available in Nook's Cranny (upgraded only), in the third unique furniture slot",1.0.0,child's room,None,None,None,Yes,Toy,No,Does not play music,No lighting,For sale,FtrRailroad_Remake_0_0,0_0,85,XhTiTf8dDoHJNxp3Q
synthesizer,Silver,NA,NA,NA,No,No,No,NA,66000,16500,Gray,White,2x1,NA,Nook's Cranny,"Available in Nook's Cranny (upgraded only), in the third unique furniture slot",1.0.0,concert,None,None,None,Yes,Musical Instrument,No,Does not play music,No lighting,For sale,FtrSynthesizer_Remake_4_0,4_0,1171,qjCR3BmTZ48FGqunc
drum set,Natural wood,NA,Rock logo,Bass drum head,No,No,Yes,2,5600,1400,Brown,Black,2x1,NA,Nook's Cranny,"Available in Nook's Cranny (upgraded only), in the unique furniture slot",1.0.0,concert,None,None,None,Yes,Musical Instrument,No,Does not play music,No lighting,For sale,FtrDrumSet_Remake_3_4,3_4,1803,kYCRpKyhmcGyFyRjE
  box sofa  ,Turquoise,NA,NA,NA,No,No,No,NA,2700,,Light blue,Black,1x1,NA,Nook's Cranny,"Available in Nook's Cranny (upgraded only), in the unique furniture slot",1.0.0,shop,facility,None,None,Yes,Chair,No,Does not play music,No lighting,For sale,FtrBoxsofa_Remake_0_0,0_0,1852,pu6EP3DibieFgjoik
  frozen table  ,Ice pink,Illumination,NA,NA,Yes,Yes,No,7,,8200,Pink,Pink,2x2,NA,Crafting,,1.0.0,freezing cold,None,frozen,None,No,Table,Yes,Does not play music,No lighting,Not for sale,FtrIceTableL_Remake_2_0,2_0,3497,yrpSRKcoevsRLECA9
  simple panel  ,Light gray,NA,Plain panel,Panel design,No,No,Yes,1,810,202,Gray,Gray,1x0.5,NA,Nook's Cranny,Available in Nook's Cranny (either upgrade tier) in the unique furniture slot,1.0.0,facility,None,None,None,No,Screen,No,Does not play music,No lighting,For sale,FtrScreenSimple_Remake_0_0,0_0,5338,TD6xH3vgjuf8YgkW8
VIDEO CAMERA,Silver,NA,NA,NA,No,No,No,NA,,,Gray,White,1x1,NA,Nook's Cranny,"Available in Nook's Cranny (upgraded only), in the third unique furniture slot",1.0.0,facility,None,None,None,Yes,Home Appliances,No,Does not play music,No lighting,For sale,FtrVideocamera_Remake_1_0,1_0,1221,GMwQFmbJZxGm59kMG
  wooden full-length mirror  ,Cherry wood,Paint color,NA,NA,Yes,Yes,No,2,NFS,1350,Orange,Orange,1x1,NA,Crafting,,1.0.0,child's room,living room,wooden,None,Yes,Dresser,No,Does not play music,No lighting,Not for sale,FtrWoodenMirror_Remake_2_0,2_0,7137,sTauxkAuH8gBYbBeS
  retro gas pump  ,White,NA,Black retro,Lamp,No,No,Yes,1,2700,675,White,Yellow,1x1,NA,Nook's Cranny,Available in Nook's Cranny (either upgrade tier) in the unique furniture slot,1.0.0,garden,shop,diner,None,Yes,Vehicle,Yes,Does not play music,No lighting,For sale,FtrAmeretroGasstand_Remake_3_2,3_2,4140,dJmvANEXpjtd5Soki
  outdoor bench  ,Blue,NA,Green,Seat,No,No,Yes,1,1300,325,Blue,Green,2x1,NA,Nook's Cranny,Available in Nook's Cranny (either upgrade tier) in the unique furniture slot,1.0.0,outdoors,None,None,None,Yes,Sofa,Yes,Does not play music,No lighting,For sale,FtrOutdoorchairM_Remake_3_2,3_2,3947,dkiREMcv6xPGwd8xE
signpost,Tailors,Navigation,NA,NA,Yes,Yes,No,1,NFS,600,Beige,Brown,1x1,NA,Crafting,,1.0.0,garden,None,None,None,No,Ranch,Yes,Does not play music,No lighting,Not for sale,FtrSignpost_Remake_6_0,6_0,3588,YsmNnciBFKixYsYt2
  wooden wardrobe  ,White wood,Paint color,NA,NA,Yes,Yes,No,2,,1440,Beige,Beige,1x1,NA,Crafting,,1.0.0,child's room,living room,wooden,None,Wardrobe,Chest,No,Does not play music,No lighting,Not for sale,FtrWoodenCloset_Remake_1_0,1_0,3436,Se3aB9BmAocHWXjtQ
IRONWOOD LOW TABLE,Old,Lumber type,NA,NA,Yes,Yes,No,5,NFS,3720,Brown,Black,2x1,NA,Crafting,,1.0.0,living room,None,ironwood,None,No,Table,No,Does not play music,No lighting,Not for sale,FtrIronwoodTableM_Remake_3_0,3_0,3194,wdQgShDyfy9Dxaa9d
hammock,Pink,NA,Colorful,Cloth,No,No,Yes,1,1300,325,Pink,Colorful,2x1,NA,Nook's Cranny,"Available in all tiers of shops, including Timmy & Tommy before the shop is opened",1.0.0,outdoors,None,None,None,Yes,Bed,Yes,Does not play music,No lighting,For sale,FtrHammock_Remake_4_0,4_0,1620,XtXcTHnRgEYCGtHsc
elephant slide,Blue,NA,NA,NA,No,No,No,NA,4200,1050,Blue,Yellow,2x1,NA,Nook's Cranny,Available in Nook's Cranny (either upgrade tier) in the unique furniture slot,1.0.0,garden,child's room,None,None,No,Playground,No,Does not play music,No lighting,For sale,FtrSlideelephant_Remake_0_0,0_0,86,arXw6Sz99gRb6xwjq
giant teddy bear,Floral,Fabric,Giant stripes,Ribbon,Yes,Yes,Yes,8,NFS,6300,Yellow,Yellow,3x3,NA,Crafting,,1.0.0,fancy,child's room,None,bear,No,Animal,No,Does not play music,No lighting,Not for sale,FtrBearXL_Remake_3_3,3_3,1504,TrHe7xvHHBgosWYf7
  LOG CHAIR  ,Orange wood,Lumber type,Geometric print,Cushion,Yes,Yes,Yes,3,,960,Orange,Colorful,1x1,NA,Crafting,,1.0.0,garden,living room,log,None,Yes,Sofa,No,Does not play music,No lighting,Not for sale,FtrLogSofaS_Remake_1_2,1_2,4039,wrosk7GEpHGP9Mrht
  JUICY-APPLE TV  ,Red apple,Fruit type,NA,NA,Yes,Yes,No,5,NFS,3500,Red,Yellow,1x1,NA,Crafting,,1.0.0,fancy,None,fruits,apple,Yes,TV,No,Does not play music,Monitor,Not for sale,FtrFruitsTV_Remake_0_0,0_0,2596,TZ25BzNNHG4fcmncS
  MUSH LOG  ,Yellow mushroom,Mushroom type,NA,NA,Yes,Yes,No,3,NFS,1680,Brown,Orange,1x1,NA,Crafting,,1.0.0,facility,garden,mush,None,No,Desk,Yes,Does not play music,No lighting,Not for sale,FtrMushroomPulpwood_Remake_4_0,4_0,3808,9MpB3jmXDvDReYqcx
  upright piano  ,White,NA,NA,NA,No,No,No,NA,53000,13250,White,Black,2x1,NA,Nook's Cranny,"Available in Nook's Cranny (upgraded only), in the third unique furniture slot",1.0.0,music,expensive,None,None,Yes,Musical Instrument,No,Does not play music,No lighting,For sale,FtrPianoUpright_Remake_1_0,1_0,1081,9jdLwLS36rfB8gnvw
whiteboard,Sales meeting,NA,NA,NA,No,No,No,NA,2600,650,White,Gray,2x1,NA,Nook's Cranny,"Available in Nook's Cranny (upgraded only), in the unique furniture slot",1.0.0,office,None,None,None,No,Office,No,Does not play music,No lighting,For sale,FtrWhiteboard_Remake_2_0,2_0,4116,MHBNvWPSJmb6wmccP
crescent-moon chair,Pink,Color,NA,NA,Yes,Yes,No,7,NFS,8500,Pink,Yellow,2x1,NA,Crafting,,1.0.0,space,fancy,stars,None,Yes,Chair,No,Does not play music,Fluorescent,Not for sale,FtrStarMoonChairL_Remake_4_0,4_0,6829,EsjzgZ4DDNgr3dScK
FROZEN TABLE,Ice orange,Illumination,NA,NA,Yes,Yes,No,7,NFS,8200,Orange,Orange,2x2,NA,Crafting,,1.0.0,freezing cold,None,frozen,None,No,Table,Yes,Does not play music,No lighting,Not for sale,FtrIceTableL_Remake_4_0,4_0,3497,yzYTKaLjYsFfm9LJn
rattan wardrobe,White,NA,NA,NA,No,No,No,NA,6900,1725,White,White,1x1,NA,Nook's Cranny,"Available in Nook's Cranny (upgraded only), in the unique furniture slot",1.0.0,living room,None,rattan,None,Wardrobe,Chest,No,Does not play music,No lighting,For sale,FtrRattanClosetLR_Remake_3_0,3_0,4049,fmsWKfhA2rDpaFpqg
OUTDOOR GENERATOR,Yellow,NA,NA,NA,No,No,No,NA,4900,1225,Yellow,Black,1x1,NA,Nook's Cranny,"Available in all tiers of shops, including Timmy & Tommy before the shop is opened",1.0.0,outdoors,None,None,None,Yes,Outdoors Decor,Yes,Does not play music,No lighting,For sale,FtrOutdoorgenerator_Remake_2_0,2_0,7526,hy2JMRuy3McgGkvZK
log bed,White wood,Lumber type,Geometric print,Bedding,Yes,Yes,Yes,6,NFS,,Beige,Colorful,2x2,NA,Crafting,,1.0.0,garden,living room,log,None,Yes,Bed,No,Does not play music,No lighting,Not for sale,FtrLogBedW_Remake_2_1,2_1,4041,wYroCxap7Zb4RzXvR
  MARIMBA  ,NA,NA,NA,NA,No,No,No,NA,4300,,Brown,Black,2x1,NA,Nook's Cranny,"Available in Nook's Cranny (upgraded only), in the unique furniture slot",1.0.0,music,school,None,None,Yes,Musical Instrument,No,Does not play music,No lighting,For sale,FtrMarimba,NA,4121,SzF6bFn3g3Twkvxcm
stadiometer,Pink,NA,NA,NA,No,No,No,NA,2100,525,Pink,Gray,1x1,NA,Nook's Cranny,Available in Nook's Cranny (either upgrade tier) in the unique furniture slot,1.0.0,school,facility,None,None,No,School,No,Does not play music,No lighting,For sale,FtrStadiometer_Remake_2_0,2_0,546,jAJCGeiA24YmF7oQP
OUTDOOR BENCH,Red,NA,Blue,Seat,No,No,Yes,1,1300,,Red,Blue,2x1,NA,Nook's Cranny,Available in Nook's Cranny (either upgrade tier) in the unique furniture slot,1.0.0,outdoors,None,None,None,Yes,Sofa,Yes,Does not play music,No lighting,For sale,FtrOutdoorchairM_Remake_4_3,4_3,3947,75EW6jauBk2AR8yTd
  water pump  ,Silver,Body color,NA,NA,Yes,Yes,No,4,,2700,White,Gray,1x1,NA,Crafting,,1.0.0,garden,None,None,None,Yes,Garden,Yes,Does not play music,No lighting,Not for sale,FtrHandpump_Remake_2_0,2_0,2326,f9ZkD7XEPJMWq3rKx
  BLUE CORNER  ,NA,NA,Red,Ring curtain,No,No,Yes,3,6100,1525,White,Red,2x2,NA,Nook's Cranny,"Available in Nook's Cranny (upgraded only), in the third unique furniture slot",1.0.0,fitness,None,None,sports ring,Yes,Sports,No,Does not play music,No lighting,For sale,FtrRingcornerBlue_Remake_0_1,0_1,7150,YJDH6BhWRKZRcT7Rp
  alto saxophone  ,NA,NA,NA,NA,No,No,No,NA,,850,Yellow,Yellow,1x1,NA,Nook's Cranny,"Available in Nook's Cranny (upgraded only), in the unique furniture slot",1.0.0,music,None,None,None,Yes,Musical Instrument,No,Does not play music,No lighting,For sale,FtrAltosax,NA,846,yAj7DyFRDjWbh7qYP
WOODEN TABLE,Black,Paint color,Orange,Tablecloth,Yes,Yes,Yes,4,,1800,Black,Orange,2x2,NA,Crafting,,1.0.0,child's room,living room,wooden,None,No,Table,No,Does not play music,No lighting,Not for sale,FtrWoodenTableL_Remake_4_1,4_1,3439,EtHAygh4hQQPLuuKa
clothes closet,Light blue,NA,NA,NA,No,No,No,NA,,775,Green,Green,1x1,NA,Nook's Cranny,Available in Nook's Cranny (either upgrade tier) in the unique furniture slot,1.0.0,living room,None,None,None,Wardrobe,Chest,No,Does not play music,No lighting,For sale,FtrFashioncase_Remake_5_0,5_0,9502,iRWmuneQrXGEwHWWg
mama bear,Caramel mocha,NA,Red stripes,Shirt,No,No,Yes,1,2300,575,Beige,Red,1x1,NA,Nook's Cranny,Available in Nook's Cranny (either upgrade tier) in the unique furniture slot,1.0.0,fancy,child's room,None,bear,No,Animal,No,Does not play music,No lighting,For sale,FtrBearM_Remake_1_1,1_1,1500,aBDBJ87pxjYnC3Hxt
POOLSIDE BED,Dark brown,NA,Black,Bed mat,No,No,Yes,2,,850,Brown,Black,2x1,NA,Nook's Cranny,"Available in Nook's Cranny (upgraded only), in the unique furniture slot",1.0.0,ocean,expensive,None,None,Yes,Bed,Yes,Does not play music,No lighting,For sale,FtrPoolsidebed_Remake_2_1,2_1,4102,NgQeEAJv6nEqT8GGR
garbage bin,Black,NA,NA,NA,No,No,No,NA,1000,250,Black,Black,1x1,NA,Nook's Cranny,Available in Nook's Cranny (either upgrade tier) in the unique furniture slot,1.0.0,garage,facility,None,None,Trash,Supplies,Yes,Does not play music,No lighting,For sale,FtrPaleCaster_Remake_3_0,3_0,9767,ectxWJLEmp77fYmDu
garbage pail,NA,NA,NA,NA,No,No,No,NA,1000,,Light blue,Light blue,1x1,NA,Nook's Cranny,Available in Nook's Cranny (either upgrade tier) in the unique furniture slot,1.0.0,garage,None,None,None,Trash,Supplies,Yes,Does not play music,No lighting,For sale,FtrPale,NA,2556,Wo52MA24JSYdRaz8a
  log decorative shelves  ,Dark wood,Lumber type,Bears,Mat,Yes,Yes,Yes,4,NFS,1560,Brown,Brown,2x1,NA,Crafting,,1.0.0,garden,living room,log,None,No,Shelf,No,Does not play music,No lighting,Not for sale,FtrLogShelf_Remake_0_3,0_3,4036,DNJvfFj8vMg8Fduav
  DRUM SET  ,Natural wood,NA,Glossy black,Bass drum head,No,No,Yes,2,5600,1400,Brown,Black,2x1,NA,Nook's Cranny,"Available in Nook's Cranny (upgraded only), in the unique furniture slot",1.0.0,concert,None,None,None,Yes,Musical Instrument,No,Does not play music,No lighting,For sale,FtrDrumSet_Remake_3_1,3_1,1803,DeZ9CJbcubQW4Skho
VINTAGE TV TRAY,Gold,NA,Green,Tray,No,No,Yes,1,1200,,Beige,Green,1x1,NA,Nook's Cranny,Available in Nook's Cranny (either upgrade tier) in the unique furniture slot,1.0.0,living room,None,None,None,No,Table,No,Does not play music,No lighting,For sale,FtrTVtray_Remake_0_0,0_0,4445,EJRaWqhJdabYwL5j4
  foosball table  ,Brown,NA,NA,NA,No,No,No,NA,2300,575,Orange,Green,2x1,NA,Nook's Cranny,"Available in Nook's Cranny (upgraded only), in the unique furniture slot",1.0.0,facility,shop,None,None,Yes,Toy,No,Does not play music,No lighting,For sale,FtrTablesoccer_Remake_0_0,0_0,1177,7w7if4ionFjWjDNrq
log round table,Orange wood,Lumber type,Bears,Tablecloth,Yes,Yes,Yes,4,,1800,Orange,Brown,2x2,NA,Crafting,,1.0.0,garden,living room,log,None,No,Table,Yes,Does not play music,No lighting,Not for sale,FtrLogTableLRound_Remake_1_3,1_3,4043,2voa77rNw9QSyPQKY
public bench,Blue & yellow,NA,NA,NA,No,No,No,NA,NFS,,Yellow,Blue,2x1,2000,Nook Miles Shop,,1.0.0,facility,None,None,None,Yes,Sofa,Yes,Does not play music,No lighting,Not for sale,FtrPublicbench_Remake_4_0,4_0,3346,egEkZTKxyP7qc8rho
  log decorative shelves  ,White wood,Lumber type,Bears,Mat,Yes,Yes,Yes,4,NFS,,Beige,Brown,2x1,NA,Crafting,,1.0.0,garden,living room,log,None,No,Shelf,No,Does not play music,No lighting,Not for sale,FtrLogShelf_Remake_2_3,2_3,4036,JbF4GKXbGuEQBx4RX
  outdoor table  ,White,NA,Orange,Table,No,No,Yes,1,2200,550,Gray,Orange,2x1,NA,Nook's Cranny,Available in Nook's Cranny (either upgrade tier) in the unique furniture slot,1.0.0,outdoors,None,None,None,No,Table,Yes,Does not play music,No lighting,For sale,FtrOutdoortableM_Remake_0_4,0_4,3946,pP2qW7c9xn949Zhek
CYPRESS BATHTUB,Natural wood,NA,NA,NA,No,No,No,NA,,3250,Yellow,Yellow,2x2,NA,Nook's Cranny,"Available in Nook's Cranny (upgraded only), in the third unique furniture slot",1.0.0,bathroom,None,None,None,No,Bathtub,No,Does not play music,No lighting,For sale,FtrBathHinoki_Remake_1_0,1_0,7153,rYmN3AFFM2HtX73x7
DIY WORKBENCH,Red,Paint color,NA,NA,Yes,Yes,No,7,NFS,6630,Red,Colorful,2x1,NA,Crafting,,1.0.0,garage,None,None,None,Workbench,Work Bench,No,Does not play music,No lighting,Not for sale,FtrWorkbench_Remake_7_0,7_0,1241,oD86rfgh9WZo9gs53
DINER COUNTER TABLE,Cream,NA,NA,NA,No,No,No,NA,6000,,Beige,Gray,2x1,NA,Nook's Cranny,"Available in Nook's Cranny (upgraded only), in the unique furniture slot",1.0.0,shop,None,diner,None,No,Table,No,Does not play music,No lighting,For sale,FtrAmeretroCounter_Remake_5_0,5_0,4139,n7FDE5H53HpJrrpyw
  TROPHY CASE  ,NA,NA,NA,NA,Yes,No,No,NA,NFS,33690,Brown,Colorful,2x1,NA,Crafting,,1.0.0,expensive,living room,None,None,No,Museum,No,Does not play music,No lighting,Not for sale,FtrTrophycase,NA,7261,b5Dbrzksdb9w8bKvC
playground gym,Green,NA,NA,NA,No,No,No,NA,NFS,15000,Light blue,Yellow,2x2,3000,Nook Miles Shop,,1.0.0,garden,child's room,None,None,Yes,Playground,Yes,Does not play music,No lighting,Not for sale,FtrJunglegym_Remake_4_0,4_0,3430,YkdEJvZHbzXHZwSNo
PISCES LAMP,NA,NA,NA,NA,Yes,No,No,NA,NFS,22050,Yellow,White,1x1,NA,Crafting,,1.0.0,expensive,None,stars,None,Yes,Lamp,No,Does not play music,Fluorescent,Not for sale,FtrZodiacPisces,NA,5963,2k2sPqBPbwomcJx3d
wooden end table,Cherry wood,Paint color,NA,NA,Yes,Yes,No,2,NFS,960,Orange,Colorful,1x1,NA,Crafting,,1.0.0,child's room,living room,wooden,None,No,Table,No,Does not play music,No lighting,Not for sale,FtrWoodenTableS_Remake_2_0,2_0,3438,F3qDnigWHY6o5ARiZ
vintage tv tray,Silver,NA,Green,Tray,No,No,Yes,1,1200,300,Gray,Green,1x1,NA,Nook's Cranny,Available in Nook's Cranny (either upgrade tier) in the unique furniture slot,1.0.0,living room,None,None,None,No,Table,No,Does not play music,No lighting,For sale,FtrTVtray_Remake_1_0,1_0,4445,uQqXxt8yMGBdRjMxN
  DEER SCARE  ,Dried bamboo,Bamboo,NA,NA,Yes,Yes,No,3,NFS,1740,Beige,Brown,1x1,NA,Crafting,,1.0.0,zen-style,garden,bamboo,None,Yes,Japanese Style,Yes,Does not play music,No lighting,Not for sale,FtrShishiodoshi_Remake_1_0,1_0,677,XvJFQJM3r4yNFjwGN
  simple panel  ,Black,NA,Horizontal planks,Panel design,No,No,Yes,1,810,202,Black,Brown,1x0.5,NA,Nook's Cranny,Available in Nook's Cranny (either upgrade tier) in the unique furniture slot,1.0.0,facility,None,None,None,No,Screen,No,Does not play music,No lighting,For sale,FtrScreenSimple_Remake_1_3,1_3,5338,QeGjWSTRAJSrgu43g
  FROZEN PARTITION  ,Ice purple,Illumination,NA,NA,Yes,Yes,No,7,NFS,7400,Purple,Purple,2x0.5,NA,Crafting,,1.0.0,freezing cold,None,frozen,None,No,Seasonal Decor,Yes,Does not play music,No lighting,Not for sale,FtrIceScreen_Remake_6_0,6_0,3498,bT27jhwEsSNXe9eNw
  digital scale  ,Brown,NA,White,Design,No,No,Yes,1,930,232,Brown,White,1x1,NA,Nook's Cranny,Available in Nook's Cranny (either upgrade tier) in the unique furniture slot,1.0.0,bathroom,None,None,None,No,Bathroom Things,No,Does not play music,No lighting,For sale,FtrWeightscale_Remake_6_0,6_0,3307,E4rToBZEB7MG7s8Sa
  WOODEN WASTE BIN  ,Light wood,Paint color,NA,NA,Yes,Yes,No,1,NFS,480,Beige,Beige,1x1,NA,Crafting,,1.0.0,child's room,living room,wooden,None,Trash,Supplies,No,Does not play music,No lighting,Not for sale,FtrTrashboxWood_Remake_0_0,0_0,3490,ad5TJZMWeP6fp8dvf
WOODEN CHEST,Light wood,Paint color,NA,NA,Yes,Yes,No,3,NFS,,Yellow,Yellow,2x1,NA,Crafting,,1.0.0,child's room,living room,wooden,None,Wardrobe,Chest,No,Does not play music,No lighting,Not for sale,FtrWoodenChest_Remake_0_0,0_0,2560,24Dnyr3QKDrTNwQnX
  IRON GARDEN CHAIR  ,Blue,Body color,NA,NA,Yes,Yes,No,3,NFS,2250,Blue,Blue,1x1,NA,Crafting,,1.0.0,garden,None,iron,None,Yes,Chair,Yes,Does not play music,No lighting,Not for sale,FtrIrongardenChair_Remake_1_0,1_0,1626,u2nKP7oLzpQcZuXXu
  rocking chair  ,Natural wood,Lumber type,NA,NA,Yes,Yes,No,2,NFS,960,Orange,Orange,1x1,NA,Crafting,,1.0.0,living room,None,None,None,Yes,Chair,No,Does not play music,No lighting,Not for sale,FtrRockingchair_Remake_1_0,1_0,1103,jxPNjfiBzCdb5tsxj
  FLOOR LAMP  ,Natural,NA,Yellow design,Lampshade,No,No,Yes,1,1400,350,Beige,Yellow,1x1,NA,Nook's Cranny,"Available in Nook's Cranny (upgraded only), in the unique furniture slot",1.0.0,living room,None,None,None,Yes,Lamp,No,Does not play music,Fluorescent,For sale,FtrLamp_Remake_0_4,0_4,2561,BRpWziTBW3yDjzvwn
  IRONWOOD DIY WORKBENCH  ,Birch,Lumber type,NA,NA,Yes,Yes,No,7,NFS,8520,Beige,Black,2x1,NA,Crafting,,1.0.0,garage,None,ironwood,None,Workbench,Work Bench,No,Does not play music,No lighting,Not for sale,FtrWorkbenchIronwood_Remake_0_0,0_0,3943,GpLGAC5TgSAH87sPr
  STANDARD UMBRELLA STAND  ,Green,NA,Dots,Favorite umbrella,Yes,No,Yes,4,NFS,2250,Green,Green,1x1,NA,Crafting,,1.0.0,school,office,None,None,No,Supplies,No,Does not play music,No lighting,Not for sale,FtrUmbrellastand_Remake_3_1,3_1,3445,CznKexXwZWYXezpMx
BAMBOO SHELF,Green bamboo,Bamboo,NA,NA,Yes,Yes,No,4,NFS,2400,Green,White,2x1,NA,Crafting,,1.0.0,zen-style,None,bamboo,None,No,Shelf,No,Does not play music,No lighting,Not for sale,FtrBambooShelf_Remake_0_0,0_0,3551,uucJrLxCbCQgn76vt
KITCHEN ISLAND,Blue,NA,NA,NA,No,No,No,NA,170000,,Blue,White,2x2,NA,Nook's Cranny,"Available in Nook's Cranny (upgraded only), in the third unique furniture slot",1.0.0,kitchen,expensive,None,None,No,Kitchen,No,Does not play music,No lighting,For sale,FtrKitchenIsland_Remake_1_0,1_0,998,zbnfAM2g9H7G8NSs6
  fan palm  ,Blue,NA,NA,NA,No,No,No,NA,1200,300,Blue,Green,1x1,NA,Nook's Cranny,Available in Nook's Cranny (either upgrade tier) in the unique furniture slot,1.0.0,living room,None,None,None,No,Plants,No,Does not play music,No lighting,For sale,FtrPlantYamadoriyashi_Remake_3_0,3_0,1288,jcoFwhGbeSCuA6tF6
  BOX CORNER SOFA  ,Orange,NA,NA,NA,No,No,No,NA,2700,675,Orange,Black,1x1,NA,Nook's Cranny,"Available in Nook's Cranny (upgraded only), in the unique furniture slot",1.0.0,shop,facility,None,None,Yes,Chair,No,Does not play music,No lighting,For sale,FtrBoxsofaCorner_Remake_2_0,2_0,1853,NEk6hi7ov7NHErPo5
effects rack,Pink,NA,Handwritten logo,Sticker area,No,No,Yes,3,,1700,Pink,Light blue,1x1,NA,Nook's Cranny,"Available in Nook's Cranny (upgraded only), in the unique furniture slot",1.0.0,concert,facility,None,None,No,Musical Instrument,No,Does not play music,No lighting,For sale,FtrEffectorrack_Remake_5_5,5_5,950,P7PcrXzfhbhqbLtWN
  wooden table  ,Green,Paint color,Orange,Tablecloth,Yes,Yes,Yes,4,,1800,Green,Orange,2x2,NA,Crafting,,1.0.0,child's room,living room,wooden,None,No,Table,No,Does not play music,No lighting,Not for sale,FtrWoodenTableL_Remake_5_1,5_1,3439,9DnHwGEqATtHuAfDb
  changing room  ,Dark brown,NA,Purple,Curtain,No,No,Yes,2,3700,925,Brown,Purple,1x1,NA,Nook's Cranny,"Available in Nook's Cranny (upgraded only), in the unique furniture slot",1.0.0,shop,facility,None,None,Wardrobe,Shop,No,Does not play music,No lighting,For sale,FtrFittingroom_Remake_3_1,3_1,1816,aPu342SNxYFn8CfuJ
  BABY CHAIR  ,White,NA,Strawberry,Cushion,No,No,Yes,1,1200,300,White,Colorful,1x1,NA,Nook's Cranny,Available in Nook's Cranny (either upgrade tier) in the unique furniture slot,1.0.0,child's room,None,None,None,Yes,Chair,No,Does not play music,No lighting,For sale,FtrBabychair_Remake_5_1,5_1,3305,MExvKfHcM8ieNnr6p
vintage TV tray,Gold,NA,Black,Tray,No,No,Yes,1,,,Beige,Black,1x1,NA,Nook's Cranny,Available in Nook's Cranny (either upgrade tier) in the unique furniture slot,1.0.0,living room,None,None,None,No,Table,No,Does not play music,No lighting,For sale,FtrTVtray_Remake_0_1,0_1,4445,MpBjiN2Kqe2S7qC5X
digital scale,Black,NA,Black stripes,Design,No,No,Yes,1,930,232,Black,Gray,1x1,NA,Nook's Cranny,Available in Nook's Cranny (either upgrade tier) in the unique furniture slot,1.0.0,bathroom,None,None,None,No,Bathroom Things,No,Does not play music,No lighting,For sale,FtrWeightscale_Remake_1_3,1_3,3307,XgWMYcuvu9zobZ2Gb
  outdoor table  ,Green,NA,Light wood,Table,No,No,Yes,1,2200,550,Green,Beige,2x1,NA,Nook's Cranny,Available in Nook's Cranny (either upgrade tier) in the unique furniture slot,1.0.0,outdoors,None,None,None,No,Table,Yes,Does not play music,No lighting,For sale,FtrOutdoortableM_Remake_2_5,2_5,3946,h5DtPoM96yiPC5DAJ
NATURAL GARDEN CHAIR,Oak,Chair back and seat,NA,NA,Yes,Yes,No,3,,2220,Orange,Green,1x1,NA,Crafting,,1.0.0,garden,None,None,natural,Yes,Chair,Yes,Does not play music,No lighting,Not for sale,FtrGardenChairNatural_Remake_1_0,1_0,2586,pvStbiEHiiSvznhTT
  bunk bed  ,Red,NA,Checkered,Bedding,No,No,Yes,2,5000,1250,Red,Pink,2x1,NA,Nook's Cranny,Available in Nook's Cranny (either upgrade tier) in the unique furniture slot,1.0.0,facility,None,None,None,Yes,Bed,No,Does not play music,No lighting,For sale,FtrBunkbed_Remake_3_2,3_2,8298,NrSxh7Ns87NCxsjfX
  wooden full-length mirror  ,Green,Paint color,NA,NA,Yes,Yes,No,2,NFS,,Green,Green,1x1,NA,Crafting,,1.0.0,child's room,living room,wooden,None,Yes,Dresser,No,Does not play music,No lighting,Not for sale,FtrWoodenMirror_Remake_5_0,5_0,7137,z24EeDYDGzefKcnze
  SIMPLE PANEL  ,Copper,NA,Horizontal planks,Panel design,No,No,Yes,1,810,202,Brown,Brown,1x0.5,NA,Nook's Cranny,Available in Nook's Cranny (either upgrade tier) in the unique furniture slot,1.0.0,facility,None,None,None,No,Screen,No,Does not play music,No lighting,For sale,FtrScreenSimple_Remake_5_3,5_3,5338,4gYrHZXuFa2MLaCFf
UPRIGHT VACUUM,Red,NA,NA,NA,No,No,No,NA,2500,625,Red,Black,1x1,NA,Nook's Cranny,"Available in Nook's Cranny (upgraded only), in the unique furniture slot",1.0.0,living room,None,None,None,Yes,Home Appliances,No,Does not play music,No lighting,For sale,FtrCleanerStick_Remake_3_0,3_0,908,8aunXPZcWdehHmD9w
  wooden-block bookshelf  ,Pastel,Block color,NA,NA,Yes,Yes,No,1,NFS,720,Pink,Colorful,1x1,NA,Crafting,,1.0.0,child's room,None,wooden block,None,No,Shelf,No,Does not play music,No lighting,Not for sale,FtrBlockShelf_Remake_3_0,3_0,1558,HwaP4rhsd3sCLiq5b
  video camera  ,Black,NA,NA,NA,No,No,No,NA,32000,8000,Black,Black,1x1,NA,Nook's Cranny,"Available in Nook's Cranny (upgraded only), in the third unique furniture slot",1.0.0,facility,None,None,None,Yes,Home Appliances,No,Does not play music,No lighting,For sale,FtrVideocamera_Remake_0_0,0_0,1221,yxMxaQ37edLTrrQby
PAGODA,Red,Variation,NA,NA,No,Yes,No,3,NFS,2030,Green,Red,1.5x1.5,NA,Gulliver,,1.0.0,folk art,zen-style,None,None,No,Japanese Style,Yes,Does not play music,No lighting,Not for sale,FtrGojyu_Remake_0_0,0_0,688,95gTuC89Y9MYRhnGd
golf bag,Green,NA,NA,NA,No,No,No,NA,54000,13500,Green,Green,1x1,NA,Nook's Cranny,"Available in Nook's Cranny (upgraded only), in the third unique furniture slot",1.0.0,fitness,None,None,None,No,Sports,No,Does not play music,No lighting,For sale,FtrGolfbag_Remake_1_0,1_0,1632,4R5FneezcRTLGRXMS
standard umbrella stand,Silver,Body color,Navy,Favorite umbrella,Yes,Yes,Yes,4,NFS,2250,Gray,Blue,1x1,NA,Crafting,,1.0.0,school,office,None,None,No,Supplies,No,Does not play music,No lighting,Not for sale,FtrUmbrellastand_Remake_2_2,2_2,3445,P235CcHsrCbn6Mt5c
LOFT BED WITH DESK,Natural,NA,Orange,Bedding,No,No,Yes,3,7700,1925,Beige,Orange,2x1,NA,Nook's Cranny,"Available in Nook's Cranny (upgraded only), in the unique furniture slot",1.0.0,child's room,None,None,None,Yes,Desk,No,Does not play music,No lighting,For sale,FtrBeddesk_Remake_0_3,0_3,3621,53raZ3jiRZKeYoaCC
PUNCHING BAG,Blue,NA,NA,NA,No,No,No,NA,3800,950,Blue,Black,1x1,NA,Nook's Cranny,Available in Nook's Cranny (either upgrade tier) in the unique furniture slot,1.0.0,fitness,None,None,None,Yes,Sports,No,Does not play music,No lighting,For sale,FtrSandbag_Remake_1_0,1_0,4013,XfbbY4D58qy3sCNQW
wooden simple bed,Pink wood,Paint color,Orange,Bedding,Yes,Yes,Yes,4,NFS,2160,Pink,Orange,2x1,NA,Crafting,,1.0.0,child's room,living room,wooden,None,Yes,Bed,No,Does not play music,No lighting,Not for sale,FtrWoodenBedS_Remake_7_0,7_0,2605,QTBGLbCgAdLu4GXEr
wooden bucket,NA,NA,NA,NA,Yes,No,No,NA,NFS,,Brown,Black,1x1,NA,Crafting,,1.0.0,garden,None,wooden,None,No,Garden,Yes,Does not play music,No lighting,Not for sale,FtrBucketWood,NA,880,RHkQdFBAhKDreBFkS
poolside bed,Light brown,NA,Yellow,Bed mat,No,No,Yes,2,3400,850,Beige,Yellow,2x1,NA,Nook's Cranny,"Available in Nook's Cranny (upgraded only), in the unique furniture slot",1.0.0,ocean,expensive,None,None,Yes,Bed,Yes,Does not play music,No lighting,For sale,FtrPoolsidebed_Remake_0_4,0_4,4102,6b7SYQ3nAo28XNwQu
  smoker  ,Black,NA,NA,NA,No,No,No,NA,5500,1375,Black,Beige,1x1,NA,Nook's Cranny,"Available in all tiers of shops, including Timmy & Tommy before the shop is opened",1.0.0,outdoors,None,None,None,Yes,Kitchen Things,Yes,Does not play music,No lighting,For sale,FtrSmoker_Remake_0_0,0_0,1143,pDb2pG9rr7tFyMTuP
cosmos shower,White,Flower color,NA,NA,Yes,Yes,No,5,NFS,3050,White,Green,1x1,NA,Crafting,,1.0.0,bathroom,fancy,flowers,None,Yes,Bathtub,No,Does not play music,No lighting,Not for sale,FtrFlowerShower_Remake_2_0,2_0,7230,eKtmhPuuzjsWAHa5z
CRESCENT-MOON CHAIR,Blue,Color,NA,NA,Yes,Yes,No,7,NFS,8500,Light blue,Yellow,2x1,NA,Crafting,,1.0.0,space,fancy,stars,None,Yes,Chair,No,Does not play music,Fluorescent,Not for sale,FtrStarMoonChairL_Remake_2_0,2_0,6829,HvpRb7MuCdy2Zzz5b
  SHELL STOOL  ,White,Shell color,NA,NA,Yes,Yes,No,1,NFS,,White,Brown,1x1,NA,Crafting,,1.0.0,ocean,None,shell,None,Yes,Chair,Yes,Does not play music,No lighting,Not for sale,FtrShellStoolS_Remake_0_0,0_0,3979,x8EhK5PKEMFar49Td
FESTIVE TREE,Red,Design,NA,NA,Yes,Yes,No,2,NFS,1400,Green,Red,1x1,NA,Crafting,,1.0.0,party,fancy,festive,None,Yes,Seasonal Decor,No,Does not play music,No lighting,Not for sale,FtrTreeXmasS_Remake_2_0,2_0,3991,xtdZ6k5CAku5t3ghW
  rock guitar  ,Cosmo black,NA,Rock logo,Sticker area,No,No,Yes,2,3100,775,Black,Purple,1x1,NA,Nook's Cranny,Available in Nook's Cranny (either upgrade tier) in the unique furniture slot,1.0.0,concert,None,None,None,Yes,Musical Instrument,No,Does not play music,No lighting,For sale,FtrElectricguitar1_Remake_2_3,2_3,1644,x8CMeYbyoQmQCKtzh
upright vacuum,Orange,NA,NA,NA,No,No,No,NA,,625,Orange,Black,1x1,NA,Nook's Cranny,"Available in Nook's Cranny (upgraded only), in the unique furniture slot",1.0.0,living room,None,None,None,Yes,Home Appliances,No,Does not play music,No lighting,For sale,FtrCleanerStick_Remake_4_0,4_0,908,p94pShH8K3ocBKzcm
school chair,Brown & white,NA,NA,NA,No,No,No,NA,,245,Brown,White,1x1,NA,Nook's Cranny,Available in Nook's Cranny (either upgrade tier) in the unique furniture slot,1.0.0,school,None,None,school,Yes,Chair,No,Does not play music,No lighting,For sale,FtrSchoolChairS_Remake_1_0,1_0,1308,dHiaxgFab46c8kan4
changing room,Pink,NA,White,Curtain,No,No,Yes,2,3700,925,Pink,White,1x1,NA,Nook's Cranny,"Available in Nook's Cranny (upgraded only), in the unique furniture slot",1.0.0,shop,facility,None,None,Wardrobe,Shop,No,Does not play music,No lighting,For sale,FtrFittingroom_Remake_6_0,6_0,1816,L4YAHZFQDr5oqbgr9
  WOODEN MINI TABLE  ,Dark wood,Paint color,Orange,Tablecloth,Yes,Yes,Yes,2,NFS,720,Brown,Orange,1x1,NA,Crafting,,1.0.0,child's room,living room,wooden,None,No,Table,No,Does not play music,No lighting,Not for sale,FtrWoodenTableMini_Remake_3_1,3_1,7133,nYvBnNnEAWhuakQmh
INFLATABLE SOFA,Rainbow,NA,NA,NA,No,No,No,NA,1100,275,Colorful,Colorful,2x1,NA,Nook's Cranny,"Available in all tiers of shops, including Timmy & Tommy before the shop is opened",1.0.0,outdoors,None,None,None,Yes,Bed,Yes,Does not play music,No lighting,For sale,FtrAirsofa_Remake_6_0,6_0,3962,DDgzFenrfXz2znQxr
  papa bear  ,Cream,NA,Blue,Ribbon,No,No,Yes,3,,2125,Orange,Blue,2x2,NA,Nook's Cranny,"Available in Nook's Cranny (upgraded only), in the third unique furniture slot",1.0.0,fancy,child's room,None,bear,No,Animal,No,Does not play music,No lighting,For sale,FtrBearL_Remake_0_2,0_2,1499,NJrvHwhkbWNyQKu89
festive tree,White,Design,NA,NA,Yes,Yes,No,2,NFS,1400,White,Gray,1x1,NA,Crafting,,1.0.0,party,fancy,festive,None,Yes,Seasonal Decor,No,Does not play music,No lighting,Not for sale,FtrTreeXmasS_Remake_5_0,5_0,3991,tTxTcDTaEnZYRnhau
log chair,White birch,Lumber type,Bears,Cushion,Yes,No,Yes,3,NFS,960,White,Brown,1x1,NA,Crafting,,1.0.0,garden,living room,log,None,Yes,Sofa,No,Does not play music,No lighting,Not for sale,FtrLogSofaS_Remake_3_3,3_3,4039,K6MssatzNF4WJxL7D
  frozen pillar  ,Ice green,Illumination,NA,NA,Yes,Yes,No,7,NFS,6200,Green,Green,1x1,NA,Crafting,,1.0.0,freezing cold,None,frozen,None,No,Seasonal Decor,Yes,Does not play music,No lighting,Not for sale,FtrIcePillar_Remake_5_0,5_0,3500,xguSpHM499bTHAJAZ
  frozen counter  ,Ice pink,Illumination,NA,NA,Yes,Yes,No,7,NFS,7000,Pink,Pink,2x1,NA,Crafting,,1.0.0,freezing cold,None,frozen,None,No,Table,Yes,Does not play music,No lighting,Not for sale,FtrIceCounter_Remake_2_0,2_0,3505,6WMQQoPwSaui5EPBn
swinging bench,Natural wood,Lumber type,NA,NA,Yes,Yes,No,2,NFS,1440,Yellow,Yellow,2x1,NA,Crafting,,1.0.0,garden,None,None,None,Yes,Sofa,Yes,Does not play music,No lighting,Not for sale,FtrSwingWood_Remake_1_0,1_0,1170,4AXMrEtkftLq9fKFw
  dj's turntable  ,Brown,NA,Familiar logo,Flag,No,No,Yes,4,9300,,Orange,Black,2x1,NA,Nook's Cranny,"Available in Nook's Cranny (upgraded only), in the unique furniture slot",1.0.0,party,concert,None,None,Yes,Musical Instrument,No,Hi-fi,No lighting,For sale,FtrDJbooth_Remake_2_1,2_1,941,khsPdhGEtu9MBgdPK
  arcade fighting game  ,NA,NA,NA,NA,No,No,No,NA,64000,16000,White,Red,1x1,NA,Nook's Cranny,"Available in Nook's Cranny (upgraded only), in the third unique furniture slot",1.0.0,facility,shop,None,None,Yes,Toy,No,Does not play music,Monitor,For sale,FtrArcadegameFight,NA,8225,3CKqHScHJuqbW7e4u
simple panel,Light brown,NA,Plain panel,Panel design,No,No,Yes,1,810,202,Beige,Gray,1x0.5,NA,Nook's Cranny,Available in Nook's Cranny (either upgrade tier) in the unique furniture slot,1.0.0,facility,None,None,None,No,Screen,No,Does not play music,No lighting,For sale,FtrScreenSimple_Remake_4_0,4_0,5338,5KDwFCw3osa8WFD72
wooden chair,Cherry wood,Paint color,NA,NA,Yes,Yes,No,1,NFS,720,Orange,Orange,1x1,NA,Crafting,,1.0.0,child's room,living room,wooden,None,Yes,Chair,No,Does not play music,No lighting,Not for sale,FtrWoodenChairS_Remake_2_0,2_0,1913,AdskMmKspjqkLsKQf
WOODEN SIMPLE BED,Green,Paint color,Green,Bedding,Yes,Yes,Yes,4,NFS,2160,Green,Green,2x1,NA,Crafting,,1.0.0,child's room,living room,wooden,None,Yes,Bed,No,Does not play music,No lighting,Not for sale,FtrWoodenBedS_Remake_5_3,5_3,2605,qq75pwjw3LswHKFNv
zen-style stone,Brown granite,Stone,NA,NA,Yes,Yes,No,6,NFS,4500,Brown,Brown,1x1,NA,Crafting,,1.0.0,zen-style,horror,None,None,No,Japanese Style,Yes,Does not play music,No lighting,Not for sale,FtrGravestoneJapan_Remake_3_0,3_0,7317,7qXRema8baxyunhvS
mama bear,Tweed,NA,None,Shirt,No,No,Yes,1,2300,575,Gray,Gray,1x1,NA,Nook's Cranny,Available in Nook's Cranny (either upgrade tier) in the unique furniture slot,1.0.0,fancy,child's room,None,bear,No,Animal,No,Does not play music,No lighting,For sale,FtrBearM_Remake_5_0,5_0,1500,PuXd4tRQNRSpiLkTa
STALL,Natural,Variation,None,Curtain,Yes,Yes,Yes,3,NFS,1440,Beige,Beige,2x1,NA,Crafting,,1.0.0,shop,party,None,None,No,Shop,Yes,Does not play music,No lighting,Not for sale,FtrFloat_Remake_0_0,0_0,3617,Wmi7kuKaAEJNYWwFR
  simple panel  ,Light brown,NA,Concrete,Panel design,No,No,Yes,1,810,202,Beige,Gray,1x0.5,NA,Nook's Cranny,Available in Nook's Cranny (either upgrade tier) in the unique furniture slot,1.0.0,facility,None,None,None,No,Screen,No,Does not play music,No lighting,For sale,FtrScreenSimple_Remake_4_6,4_6,5338,pTmjTHrM4mweaaxv3
  old sewing machine  ,Green,NA,NA,NA,No,No,No,NA,2200,550,Brown,Green,2x1,NA,Nook's Cranny,Available in Nook's Cranny (either upgrade tier) in the unique furniture slot,1.0.0,living room,None,None,None,Yes,Sewing Table,No,Does not play music,No lighting,For sale,FtrSewingmachineRetro_Remake_1_0,1_0,1127,Fjn5kBTCDymB6tMHL
  DJ'S TURNTABLE  ,White,NA,Emblem logo,Flag,No,No,Yes,4,9300,2325,White,Green,2x1,NA,Nook's Cranny,"Available in Nook's Cranny (upgraded only), in the unique furniture slot",1.0.0,party,concert,None,None,Yes,Musical Instrument,No,Hi-fi,No lighting,For sale,FtrDJbooth_Remake_1_4,1_4,941,aSNYiQ9eMC6cntDJp
surfboard,Stripes,NA,NA,NA,No,No,No,NA,4100,1025,Blue,White,1x1,NA,Nook's Cranny,Season sale item,1.0.0,ocean,None,None,None,No,Seaside,Yes,Does not play music,No lighting,For sale,FtrSurfboard_Remake_4_0,4_0,7868,tmu6NXzSvL2eqMQAo
  electric guitar  ,Natural wood,NA,Chic logo,Sticker area,No,No,Yes,7,71000,,Beige,White,1x1,NA,Nook's Cranny,"Available in Nook's Cranny (upgraded only), in the third unique furniture slot",1.0.0,concert,None,None,None,Yes,Musical Instrument,No,Does not play music,No lighting,For sale,FtrElectricguitar2_Remake_1_2,1_2,1645,hxxhggQG98vXf9ZWo
  destinations signpost  ,Old,Color,NA,NA,Yes,Yes,No,2,NFS,,Beige,Beige,1.5x1.5,NA,Crafting,,1.0.0,garden,None,None,None,No,Vehicle,Yes,Does not play music,No lighting,Not for sale,FtrSignpostWorld_Remake_5_0,5_0,4309,SgTcYAsaDkGv9vX44
floor seat,Light wood,NA,Mustard yellow,Cushion,No,No,Yes,1,730,182,Beige,Yellow,1x1,NA,Nook's Cranny,Available in Nook's Cranny (either upgrade tier) in the unique furniture slot,1.0.0,zen-style,child's room,None,None,Yes,Chair,No,Does not play music,No lighting,For sale,FtrFloorchair_Remake_1_1,1_1,3622,CMYnLYNa22wjbTH3h
WRITING DESK,Dark brown,NA,NA,NA,No,No,No,NA,7100,1775,Brown,Brown,2x1,NA,Nook's Cranny,Available in Nook's Cranny (either upgrade tier) in the unique furniture slot,1.0.0,child's room,None,None,writing,Yes,Desk,No,Does not play music,Monitor,For sale,FtrStudyDesk_Remake_2_0,2_0,3701,qaYJ8hXb2JabYcAxJ
  KITCHEN ISLAND  ,Red,NA,NA,NA,No,No,No,NA,170000,42500,Red,Black,2x2,NA,Nook's Cranny,"Available in Nook's Cranny (upgraded only), in the third unique furniture slot",1.0.0,kitchen,expensive,None,None,No,Kitchen,No,Does not play music,No lighting,For sale,FtrKitchenIsland_Remake_2_0,2_0,998,RrEYB2BSSSsstqYtu
POOL,White,NA,NA,NA,No,No,No,NA,NFS,25000,White,Blue,3x3,5000,Nook Miles Shop,,1.0.0,fitness,expensive,None,None,No,Sports,Yes,Does not play music,No lighting,Not for sale,FtrPool_Remake_0_0,0_0,3596,dYhhwpjG3ief3a9oA
frozen bed,Ice yellow,Illumination,Brown,Bedding,Yes,Yes,Yes,8,NFS,9000,Yellow,Brown,2x2,NA,Crafting,,1.0.0,freezing cold,None,frozen,None,Yes,Bed,Yes,Does not play music,No lighting,Not for sale,FtrIceBedW_Remake_3_0,3_0,3502,Jqp6iDM4mkA3xJS8b
  freezer  ,Black,NA,NA,NA,No,No,No,NA,3500,875,Black,Black,2x1,NA,Nook's Cranny,Available in Nook's Cranny (either upgrade tier) in the unique furniture slot,1.0.0,kitchen,shop,None,None,Wardrobe,Home Appliances,No,Does not play music,No lighting,For sale,FtrFreezer_Remake_1_0,1_0,4135,Y7bM4PzgP3Y6fE3Sk
  LOG EXTRA-LONG SOFA  ,Dark wood,Lumber type,Geometric print,Cushions,Yes,Yes,Yes,4,NFS,1920,Brown,Colorful,2x1,NA,Crafting,,1.0.0,garden,living room,log,None,Yes,Sofa,No,Does not play music,No lighting,Not for sale,FtrLogSofaL_Remake_0_2,0_2,4044,4Xd2PPbgQJAbA2qBC
  stone tablet  ,Black,Color,NA,NA,Yes,Yes,No,3,NFS,1800,Black,Black,2x2,NA,Crafting,,1.0.0,garden,horror,None,None,No,Japanese Style,No,Does not play music,No lighting,Not for sale,FtrRockMonument_Remake_0_0,0_0,11943,RhvzBwdLMP6CC8CFm
  mountain standee  ,Summer,Season,NA,NA,Yes,Yes,No,2,NFS,,Green,Green,2x1,NA,Crafting,,1.0.0,school,None,None,standee,No,School,No,Does not play music,No lighting,Not for sale,FtrHariboteMountain_Remake_2_0,2_0,532,ECHWG29TPChWY73tJ
  round space heater  ,Orange,NA,NA,NA,No,No,No,NA,2700,675,Orange,Orange,1x1,NA,Nook's Cranny,Season sale item,1.0.0,living room,school,None,None,Yes,Heating,No,Does not play music,No lighting,For sale,FtrStoveRound_Remake_4_0,4_0,2771,HAY4chL9uCKABaQJu
folding chair,Red,NA,NA,NA,No,No,No,NA,920,230,Red,Gray,1x1,NA,Nook's Cranny,Available in Nook's Cranny (either upgrade tier) in the unique furniture slot,1.0.0,facility,None,None,None,Yes,Chair,No,Does not play music,No lighting,For sale,FtrPipechair_Remake_2_0,2_0,7529,tFJx9LLDDZR6qKv9Z
  golf bag  ,Brown,NA,NA,NA,No,No,No,NA,54000,13500,Brown,Brown,1x1,NA,Nook's Cranny,"Available in Nook's Cranny (upgraded only), in the third unique furniture slot",1.0.0,fitness,None,None,None,No,Sports,No,Does not play music,No lighting,For sale,FtrGolfbag_Remake_4_0,4_0,1632,zeqhGpQWgNHmNHkP3
  wooden table  ,Dark wood,Paint color,Pink,Tablecloth,Yes,Yes,Yes,4,NFS,1800,Brown,Pink,2x2,NA,Crafting,,1.0.0,child's room,living room,wooden,None,No,Table,No,Does not play music,No lighting,Not for sale,FtrWoodenTableL_Remake_3_2,3_2,3439,A8ZSGQPjKoWvveKNg
  WOODEN TABLE  ,Cherry wood,Paint color,None,Tablecloth,Yes,Yes,Yes,4,NFS,1800,Orange,Orange,2x2,NA,Crafting,,1.0.0,child's room,living room,wooden,None,No,Table,No,Does not play music,No lighting,Not for sale,FtrWoodenTableL_Remake_2_0,2_0,3439,HDkKeYwH6E42ma7ng
phone box,Red,NA,NA,NA,No,No,No,NA,,12000,Red,Red,1x1,2400,Nook Miles Shop,,1.0.0,school,facility,None,None,Yes,Facility Decor,Yes,Does not play music,Emission,Not for sale,FtrTelephonebox_Remake_0_0,0_0,1185,LchzJeEoB3bZDrNfm
ROCK GUITAR,Sunburst,NA,None,Sticker area,No,No,Yes,2,3100,775,Orange,White,1x1,NA,Nook's Cranny,Available in Nook's Cranny (either upgrade tier) in the unique furniture slot,1.0.0,concert,None,None,None,Yes,Musical Instrument,No,Does not play music,No lighting,For sale,FtrElectricguitar1_Remake_0_0,0_0,1644,bjsr3Gsdoq5jjgSnZ
stone table,NA,NA,NA,NA,Yes,No,No,NA,NFS,1200,Gray,Gray,1x1,NA,Crafting,,1.0.0,garden,None,None,stone,Yes,Table,Yes,Does not play music,No lighting,Not for sale,FtrStoneTable,NA,3397,a4pKEsQSesLcdmuBP
pet bed,Natural,NA,White,Cushion,No,No,Yes,1,1100,275,Beige,White,1x1,NA,Nook's Cranny,Available in Nook's Cranny (either upgrade tier) in the unique furniture slot,1.0.0,living room,None,None,pet,Yes,Chair,No,Does not play music,No lighting,For sale,FtrPetBed_Remake_0_0,0_0,7802,AvrmQiGWmbBfSWEob
  rock guitar  ,Cool blue,NA,Handwritten logo,Sticker area,No,No,Yes,2,3100,775,Blue,Light blue,1x1,NA,Nook's Cranny,Available in Nook's Cranny (either upgrade tier) in the unique furniture slot,1.0.0,concert,None,None,None,Yes,Musical Instrument,No,Does not play music,No lighting,For sale,FtrElectricguitar1_Remake_7_5,7_5,1644,Z8k5amCLFjjbwsbmm
  mush partition  ,Ordinary mushroom,Mushroom type,NA,NA,Yes,Yes,No,3,NFS,1800,Brown,Beige,2x1,NA,Crafting,,1.0.0,garden,None,mush,None,No,Screen,Yes,Does not play music,No lighting,Not for sale,FtrMushroomScreen_Remake_0_0,0_0,3806,yTpM8rbQWGRxKRpbP
low screen,Light brown,NA,Spring,Screen,No,No,Yes,1,870,217,Beige,Red,1x0.5,NA,Nook's Cranny,Available in Nook's Cranny (either upgrade tier) in the unique furniture slot,1.0.0,zen-style,None,None,None,No,Japanese Style,No,Does not play music,No lighting,For sale,FtrScreenJapanLow_Remake_0_1,0_1,1029,sZ7p5GkxXZ5GYyiNe
log chair,White wood,Lumber type,Quilted,Cushion,Yes,Yes,Yes,3,,960,Beige,Light blue,1x1,NA,Crafting,,1.0.0,garden,living room,log,None,Yes,Sofa,No,Does not play music,No lighting,Not for sale,FtrLogSofaS_Remake_2_4,2_4,4039,qfMM8ChwLjMxS8upD
clothesline pole,Blue,NA,Carrot,Drying shirt,No,No,Yes,1,1100,275,Light blue,Yellow,2x0.5,NA,Nook's Cranny,Available in Nook's Cranny (either upgrade tier) in the unique furniture slot,1.0.0,garden,bathroom,None,None,No,Supplies,Yes,Does not play music,No lighting,For sale,FtrClotheshorse_Remake_1_3,1_3,1778,e2PoQ963EkHdnR9Gh
  frozen partition  ,Ice green,Illumination,NA,NA,Yes,Yes,No,7,NFS,7400,Green,Green,2x0.5,NA,Crafting,,1.0.0,freezing cold,None,frozen,None,No,Seasonal Decor,Yes,Does not play music,No lighting,Not for sale,FtrIceScreen_Remake_5_0,5_0,3498,xQc4taDXnouRZef2p
brick oven,White,Brick color,NA,NA,Yes,Yes,No,6,NFS,3820,White,Black,1.5x1.5,NA,Crafting,,1.0.0,kitchen,shop,None,None,Yes,Kitchen,Yes,Does not play music,No lighting,Not for sale,FtrStoneoven_Remake_2_0,2_0,1157,xo2RaXeTJQngSoeG8
  LOFT BED WITH DESK  ,Blue,NA,Pink,Bedding,No,No,Yes,3,7700,,Blue,Pink,2x1,NA,Nook's Cranny,"Available in Nook's Cranny (upgraded only), in the unique furniture slot",1.0.0,child's room,None,None,None,Yes,Desk,No,Does not play music,No lighting,For sale,FtrBeddesk_Remake_4_5,4_5,3621,WMsK6EfXZ7JgNWjym
  UPRIGHT LOCKER  ,Green,NA,Cute,Sticker area,No,No,Yes,2,,925,Green,Pink,1x1,NA,Nook's Cranny,Available in Nook's Cranny (either upgrade tier) in the unique furniture slot,1.0.0,school,facility,None,None,Wardrobe,Chest,No,Does not play music,No lighting,For sale,FtrLocker_Remake_5_2,5_2,833,NK7DQMWS89mDhn7GW
  bamboo basket  ,Green bamboo,Bamboo,NA,NA,Yes,Yes,No,2,NFS,1120,Green,Green,1x1,NA,Crafting,,1.0.0,zen-style,None,bamboo,None,No,Japanese Style,No,Does not play music,No lighting,Not for sale,FtrBambooBasket_Remake_0_0,0_0,3658,EhqChmN8mmQb5Xbrs
  simple panel  ,Copper,NA,Lined panel,Panel design,No,No,Yes,1,810,202,Brown,White,1x0.5,NA,Nook's Cranny,Available in Nook's Cranny (either upgrade tier) in the unique furniture slot,1.0.0,facility,None,None,None,No,Screen,No,Does not play music,No lighting,For sale,FtrScreenSimple_Remake_5_1,5_1,5338,cyaPn2vBAveSPsvmp
  effects rack  ,Black,NA,Cute logo,Sticker area,No,No,Yes,3,6800,1700,Black,Pink,1x1,NA,Nook's Cranny,"Available in Nook's Cranny (upgraded only), in the unique furniture slot",1.0.0,concert,facility,None,None,No,Musical Instrument,No,Does not play music,No lighting,For sale,FtrEffectorrack_Remake_0_7,0_7,950,2JChKLRPZXZPSnfHK
  retro gas pump  ,Green,NA,Black retro,Lamp,No,No,Yes,1,2700,675,Green,Yellow,1x1,NA,Nook's Cranny,Available in Nook's Cranny (either upgrade tier) in the unique furniture slot,1.0.0,garden,shop,diner,None,Yes,Vehicle,Yes,Does not play music,No lighting,For sale,FtrAmeretroGasstand_Remake_1_2,1_2,4140,v7moddG9PpMtemoaf
  beach towel  ,NA,NA,Shells,Towel,No,No,Yes,1,380,95,Pink,Pink,2x1,NA,Nook's Cranny,"Available in all tiers of shops, including Timmy & Tommy before the shop is opened",1.0.0,ocean,None,None,None,Yes,Bed,Yes,Does not play music,No lighting,For sale,FtrBeachtowel_Remake_0_3,0_3,3468,ADaMwCytMMFHcyyuv
CAMPFIRE,NA,NA,NA,NA,Yes,No,No,NA,NFS,30,Brown,Brown,1x1,NA,Crafting,,1.0.0,outdoors,None,None,None,Yes,Fireplace,Yes,Does not play music,Candle,Not for sale,FtrBonfire,NA,1429,9CianvzagBoXJohyr
  log stakes  ,White wood,Lumber type,NA,NA,Yes,Yes,No,1,NFS,360,Beige,Beige,1x1,NA,Crafting,,1.0.0,garden,None,log,None,No,Ranch,Yes,Does not play music,No lighting,Not for sale,FtrWoodPile_Remake_2_0,2_0,5973,yjNwQMwR5hf6okPSB
  bunk bed  ,White,NA,White,Bedding,No,No,Yes,2,5000,1250,White,White,2x1,NA,Nook's Cranny,Available in Nook's Cranny (either upgrade tier) in the unique furniture slot,1.0.0,facility,None,None,None,Yes,Bed,No,Does not play music,No lighting,For sale,FtrBunkbed_Remake_2_0,2_0,8298,xqijQEGjpDpuZqGo8
  imperial bed  ,Black,NA,NA,NA,No,No,No,NA,23000,5750,Black,Black,2x2,NA,Nook's Cranny,"Available in Nook's Cranny (upgraded only), in the third unique furniture slot",1.0.0,zen-style,None,zen,None,Yes,Bed,No,Does not play music,No lighting,For sale,FtrOrientalBedW_Remake_3_0,3_0,3973,apbWZJ6cgy9WPsfep
  iron garden table  ,White,Body color,NA,NA,Yes,Yes,No,5,NFS,3750,White,White,1x1,NA,Crafting,,1.0.0,garden,None,iron,None,No,Table,Yes,Does not play music,No lighting,Not for sale,FtrIrongardenTable_Remake_4_0,4_0,1627,ZAXbvgxA7MyF3CNkF
  TIRE STACK  ,Black,Tire color,NA,NA,Yes,Yes,No,1,,,Black,Black,1x1,NA,Crafting,,1.0.0,garage,garden,None,None,No,Vehicle,Yes,Does not play music,No lighting,Not for sale,FtrTyres_Remake_0_0,0_0,1189,FYecxBRHBE47ZAh5X
  OUTDOOR BATH  ,White,Stone,NA,NA,Yes,Yes,No,6,NFS,4350,White,White,3x3,NA,Crafting,,1.0.0,garden,zen-style,None,None,Yes,Bathtub,Yes,Does not play music,Fluorescent,Not for sale,FtrOpenairbath_Remake_3_0,3_0,1111,KKrnR4TWhaD2ARs3C
DRUM SET,Black & white,NA,White with logo,Bass drum head,No,No,Yes,2,5600,1400,Gray,White,2x1,NA,Nook's Cranny,"Available in Nook's Cranny (upgraded only), in the unique furniture slot",1.0.0,concert,None,None,None,Yes,Musical Instrument,No,Does not play music,No lighting,For sale,FtrDrumSet_Remake_7_3,7_3,1803,MEvqWiGNiRi6tERyE
  frozen bed  ,Ice yellow,Illumination,Gray,Bedding,Yes,Yes,Yes,8,NFS,,Yellow,Gray,2x2,NA,Crafting,,1.0.0,freezing cold,None,frozen,None,Yes,Bed,Yes,Does not play music,No lighting,Not for sale,FtrIceBedW_Remake_3_2,3_2,3502,qqeTpw6AQYW8KZELb
  EFFECTS RACK  ,White,NA,Handwritten logo,Sticker area,No,No,Yes,3,6800,1700,White,Light blue,1x1,NA,Nook's Cranny,"Available in Nook's Cranny (upgraded only), in the unique furniture slot",1.0.0,concert,facility,None,None,No,Musical Instrument,No,Does not play music,No lighting,For sale,FtrEffectorrack_Remake_1_5,1_5,950,L2NzC92BmaXvNcoSp
LOG CHAIR,Orange wood,Lumber type,Quilted,Cushion,Yes,Yes,Yes,3,NFS,960,Orange,Light blue,1x1,NA,Crafting,,1.0.0,garden,living room,log,None,Yes,Sofa,No,Does not play music,No lighting,Not for sale,FtrLogSofaS_Remake_1_4,1_4,4039,QFoFZCk7ETrjxW8zC
upright locker,Yellow,NA,Cute,Sticker area,No,No,Yes,2,3700,,Yellow,Pink,1x1,NA,Nook's Cranny,Available in Nook's Cranny (either upgrade tier) in the unique furniture slot,1.0.0,school,facility,None,None,Wardrobe,Chest,No,Does not play music,No lighting,For sale,FtrLocker_Remake_6_2,6_2,833,vj8fFWHpQymYEeApq
  FIRE PIT  ,NA,NA,NA,NA,No,No,No,NA,96000,24000,Black,Black,1.5x1.5,NA,Nook's Cranny,"Available in Nook's Cranny (upgraded only), in the third unique furniture slot",1.0.0,outdoors,None,None,None,Yes,Fireplace,Yes,Does not play music,No lighting,For sale,FtrFirepit,NA,4100,bvgeNiWoQhCG3jvRK
rocket lamp,Blue,NA,NA,NA,No,No,No,NA,,375,Light blue,Green,1x1,NA,Nook's Cranny,Available in Nook's Cranny (either upgrade tier) in the unique furniture slot,1.0.0,facility,None,None,None,Yes,Lamp,No,Does not play music,Fluorescent,For sale,FtrLavalamp_Remake_0_0,0_0,1851,JyFNqtLNJaayDW7WT
upright locker,Green,NA,Pop,Sticker area,No,No,Yes,2,3700,925,Green,Colorful,1x1,NA,Nook's Cranny,Available in Nook's Cranny (either upgrade tier) in the unique furniture slot,1.0.0,school,facility,None,None,Wardrobe,Chest,No,Does not play music,No lighting,For sale,FtrLocker_Remake_5_3,5_3,833,6zyGggALSTsbFkjke
kimono stand,NA,NA,Goldfish,Kimono,No,No,Yes,2,3200,800,Beige,Light blue,2x1,NA,Nook's Cranny,"Available in Nook's Cranny (upgraded only), in the unique furniture slot",1.0.0,zen-style,None,None,None,No,Japanese Style,No,Does not play music,No lighting,For sale,FtrKimonostand_Remake_0_1,0_1,7682,hkkcQs9HSARHGaNj7
  TRAIN SET  ,Summer,NA,NA,NA,No,No,No,NA,7900,1975,Green,Brown,2x2,NA,Nook's Cranny,"Available in Nook's Cranny (upgraded only), in the third unique furniture slot",1.0.0,child's room,None,None,None,Yes,Toy,No,Does not play music,No lighting,For sale,FtrRailroad_Remake_1_0,1_0,85,jw7RfDqQYoNMAf2z9
stall,Dark brown,Variation,Red stripes,Curtain,Yes,Yes,Yes,3,,1440,Brown,Red,2x1,NA,Crafting,,1.0.0,shop,party,None,None,No,Shop,Yes,Does not play music,No lighting,Not for sale,FtrFloat_Remake_1_2,1_2,3617,xLjxKF6BZcswpTjqw
  RATTAN STOOL  ,Gray,NA,NA,NA,No,No,No,NA,2900,,Green,Blue,1x1,NA,Nook's Cranny,"Available in Nook's Cranny (upgraded only), in the unique furniture slot",1.0.0,living room,None,rattan,None,Yes,Chair,No,Does not play music,No lighting,For sale,FtrRattanStool_Remake_4_0,4_0,4047,Jxe7Poq5DtQEqWRtG
frozen table,Ice,Illumination,NA,NA,Yes,Yes,No,7,,8200,Light blue,Light blue,2x2,NA,Crafting,,1.0.0,freezing cold,None,frozen,None,No,Table,Yes,Does not play music,No lighting,Not for sale,FtrIceTableL_Remake_0_0,0_0,3497,uxA4dFE7fLtC2K2WK
  LOG GARDEN LOUNGE  ,Orange wood,Lumber type,Bears,Pillow,Yes,Yes,Yes,3,NFS,1440,Orange,Brown,2x1,NA,Crafting,,1.0.0,garden,None,log,None,Yes,Bed,Yes,Does not play music,No lighting,Not for sale,FtrLogBedS_Remake_1_3,1_3,4035,atA6RMHvfpgtomjGu
standard umbrella stand,Black,Body color,Navy,Favorite umbrella,Yes,Yes,Yes,4,NFS,2250,Black,Blue,1x1,NA,Crafting,,1.0.0,school,office,None,None,No,Supplies,No,Does not play music,No lighting,Not for sale,FtrUmbrellastand_Remake_0_2,0_2,3445,HRDTiK3vZryCDYuDK
OUTDOOR TABLE,Red,NA,White,Table,No,No,Yes,1,,550,Red,White,2x1,NA,Nook's Cranny,Available in Nook's Cranny (either upgrade tier) in the unique furniture slot,1.0.0,outdoors,None,None,None,No,Table,Yes,Does not play music,No lighting,For sale,FtrOutdoortableM_Remake_4_0,4_0,3946,hkvQx3tb52og44bXT
DOGHOUSE,Natural,Paint color,NA,NA,Yes,Yes,No,3,NFS,2040,Brown,Brown,1x1,NA,Crafting,,1.0.0,garden,None,None,None,Yes,Animal,Yes,Does not play music,No lighting,Not for sale,FtrDoghouse_Remake_0_0,0_0,1799,hoPZHBjtdrmtQFwbW
PET BED,Natural,NA,Moss green,Cushion,No,No,Yes,1,1100,275,Beige,Green,1x1,NA,Nook's Cranny,Available in Nook's Cranny (either upgrade tier) in the unique furniture slot,1.0.0,living room,None,None,pet,Yes,Chair,No,Does not play music,No lighting,For sale,FtrPetBed_Remake_0_1,0_1,7802,PyAE6nmYT2y5t6C9v
  garbage bin  ,Green,NA,NA,NA,No,No,No,NA,1000,250,Green,Green,1x1,NA,Nook's Cranny,Available in Nook's Cranny (either upgrade tier) in the unique furniture slot,1.0.0,garage,facility,None,None,Trash,Supplies,Yes,Does not play music,No lighting,For sale,FtrPaleCaster_Remake_0_0,0_0,9767,TKWgtW6JghNAbp93k
  log round table  ,White wood,Lumber type,Bears,Tablecloth,Yes,Yes,Yes,4,NFS,1800,Beige,Brown,2x2,NA,Crafting,,1.0.0,garden,living room,log,None,No,Table,Yes,Does not play music,No lighting,Not for sale,FtrLogTableLRound_Remake_2_3,2_3,4043,ZidKmGed6XLwEyEp9
  ROCK GUITAR  ,Fire red,NA,Handwritten logo,Sticker area,No,No,Yes,2,3100,775,Red,Light blue,1x1,NA,Nook's Cranny,Available in Nook's Cranny (either upgrade tier) in the unique furniture slot,1.0.0,concert,None,None,None,Yes,Musical Instrument,No,Does not play music,No lighting,For sale,FtrElectricguitar1_Remake_3_5,3_5,1644,DRzTenXZx8kYRHPSY
bunk bed,Silver,NA,Striped,Bedding,No,No,Yes,2,5000,1250,Gray,Blue,2x1,NA,Nook's Cranny,Available in Nook's Cranny (either upgrade tier) in the unique furniture slot,1.0.0,facility,None,None,None,Yes,Bed,No,Does not play music,No lighting,For sale,FtrBunkbed_Remake_0_1,0_1,8298,JtnDEL4pcF9bsNQfJ
  HARP  ,Black,NA,NA,NA,No,No,No,NA,130000,32500,Black,Beige,1x1,NA,Nook's Cranny,"Available in Nook's Cranny (upgraded only), in the third unique furniture slot",1.0.0,music,None,None,None,Yes,Musical Instrument,No,Does not play music,No lighting,For sale,FtrHarp_Remake_4_0,4_0,987,b8SHxhT48MwusqTNg
wooden mini table,Pink wood,Paint color,Green,Tablecloth,Yes,Yes,Yes,2,NFS,720,Pink,Green,1x1,NA,Crafting,,1.0.0,child's room,living room,wooden,None,No,Table,No,Does not play music,No lighting,Not for sale,FtrWoodenTableMini_Remake_7_4,7_4,7133,DZdS7xfKYcTr6YSMa
  log extra-long sofa  ,White wood,Lumber type,Quilted,Cushions,Yes,Yes,Yes,4,NFS,1920,Beige,Light blue,2x1,NA,Crafting,,1.0.0,garden,living room,log,None,Yes,Sofa,No,Does not play music,No lighting,Not for sale,FtrLogSofaL_Remake_2_4,2_4,4044,N9mDiB9qF5jtftdeX
BUNK BED,Red,NA,Colorful lines,Bedding,No,No,Yes,2,,1250,Red,Yellow,2x1,NA,Nook's Cranny,Available in Nook's Cranny (either upgrade tier) in the unique furniture slot,1.0.0,facility,None,None,None,Yes,Bed,No,Does not play music,No lighting,For sale,FtrBunkbed_Remake_3_4,3_4,8298,XsHrxdCG8sg5KByEC
  FROZEN COUNTER  ,Ice,Illumination,NA,NA,Yes,Yes,No,7,NFS,7000,Light blue,Light blue,2x1,NA,Crafting,,1.0.0,freezing cold,None,frozen,None,No,Table,Yes,Does not play music,No lighting,Not for sale,FtrIceCounter_Remake_0_0,0_0,3505,E8Y56sQaeBreCdHXg
ELECTRIC BASS,Space silver,NA,NA,NA,No,No,No,NA,82000,20500,Gray,Black,1x1,NA,Nook's Cranny,"Available in Nook's Cranny (upgraded only), in the third unique furniture slot",1.0.0,concert,None,None,None,Yes,Musical Instrument,No,Does not play music,No lighting,For sale,FtrElectricbass_Remake_7_0,7_0,1804,2ErLhu83kTGFscyf4
WOODEN STOOL,Light wood,Paint color,Orange,Seat,Yes,Yes,Yes,2,NFS,480,Beige,Orange,1x1,NA,Crafting,,1.0.0,child's room,living room,wooden,None,Yes,Chair,No,Does not play music,No lighting,Not for sale,FtrWoodenStoolS_Remake_0_1,0_1,3449,LWbNbTapgceEs3Xva
  WEDDING TABLE  ,Chic,Design,NA,NA,No,Yes,No,2,6000,,White,Beige,2x2,NA,Wedding Season,,1.2.0,party,expensive,wedding,None,Yes,Table,No,Does not play music,Candle,Not for sale,FtrWeddingTableL_Remake_1_0,1_0,12406,Q2vQd6JLLmL2uXu8F
Mama bear,Caramel mocha,NA,None,Shirt,No,No,Yes,1,2300,575,Beige,Beige,1x1,NA,Nook's Cranny,Available in Nook's Cranny (either upgrade tier) in the unique furniture slot,1.0.0,fancy,child's room,None,bear,No,Animal,No,Does not play music,No lighting,For sale,FtrBearM_Remake_1_0,1_0,1500,fiTtrJmvCbXWgAjZi
  rattan vanity  ,White,NA,NA,NA,No,No,No,NA,5900,1475,White,White,1x1,NA,Nook's Cranny,"Available in Nook's Cranny (upgraded only), in the unique furniture slot",1.0.0,living room,None,rattan,None,Yes,Dresser,No,Does not play music,No lighting,For sale,FtrRattanDresser_Remake_3_0,3_0,4051,MC8c6FFKyw3dyuvpj
changing room,Gray,NA,Blue,Curtain,No,No,Yes,2,3700,925,White,Light blue,1x1,NA,Nook's Cranny,"Available in Nook's Cranny (upgraded only), in the unique furniture slot",1.0.0,shop,facility,None,None,Wardrobe,Shop,No,Does not play music,No lighting,For sale,FtrFittingroom_Remake_0_7,0_7,1816,x37RGuHrDjMtvGnj5
phone box,Gold,NA,NA,NA,No,No,No,NA,NFS,12000,Yellow,Gray,1x1,2400,Nook Miles Shop,,1.0.0,school,facility,None,None,Yes,Facility Decor,Yes,Does not play music,Emission,Not for sale,FtrTelephonebox_Remake_7_0,7_0,1185,qJPXRzXby7E2dNcpA
drum set,Marine blue,NA,Black with logo,Bass drum head,No,No,Yes,2,5600,,Blue,Black,2x1,NA,Nook's Cranny,"Available in Nook's Cranny (upgraded only), in the unique furniture slot",1.0.0,concert,None,None,None,Yes,Musical Instrument,No,Does not play music,No lighting,For sale,FtrDrumSet_Remake_4_2,4_2,1803,8MqYzGbsCoz9xdWto
  IRONWOOD BED  ,Walnut,Lumber type,Brown,Bedding,Yes,Yes,Yes,8,,9900,Brown,Brown,2x1,NA,Crafting,,1.0.0,living room,None,ironwood,None,Yes,Bed,No,Does not play music,No lighting,Not for sale,FtrIronwoodBedS_Remake_2_2,2_2,3200,BJxJTcGHdxFzEr8vW
  CUTE DIY TABLE  ,Yellow,NA,NA,NA,No,No,No,NA,7000,1750,Yellow,Orange,2x1,NA,Nook's Cranny,"Available in Nook's Cranny (upgraded only), in the unique furniture slot",1.0.0,fancy,None,cute,None,Yes,Work Bench,No,Does not play music,Spotlight,For sale,FtrCuteWorkbench_Remake_2_0,2_0,3995,n2bTZfj9XMoCRsC4T
FUTON,NA,NA,Green,Bedding,No,No,Yes,1,1600,400,White,Green,2x1,NA,Nook's Cranny,Available in Nook's Cranny (either upgrade tier) in the unique furniture slot,1.0.0,zen-style,None,None,None,Yes,Bed,No,Does not play music,No lighting,For sale,FtrFuton_Remake_0_3,0_3,3230,zmxnPHay6bcfiQeSB
western-style stone,Gray,Stone,NA,NA,Yes,Yes,No,6,NFS,4500,Gray,Orange,2x1,NA,Crafting,,1.0.0,garden,horror,None,None,No,Garden,Yes,Does not play music,No lighting,Not for sale,FtrGravestoneEuropean_Remake_1_0,1_0,3446,NsYcbcwZqPifJq7St
  wooden simple bed  ,Dark wood,Paint color,Blue,Bedding,Yes,Yes,Yes,4,NFS,2160,Brown,Light blue,2x1,NA,Crafting,,1.0.0,child's room,living room,wooden,None,Yes,Bed,No,Does not play music,No lighting,Not for sale,FtrWoodenBedS_Remake_3_2,3_2,2605,njcwYjnQ24Xj6PN6X
effects rack,White,NA,Familiar logo,Sticker area,No,No,Yes,3,6800,1700,White,White,1x1,NA,Nook's Cranny,"Available in Nook's Cranny (upgraded only), in the unique furniture slot",1.0.0,concert,facility,None,None,No,Musical Instrument,No,Does not play music,No lighting,For sale,FtrEffectorrack_Remake_1_1,1_1,950,DTenbt3zvd3Yzkt4u
  WOODEN END TABLE  ,Pink wood,Paint color,NA,NA,Yes,Yes,No,2,NFS,960,Pink,Colorful,1x1,NA,Crafting,,1.0.0,child's room,living room,wooden,None,No,Table,No,Does not play music,No lighting,Not for sale,FtrWoodenTableS_Remake_7_0,7_0,3438,BfvxWwrRNu2NdnW4S
  RATTAN BED  ,White,NA,NA,NA,No,No,No,NA,7200,1800,Light blue,White,2x2,NA,Nook's Cranny,"Available in Nook's Cranny (upgraded only), in the third unique furniture slot",1.0.0,living room,None,rattan,None,Yes,Bed,No,Does not play music,No lighting,For sale,FtrRattanBedW_Remake_3_0,3_0,4052,ZMwjriuK6qTbrh3wf
wooden simple bed,Light wood,Paint color,Blue,Bedding,Yes,Yes,Yes,4,NFS,2160,Beige,Light blue,2x1,NA,Crafting,,1.0.0,child's room,living room,wooden,None,Yes,Bed,No,Does not play music,No lighting,Not for sale,FtrWoodenBedS_Remake_0_2,0_2,2605,mxoMFLjs4YnLZ5FKm
park clock,White,NA,NA,NA,No,No,No,NA,NFS,12000,White,White,1x1,2400,Nook Miles Shop,,1.0.0,garden,None,None,None,Yes,Clock,Yes,Does not play music,No lighting,Not for sale,FtrParkclock_Remake_2_0,2_0,3595,fuysbBWBSKBKMj7Fe
  playground gym  ,Monotone,NA,NA,NA,No,No,No,NA,NFS,15000,White,Black,2x2,3000,Nook Miles Shop,,1.0.0,garden,child's room,None,None,Yes,Playground,Yes,Does not play music,No lighting,Not for sale,FtrJunglegym_Remake_1_0,1_0,3430,vFA7baPXr6jXrNuom
frozen pillar,Ice pink,Illumination,NA,NA,Yes,Yes,No,7,NFS,6200,Pink,Pink,1x1,NA,Crafting,,1.0.0,freezing cold,None,frozen,None,No,Seasonal Decor,Yes,Does not play music,No lighting,Not for sale,FtrIcePillar_Remake_2_0,2_0,3500,3rvdMT3TjCQP8Jh6e
TOOL CART,Silver,NA,NA,NA,No,No,No,NA,2400,600,Gray,Black,1x1,NA,Nook's Cranny,Available in Nook's Cranny (either upgrade tier) in the unique furniture slot,1.0.0,garage,None,None,None,No,Table,No,Does not play music,No lighting,For sale,FtrToolcart_Remake_7_0,7_0,7528,rNjJfDcqe6uFCopB8
rock guitar,Chic white,NA,Chic logo,Sticker area,No,No,Yes,2,3100,775,White,White,1x1,NA,Nook's Cranny,Available in Nook's Cranny (either upgrade tier) in the unique furniture slot,1.0.0,concert,None,None,None,Yes,Musical Instrument,No,Does not play music,No lighting,For sale,FtrElectricguitar1_Remake_6_2,6_2,1644,6i3NQQcCRSmMQBZ6E
hammock,Light brown,NA,Colorful,Cloth,No,No,Yes,1,1300,,Beige,Colorful,2x1,NA,Nook's Cranny,"Available in all tiers of shops, including Timmy & Tommy before the shop is opened",1.0.0,outdoors,None,None,None,Yes,Bed,Yes,Does not play music,No lighting,For sale,FtrHammock_Remake_1_0,1_0,1620,beCusn5isZxbdtqSz
  ironwood bed  ,Oak,NA,Blue-gray,Bedding,Yes,No,Yes,8,NFS,9900,Brown,Light blue,2x1,NA,Crafting,,1.0.0,living room,None,ironwood,None,Yes,Bed,No,Does not play music,No lighting,Not for sale,FtrIronwoodBedS_Remake_4_1,4_1,3200,MjNrXGvb8CWTXAfFN
  director's chair  ,Light brown,NA,Director black,Fabric,No,No,Yes,1,1600,,Orange,Black,1x1,NA,Nook's Cranny,"Available in all tiers of shops, including Timmy & Tommy before the shop is opened",1.0.0,outdoors,None,None,None,Yes,Chair,Yes,Does not play music,No lighting,For sale,FtrDirectorchair_Remake_0_1,0_1,2020,uCPaC8cXQ328yf84f
  changing room  ,Beige,NA,Green,Curtain,No,No,Yes,2,3700,925,Yellow,Green,1x1,NA,Nook's Cranny,"Available in Nook's Cranny (upgraded only), in the unique furniture slot",1.0.0,shop,facility,None,None,Wardrobe,Shop,No,Does not play music,No lighting,For sale,FtrFittingroom_Remake_1_6,1_6,1816,5sR6zTAe9PsMcZkpn
  podium  ,NA,NA,NA,NA,No,No,No,NA,3400,850,Brown,Brown,1x1,NA,Nook's Cranny,"Available in Nook's Cranny (upgraded only), in the unique furniture slot",1.0.0,school,None,None,None,No,Desk,No,Does not play music,No lighting,For sale,FtrLectern,NA,1329,xczAKXvxxubJWZH4r
  round space heater  ,Black,NA,NA,NA,No,No,No,NA,2700,675,Black,Black,1x1,NA,Nook's Cranny,Season sale item,1.0.0,living room,school,None,None,Yes,Heating,No,Does not play music,No lighting,For sale,FtrStoveRound_Remake_1_0,1_0,2771,tKZXYfPR8TKLfhixP
  floor light  ,Red,NA,NA,NA,No,No,No,NA,,550,Red,Red,1x1,NA,Nook's Cranny,"Available in Nook's Cranny (upgraded only), in the unique furniture slot",1.0.0,facility,concert,None,None,Yes,Lamp,Yes,Does not play music,Spotlight,For sale,FtrGrandlight_Remake_2_0,2_0,7135,fQmMvwkd3ZLZ3a7qq
UPRIGHT LOCKER,Silver,NA,Cool,Sticker area,No,No,Yes,2,,,Gray,Black,1x1,NA,Nook's Cranny,Available in Nook's Cranny (either upgrade tier) in the unique furniture slot,1.0.0,school,facility,None,None,Wardrobe,Chest,No,Does not play music,No lighting,For sale,FtrLocker_Remake_0_1,0_1,833,iwhDJAMTDLMgdy4Mk
iron frame,Black,Coating,NA,NA,Yes,Yes,No,7,,15000,Black,Gray,2x1,NA,Crafting,,1.0.0,garage,None,None,None,No,Vehicle,Yes,Does not play music,No lighting,Not for sale,FtrIronframe_Remake_2_0,2_0,2553,BqFNiG9meYjBy5ZCr
  exercise bike  ,Red,NA,NA,NA,No,No,No,NA,4800,1200,Red,Black,1x1,NA,Nook's Cranny,"Available in Nook's Cranny (upgraded only), in the unique furniture slot",1.0.0,fitness,None,None,None,Yes,Sports,No,Does not play music,No lighting,For sale,FtrExercisebike_Remake_1_0,1_0,287,pqhhPbR6TyhPgumBp
pile of leaves,NA,NA,NA,NA,Yes,No,No,NA,NFS,1300,Brown,Brown,1.5x1.5,NA,Crafting,,1.0.0,garden,None,tree's bounty or leaves,None,Yes,Plants,Yes,Does not play music,No lighting,Not for sale,FtrFallenleaves,NA,1023,v4j39PZT6JBNDN2ey
director's chair,White,NA,Director black,Fabric,No,No,Yes,1,1600,400,White,Black,1x1,NA,Nook's Cranny,"Available in all tiers of shops, including Timmy & Tommy before the shop is opened",1.0.0,outdoors,None,None,None,Yes,Chair,Yes,Does not play music,No lighting,For sale,FtrDirectorchair_Remake_2_1,2_1,2020,n2rsd5ezLDLfpb3Go
  GIANT TEDDY BEAR  ,Tweed,NA,Giant stripes,Ribbon,Yes,No,Yes,8,NFS,6300,Purple,Yellow,3x3,NA,Crafting,,1.0.0,fancy,child's room,None,bear,No,Animal,No,Does not play music,No lighting,Not for sale,FtrBearXL_Remake_5_3,5_3,1504,cJd638Qr2LZPLYh8S
  CONE  ,Red stripes,NA,NA,NA,No,No,No,NA,630,,Red,White,1x1,NA,Nook's Cranny,Available in Nook's Cranny (either upgrade tier) in the unique furniture slot,1.0.0,facility,garage,None,None,No,Vehicle,Yes,Does not play music,No lighting,For sale,FtrPylon_Remake_4_0,4_0,146,htsp838zt3prgkoNo
DINER NEON SIGN,Blue,NA,NA,NA,No,No,No,NA,3900,975,Red,Blue,2x1,NA,Nook's Cranny,"Available in Nook's Cranny (upgraded only), in the unique furniture slot",1.0.0,shop,None,diner,None,Yes,Lamp,No,Does not play music,Emission,For sale,FtrAmeretroNeon_Remake_4_0,4_0,4143,WKEo4va7iJLpxEYgt
  ROCK GUITAR  ,Sunburst,NA,Chic logo,Sticker area,No,No,Yes,2,3100,775,Orange,White,1x1,NA,Nook's Cranny,Available in Nook's Cranny (either upgrade tier) in the unique furniture slot,1.0.0,concert,None,None,None,Yes,Musical Instrument,No,Does not play music,No lighting,For sale,FtrElectricguitar1_Remake_0_2,0_2,1644,xSFnF93iuZ7eXDaTL
MONSTER STATUE,Brown,NA,NA,NA,No,No,No,NA,NFS,25000,Brown,Brown,3x3,5000,Nook Miles Shop,,1.0.0,child's room,horror,None,None,Yes,Toy,Yes,Does not play music,No lighting,Not for sale,FtrMonster_Remake_0_0,0_0,4722,ocnmkHpuF49FNT5iD
  log chair  ,Dark wood,Lumber type,Quilted,Cushion,Yes,Yes,Yes,3,NFS,960,Brown,Light blue,1x1,NA,Crafting,,1.0.0,garden,living room,log,None,Yes,Sofa,No,Does not play music,No lighting,Not for sale,FtrLogSofaS_Remake_0_4,0_4,4039,f8ie9zEXToBJg7exq
ironwood cart,Birch,Lumber type,NA,NA,Yes,Yes,No,5,NFS,3720,Beige,Black,1x1,NA,Crafting,,1.0.0,living room,None,ironwood,None,No,Desk,No,Does not play music,No lighting,Not for sale,FtrIronwoodServingcart_Remake_0_0,0_0,3195,uE5xCZfBdszvipzhD
  tool shelf  ,Blue,NA,NA,NA,No,No,No,NA,7300,1825,Blue,Colorful,2x1,NA,Nook's Cranny,Available in Nook's Cranny (either upgrade tier) in the unique furniture slot,1.0.0,garage,facility,None,None,No,Table,No,Does not play music,No lighting,For sale,FtrToolshelf_Remake_2_0,2_0,7525,J36QjznXxh5rbJSqf
garden bench,Navy blue,Variation,NA,NA,Yes,Yes,No,6,NFS,4440,Beige,Black,2x1,NA,Crafting,,1.0.0,garden,None,None,None,Yes,Sofa,Yes,Does not play music,No lighting,Not for sale,FtrParkbenche_Remake_2_0,2_0,3509,2HDqhR3rRvYmPFrxs
  LOFT BED WITH DESK  ,Orange,NA,Black,Bedding,No,No,Yes,3,7700,1925,Orange,Black,2x1,NA,Nook's Cranny,"Available in Nook's Cranny (upgraded only), in the unique furniture slot",1.0.0,child's room,None,None,None,Yes,Desk,No,Does not play music,No lighting,For sale,FtrBeddesk_Remake_5_1,5_1,3621,HtJa9e7XibPaKZdj3
  changing room  ,Brown,NA,Pink,Curtain,No,No,Yes,2,3700,925,Orange,Pink,1x1,NA,Nook's Cranny,"Available in Nook's Cranny (upgraded only), in the unique furniture slot",1.0.0,shop,facility,None,None,Wardrobe,Shop,No,Does not play music,No lighting,For sale,FtrFittingroom_Remake_2_4,2_4,1816,t3PqQ3hcZ7kLXFMt2
  DINER NEON SIGN  ,Red,NA,NA,NA,No,No,No,NA,3900,975,Blue,Red,2x1,NA,Nook's Cranny,"Available in Nook's Cranny (upgraded only), in the unique furniture slot",1.0.0,shop,None,diner,None,Yes,Lamp,No,Does not play music,Emission,For sale,FtrAmeretroNeon_Remake_0_0,0_0,4143,RbpDhBLcYH4j3pvt2
SIGNPOST,Home,Navigation,NA,NA,Yes,Yes,No,1,NFS,600,Beige,Brown,1x1,NA,Crafting,,1.0.0,garden,None,None,None,No,Ranch,Yes,Does not play music,No lighting,Not for sale,FtrSignpost_Remake_0_0,0_0,3588,RAqjSXzbRx6hnMQj2
  MUSH LOW STOOL  ,White mushroom,Mushroom type,NA,NA,Yes,Yes,No,2,NFS,800,White,White,1x1,NA,Crafting,,1.0.0,garden,None,mush,None,Yes,Chair,Yes,Does not play music,No lighting,Not for sale,FtrMushroomChairS_Remake_1_0,1_0,4708,NFpsRoFD6h8zihnWu
plain wooden shop sign,White,Sign,Warning,Flier,Yes,Yes,Yes,2,NFS,720,White,Yellow,1x1,NA,Crafting,,1.0.0,garden,None,None,None,No,Vehicle,Yes,Does not play music,No lighting,Not for sale,FtrSignWood_Remake_1_3,1_3,3692,bfxq3cga2LWRgQSWb
  AQUARIUS URN  ,NA,NA,NA,NA,Yes,No,No,NA,NFS,22125,White,Yellow,1x1,NA,Crafting,,1.0.0,expensive,bathroom,stars,None,No,Bathroom Things,No,Does not play music,No lighting,Not for sale,FtrZodiacAquarius,NA,5956,dYz86HHwPAWYn5c3Z
  IRONWOOD DIY WORKBENCH  ,Old,Lumber type,NA,NA,Yes,Yes,No,7,NFS,8520,Brown,Black,2x1,NA,Crafting,,1.0.0,garage,None,ironwood,None,Workbench,Work Bench,No,Does not play music,No lighting,Not for sale,FtrWorkbenchIronwood_Remake_3_0,3_0,3943,b8wk34CGzmKHZgH8K
LIGHTHOUSE,Black,NA,NA,NA,No,No,No,NA,NFS,25000,White,Black,2x2,5000,Nook Miles Shop,,1.0.0,ocean,garden,None,None,Yes,Seaside,Yes,Does not play music,No lighting,Not for sale,FtrLighthouse_Remake_1_0,1_0,2335,EMc5ZBYFQd8tYfBhL
  serving cart  ,Black,NA,NA,NA,No,No,No,NA,1300,325,Black,Yellow,1x1,NA,Nook's Cranny,Available in Nook's Cranny (either upgrade tier) in the unique furniture slot,1.0.0,kitchen,shop,None,None,No,Kitchen Things,No,Does not play music,No lighting,For sale,FtrServingcart_Remake_5_0,5_0,1606,zqrFXqZ3FCKquoe8X
  THROWBACK MITT CHAIR  ,Green,NA,NA,NA,No,No,No,NA,1400,350,Green,Red,1x1,NA,Nook's Cranny,"Available in Nook's Cranny (upgraded only), in the unique furniture slot",1.0.0,child's room,fitness,throwback,None,Yes,Chair,No,Does not play music,No lighting,For sale,FtrBoyChairS_Remake_4_0,4_0,4758,pFvM2mhWRMHo4bJX3
  WOODEN-BLOCK CHAIR  ,Colorful,Block color,NA,NA,Yes,Yes,No,1,NFS,720,Red,Colorful,1x1,NA,Crafting,,1.0.0,child's room,None,wooden block,None,Yes,Chair,No,Does not play music,No lighting,Not for sale,FtrBlockChairS_Remake_2_0,2_0,2558,wpz37qaP5phjr4Mqr
mush low stool,Yellow mushroom,Mushroom type,NA,NA,Yes,Yes,No,2,NFS,800,Yellow,Beige,1x1,NA,Crafting,,1.0.0,garden,None,mush,None,Yes,Chair,Yes,Does not play music,No lighting,Not for sale,FtrMushroomChairS_Remake_4_0,4_0,4708,SBkPJws98vAws76R6
  loft bed with desk  ,Black,NA,Pink,Bedding,No,No,Yes,3,7700,1925,Black,Pink,2x1,NA,Nook's Cranny,"Available in Nook's Cranny (upgraded only), in the unique furniture slot",1.0.0,child's room,None,None,None,Yes,Desk,No,Does not play music,No lighting,For sale,FtrBeddesk_Remake_3_5,3_5,3621,RmesQWj4EKt7rDG62
IMPERIAL CHEST,Blue,NA,NA,NA,No,No,No,NA,9300,2325,Blue,Gray,2x1,NA,Nook's Cranny,"Available in Nook's Cranny (upgraded only), in the unique furniture slot",1.0.0,zen-style,None,zen,None,Wardrobe,Chest,No,Does not play music,No lighting,For sale,FtrOrientalChest_Remake_1_0,1_0,3972,NNhkKWrdaadKjxNG6
whiteboard,Language classroom,NA,NA,NA,No,No,No,NA,2600,650,White,Gray,2x1,NA,Nook's Cranny,"Available in Nook's Cranny (upgraded only), in the unique furniture slot",1.0.0,office,None,None,None,No,Office,No,Does not play music,No lighting,For sale,FtrWhiteboard_Remake_3_0,3_0,4116,6kQ2dnracvr8cXca9
inflatable sofa,Camouflage,NA,NA,NA,No,No,No,NA,1100,275,Beige,Green,2x1,NA,Nook's Cranny,"Available in all tiers of shops, including Timmy & Tommy before the shop is opened",1.0.0,outdoors,None,None,None,Yes,Bed,Yes,Does not play music,No lighting,For sale,FtrAirsofa_Remake_7_0,7_0,3962,v745nKx3Yr5SKq4A3
  digital scale  ,Blue,NA,Polka dots,Design,No,No,Yes,1,930,232,Blue,Green,1x1,NA,Nook's Cranny,Available in Nook's Cranny (either upgrade tier) in the unique furniture slot,1.0.0,bathroom,None,None,None,No,Bathroom Things,No,Does not play music,No lighting,For sale,FtrWeightscale_Remake_3_2,3_2,3307,469XQtDweTA3DmEeZ
drink machine,Black,NA,Sports drink,Advertisement panel,No,No,Yes,7,NFS,10000,Brown,Light blue,1x1,2000,Nook Miles Shop,,1.0.0,shop,facility,None,None,Yes,Facility Decor,Yes,Does not play music,Monitor,Not for sale,FtrDrinkmachine_Remake_3_1,3_1,1802,yvNp9WZdDzNapncNW
  frozen tree  ,Ice yellow,Illumination,NA,NA,Yes,Yes,No,7,,8200,Yellow,Yellow,2x2,NA,Crafting,,1.0.0,freezing cold,None,frozen,None,No,Seasonal Decor,Yes,Does not play music,No lighting,Not for sale,FtrIceTree_Remake_3_0,3_0,3504,yejpZBcHL6syRmZYE
clothesline,NA,NA,Well-used,Drying shirt,Yes,No,Yes,2,NFS,100,Brown,Beige,2x0.5,NA,Crafting,,1.0.0,garden,None,None,None,No,Supplies,Yes,Does not play music,No lighting,Not for sale,FtrClothesline_Remake_0_1,0_1,3229,FxWT49hFwfwCs89FZ
frozen pillar,Ice blue,Illumination,NA,NA,Yes,Yes,No,7,NFS,6200,Blue,Blue,1x1,NA,Crafting,,1.0.0,freezing cold,None,frozen,None,No,Seasonal Decor,Yes,Does not play music,No lighting,Not for sale,FtrIcePillar_Remake_1_0,1_0,3500,HLjXDPitXq9yE4FK6
  DJ's turntable  ,Black,NA,Chic logo,Flag,No,No,Yes,4,9300,2325,Black,White,2x1,NA,Nook's Cranny,"Available in Nook's Cranny (upgraded only), in the unique furniture slot",1.0.0,party,concert,None,None,Yes,Musical Instrument,No,Hi-fi,No lighting,For sale,FtrDJbooth_Remake_0_2,0_2,941,khP7TPfWJFziysppy
  pet bed  ,White,NA,White,Cushion,No,No,Yes,1,1100,275,White,White,1x1,NA,Nook's Cranny,Available in Nook's Cranny (either upgrade tier) in the unique furniture slot,1.0.0,living room,None,None,pet,Yes,Chair,No,Does not play music,No lighting,For sale,FtrPetBed_Remake_2_0,2_0,7802,BrwJuRBxXDHrGw8v6
  lawn chair  ,Blue,NA,NA,NA,No,No,No,NA,760,190,Light blue,White,1x1,NA,Nook's Cranny,"Available in all tiers of shops, including Timmy & Tommy before the shop is opened",1.0.0,ocean,None,None,None,Yes,Chair,Yes,Does not play music,No lighting,For sale,FtrVinylchair_Remake_0_0,0_0,1621,cKBDhd9jR55jp3Dv9
  RETRO STEREO  ,Black,NA,NA,NA,No,No,No,NA,,1500,Brown,Beige,2x1,NA,Nook's Cranny,Available in Nook's Cranny (either upgrade tier) in the unique furniture slot,1.0.0,living room,None,None,None,Yes,Audio,No,Retro,No lighting,For sale,FtrStereoRetro_Remake_0_0,0_0,796,XrWWmDWwB6x9JvMu5
  stall  ,White,Variation,None,Curtain,Yes,Yes,Yes,3,,,White,White,2x1,NA,Crafting,,1.0.0,shop,party,None,None,No,Shop,Yes,Does not play music,No lighting,Not for sale,FtrFloat_Remake_5_0,5_0,3617,mmgfrksD2rww4DRWK
flower stand,Purple,Variation,NA,NA,Yes,Yes,No,4,NFS,2880,Purple,Green,1.5x1.5,NA,Crafting,,1.0.0,party,None,None,None,No,Plants,No,Does not play music,No lighting,Not for sale,FtrStandflower_Remake_4_0,4_0,7527,LuqNCPZ8dHXt77uFL
  diner sofa  ,Yellow,NA,NA,NA,No,No,No,NA,3500,875,Yellow,White,2x1,NA,Nook's Cranny,"Available in Nook's Cranny (upgraded only), in the unique furniture slot",1.0.0,shop,None,diner,None,Yes,Sofa,No,Does not play music,No lighting,For sale,FtrAmeretroChairL_Remake_2_0,2_0,4141,zgWxajp5k6nBRC9pM
leaf stool,Yellow,Color,NA,NA,Yes,Yes,No,3,NFS,1560,Yellow,Brown,1x1,NA,Crafting,,1.0.0,child's room,fancy,tree's bounty or leaves,None,Yes,Chair,No,Does not play music,No lighting,Not for sale,FtrFallenleavesChairS_Remake_2_0,2_0,7390,vtWGFKZGHTHwWmZep
digital scale,Red,NA,White,Design,No,No,Yes,1,930,232,Red,White,1x1,NA,Nook's Cranny,Available in Nook's Cranny (either upgrade tier) in the unique furniture slot,1.0.0,bathroom,None,None,None,No,Bathroom Things,No,Does not play music,No lighting,For sale,FtrWeightscale_Remake_2_0,2_0,3307,xpPxzxjE4Hi4zDapv
  wedding arch  ,Garden,Design,NA,NA,No,Yes,No,7,20000,5000,Green,Yellow,3x1,NA,Wedding Season,,1.2.0,party,expensive,wedding,None,No,Arch,No,Does not play music,No lighting,Not for sale,FtrWeddingArch_Remake_2_0,2_0,12402,ferAajPzSvgDvEofk
  music stand  ,White,Body,NA,NA,Yes,Yes,No,2,NFS,960,White,White,1x1,NA,Crafting,,1.0.0,music,None,None,None,No,Musical Instrument,No,Does not play music,No lighting,Not for sale,FtrMusicstand_Remake_2_0,2_0,1058,BJeejyasFZSaTgRqQ
floor seat,Black,NA,Mustard yellow,Cushion,No,No,Yes,1,730,182,Black,Yellow,1x1,NA,Nook's Cranny,Available in Nook's Cranny (either upgrade tier) in the unique furniture slot,1.0.0,zen-style,child's room,None,None,Yes,Chair,No,Does not play music,No lighting,For sale,FtrFloorchair_Remake_3_1,3_1,3622,yceSinLhFrqjmQi6L
  SHELL BED  ,Brown,Shell color,NA,NA,Yes,Yes,No,7,NFS,10200,Brown,Brown,2x2,NA,Crafting,,1.0.0,ocean,expensive,shell,None,Yes,Bed,Yes,Does not play music,No lighting,Not for sale,FtrShellBedW_Remake_1_0,1_0,3983,rM47wpyGB9LQZ5QP3
jail bars,Silver,Body color,NA,NA,Yes,Yes,No,5,NFS,3750,Gray,Gray,2x0.5,NA,Crafting,,1.0.0,facility,horror,None,None,No,Ranch,Yes,Does not play music,No lighting,Not for sale,FtrScreenCage_Remake_0_0,0_0,5931,A5GnnQ6RYGH974Gto
  wooden double bed  ,Dark wood,Paint color,Blue,Bedding,Yes,Yes,Yes,6,NFS,,Brown,Light blue,2x2,NA,Crafting,,1.0.0,child's room,living room,wooden,None,Yes,Bed,No,Does not play music,No lighting,Not for sale,FtrWoodenBedW_Remake_3_2,3_2,7132,a5DwLfLvx5bZhjaG7
  yellow-leaf pile  ,NA,NA,NA,NA,Yes,No,No,NA,NFS,1300,Yellow,Yellow,1.5x1.5,NA,Crafting,,1.0.0,garden,None,tree's bounty or leaves,None,Yes,Plants,Yes,Does not play music,No lighting,Not for sale,FtrFallenleavesYellow,NA,4270,ExnEWwupqFYTbJgg9
  monstera  ,Blue,NA,NA,NA,No,No,No,NA,1700,425,Blue,Green,1x1,NA,Nook's Cranny,Available in Nook's Cranny (either upgrade tier) in the unique furniture slot,1.0.0,living room,None,None,None,No,Plants,No,Does not play music,No lighting,For sale,FtrPlantMonstera_Remake_4_0,4_0,4129,o87GCEeBgydKktemF
  colorful wheel  ,Items,NA,NA,NA,No,No,No,NA,2900,,Colorful,Colorful,2x1,NA,Nook's Cranny,"Available in Nook's Cranny (upgraded only), in the unique furniture slot",1.0.0,party,None,None,None,Yes,Toy,No,Does not play music,No lighting,For sale,FtrRoulette_Remake_4_0,4_0,1112,njtwJ2XoPgkvdfhuz
  CYPRESS BATHTUB  ,Light wood,NA,NA,NA,No,No,No,NA,13000,3250,Beige,Beige,2x2,NA,Nook's Cranny,"Available in Nook's Cranny (upgraded only), in the third unique furniture slot",1.0.0,bathroom,None,None,None,No,Bathtub,No,Does not play music,No lighting,For sale,FtrBathHinoki_Remake_0_0,0_0,7153,RZ87yXKzNe2rnjwP4
FROZEN SCULPTURE,Ice blue,Illumination,NA,NA,Yes,Yes,No,7,,6600,Blue,Blue,1.5x1.5,NA,Crafting,,1.0.0,freezing cold,None,frozen,None,No,Seasonal Decor,Yes,Does not play music,No lighting,Not for sale,FtrIceArt_Remake_1_0,1_0,3501,FuAqY2cLbKdfvBK5X
diner counter chair,Pink,NA,NA,NA,No,No,No,NA,,275,Gray,Pink,1x1,NA,Nook's Cranny,"Available in Nook's Cranny (upgraded only), in the unique furniture slot",1.0.0,shop,None,diner,None,Yes,Chair,No,Does not play music,No lighting,For sale,FtrAmeretroCounterchair_Remake_4_0,4_0,4138,TEbYnqkSufjwXW9Cd
PLAIN WOODEN SHOP SIGN,Dark wood,NA,Warning,Flier,Yes,No,Yes,2,,720,Brown,Yellow,1x1,NA,Crafting,,1.0.0,garden,None,None,None,No,Vehicle,Yes,Does not play music,No lighting,Not for sale,FtrSignWood_Remake_2_3,2_3,3692,HQRdgj2TMn3mMfZHi
  DJ's turntable  ,Black,NA,Emblem logo,Flag,No,No,Yes,4,9300,2325,Black,Green,2x1,NA,Nook's Cranny,"Available in Nook's Cranny (upgraded only), in the unique furniture slot",1.0.0,party,concert,None,None,Yes,Musical Instrument,No,Hi-fi,No lighting,For sale,FtrDJbooth_Remake_0_4,0_4,941,GXqxMzdK4uSSLgh2r
  retro gas pump  ,Yellow,NA,Green with animal,Lamp,No,No,Yes,1,2700,675,Yellow,Green,1x1,NA,Nook's Cranny,Available in Nook's Cranny (either upgrade tier) in the unique furniture slot,1.0.0,garden,shop,diner,None,Yes,Vehicle,Yes,Does not play music,No lighting,For sale,FtrAmeretroGasstand_Remake_2_1,2_1,4140,dKrPjba6bzWeibyRx
  mush lamp  ,Red mushroom,Mushroom type,NA,NA,Yes,Yes,No,3,NFS,1600,Red,Beige,1x1,NA,Crafting,,1.0.0,garden,None,mush,None,Yes,Lamp,Yes,Does not play music,Fluorescent,Not for sale,FtrMushroomLamp_Remake_3_0,3_0,805,cAfehsTrveDSZ6AJ2
KITTY LITTER BOX,Pink,NA,NA,NA,No,No,No,NA,1100,275,Pink,Yellow,1x1,NA,Nook's Cranny,Available in Nook's Cranny (either upgrade tier) in the unique furniture slot,1.0.0,living room,None,None,pet,No,Bathroom Things,No,Does not play music,No lighting,For sale,FtrPetWC_Remake_4_0,4_0,7803,ABDnqEyb59BvLYeJg
  leaf campfire  ,Roasting marshmallows,Food,NA,NA,Yes,Yes,No,2,NFS,1330,Brown,Orange,1x1,NA,Crafting,,1.0.0,garden,None,tree's bounty or leaves,None,Yes,Plants,Yes,Does not play music,No lighting,Not for sale,FtrFallenleavesfire_Remake_1_0,1_0,7788,nbty5n27sp3sJn4FM
PAPA BEAR,Tweed,NA,Blue,Ribbon,No,No,Yes,3,8500,2125,Brown,Blue,2x2,NA,Nook's Cranny,"Available in Nook's Cranny (upgraded only), in the third unique furniture slot",1.0.0,fancy,child's room,None,bear,No,Animal,No,Does not play music,No lighting,For sale,FtrBearL_Remake_5_2,5_2,1499,ajgxzLda3pYvKZ9yw
director's chair,Dark brown,NA,Chic pleather,Fabric,No,No,Yes,1,1600,400,Brown,Brown,1x1,NA,Nook's Cranny,"Available in all tiers of shops, including Timmy & Tommy before the shop is opened",1.0.0,outdoors,None,None,None,Yes,Chair,Yes,Does not play music,No lighting,For sale,FtrDirectorchair_Remake_1_2,1_2,2020,7szEMtzuzPF9LFXWN
PHONE BOX,Black,NA,NA,NA,No,No,No,NA,NFS,12000,Black,Black,1x1,2400,Nook Miles Shop,,1.0.0,school,facility,None,None,Yes,Facility Decor,Yes,Does not play music,Emission,Not for sale,FtrTelephonebox_Remake_6_0,6_0,1185,e3wopZ7XmvDo3XpWq
  outdoor table  ,Green,NA,Black,Table,No,No,Yes,1,2200,550,Green,Black,2x1,NA,Nook's Cranny,Available in Nook's Cranny (either upgrade tier) in the unique furniture slot,1.0.0,outdoors,None,None,None,No,Table,Yes,Does not play music,No lighting,For sale,FtrOutdoortableM_Remake_2_1,2_1,3946,cwkwC96Roy5h76RZx
  cute diy table  ,Blue,NA,NA,NA,No,No,No,NA,,1750,Blue,Black,2x1,NA,Nook's Cranny,"Available in Nook's Cranny (upgraded only), in the unique furniture slot",1.0.0,fancy,None,cute,None,Yes,Work Bench,No,Does not play music,Spotlight,For sale,FtrCuteWorkbench_Remake_4_0,4_0,3995,WgzffyCcHib4YkRTP
log stool,Orange wood,Lumber type,NA,NA,Yes,Yes,No,1,NFS,,Orange,Beige,1x1,NA,Crafting,,1.0.0,garden,None,log,None,Yes,Chair,Yes,Does not play music,No lighting,Not for sale,FtrLogStoolS_Remake_1_0,1_0,4038,wMBLREDHeGaj8rK2A
treadmill,Black,NA,NA,NA,No,No,No,NA,64000,,Black,Gray,2x1,NA,Nook's Cranny,"Available in Nook's Cranny (upgraded only), in the third unique furniture slot",1.0.0,fitness,None,None,None,Yes,Sports,No,Does not play music,No lighting,For sale,FtrRunningmachine_Remake_0_0,0_0,290,pRiHLSLwbSHTJE5zd
PAPA BEAR,Cream,NA,Yellow,Ribbon,No,No,Yes,3,8500,2125,Orange,Yellow,2x2,NA,Nook's Cranny,"Available in Nook's Cranny (upgraded only), in the third unique furniture slot",1.0.0,fancy,child's room,None,bear,No,Animal,No,Does not play music,No lighting,For sale,FtrBearL_Remake_0_3,0_3,1499,iLsZGqDj4K3c5qkPK
  ROCK GUITAR  ,Coral pink,NA,Handwritten logo,Sticker area,No,No,Yes,2,3100,775,Pink,Light blue,1x1,NA,Nook's Cranny,Available in Nook's Cranny (either upgrade tier) in the unique furniture slot,1.0.0,concert,None,None,None,Yes,Musical Instrument,No,Does not play music,No lighting,For sale,FtrElectricguitar1_Remake_1_5,1_5,1644,safh9vG3CzqnZznib
  portable toilet  ,Red,NA,NA,NA,No,No,No,NA,NFS,5000,Red,White,1x1,1000,Nook Miles Shop,,1.0.0,bathroom,facility,None,None,No,Toilet,Yes,Does not play music,No lighting,Not for sale,FtrWCPortable_Remake_1_0,1_0,1234,CvSB6K2EET89uMQaY
  oil-barrel bathtub  ,Red,Barrel color,NA,NA,Yes,Yes,No,1,NFS,655,Red,Red,1x1,NA,Crafting,,1.0.0,bathroom,None,None,None,Yes,Bathtub,Yes,Does not play music,No lighting,Not for sale,FtrDrumcanbath_Remake_3_0,3_0,3819,ifTe8BgBQRHLZFAiQ
electric guitar,Cherry,NA,Handwritten logo,Sticker area,No,No,Yes,7,71000,17750,Red,Light blue,1x1,NA,Nook's Cranny,"Available in Nook's Cranny (upgraded only), in the third unique furniture slot",1.0.0,concert,None,None,None,Yes,Musical Instrument,No,Does not play music,No lighting,For sale,FtrElectricguitar2_Remake_2_5,2_5,1645,Gb3Lt9tPsg8dpXjY7
  log decorative shelves  ,Orange wood,Lumber type,Bears,Mat,Yes,Yes,Yes,4,NFS,1560,Orange,Brown,2x1,NA,Crafting,,1.0.0,garden,living room,log,None,No,Shelf,No,Does not play music,No lighting,Not for sale,FtrLogShelf_Remake_1_3,1_3,4036,w4XLoYzr2fQdfXAyo
den chair,Green,NA,NA,NA,No,No,No,NA,8700,2175,Green,Green,1x1,NA,Nook's Cranny,"Available in Nook's Cranny (upgraded only), in the unique furniture slot",1.0.0,den,None,None,den,Yes,Chair,No,Does not play music,No lighting,For sale,FtrDrawingChair_Remake_4_0,4_0,3784,x5GwXq5LzjiubcqM4
  red corner  ,NA,NA,Black,Ring curtain,No,No,Yes,3,6100,,White,Black,2x2,NA,Nook's Cranny,"Available in Nook's Cranny (upgraded only), in the third unique furniture slot",1.0.0,fitness,None,None,sports ring,Yes,Sports,No,Does not play music,No lighting,For sale,FtrRingcornerRed_Remake_0_3,0_3,7151,SnBsrpHyigDnzpwmN
antique vanity,Brown,NA,NA,NA,No,No,No,NA,31000,7750,Brown,Light blue,2x1,NA,Nook's Cranny,"Available in Nook's Cranny (upgraded only), in the third unique furniture slot",1.0.0,living room,expensive,antique,None,Yes,Dresser,No,Does not play music,No lighting,For sale,FtrAntiqueDresser_Remake_0_0,0_0,3955,qLtWDehmX53gwgha7
  electric guitar  ,Cherry,NA,Cute logo,Sticker area,No,No,Yes,7,71000,,Red,Pink,1x1,NA,Nook's Cranny,"Available in Nook's Cranny (upgraded only), in the third unique furniture slot",1.0.0,concert,None,None,None,Yes,Musical Instrument,No,Does not play music,No lighting,For sale,FtrElectricguitar2_Remake_2_7,2_7,1645,L6csvQxNJc623sW6y
frozen chair,Ice blue,Illumination,NA,NA,Yes,Yes,No,7,NFS,6200,Blue,Blue,1x1,NA,Crafting,,1.0.0,freezing cold,None,frozen,None,Yes,Chair,Yes,Does not play music,No lighting,Not for sale,FtrIceChairS_Remake_1_0,1_0,3503,E4ZvjHYQh8ntbbq6K
DRINKING FOUNTAIN,Gray,Color,NA,NA,Yes,Yes,No,4,,2700,Gray,Gray,1x1,NA,Crafting,,1.0.0,garden,None,None,None,Yes,Playground,Yes,Does not play music,No lighting,Not for sale,FtrDrinkingfountain_Remake_1_0,1_0,2319,WPBvK3psRSd7LnPHA
kitchen island,Dark brown,NA,NA,NA,No,No,No,NA,170000,42500,Brown,White,2x2,NA,Nook's Cranny,"Available in Nook's Cranny (upgraded only), in the third unique furniture slot",1.0.0,kitchen,expensive,None,None,No,Kitchen,No,Does not play music,No lighting,For sale,FtrKitchenIsland_Remake_4_0,4_0,998,rGNcarQcwAMmXGpAc
  LOG BENCH  ,Dark wood,Lumber type,NA,NA,Yes,Yes,No,1,,600,Brown,Beige,2x1,NA,Crafting,,1.0.0,garden,None,log,None,Yes,Sofa,Yes,Does not play music,No lighting,Not for sale,FtrLogStoolL_Remake_0_0,0_0,4042,KpHAa8CESiKWtadT7
silo,Aqua roof,Roof color,NA,NA,Yes,Yes,No,7,NFS,13920,Light blue,Beige,2x2,NA,Crafting,,1.0.0,garden,None,None,None,No,Ranch,Yes,Does not play music,No lighting,Not for sale,FtrSilo_Remake_4_0,4_0,7247,zRfSGAmwwFeE9GMar
mossy garden rock,NA,NA,NA,NA,Yes,No,No,NA,NFS,,Gray,Green,1x1,NA,Crafting,,1.0.0,zen-style,garden,None,None,No,Japanese Style,Yes,Does not play music,No lighting,Not for sale,FtrGardenrockMoss,NA,12208,Mib5YvhMCH9yJKgie
modern office chair,Red,NA,NA,NA,No,No,No,NA,2200,550,Red,Black,1x1,NA,Nook's Cranny,"Available in Nook's Cranny (upgraded only), in the unique furniture slot",1.0.0,office,None,None,office,Yes,Chair,No,Does not play music,No lighting,For sale,FtrOfficeChair_Remake_3_0,3_0,832,FqPRhLddrYrW6zbHX
  wedding bench  ,Chic,Design,NA,NA,No,Yes,No,2,3500,875,Brown,Brown,2x1,NA,Wedding Season,,1.2.0,party,expensive,wedding,None,Yes,Sofa,No,Does not play music,No lighting,Not for sale,FtrWeddingChairL_Remake_1_0,1_0,12401,caQtgWN978SbmbwwE
  log chair  ,Orange wood,Lumber type,None,Cushion,Yes,Yes,Yes,3,NFS,960,Orange,Orange,1x1,NA,Crafting,,1.0.0,garden,living room,log,None,Yes,Sofa,No,Does not play music,No lighting,Not for sale,FtrLogSofaS_Remake_1_0,1_0,4039,xDuAdsB7LEf4jBBrh
  shell table  ,Yellow,Shell color,NA,NA,Yes,Yes,No,4,NFS,2280,Yellow,Yellow,2x2,NA,Crafting,,1.0.0,ocean,None,shell,None,No,Table,Yes,Does not play music,No lighting,Not for sale,FtrShellTableL_Remake_3_0,3_0,3980,vSyz5vxGYFam6MBHS
  log chair  ,Dark wood,Lumber type,Geometric print,Cushion,Yes,Yes,Yes,3,,960,Brown,Colorful,1x1,NA,Crafting,,1.0.0,garden,living room,log,None,Yes,Sofa,No,Does not play music,No lighting,Not for sale,FtrLogSofaS_Remake_0_2,0_2,4039,tQfDkxG7Jdxj7pN7c
wooden-block bed,Pastel,Block color,NA,NA,Yes,Yes,No,4,NFS,2400,Pink,Colorful,2x1,NA,Crafting,,1.0.0,child's room,None,wooden block,None,Yes,Bed,No,Does not play music,No lighting,Not for sale,FtrBlockBedS_Remake_3_0,3_0,1557,RZHjEax22zyRLiNA2
WOODEN MINI TABLE,Green,Paint color,Blue,Tablecloth,Yes,Yes,Yes,2,NFS,720,Green,Blue,1x1,NA,Crafting,,1.0.0,child's room,living room,wooden,None,No,Table,No,Does not play music,No lighting,Not for sale,FtrWoodenTableMini_Remake_5_3,5_3,7133,6ZDc5t9mufnZ3S3aL
simple panel,Black,NA,Plain panel,Panel design,No,No,Yes,1,810,202,Black,Gray,1x0.5,NA,Nook's Cranny,Available in Nook's Cranny (either upgrade tier) in the unique furniture slot,1.0.0,facility,None,None,None,No,Screen,No,Does not play music,No lighting,For sale,FtrScreenSimple_Remake_1_0,1_0,5338,8KvKH9YNK8KoBLaGX
  system kitchen  ,Yellow,NA,NA,NA,No,No,No,NA,130000,32500,Yellow,Black,2x1,NA,Nook's Cranny,"Available in Nook's Cranny (upgraded only), in the third unique furniture slot",1.0.0,kitchen,expensive,None,None,No,Kitchen,No,Does not play music,No lighting,For sale,FtrKitchenSystem_Remake_3_0,3_0,3616,Cs8G82yJScLedwdQv
  rocking chair  ,Light wood,Lumber type,NA,NA,Yes,Yes,No,2,NFS,960,Beige,Beige,1x1,NA,Crafting,,1.0.0,living room,None,None,None,Yes,Chair,No,Does not play music,No lighting,Not for sale,FtrRockingchair_Remake_0_0,0_0,1103,WZoiuhf5z3YxrSsrH
IRONWOOD CUPBOARD,Oak,Lumber type,NA,NA,Yes,Yes,No,7,NFS,9780,Orange,White,2x1,NA,Crafting,,1.0.0,kitchen,None,ironwood,None,No,Shelf,No,Does not play music,No lighting,Not for sale,FtrIronwoodCupboard_Remake_4_0,4_0,3271,pXMERdtLKTF6P87ja
WIND TURBINE,Red,NA,NA,NA,No,No,No,NA,,20000,White,Red,2x1,4000,Nook Miles Shop,,1.0.0,garden,None,None,None,No,Ranch,Yes,Does not play music,No lighting,Not for sale,FtrWindturbine_Remake_1_0,1_0,7379,6EcE8xCL9fpLuq3Tc
mountain bike,Blue,NA,NA,NA,No,No,No,NA,5100,1275,Purple,Black,2x1,NA,Nook's Cranny,Available in Nook's Cranny (either upgrade tier) in the unique furniture slot,1.0.0,fitness,garden,None,None,No,Sports,Yes,Does not play music,No lighting,For sale,FtrMountainbike_Remake_3_0,3_0,2614,smiuovJsk4NsJiwZd
  camping cot  ,Pop pattern,NA,NA,NA,No,No,No,NA,1800,450,Light blue,Yellow,2x1,NA,Starting items,,1.0.0,outdoors,None,None,None,Yes,Bed,Yes,Does not play music,No lighting,For sale,FtrCampbed_Remake_7_0,7_0,4081,narbLwb9zabr92qD3
lawn chair,Yellow,NA,NA,NA,No,No,No,NA,760,190,Colorful,White,1x1,NA,Nook's Cranny,"Available in all tiers of shops, including Timmy & Tommy before the shop is opened",1.0.0,ocean,None,None,None,Yes,Chair,Yes,Does not play music,No lighting,For sale,FtrVinylchair_Remake_3_0,3_0,1621,Fi2tKRJm2KW2w47XG
  wooden double bed  ,Black,Paint color,Orange,Bedding,Yes,Yes,Yes,6,NFS,3600,Black,Orange,2x2,NA,Crafting,,1.0.0,child's room,living room,wooden,None,Yes,Bed,No,Does not play music,No lighting,Not for sale,FtrWoodenBedW_Remake_4_0,4_0,7132,xcLBG9dkBoHNqCrW4
FLOOR LAMP,Brown,NA,Green design,Lampshade,No,No,Yes,1,1400,,Brown,Green,1x1,NA,Nook's Cranny,"Available in Nook's Cranny (upgraded only), in the unique furniture slot",1.0.0,living room,None,None,None,Yes,Lamp,No,Does not play music,Fluorescent,For sale,FtrLamp_Remake_1_5,1_5,2561,QfrSHayK8hrApaNWx
  kotatsu  ,NA,NA,Flowers,Blanket,No,No,Yes,2,3700,925,Brown,Pink,2x2,NA,Nook's Cranny,"Available in Nook's Cranny (upgraded only), in the third unique furniture slot",1.0.0,zen-style,None,None,None,No,Table,No,Does not play music,No lighting,For sale,FtrKotatsu_Remake_0_1,0_1,1849,goThJb5CZjarmAs36
  lifeguard chair  ,Green,NA,NA,NA,No,No,No,NA,NFS,5000,Green,Gray,1x1,1000,Nook Miles Shop,,1.0.0,ocean,None,None,None,No,Seaside,Yes,Does not play music,No lighting,Not for sale,FtrMonitoringchair_Remake_3_0,3_0,3345,bRhFpyBTHPWqY9r8d
  screen  ,Bamboo,NA,NA,NA,No,No,No,NA,140000,35000,Yellow,Green,2x1,NA,Nook's Cranny,"Available in Nook's Cranny (upgraded only), in the third unique furniture slot",1.0.0,zen-style,expensive,None,None,No,Japanese Style,No,Does not play music,No lighting,For sale,FtrScreenByoubu_Remake_0_0,0_0,716,BAwK7aGJs85NoNhus
  rock guitar  ,Orange-yellow,NA,Cute logo,Sticker area,No,No,Yes,2,3100,775,Yellow,Pink,1x1,NA,Nook's Cranny,Available in Nook's Cranny (either upgrade tier) in the unique furniture slot,1.0.0,concert,None,None,None,Yes,Musical Instrument,No,Does not play music,No lighting,For sale,FtrElectricguitar1_Remake_4_7,4_7,1644,5yFhS4oEHHFa9GaCN
  changing room  ,Brown,NA,White,Curtain,No,No,Yes,2,3700,925,Orange,White,1x1,NA,Nook's Cranny,"Available in Nook's Cranny (upgraded only), in the unique furniture slot",1.0.0,shop,facility,None,None,Wardrobe,Shop,No,Does not play music,No lighting,For sale,FtrFittingroom_Remake_2_0,2_0,1816,s3rtd7w4a4ky6JkAe
  OUTDOOR TABLE  ,Red,NA,Black,Table,No,No,Yes,1,2200,550,Red,Black,2x1,NA,Nook's Cranny,Available in Nook's Cranny (either upgrade tier) in the unique furniture slot,1.0.0,outdoors,None,None,None,No,Table,Yes,Does not play music,No lighting,For sale,FtrOutdoortableM_Remake_4_1,4_1,3946,3DAy5HwCpzvMGsjsS
DIY workbench,Yellow,Paint color,NA,NA,Yes,Yes,No,7,NFS,6630,Yellow,Colorful,2x1,NA,Crafting,,1.0.0,garage,None,None,None,Workbench,Work Bench,No,Does not play music,No lighting,Not for sale,FtrWorkbench_Remake_6_0,6_0,1241,pdCa4xsX39Kn4wkuz
  wooden mini table  ,Blue,Paint color,Blue,Tablecloth,Yes,Yes,Yes,2,NFS,,Blue,Blue,1x1,NA,Crafting,,1.0.0,child's room,living room,wooden,None,No,Table,No,Does not play music,No lighting,Not for sale,FtrWoodenTableMini_Remake_6_3,6_3,7133,LrtuahZmKYuemsM8n
standard umbrella stand,Green,NA,Red & white & blue,Favorite umbrella,Yes,No,Yes,4,NFS,2250,Green,Colorful,1x1,NA,Crafting,,1.0.0,school,office,None,None,No,Supplies,No,Does not play music,No lighting,Not for sale,FtrUmbrellastand_Remake_3_3,3_3,3445,bPc2wKoyfWf5RAuKT
dj's turntable,Pink,NA,None,Flag,No,No,Yes,4,9300,2325,Pink,Gray,2x1,NA,Nook's Cranny,"Available in Nook's Cranny (upgraded only), in the unique furniture slot",1.0.0,party,concert,None,None,Yes,Musical Instrument,No,Hi-fi,No lighting,For sale,FtrDJbooth_Remake_3_0,3_0,941,oZnezDJoMgZsmtYAE
wooden chair,Light wood,Paint color,NA,NA,Yes,Yes,No,1,,720,Yellow,Yellow,1x1,NA,Crafting,,1.0.0,child's room,living room,wooden,None,Yes,Chair,No,Does not play music,No lighting,Not for sale,FtrWoodenChairS_Remake_0_0,0_0,1913,rNPL7HcEzzH8i5eXp
  table with cloth  ,NA,NA,White,Tablecloth,No,No,Yes,2,5100,1275,White,White,2x2,NA,Nook's Cranny,"Available in Nook's Cranny (upgraded only), in the third unique furniture slot",1.0.0,shop,party,None,None,No,Table,No,Does not play music,No lighting,For sale,FtrTableCloth_Remake_0_0,0_0,1779,rTjh3r5abiPtkWt6W
  HANDCART  ,Blue,NA,NA,NA,No,No,No,NA,1900,475,Blue,White,1x1,NA,Nook's Cranny,Available in Nook's Cranny (either upgrade tier) in the unique furniture slot,1.0.0,garden,None,None,None,No,Ranch,Yes,Does not play music,No lighting,For sale,FtrHandcart_Remake_1_0,1_0,7229,THhaio62Y6oHfWcvn
GIANT TEDDY BEAR,Tweed,NA,White,Ribbon,Yes,No,Yes,8,,6300,Purple,White,3x3,NA,Crafting,,1.0.0,fancy,child's room,None,bear,No,Animal,No,Does not play music,No lighting,Not for sale,FtrBearXL_Remake_5_1,5_1,1504,sMQJyZ8gyP3naSbJR
rocket lamp,Pink,NA,NA,NA,No,No,No,NA,,375,Pink,Pink,1x1,NA,Nook's Cranny,Available in Nook's Cranny (either upgrade tier) in the unique furniture slot,1.0.0,facility,None,None,None,Yes,Lamp,No,Does not play music,Fluorescent,For sale,FtrLavalamp_Remake_6_0,6_0,1851,5vLFXPiq4goDBwqxx
studio spotlight,Red,NA,NA,NA,No,No,No,NA,2100,,Black,Red,1x1,NA,Nook's Cranny,Available in Nook's Cranny (either upgrade tier) in the unique furniture slot,1.0.0,facility,concert,None,None,Yes,Lamp,No,Does not play music,Spotlight,For sale,FtrLampSpot_Remake_3_0,3_0,7189,u9HXy5jJAnwsFzC9B
stall,Green,Variation,Red stripes,Curtain,Yes,Yes,Yes,3,NFS,,Green,Red,2x1,NA,Crafting,,1.0.0,shop,party,None,None,No,Shop,Yes,Does not play music,No lighting,Not for sale,FtrFloat_Remake_3_2,3_2,3617,AFkBG4Dd2iwE9pbPS
Papa bear,Choco,NA,Blue,Ribbon,No,No,Yes,3,8500,2125,Brown,Blue,2x2,NA,Nook's Cranny,"Available in Nook's Cranny (upgraded only), in the third unique furniture slot",1.0.0,fancy,child's room,None,bear,No,Animal,No,Does not play music,No lighting,For sale,FtrBearL_Remake_2_2,2_2,1499,ZWbimLsd6nRoDfhPM
REFRIGERATOR,Yellow,NA,Fruits,Sticker area,No,No,Yes,2,5100,1275,Yellow,Green,1x1,NA,Nook's Cranny,"Available in Nook's Cranny (upgraded only), in the unique furniture slot",1.0.0,kitchen,shop,None,None,Wardrobe,Home Appliances,No,Does not play music,No lighting,For sale,FtrRefrigerator_Remake_3_3,3_3,2713,bFQb4Sgpn3u88DmZo
  EFFECTS RACK  ,White,NA,Emblem logo,Sticker area,No,No,Yes,3,6800,1700,White,Green,1x1,NA,Nook's Cranny,"Available in Nook's Cranny (upgraded only), in the unique furniture slot",1.0.0,concert,facility,None,None,No,Musical Instrument,No,Does not play music,No lighting,For sale,FtrEffectorrack_Remake_1_4,1_4,950,oGeqpX5bBoRx8sHxT
wheelchair,NA,NA,Blue,Seat,No,No,Yes,1,2700,675,Black,Blue,1x1,NA,Nook's Cranny,Available in Nook's Cranny (either upgrade tier) in the unique furniture slot,1.0.0,facility,None,None,None,Yes,Chair,No,Does not play music,No lighting,For sale,FtrWheelchair_Remake_0_0,0_0,3444,cvfxt5EFidrZWLkMc
barbell,Black,Plate color,NA,NA,Yes,Yes,No,7,NFS,7500,Black,Gray,2x1,NA,Crafting,,1.0.0,fitness,None,None,None,No,Sports,No,Does not play music,No lighting,Not for sale,FtrBarbell_Remake_0_0,0_0,4078,LWrHznT5ZyCtF2vjQ
effects rack,White,NA,Pop logo,Sticker area,No,No,Yes,3,6800,1700,White,Red,1x1,NA,Nook's Cranny,"Available in Nook's Cranny (upgraded only), in the unique furniture slot",1.0.0,concert,facility,None,None,No,Musical Instrument,No,Does not play music,No lighting,For sale,FtrEffectorrack_Remake_1_6,1_6,950,SbMSjd49hgRZuYrPQ
  three-tiered snowperson  ,Yellow,Knit-cap color,NA,NA,Yes,Yes,No,7,NFS,7420,Yellow,White,1x1,NA,Snowman,Reward for making a perfect snow-person,1.0.0,freezing cold,garden,frozen,None,No,Seasonal Decor,Yes,Does not play music,No lighting,Not for sale,FtrSnowman_Remake_3_0,3_0,5337,thtb8Hw5ndroYNozb
REFRIGERATOR,Blue,NA,Notices,Sticker area,No,No,Yes,2,5100,1275,Blue,Colorful,1x1,NA,Nook's Cranny,"Available in Nook's Cranny (upgraded only), in the unique furniture slot",1.0.0,kitchen,shop,None,None,Wardrobe,Home Appliances,No,Does not play music,No lighting,For sale,FtrRefrigerator_Remake_4_4,4_4,2713,PFhYH672E8uNTXFHB
DRINK MACHINE,Pink,NA,Orange juice,Advertisement panel,No,No,Yes,7,NFS,,Pink,Orange,1x1,2000,Nook Miles Shop,,1.0.0,shop,facility,None,None,Yes,Facility Decor,Yes,Does not play music,Monitor,Not for sale,FtrDrinkmachine_Remake_5_0,5_0,1802,BvaZkCoaQaetN8Ne7
LOG DECORATIVE SHELVES,White birch,Lumber type,None,Mat,Yes,Yes,Yes,4,NFS,1560,White,White,2x1,NA,Crafting,,1.0.0,garden,living room,log,None,No,Shelf,No,Does not play music,No lighting,Not for sale,FtrLogShelf_Remake_3_0,3_0,4036,8FapKZva2Rm4H2gya
  retro gas pump  ,Retro,NA,Green with animal,Lamp,No,No,Yes,1,2700,675,Brown,Green,1x1,NA,Nook's Cranny,Available in Nook's Cranny (either upgrade tier) in the unique furniture slot,1.0.0,garden,shop,diner,None,Yes,Vehicle,Yes,Does not play music,No lighting,For sale,FtrAmeretroGasstand_Remake_5_1,5_1,4140,qagTFskbGjBHLTRhg
MODERN OFFICE CHAIR,Yellow,NA,NA,NA,No,No,No,NA,2200,550,Yellow,Black,1x1,NA,Nook's Cranny,"Available in Nook's Cranny (upgraded only), in the unique furniture slot",1.0.0,office,None,None,office,Yes,Chair,No,Does not play music,No lighting,For sale,FtrOfficeChair_Remake_2_0,2_0,832,weufqeuGfXyock3sT
  poolside bed  ,Dark brown,NA,Red,Bed mat,No,No,Yes,2,3400,850,Brown,Red,2x1,NA,Nook's Cranny,"Available in Nook's Cranny (upgraded only), in the unique furniture slot",1.0.0,ocean,expensive,None,None,Yes,Bed,Yes,Does not play music,No lighting,For sale,FtrPoolsidebed_Remake_2_3,2_3,4102,8HAaXW4PoMeFKproX
manhole cover,Mountain,Cover design,NA,NA,Yes,Yes,No,3,NFS,2250,Green,Orange,1x1,NA,Crafting,,1.0.0,garden,None,None,None,Yes,Vehicle,Yes,Does not play music,No lighting,Not for sale,FtrManhole_Remake_2_0,2_0,144,7G4hdunLfhGYT3yZK
  mountain bike  ,Black,NA,NA,NA,No,No,No,NA,5100,1275,Black,Black,2x1,NA,Nook's Cranny,Available in Nook's Cranny (either upgrade tier) in the unique furniture slot,1.0.0,fitness,garden,None,None,No,Sports,Yes,Does not play music,No lighting,For sale,FtrMountainbike_Remake_5_0,5_0,2614,cGKAZ6SBsPtmdeZoQ
  DINER SOFA  ,Red,NA,NA,NA,No,No,No,NA,3500,875,Red,White,2x1,NA,Nook's Cranny,"Available in Nook's Cranny (upgraded only), in the unique furniture slot",1.0.0,shop,None,diner,None,Yes,Sofa,No,Does not play music,No lighting,For sale,FtrAmeretroChairL_Remake_0_0,0_0,4141,yM9vAb8ETiHRsfdiB
claw-foot tub,White,NA,NA,NA,No,No,No,NA,63000,,White,White,2x1,NA,Nook's Cranny,"Available in Nook's Cranny (upgraded only), in the third unique furniture slot",1.0.0,bathroom,expensive,None,None,No,Bathtub,No,Does not play music,No lighting,For sale,FtrBathtubCabriole_Remake_0_0,0_0,1757,w7j9E86xNNQ5kSnrM
  IRONWOOD TABLE  ,Teak,Lumber type,NA,NA,Yes,Yes,No,7,NFS,,Orange,Black,2x2,NA,Crafting,,1.0.0,living room,None,ironwood,None,No,Table,No,Does not play music,No lighting,Not for sale,FtrIronwoodTableL_Remake_1_0,1_0,3191,f8FAwnfbepoKcZswB
mountain standee,Cherry blossoms,Season,NA,NA,Yes,Yes,No,2,NFS,1080,Pink,Pink,2x1,NA,Crafting,,1.0.0,school,None,None,standee,No,School,No,Does not play music,No lighting,Not for sale,FtrHariboteMountain_Remake_1_0,1_0,532,dv3ZuzJYHRyJquk42
  low screen  ,Dark brown,NA,Winter,Screen,No,No,Yes,1,870,217,Brown,Gray,1x0.5,NA,Nook's Cranny,Available in Nook's Cranny (either upgrade tier) in the unique furniture slot,1.0.0,zen-style,None,None,None,No,Japanese Style,No,Does not play music,No lighting,For sale,FtrScreenJapanLow_Remake_1_4,1_4,1029,f92P5xqCxtqLGPFec
tulip surprise box,Red,Flower color,NA,NA,Yes,Yes,No,2,NFS,,Red,Green,1x1,NA,Crafting,,1.0.0,child's room,fancy,flowers,None,Yes,Toy,No,Does not play music,No lighting,Not for sale,FtrFlowerSurprisedbox_Remake_0_0,0_0,7231,WyNAXPnDxQYBexRkX
  WOODEN STOOL  ,Light wood,Paint color,Blue,Seat,Yes,Yes,Yes,2,NFS,480,Beige,Light blue,1x1,NA,Crafting,,1.0.0,child's room,living room,wooden,None,Yes,Chair,No,Does not play music,No lighting,Not for sale,FtrWoodenStoolS_Remake_0_3,0_3,3449,fdFGhx9StHizpm5jK
cute tea table,Blue,NA,NA,NA,No,No,No,NA,3000,750,Blue,Purple,1x1,NA,Nook's Cranny,"Available in Nook's Cranny (upgraded only), in the unique furniture slot",1.0.0,fancy,None,cute,None,No,Table,No,Does not play music,No lighting,For sale,FtrCuteTableS_Remake_4_0,4_0,4000,vDBt83QLRMk4AdkPT
changing room,Beige,NA,Purple,Curtain,No,No,Yes,2,3700,925,Yellow,Purple,1x1,NA,Nook's Cranny,"Available in Nook's Cranny (upgraded only), in the unique furniture slot",1.0.0,shop,facility,None,None,Wardrobe,Shop,No,Does not play music,No lighting,For sale,FtrFittingroom_Remake_1_1,1_1,1816,9TyMiWTo8XgkRbipQ
  public bench  ,Red,NA,NA,NA,No,No,No,NA,NFS,10000,Orange,Orange,2x1,2000,Nook Miles Shop,,1.0.0,facility,None,None,None,Yes,Sofa,Yes,Does not play music,No lighting,Not for sale,FtrPublicbench_Remake_2_0,2_0,3346,ZE2zfb6Tw4SwTHHJa
  tool cart  ,Black,NA,NA,NA,No,No,No,NA,2400,600,Black,Black,1x1,NA,Nook's Cranny,Available in Nook's Cranny (either upgrade tier) in the unique furniture slot,1.0.0,garage,None,None,None,No,Table,No,Does not play music,No lighting,For sale,FtrToolcart_Remake_6_0,6_0,7528,CpWGf9zwePP6cRTJM
effects rack,White,NA,None,Sticker area,No,No,Yes,3,,1700,White,Black,1x1,NA,Nook's Cranny,"Available in Nook's Cranny (upgraded only), in the unique furniture slot",1.0.0,concert,facility,None,None,No,Musical Instrument,No,Does not play music,No lighting,For sale,FtrEffectorrack_Remake_1_0,1_0,950,GabiAaN63GHgkyLAG
  modern office chair  ,Green,NA,NA,NA,No,No,No,NA,2200,550,Green,Black,1x1,NA,Nook's Cranny,"Available in Nook's Cranny (upgraded only), in the unique furniture slot",1.0.0,office,None,None,office,Yes,Chair,No,Does not play music,No lighting,For sale,FtrOfficeChair_Remake_1_0,1_0,832,P4dwjbRarcEpAqwC3
candy machine,Pink,NA,NA,NA,No,No,No,NA,,700,Pink,Colorful,1x1,NA,Nook's Cranny,Available in Nook's Cranny (either upgrade tier) in the unique furniture slot,1.0.0,shop,facility,None,None,Yes,Shop,No,Does not play music,No lighting,For sale,FtrCandymachine_Remake_3_0,3_0,7392,MqMKRFefjKay7ggQt
WOODEN SIMPLE BED,Light wood,Paint color,Green,Bedding,Yes,Yes,Yes,4,,2160,Beige,Green,2x1,NA,Crafting,,1.0.0,child's room,living room,wooden,None,Yes,Bed,No,Does not play music,No lighting,Not for sale,FtrWoodenBedS_Remake_0_3,0_3,2605,nav6Cip6v5Ek6SSv7
  wooden stool  ,Light wood,Paint color,None,Seat,Yes,Yes,Yes,2,NFS,480,Beige,Beige,1x1,NA,Crafting,,1.0.0,child's room,living room,wooden,None,Yes,Chair,No,Does not play music,No lighting,Not for sale,FtrWoodenStoolS_Remake_0_0,0_0,3449,i8NyG9EWfGFx46EuA
DJ'S TURNTABLE,Brown,NA,Rock logo,Flag,No,No,Yes,4,9300,2325,Orange,Purple,2x1,NA,Nook's Cranny,"Available in Nook's Cranny (upgraded only), in the unique furniture slot",1.0.0,party,concert,None,None,Yes,Musical Instrument,No,Hi-fi,No lighting,For sale,FtrDJbooth_Remake_2_3,2_3,941,uLRRxQ9bd9KmP9gXG
  giant teddy bear  ,Checkered,Fabric,Giant stripes,Ribbon,Yes,Yes,Yes,8,NFS,6300,Purple,Yellow,3x3,NA,Crafting,,1.0.0,fancy,child's room,None,bear,No,Animal,No,Does not play music,No lighting,Not for sale,FtrBearXL_Remake_4_3,4_3,1504,WAuMWYMB6dHqWGGG9
  WOODEN-BLOCK STOOL  ,Colorful,Block color,NA,NA,Yes,Yes,No,1,NFS,600,Red,Red,1x1,NA,Crafting,,1.0.0,child's room,None,wooden block,None,Yes,Chair,No,Does not play music,No lighting,Not for sale,FtrBlockStoolS_Remake_2_0,2_0,5543,qjp48A6gcqhksiEKM
  mini fridge  ,Yellow,NA,NA,NA,No,No,No,NA,1300,325,Yellow,Yellow,1x1,NA,Nook's Cranny,"Available in Nook's Cranny (upgraded only), in the unique furniture slot",1.0.0,facility,None,None,None,Wardrobe,Home Appliances,No,Does not play music,No lighting,For sale,FtrRefrigeratorMini_Remake_3_0,3_0,9766,FR7reZdhtjJhCuzjD
  Mama bear  ,Tweed,NA,Red stripes,Shirt,No,No,Yes,1,2300,575,Gray,Red,1x1,NA,Nook's Cranny,Available in Nook's Cranny (either upgrade tier) in the unique furniture slot,1.0.0,fancy,child's room,None,bear,No,Animal,No,Does not play music,No lighting,For sale,FtrBearM_Remake_5_1,5_1,1500,3XQYi2MrZcapT9XMe
  studio spotlight  ,Green,NA,NA,NA,No,No,No,NA,2100,,Black,Green,1x1,NA,Nook's Cranny,Available in Nook's Cranny (either upgrade tier) in the unique furniture slot,1.0.0,facility,concert,None,None,Yes,Lamp,No,Does not play music,Spotlight,For sale,FtrLampSpot_Remake_7_0,7_0,7189,a6F7aawDPGykTt4iy
baby chair,Yellow,NA,Bear,Cushion,No,No,Yes,1,1200,300,Yellow,Colorful,1x1,NA,Nook's Cranny,Available in Nook's Cranny (either upgrade tier) in the unique furniture slot,1.0.0,child's room,None,None,None,Yes,Chair,No,Does not play music,No lighting,For sale,FtrBabychair_Remake_2_0,2_0,3305,SrYrGG6KFSsL2t44t
  SHELL FOUNTAIN  ,Brown,Shell color,NA,NA,Yes,Yes,No,7,,9450,Brown,Brown,1.5x1.5,NA,Crafting,,1.0.0,ocean,expensive,shell,None,Yes,Playground,Yes,Does not play music,No lighting,Not for sale,FtrShellFountain_Remake_1_0,1_0,3982,roZwMxoBbx7ijmvhn
FLASHY-FLOWER SIGN,Pop,NA,NA,NA,No,No,No,NA,1800,450,Red,Colorful,1x1,NA,Nook's Cranny,"Available in Nook's Cranny (upgraded only), in the unique furniture slot",1.0.0,party,None,None,None,No,Shop,Yes,Does not play music,No lighting,For sale,FtrWreath_Remake_0_0,0_0,1243,DYY8kcxGMJsDCtxHx
  floor lamp  ,White,NA,White,Lampshade,No,No,Yes,1,1400,350,White,White,1x1,NA,Nook's Cranny,"Available in Nook's Cranny (upgraded only), in the unique furniture slot",1.0.0,living room,None,None,None,Yes,Lamp,No,Does not play music,Fluorescent,For sale,FtrLamp_Remake_2_0,2_0,2561,Cwjhn45cgsWdw7E44
  electric guitar  ,Dark red,NA,Pop logo,Sticker area,No,No,Yes,7,71000,17750,Red,Colorful,1x1,NA,Nook's Cranny,"Available in Nook's Cranny (upgraded only), in the third unique furniture slot",1.0.0,concert,None,None,None,Yes,Musical Instrument,No,Does not play music,No lighting,For sale,FtrElectricguitar2_Remake_0_6,0_6,1645,wKpaWQiD6t2m6bbvj
  log dining table  ,White birch,Lumber type,Quilted,Placemats,Yes,No,Yes,4,,1800,White,Light blue,2x2,NA,Crafting,,1.0.0,garden,living room,log,None,No,Table,No,Does not play music,No lighting,Not for sale,FtrLogTableL_Remake_3_4,3_4,4040,29qrKahcSX9ixqX5d
stall,Pink,Variation,None,Curtain,Yes,Yes,Yes,3,NFS,1440,Pink,Pink,2x1,NA,Crafting,,1.0.0,shop,party,None,None,No,Shop,Yes,Does not play music,No lighting,Not for sale,FtrFloat_Remake_4_0,4_0,3617,TFpNBupSfhK5BXuzx
  loft bed with desk  ,White,NA,Light blue,Bedding,No,No,Yes,3,7700,1925,White,Light blue,2x1,NA,Nook's Cranny,"Available in Nook's Cranny (upgraded only), in the unique furniture slot",1.0.0,child's room,None,None,None,Yes,Desk,No,Does not play music,No lighting,For sale,FtrBeddesk_Remake_2_2,2_2,3621,DTMpxHX9e7WxEdhsb
utility sink,NA,NA,NA,NA,No,No,No,NA,3500,875,Gray,Gray,1x1,NA,Nook's Cranny,Available in Nook's Cranny (either upgrade tier) in the unique furniture slot,1.0.0,school,shop,None,None,Yes,Bathroom Things,Yes,Does not play music,No lighting,For sale,FtrSlopsink,NA,4026,N6LFBnnHtwdbutzEB
camping cot,Green,NA,NA,NA,No,No,No,NA,1800,450,Green,Green,2x1,NA,Starting items,,1.0.0,outdoors,None,None,None,Yes,Bed,Yes,Does not play music,No lighting,For sale,FtrCampbed_Remake_0_0,0_0,4081,sfsBgF9jsrzPj8hg4
pond stone,Mossy,Stone,NA,NA,Yes,Yes,No,2,NFS,1500,Green,Black,2x1,NA,Crafting,,1.0.0,zen-style,garden,None,None,No,Japanese Style,Yes,Does not play music,No lighting,Not for sale,FtrStonewaterbowl_Remake_1_0,1_0,7393,ZxLfYtwoxJD6T2GGw
  IRON WORKTABLE  ,White,Body color,NA,NA,Yes,Yes,No,7,NFS,7500,White,White,2x1,NA,Crafting,,1.0.0,garage,None,iron,None,No,Table,No,Does not play music,No lighting,Not for sale,FtrIronTableM_Remake_1_0,1_0,3560,a8HjB3fcbQrqnNHTf
  diner dining table  ,Cream,NA,NA,NA,No,No,No,NA,,1600,Gray,White,2x2,NA,Nook's Cranny,"Available in Nook's Cranny (upgraded only), in the third unique furniture slot",1.0.0,shop,None,diner,None,No,Table,No,Does not play music,No lighting,For sale,FtrAmeretroTableM_Remake_5_0,5_0,4142,8yhT2tAkGzZSGB6ht
REFRIGERATOR,Black,NA,Rock,Sticker area,No,No,Yes,2,5100,1275,Black,Colorful,1x1,NA,Nook's Cranny,"Available in Nook's Cranny (upgraded only), in the unique furniture slot",1.0.0,kitchen,shop,None,None,Wardrobe,Home Appliances,No,Does not play music,No lighting,For sale,FtrRefrigerator_Remake_6_2,6_2,2713,moNLtSERfZ7sgjhuX
  FAN  ,Light blue,NA,NA,NA,No,No,No,NA,1700,425,Light blue,Light blue,1x1,NA,Nook's Cranny,Available in Nook's Cranny (either upgrade tier) in the unique furniture slot,1.0.0,living room,child's room,None,None,Yes,Fan,No,Does not play music,No lighting,For sale,FtrFan_Remake_2_0,2_0,3820,4MyPEGAZ74Cp5TmtH
  loft bed with desk  ,Blue,NA,Black,Bedding,No,No,Yes,3,7700,1925,Blue,Black,2x1,NA,Nook's Cranny,"Available in Nook's Cranny (upgraded only), in the unique furniture slot",1.0.0,child's room,None,None,None,Yes,Desk,No,Does not play music,No lighting,For sale,FtrBeddesk_Remake_4_1,4_1,3621,qXXLSxzMN8ry2HubW
rock guitar,Natural wood,NA,Familiar logo,Sticker area,No,No,Yes,2,3100,775,Beige,Black,1x1,NA,Nook's Cranny,Available in Nook's Cranny (either upgrade tier) in the unique furniture slot,1.0.0,concert,None,None,None,Yes,Musical Instrument,No,Does not play music,No lighting,For sale,FtrElectricguitar1_Remake_5_1,5_1,1644,Ec3mAeZre73JHkmra
FROZEN SCULPTURE,Ice,Illumination,NA,NA,Yes,Yes,No,7,NFS,6600,Light blue,Light blue,1.5x1.5,NA,Crafting,,1.0.0,freezing cold,None,frozen,None,No,Seasonal Decor,Yes,Does not play music,No lighting,Not for sale,FtrIceArt_Remake_0_0,0_0,3501,4C6gez6R7kMG8T758
  frozen partition  ,Ice yellow,Illumination,NA,NA,Yes,Yes,No,7,NFS,,Yellow,Yellow,2x0.5,NA,Crafting,,1.0.0,freezing cold,None,frozen,None,No,Seasonal Decor,Yes,Does not play music,No lighting,Not for sale,FtrIceScreen_Remake_3_0,3_0,3498,MyD6TcXbn8w9HpsJa
  rock guitar  ,Fire red,NA,Emblem logo,Sticker area,No,No,Yes,2,3100,775,Red,Green,1x1,NA,Nook's Cranny,Available in Nook's Cranny (either upgrade tier) in the unique furniture slot,1.0.0,concert,None,None,None,Yes,Musical Instrument,No,Does not play music,No lighting,For sale,FtrElectricguitar1_Remake_3_4,3_4,1644,gaQjct3qrLTXAswQq
log chair,Orange wood,Lumber type,Bears,Cushion,Yes,Yes,Yes,3,NFS,960,Orange,Brown,1x1,NA,Crafting,,1.0.0,garden,living room,log,None,Yes,Sofa,No,Does not play music,No lighting,Not for sale,FtrLogSofaS_Remake_1_3,1_3,4039,P56uXpAQg5Mc9Jt3R
  effects rack  ,Pink,NA,Cute logo,Sticker area,No,No,Yes,3,6800,,Pink,Pink,1x1,NA,Nook's Cranny,"Available in Nook's Cranny (upgraded only), in the unique furniture slot",1.0.0,concert,facility,None,None,No,Musical Instrument,No,Does not play music,No lighting,For sale,FtrEffectorrack_Remake_5_7,5_7,950,4oihyYu8CAN5piuQf
table with cloth,NA,NA,Light green,Tablecloth,No,No,Yes,2,5100,1275,Green,Green,2x2,NA,Nook's Cranny,"Available in Nook's Cranny (upgraded only), in the third unique furniture slot",1.0.0,shop,party,None,None,No,Table,No,Does not play music,No lighting,For sale,FtrTableCloth_Remake_0_6,0_6,1779,4iaiPzAGYW8x9kP9N
  floor seat  ,Black,NA,Deep blue,Cushion,No,No,Yes,1,730,182,Black,Blue,1x1,NA,Nook's Cranny,Available in Nook's Cranny (either upgrade tier) in the unique furniture slot,1.0.0,zen-style,child's room,None,None,Yes,Chair,No,Does not play music,No lighting,For sale,FtrFloorchair_Remake_3_3,3_3,3622,cwJyrho47yLvta8vc
LOG EXTRA-LONG SOFA,Orange wood,Lumber type,Quilted,Cushions,Yes,Yes,Yes,4,NFS,1920,Orange,Light blue,2x1,NA,Crafting,,1.0.0,garden,living room,log,None,Yes,Sofa,No,Does not play music,No lighting,Not for sale,FtrLogSofaL_Remake_1_4,1_4,4044,JDyKgchRrPCqv8rEC
ANCHOR STATUE,Blue,Color,NA,NA,No,Yes,No,2,NFS,1400,Blue,White,1x1,NA,Fishing Tourney,,1.0.0,ocean,None,None,None,No,Seaside,Yes,Does not play music,No lighting,Not for sale,FtrShipanchor_Remake_4_0,4_0,7238,vRhn2x3vj2mii4AKH
  CUTE TEA TABLE  ,White,NA,NA,NA,No,No,No,NA,3000,750,White,Pink,1x1,NA,Nook's Cranny,"Available in Nook's Cranny (upgraded only), in the unique furniture slot",1.0.0,fancy,None,cute,None,No,Table,No,Does not play music,No lighting,For sale,FtrCuteTableS_Remake_0_0,0_0,4000,FuzPgbonXH2BjR6dk
  garbage bin  ,Yellow,NA,NA,NA,No,No,No,NA,1000,250,Yellow,Yellow,1x1,NA,Nook's Cranny,Available in Nook's Cranny (either upgrade tier) in the unique furniture slot,1.0.0,garage,facility,None,None,Trash,Supplies,Yes,Does not play music,No lighting,For sale,FtrPaleCaster_Remake_1_0,1_0,9767,wHriWqPSv5xoPuyuq
lighthouse,White,NA,NA,NA,No,No,No,NA,NFS,25000,White,White,2x2,5000,Nook Miles Shop,,1.0.0,ocean,garden,None,None,Yes,Seaside,Yes,Does not play music,No lighting,Not for sale,FtrLighthouse_Remake_3_0,3_0,2335,TmgsFnKy67xy2NKdk
  shell arch  ,White,Shell color,NA,NA,Yes,Yes,No,7,NFS,12360,White,Colorful,3x1,NA,Crafting,,1.0.0,ocean,expensive,shell,None,No,Arch,Yes,Does not play music,No lighting,Not for sale,FtrShellArch_Remake_0_0,0_0,3977,hijSDaBKCs7eiu8Xv
  outdoor table  ,Green,NA,Green,Table,No,No,Yes,1,2200,,Green,Green,2x1,NA,Nook's Cranny,Available in Nook's Cranny (either upgrade tier) in the unique furniture slot,1.0.0,outdoors,None,None,None,No,Table,Yes,Does not play music,No lighting,For sale,FtrOutdoortableM_Remake_2_2,2_2,3946,LeFhXpAtGJfzGkBSo
loft bed with desk,Orange,NA,Light blue,Bedding,No,No,Yes,3,7700,1925,Orange,Light blue,2x1,NA,Nook's Cranny,"Available in Nook's Cranny (upgraded only), in the unique furniture slot",1.0.0,child's room,None,None,None,Yes,Desk,No,Does not play music,No lighting,For sale,FtrBeddesk_Remake_5_2,5_2,3621,jAnx35xw25yvvnRs6
  tennis table  ,NA,NA,NA,NA,No,No,No,NA,44000,11000,Green,Red,2x1,NA,Nook's Cranny,"Available in Nook's Cranny (upgraded only), in the third unique furniture slot",1.0.0,shop,school,None,None,No,Sports,No,Does not play music,No lighting,For sale,FtrTakkyu,NA,1181,QE6Z4bMvkPEyYFzpd
rattan vanity,Light brown,NA,NA,NA,No,No,No,NA,5900,1475,Yellow,Yellow,1x1,NA,Nook's Cranny,"Available in Nook's Cranny (upgraded only), in the unique furniture slot",1.0.0,living room,None,rattan,None,Yes,Dresser,No,Does not play music,No lighting,For sale,FtrRattanDresser_Remake_2_0,2_0,4051,5q5eyYKysYESMBdrL
retro gas pump,Green,NA,Green with animal,Lamp,No,No,Yes,1,2700,,Green,Green,1x1,NA,Nook's Cranny,Available in Nook's Cranny (either upgrade tier) in the unique furniture slot,1.0.0,garden,shop,diner,None,Yes,Vehicle,Yes,Does not play music,No lighting,For sale,FtrAmeretroGasstand_Remake_1_1,1_1,4140,SdgwnoxzWRuejsP5M
  MOUNTAIN STANDEE  ,Fall,Season,NA,NA,Yes,Yes,No,2,NFS,1080,Orange,Brown,2x1,NA,Crafting,,1.0.0,school,None,None,standee,No,School,No,Does not play music,No lighting,Not for sale,FtrHariboteMountain_Remake_4_0,4_0,532,CAuRbPEw2oWtBqfrY
rock guitar,Chic white,NA,Handwritten logo,Sticker area,No,No,Yes,2,3100,775,White,Light blue,1x1,NA,Nook's Cranny,Available in Nook's Cranny (either upgrade tier) in the unique furniture slot,1.0.0,concert,None,None,None,Yes,Musical Instrument,No,Does not play music,No lighting,For sale,FtrElectricguitar1_Remake_6_5,6_5,1644,FHsfWrGHanE39532b
refrigerator,Pink,NA,None,Sticker area,No,No,Yes,2,5100,1275,Pink,Pink,1x1,NA,Nook's Cranny,"Available in Nook's Cranny (upgraded only), in the unique furniture slot",1.0.0,kitchen,shop,None,None,Wardrobe,Home Appliances,No,Does not play music,No lighting,For sale,FtrRefrigerator_Remake_2_0,2_0,2713,q9Aju8Y95pfRiTPsi
  WOODEN SIMPLE BED  ,Dark wood,Paint color,Green,Bedding,Yes,Yes,Yes,4,NFS,2160,Brown,Green,2x1,NA,Crafting,,1.0.0,child's room,living room,wooden,None,Yes,Bed,No,Does not play music,No lighting,Not for sale,FtrWoodenBedS_Remake_3_3,3_3,2605,riExfbzSMxPgSL6fz
  folding chair  ,Blue,NA,NA,NA,No,No,No,NA,920,230,Blue,Gray,1x1,NA,Nook's Cranny,Available in Nook's Cranny (either upgrade tier) in the unique furniture slot,1.0.0,facility,None,None,None,Yes,Chair,No,Does not play music,No lighting,For sale,FtrPipechair_Remake_0_0,0_0,7529,SWcvBARb258vbt6yL
  STONE LION-DOG  ,Mossy,Color,NA,NA,Yes,Yes,No,3,NFS,3600,Green,Gray,1x1,NA,Crafting,,1.0.0,folk art,garden,None,None,No,Folk Craft Decor,Yes,Does not play music,No lighting,Not for sale,FtrSekishishi_Remake_2_0,2_0,7795,9GSvFSgPYcyfEsbF5
  CHANGING ROOM  ,Dark brown,NA,Yellow,Curtain,No,No,Yes,2,3700,925,Brown,Yellow,1x1,NA,Nook's Cranny,"Available in Nook's Cranny (upgraded only), in the unique furniture slot",1.0.0,shop,facility,None,None,Wardrobe,Shop,No,Does not play music,No lighting,For sale,FtrFittingroom_Remake_3_3,3_3,1816,JPviijww3dMcTiSqv
tourist telescope,Gray,NA,NA,NA,No,No,No,NA,NFS,10000,Gray,Gray,1x1,2000,Nook Miles Shop,,1.0.0,space,facility,None,None,No,Space,Yes,Does not play music,No lighting,Not for sale,FtrTelescopeSightseeing_Remake_3_0,3_0,3078,qmYhD3vBLTepEBLn9
standard umbrella stand,Black,Body color,Dots,Favorite umbrella,Yes,Yes,Yes,4,NFS,2250,Black,Green,1x1,NA,Crafting,,1.0.0,school,office,None,None,No,Supplies,No,Does not play music,No lighting,Not for sale,FtrUmbrellastand_Remake_0_1,0_1,3445,Pr4PyJek4kLytuzjg
  lecture-hall desk  ,White,NA,NA,NA,No,No,No,NA,2500,625,White,Black,2x1,NA,Nook's Cranny,"Available in Nook's Cranny (upgraded only), in the unique furniture slot",1.0.0,school,None,None,lecture hall,No,Desk,No,Does not play music,No lighting,For sale,FtrTableCollage_Remake_2_0,2_0,2014,B2T89AGjxASHfT6fk
  ironwood cart  ,Teak,Lumber type,NA,NA,Yes,Yes,No,5,NFS,3720,Orange,Black,1x1,NA,Crafting,,1.0.0,living room,None,ironwood,None,No,Desk,No,Does not play music,No lighting,Not for sale,FtrIronwoodServingcart_Remake_1_0,1_0,3195,ca8ZEmr9HCDu4b3vi
papa bear,Checkered,NA,Yellow,Ribbon,No,No,Yes,3,8500,2125,Red,Yellow,2x2,NA,Nook's Cranny,"Available in Nook's Cranny (upgraded only), in the third unique furniture slot",1.0.0,fancy,child's room,None,bear,No,Animal,No,Does not play music,No lighting,For sale,FtrBearL_Remake_4_3,4_3,1499,eucCLnyikRcrBzxeC
outdoor bench,Black,NA,Light wood,Seat,No,No,Yes,1,1300,325,Black,Beige,2x1,NA,Nook's Cranny,Available in Nook's Cranny (either upgrade tier) in the unique furniture slot,1.0.0,outdoors,None,None,None,Yes,Sofa,Yes,Does not play music,No lighting,For sale,FtrOutdoorchairM_Remake_1_5,1_5,3947,j8miaCXwvuH3kuvfD
  changing room  ,Beige,NA,Yellow,Curtain,No,No,Yes,2,3700,925,Yellow,Yellow,1x1,NA,Nook's Cranny,"Available in Nook's Cranny (upgraded only), in the unique furniture slot",1.0.0,shop,facility,None,None,Wardrobe,Shop,No,Does not play music,No lighting,For sale,FtrFittingroom_Remake_1_3,1_3,1816,HHFZSHj9TKwgbyxSZ
  floor seat  ,Natural,NA,Mustard yellow,Cushion,No,No,Yes,1,,182,Brown,Yellow,1x1,NA,Nook's Cranny,Available in Nook's Cranny (either upgrade tier) in the unique furniture slot,1.0.0,zen-style,child's room,None,None,Yes,Chair,No,Does not play music,No lighting,For sale,FtrFloorchair_Remake_0_1,0_1,3622,yDyjiXQdBs3X3uKrq
  wooden table  ,Cherry wood,Paint color,Pink,Tablecloth,Yes,Yes,Yes,4,NFS,1800,Orange,Pink,2x2,NA,Crafting,,1.0.0,child's room,living room,wooden,None,No,Table,No,Does not play music,No lighting,Not for sale,FtrWoodenTableL_Remake_2_2,2_2,3439,LtcFjBKi8rHJLoRnv
drum set,Natural wood,NA,White with logo,Bass drum head,No,No,Yes,2,5600,1400,Brown,White,2x1,NA,Nook's Cranny,"Available in Nook's Cranny (upgraded only), in the unique furniture slot",1.0.0,concert,None,None,None,Yes,Musical Instrument,No,Does not play music,No lighting,For sale,FtrDrumSet_Remake_3_3,3_3,1803,ztDHbywWyAMugQw9a
  wooden simple bed  ,Green,Paint color,Orange,Bedding,Yes,Yes,Yes,4,NFS,2160,Green,Orange,2x1,NA,Crafting,,1.0.0,child's room,living room,wooden,None,Yes,Bed,No,Does not play music,No lighting,Not for sale,FtrWoodenBedS_Remake_5_0,5_0,2605,MuHQo9n2meTp9H7kE
  ironwood cupboard  ,Teak,Lumber type,NA,NA,Yes,Yes,No,7,NFS,9780,Orange,Black,2x1,NA,Crafting,,1.0.0,kitchen,None,ironwood,None,No,Shelf,No,Does not play music,No lighting,Not for sale,FtrIronwoodCupboard_Remake_1_0,1_0,3271,QicyaqvM22Huy5SuC
BAMBOO BENCH,Dried bamboo,Bamboo,NA,NA,Yes,Yes,No,2,,1280,Yellow,Yellow,2x1,NA,Crafting,,1.0.0,zen-style,None,bamboo,None,Yes,Sofa,Yes,Does not play music,No lighting,Not for sale,FtrBambooChairL_Remake_1_0,1_0,710,zZwxBNb8kENP7Bbun
playground gym,Red,NA,NA,NA,No,No,No,NA,NFS,15000,Red,Yellow,2x2,3000,Nook Miles Shop,,1.0.0,garden,child's room,None,None,Yes,Playground,Yes,Does not play music,No lighting,Not for sale,FtrJunglegym_Remake_2_0,2_0,3430,S8JMKB7zQvsuuvaHW
  HARP  ,Light brown,NA,NA,NA,No,No,No,NA,130000,32500,Beige,Beige,1x1,NA,Nook's Cranny,"Available in Nook's Cranny (upgraded only), in the third unique furniture slot",1.0.0,music,None,None,None,Yes,Musical Instrument,No,Does not play music,No lighting,For sale,FtrHarp_Remake_1_0,1_0,987,qY3ZYbY5te3xysrHm
garden faucet,Concrete,NA,NA,NA,No,No,No,NA,1900,475,Beige,Beige,1x1,NA,Nook's Cranny,Available in Nook's Cranny (either upgrade tier) in the unique furniture slot,1.0.0,garden,None,None,None,Yes,Garden,Yes,Does not play music,No lighting,For sale,FtrWaterview_Remake_3_0,3_0,1631,ofWhffL2iRmqNkZhb
OUTDOOR BENCH,Blue,NA,Light wood,Seat,No,No,Yes,1,1300,325,Blue,Beige,2x1,NA,Nook's Cranny,Available in Nook's Cranny (either upgrade tier) in the unique furniture slot,1.0.0,outdoors,None,None,None,Yes,Sofa,Yes,Does not play music,No lighting,For sale,FtrOutdoorchairM_Remake_3_5,3_5,3947,Xk8FE3H8HjQNibRJg
  hammock  ,Yellow,NA,Hibiscus flowers,Cloth,No,No,Yes,1,1300,325,Yellow,Light blue,2x1,NA,Nook's Cranny,"Available in all tiers of shops, including Timmy & Tommy before the shop is opened",1.0.0,outdoors,None,None,None,Yes,Bed,Yes,Does not play music,No lighting,For sale,FtrHammock_Remake_2_2,2_2,1620,4KQLvEGsK2KHQnq6k
  grand piano  ,Walnut,NA,NA,NA,No,No,No,NA,260000,,Brown,White,2x2,NA,Nook's Cranny,"Available in Nook's Cranny (upgraded only), in the third unique furniture slot",1.0.0,music,expensive,None,None,Yes,Musical Instrument,No,Does not play music,No lighting,For sale,FtrPianoGrand_Remake_2_0,2_0,1875,JgydzQT2vBcZtuisM
baby chair,Yellow,NA,Strawberry,Cushion,No,No,Yes,1,1200,300,Yellow,Colorful,1x1,NA,Nook's Cranny,Available in Nook's Cranny (either upgrade tier) in the unique furniture slot,1.0.0,child's room,None,None,None,Yes,Chair,No,Does not play music,No lighting,For sale,FtrBabychair_Remake_2_1,2_1,3305,BpCJtM8aCQG4npCgi
  RETRO GAS PUMP  ,Retro,NA,Yellow oil,Lamp,No,No,Yes,1,2700,675,Brown,Red,1x1,NA,Nook's Cranny,Available in Nook's Cranny (either upgrade tier) in the unique furniture slot,1.0.0,garden,shop,diner,None,Yes,Vehicle,Yes,Does not play music,No lighting,For sale,FtrAmeretroGasstand_Remake_5_0,5_0,4140,u3r2EvyDfxRQcmLg6
DJ'S TURNTABLE,Brown,NA,Cute logo,Flag,No,No,Yes,4,9300,2325,Orange,Pink,2x1,NA,Nook's Cranny,"Available in Nook's Cranny (upgraded only), in the unique furniture slot",1.0.0,party,concert,None,None,Yes,Musical Instrument,No,Hi-fi,No lighting,For sale,FtrDJbooth_Remake_2_7,2_7,941,3u6rWaG4i8SHTGLC7
FOLDING CHAIR,White,NA,NA,NA,No,No,No,NA,920,230,White,Gray,1x1,NA,Nook's Cranny,Available in Nook's Cranny (either upgrade tier) in the unique furniture slot,1.0.0,facility,None,None,None,Yes,Chair,No,Does not play music,No lighting,For sale,FtrPipechair_Remake_5_0,5_0,7529,LCc3TcnL62PjBdFmY
BAMBOO SPEAKER,Smoke-cured bamboo,Bamboo,NA,NA,Yes,Yes,No,2,,1230,Brown,Beige,1x1,NA,Crafting,,1.0.0,zen-style,None,bamboo,None,Yes,Audio,No,Retro,No lighting,Not for sale,FtrBambooMusic_Remake_2_0,2_0,10743,94FEDXAad9ELWiCTL
stall,Green,Variation,Green stripes,Curtain,Yes,Yes,Yes,3,NFS,1440,Green,Green,2x1,NA,Crafting,,1.0.0,shop,party,None,None,No,Shop,Yes,Does not play music,No lighting,Not for sale,FtrFloat_Remake_3_1,3_1,3617,J2XXr5QhaE4cnfWZ5
  rattan vanity  ,Reddish brown,NA,NA,NA,No,No,No,NA,5900,1475,Orange,Orange,1x1,NA,Nook's Cranny,"Available in Nook's Cranny (upgraded only), in the unique furniture slot",1.0.0,living room,None,rattan,None,Yes,Dresser,No,Does not play music,No lighting,For sale,FtrRattanDresser_Remake_1_0,1_0,4051,zAnkc5iXSPrxPKG5A
  electric kick scooter  ,Red,NA,NA,NA,No,No,No,NA,4400,1100,Red,Black,1x1,NA,Nook's Cranny,"Available in Nook's Cranny (upgraded only), in the unique furniture slot",1.0.0,child's room,garden,None,None,Yes,Sports,Yes,Does not play music,Spotlight,For sale,FtrKickboardElectric_Remake_0_0,0_0,7654,6tY6iuj88WmP9SY73
retro gas pump,Red,NA,Green with animal,Lamp,No,No,Yes,1,,675,Red,Green,1x1,NA,Nook's Cranny,Available in Nook's Cranny (either upgrade tier) in the unique furniture slot,1.0.0,garden,shop,diner,None,Yes,Vehicle,Yes,Does not play music,No lighting,For sale,FtrAmeretroGasstand_Remake_0_1,0_1,4140,o7GLApjneHjaweKpL
  cardboard chair  ,Plain,Cardboard,NA,NA,Yes,Yes,No,1,NFS,60,Beige,Beige,1x1,NA,Crafting,,1.0.0,garage,None,cardboard,None,Yes,Chair,No,Does not play music,No lighting,Not for sale,FtrCardboardChairS_Remake_0_0,0_0,7163,mqca3DbkPwWjjamD3
changing room,Pink,NA,Black,Curtain,No,No,Yes,2,,925,Pink,Black,1x1,NA,Nook's Cranny,"Available in Nook's Cranny (upgraded only), in the unique furniture slot",1.0.0,shop,facility,None,None,Wardrobe,Shop,No,Does not play music,No lighting,For sale,FtrFittingroom_Remake_6_2,6_2,1816,khYcTbLxFCNyQW6NY
  basketball hoop  ,Black,NA,NA,NA,No,No,No,NA,,2750,Black,White,2x2,NA,Nook's Cranny,"Available in Nook's Cranny (upgraded only), in the third unique furniture slot",1.0.0,fitness,school,None,None,No,Sports,Yes,Does not play music,No lighting,For sale,FtrBasketgoal_Remake_2_0,2_0,4226,9KMogwX2SoozrdjAk
IRONWOOD CART,Walnut,Lumber type,NA,NA,Yes,Yes,No,5,NFS,3720,Brown,Black,1x1,NA,Crafting,,1.0.0,living room,None,ironwood,None,No,Desk,No,Does not play music,No lighting,Not for sale,FtrIronwoodServingcart_Remake_2_0,2_0,3195,M3v7PqaPpXpxAfub2
  WOODEN DOUBLE BED  ,Pink wood,Paint color,Green,Bedding,Yes,Yes,Yes,6,NFS,3600,Pink,Green,2x2,NA,Crafting,,1.0.0,child's room,living room,wooden,None,Yes,Bed,No,Does not play music,No lighting,Not for sale,FtrWoodenBedW_Remake_7_3,7_3,7132,ZLd4g4wj6vmz4KzBu
  CLOTHESLINE  ,NA,NA,Red plaid,Drying shirt,Yes,No,Yes,2,NFS,100,Brown,Red,2x0.5,NA,Crafting,,1.0.0,garden,None,None,None,No,Supplies,Yes,Does not play music,No lighting,Not for sale,FtrClothesline_Remake_0_3,0_3,3229,9uFNQPxDzpG3fSqkK
  cute tea table  ,Sky blue,NA,NA,NA,No,No,No,NA,3000,750,Light blue,White,1x1,NA,Nook's Cranny,"Available in Nook's Cranny (upgraded only), in the unique furniture slot",1.0.0,fancy,None,cute,None,No,Table,No,Does not play music,No lighting,For sale,FtrCuteTableS_Remake_1_0,1_0,4000,kPoFsiCopPMetatPx
HAMMOCK,Brown,NA,Camouflage,Cloth,No,No,Yes,1,,325,Brown,Green,2x1,NA,Nook's Cranny,"Available in all tiers of shops, including Timmy & Tommy before the shop is opened",1.0.0,outdoors,None,None,None,Yes,Bed,Yes,Does not play music,No lighting,For sale,FtrHammock_Remake_0_1,0_1,1620,W9NiSsri6G7a22tyD
yucca,White,NA,NA,NA,No,No,No,NA,2100,525,White,Green,1x1,NA,Nook's Cranny,Available in Nook's Cranny (either upgrade tier) in the unique furniture slot,1.0.0,living room,None,None,None,No,Plants,No,Does not play music,No lighting,For sale,FtrPlantYucca_Remake_0_0,0_0,4132,36hpiRHD9piTWAMMK
THROWBACK HAT TABLE,Red,NA,NA,NA,No,No,No,NA,3800,,Red,Red,2x2,NA,Nook's Cranny,"Available in Nook's Cranny (upgraded only), in the third unique furniture slot",1.0.0,child's room,fitness,throwback,None,No,Table,No,Does not play music,No lighting,For sale,FtrBoyTableL_Remake_0_0,0_0,4760,ykP7Q5ZpyCjEL58Af
  hammock  ,Brown,NA,Hibiscus flowers,Cloth,No,No,Yes,1,1300,325,Brown,Light blue,2x1,NA,Nook's Cranny,"Available in all tiers of shops, including Timmy & Tommy before the shop is opened",1.0.0,outdoors,None,None,None,Yes,Bed,Yes,Does not play music,No lighting,For sale,FtrHammock_Remake_0_2,0_2,1620,urN5hSHe3XPCcrnYi
streetlamp,Black,NA,NA,NA,No,No,No,NA,NFS,5000,Black,Black,1x1,1000,Nook Miles Shop,,1.0.0,garden,None,None,None,Yes,Lamp,Yes,Does not play music,Fluorescent,Not for sale,FtrStreetlamp_Remake_3_0,3_0,3816,r3aJGmk7dnCp9SnkN
shaded floor lamp,Lime,NA,NA,NA,No,No,No,NA,1700,,Green,Black,1x1,NA,Nook's Cranny,"Available in Nook's Cranny (upgraded only), in the unique furniture slot",1.0.0,living room,None,None,None,Yes,Lamp,No,Does not play music,Fluorescent,For sale,FtrLampMount_Remake_4_0,4_0,4572,DnNit9WY77gSp2p8h
  shell fountain  ,Purple,Shell color,NA,NA,Yes,Yes,No,7,NFS,9450,Purple,Purple,1.5x1.5,NA,Crafting,,1.0.0,ocean,expensive,shell,None,Yes,Playground,Yes,Does not play music,No lighting,Not for sale,FtrShellFountain_Remake_4_0,4_0,3982,tL4Bkd2LH4u4qX6pY
handcart,Black,NA,NA,NA,No,No,No,NA,1900,475,Black,Brown,1x1,NA,Nook's Cranny,Available in Nook's Cranny (either upgrade tier) in the unique furniture slot,1.0.0,garden,None,None,None,No,Ranch,Yes,Does not play music,No lighting,For sale,FtrHandcart_Remake_5_0,5_0,7229,PzsTvXpB2icaq2XaP
  loft bed with desk  ,Orange,NA,Green stripes,Bedding,No,No,Yes,3,7700,,Orange,Colorful,2x1,NA,Nook's Cranny,"Available in Nook's Cranny (upgraded only), in the unique furniture slot",1.0.0,child's room,None,None,None,Yes,Desk,No,Does not play music,No lighting,For sale,FtrBeddesk_Remake_5_6,5_6,3621,ZnDfSHfpmSAg6oDzW
log chair,White birch,Lumber type,Geometric print,Cushion,Yes,No,Yes,3,NFS,960,White,Colorful,1x1,NA,Crafting,,1.0.0,garden,living room,log,None,Yes,Sofa,No,Does not play music,No lighting,Not for sale,FtrLogSofaS_Remake_3_2,3_2,4039,SgzfRLCiAKBN2ZFjp
bunk bed,Pink,NA,Space,Bedding,No,No,Yes,2,5000,1250,Pink,Light blue,2x1,NA,Nook's Cranny,Available in Nook's Cranny (either upgrade tier) in the unique furniture slot,1.0.0,facility,None,None,None,Yes,Bed,No,Does not play music,No lighting,For sale,FtrBunkbed_Remake_6_3,6_3,8298,LsgS3hRmP7Zs25cqq
  cute sofa  ,Sky blue,NA,NA,NA,No,No,No,NA,,2400,Light blue,Blue,2x1,NA,Nook's Cranny,"Available in Nook's Cranny (upgraded only), in the unique furniture slot",1.0.0,fancy,None,cute,None,Yes,Sofa,No,Does not play music,No lighting,For sale,FtrCuteChairL_Remake_1_0,1_0,3998,cRNoeh9pN7JAk8wLJ
lighthouse,Red,NA,NA,NA,No,No,No,NA,NFS,25000,Red,White,2x2,5000,Nook Miles Shop,,1.0.0,ocean,garden,None,None,Yes,Seaside,Yes,Does not play music,No lighting,Not for sale,FtrLighthouse_Remake_0_0,0_0,2335,cbhaxbJ2B6emG9ESy
HAMMOCK,White,NA,White,Cloth,No,No,Yes,1,1300,325,White,White,2x1,NA,Nook's Cranny,"Available in all tiers of shops, including Timmy & Tommy before the shop is opened",1.0.0,outdoors,None,None,None,Yes,Bed,Yes,Does not play music,No lighting,For sale,FtrHammock_Remake_5_3,5_3,1620,Z5yBwbvX2qJBXbuya
  DOUBLE-DOOR REFRIGERATOR  ,Silver,NA,NA,NA,No,No,No,NA,,15000,Gray,Gray,1x1,NA,Nook's Cranny,"Available in Nook's Cranny (upgraded only), in the third unique furniture slot",1.0.0,kitchen,expensive,None,None,Wardrobe,Home Appliances,No,Does not play music,No lighting,For sale,FtrRefrigeratorDoubledoor_Remake_0_0,0_0,4109,KKtvkcrumjDTNKZzB
WOODEN-BLOCK BED,Natural,Block color,NA,NA,Yes,Yes,No,4,NFS,2400,White,Beige,2x1,NA,Crafting,,1.0.0,child's room,None,wooden block,None,Yes,Bed,No,Does not play music,No lighting,Not for sale,FtrBlockBedS_Remake_0_0,0_0,1557,K4pv4asqzPpjqQkzd
outdoor bench,Red,NA,Light wood,Seat,No,No,Yes,1,,325,Red,Beige,2x1,NA,Nook's Cranny,Available in Nook's Cranny (either upgrade tier) in the unique furniture slot,1.0.0,outdoors,None,None,None,Yes,Sofa,Yes,Does not play music,No lighting,For sale,FtrOutdoorchairM_Remake_4_5,4_5,3947,uDWWvRqRrPDnW2Rph
  ironwood dresser  ,Walnut,Lumber type,NA,NA,Yes,Yes,No,6,NFS,3840,Brown,Black,1x1,NA,Crafting,,1.0.0,living room,None,ironwood,None,Wardrobe,Chest,No,Does not play music,No lighting,Not for sale,FtrIronwoodChest_Remake_2_0,2_0,3196,Ysqa7ASFgy2GrtdhJ
  LAWN MOWER  ,Orange,NA,NA,NA,No,No,No,NA,2900,725,Orange,Black,1x1,NA,Nook's Cranny,Available in Nook's Cranny (either upgrade tier) in the unique furniture slot,1.0.0,garden,None,None,None,No,Garden,Yes,Does not play music,No lighting,For sale,FtrLawnmower_Remake_1_0,1_0,338,mhSYZHy389gYdNEhr
shell arch,Purple,Shell color,NA,NA,Yes,Yes,No,7,NFS,12360,Purple,Purple,3x1,NA,Crafting,,1.0.0,ocean,expensive,shell,None,No,Arch,Yes,Does not play music,No lighting,Not for sale,FtrShellArch_Remake_4_0,4_0,3977,xazwr82AExanNHxRB
rock guitar,Sunburst,NA,Handwritten logo,Sticker area,No,No,Yes,2,,775,Orange,Light blue,1x1,NA,Nook's Cranny,Available in Nook's Cranny (either upgrade tier) in the unique furniture slot,1.0.0,concert,None,None,None,Yes,Musical Instrument,No,Does not play music,No lighting,For sale,FtrElectricguitar1_Remake_0_5,0_5,1644,5FYnneKsSa2QnKbGA
frozen bed,Ice yellow,Illumination,Dark brown,Bedding,Yes,Yes,Yes,8,NFS,9000,Yellow,Brown,2x2,NA,Crafting,,1.0.0,freezing cold,None,frozen,None,Yes,Bed,Yes,Does not play music,No lighting,Not for sale,FtrIceBedW_Remake_3_3,3_3,3502,nQRRdAhYnjd3nvLwF
  bamboo floor lamp  ,Smoke-cured bamboo,Bamboo,NA,NA,Yes,Yes,No,2,,1280,Brown,Brown,1x1,NA,Crafting,,1.0.0,zen-style,None,bamboo,None,Yes,Lamp,No,Does not play music,Fluorescent,Not for sale,FtrBambooLamp_Remake_2_0,2_0,3557,ydijPPy8uTsqMp5Xr
foosball table,Dark brown,NA,NA,NA,No,No,No,NA,2300,575,Brown,Green,2x1,NA,Nook's Cranny,"Available in Nook's Cranny (upgraded only), in the unique furniture slot",1.0.0,facility,shop,None,None,Yes,Toy,No,Does not play music,No lighting,For sale,FtrTablesoccer_Remake_1_0,1_0,1177,LoYefEQbabXap6FsP
  log extra-long sofa  ,Dark wood,Lumber type,Quilted,Cushions,Yes,Yes,Yes,4,,,Brown,Light blue,2x1,NA,Crafting,,1.0.0,garden,living room,log,None,Yes,Sofa,No,Does not play music,No lighting,Not for sale,FtrLogSofaL_Remake_0_4,0_4,4044,4iF5MDtH7YEEkb5es
BUNNY DAY STOOL,NA,NA,NA,NA,Yes,No,No,NA,NFS,1200,Purple,Colorful,1x1,NA,Crafting,,1.1.0a,fancy,None,Bunny Day,None,Yes,Chair,No,Does not play music,No lighting,Not for sale,FtrEggStool,NA,12415,rXjtgzQMjqeucPQc3
  MUSH LOG  ,Strange mushroom,Mushroom type,NA,NA,Yes,Yes,No,3,NFS,1680,Brown,Purple,1x1,NA,Crafting,,1.0.0,facility,garden,mush,None,No,Desk,Yes,Does not play music,No lighting,Not for sale,FtrMushroomPulpwood_Remake_2_0,2_0,3808,CLNnMiDbC5azqYFAZ
  IRON GARDEN BENCH  ,Green,Body color,NA,NA,Yes,Yes,No,7,NFS,6000,Green,Green,2x1,NA,Crafting,,1.0.0,garden,None,iron,None,Yes,Sofa,Yes,Does not play music,No lighting,Not for sale,FtrIrongardenBench_Remake_0_0,0_0,1625,oQ8zB3JKwZk4AADy3
  soft-serve lamp  ,Mango,NA,NA,NA,No,No,No,NA,3000,750,Orange,Beige,1x1,NA,Nook's Cranny,"Available in Nook's Cranny (upgraded only), in the unique furniture slot",1.0.0,shop,fancy,None,None,Yes,Lamp,Yes,Does not play music,Fluorescent,For sale,FtrLampSoftcream_Remake_2_0,2_0,3416,Za47FuhQPhwk4SxGH
  floor lamp  ,White,NA,Navy design,Lampshade,No,No,Yes,1,1400,350,White,Blue,1x1,NA,Nook's Cranny,"Available in Nook's Cranny (upgraded only), in the unique furniture slot",1.0.0,living room,None,None,None,Yes,Lamp,No,Does not play music,Fluorescent,For sale,FtrLamp_Remake_2_7,2_7,2561,57PCaKv4GzREmotab
  ironwood kitchenette  ,Teak,Lumber type,NA,NA,Yes,Yes,No,7,NFS,7560,Orange,Gray,2x1,NA,Crafting,,1.0.0,kitchen,None,ironwood,None,No,Kitchen,No,Does not play music,No lighting,Not for sale,FtrIronwoodKitchen_Remake_1_0,1_0,3270,59TQ7mB6eW672xAz6
kotatsu,NA,NA,Tic-tac-toe pattern,Blanket,No,No,Yes,2,,925,Brown,Blue,2x2,NA,Nook's Cranny,"Available in Nook's Cranny (upgraded only), in the third unique furniture slot",1.0.0,zen-style,None,None,None,No,Table,No,Does not play music,No lighting,For sale,FtrKotatsu_Remake_0_0,0_0,1849,t7j2L56ZZ7XjTbWqJ
  mini fridge  ,Gray,NA,NA,NA,No,No,No,NA,1300,325,Gray,Gray,1x1,NA,Nook's Cranny,"Available in Nook's Cranny (upgraded only), in the unique furniture slot",1.0.0,facility,None,None,None,Wardrobe,Home Appliances,No,Does not play music,No lighting,For sale,FtrRefrigeratorMini_Remake_7_0,7_0,9766,ATghPJtD8Rdmvn6FH
  refrigerator  ,Yellow,NA,None,Sticker area,No,No,Yes,2,,,Yellow,Yellow,1x1,NA,Nook's Cranny,"Available in Nook's Cranny (upgraded only), in the unique furniture slot",1.0.0,kitchen,shop,None,None,Wardrobe,Home Appliances,No,Does not play music,No lighting,For sale,FtrRefrigerator_Remake_3_0,3_0,2713,3Na4aML5oFoxrKJjc
  BEACH CHAIR  ,Black,NA,NA,NA,No,No,No,NA,,230,Black,Black,2x1,NA,Nook's Cranny,Available in Nook's Cranny (either upgrade tier) in the unique furniture slot,1.0.0,ocean,None,None,None,Yes,Bed,Yes,Does not play music,No lighting,For sale,FtrBeachbed_Remake_1_0,1_0,664,8RBCg487RN7ZshRww
  Capricorn ornament  ,NA,NA,NA,NA,Yes,No,No,NA,NFS,22650,White,Yellow,2x1,NA,Crafting,,1.0.0,expensive,None,stars,None,Wardrobe,Chest,No,Does not play music,No lighting,Not for sale,FtrZodiacCapricornus,NA,5957,FGgfk92foabkrsPhm
  shaded floor lamp  ,Pink,NA,NA,NA,No,No,No,NA,1700,425,Pink,Black,1x1,NA,Nook's Cranny,"Available in Nook's Cranny (upgraded only), in the unique furniture slot",1.0.0,living room,None,None,None,Yes,Lamp,No,Does not play music,Fluorescent,For sale,FtrLampMount_Remake_5_0,5_0,4572,qGdex2CAvzdhQacoX
TOOL SHELF,Green,NA,NA,NA,No,No,No,NA,7300,1825,Green,Colorful,2x1,NA,Nook's Cranny,Available in Nook's Cranny (either upgrade tier) in the unique furniture slot,1.0.0,garage,facility,None,None,No,Table,No,Does not play music,No lighting,For sale,FtrToolshelf_Remake_1_0,1_0,7525,8Jy8Swcw6Wx3kmapF
log garden lounge,White wood,Lumber type,Bears,Pillow,Yes,Yes,Yes,3,,1440,Beige,Brown,2x1,NA,Crafting,,1.0.0,garden,None,log,None,Yes,Bed,Yes,Does not play music,No lighting,Not for sale,FtrLogBedS_Remake_2_3,2_3,4035,6zYZHc9PocC2W5B5Z
wedding chair,Garden,Design,NA,NA,No,Yes,No,2,2000,500,Yellow,Green,1x1,NA,Wedding Season,,1.2.0,party,expensive,wedding,None,Yes,Chair,No,Does not play music,No lighting,Not for sale,FtrWeddingChairS_Remake_2_0,2_0,12405,ixvbmXEgiqfWQSQkc
simple panel,Silver,NA,Pegboard,Panel design,No,No,Yes,1,810,202,Gray,Brown,1x0.5,NA,Nook's Cranny,Available in Nook's Cranny (either upgrade tier) in the unique furniture slot,1.0.0,facility,None,None,None,No,Screen,No,Does not play music,No lighting,For sale,FtrScreenSimple_Remake_6_2,6_2,5338,RNA8NXSLparmGSZgA
inflatable sofa,Lime,NA,NA,NA,No,No,No,NA,1100,275,Yellow,Yellow,2x1,NA,Nook's Cranny,"Available in all tiers of shops, including Timmy & Tommy before the shop is opened",1.0.0,outdoors,None,None,None,Yes,Bed,Yes,Does not play music,No lighting,For sale,FtrAirsofa_Remake_4_0,4_0,3962,gARKoZfArjvjoawZn
log round table,Dark wood,Lumber type,Geometric print,Tablecloth,Yes,Yes,Yes,4,NFS,1800,Brown,Colorful,2x2,NA,Crafting,,1.0.0,garden,living room,log,None,No,Table,Yes,Does not play music,No lighting,Not for sale,FtrLogTableLRound_Remake_0_2,0_2,4043,vaKmbhGZiwxvv92sL
digital scale,Brown,NA,Polka dots,Design,No,No,Yes,1,930,232,Brown,Green,1x1,NA,Nook's Cranny,Available in Nook's Cranny (either upgrade tier) in the unique furniture slot,1.0.0,bathroom,None,None,None,No,Bathroom Things,No,Does not play music,No lighting,For sale,FtrWeightscale_Remake_6_2,6_2,3307,SMHfJheiweAjeNRvy
  RATTAN ARMCHAIR  ,Brown,NA,NA,NA,No,No,No,NA,3200,800,White,Brown,1x1,NA,Nook's Cranny,"Available in Nook's Cranny (upgraded only), in the unique furniture slot",1.0.0,living room,None,rattan,None,Yes,Sofa,No,Does not play music,No lighting,For sale,FtrRattanChairS_Remake_0_0,0_0,4053,rLjWdJa2oJwzkgxFb
  tree's bounty arch  ,Brown,Nut color,NA,NA,Yes,Yes,No,7,NFS,5750,Brown,Colorful,3x1,NA,Crafting,,1.0.0,fancy,garden,tree's bounty or leaves,None,No,Arch,Yes,Does not play music,No lighting,Not for sale,FtrNutArch_Remake_0_0,0_0,6081,bLcJ2QHreNK3Z9ndc
  upright vacuum  ,White,NA,NA,NA,No,No,No,NA,2500,625,White,Black,1x1,NA,Nook's Cranny,"Available in Nook's Cranny (upgraded only), in the unique furniture slot",1.0.0,living room,None,None,None,Yes,Home Appliances,No,Does not play music,No lighting,For sale,FtrCleanerStick_Remake_1_0,1_0,908,hYT459ggmrPn5z3g3
imperial partition,Red,NA,NA,NA,No,No,No,NA,5000,,Red,Red,2x1,NA,Nook's Cranny,"Available in Nook's Cranny (upgraded only), in the unique furniture slot",1.0.0,zen-style,None,zen,None,No,Screen,No,Does not play music,No lighting,For sale,FtrOrientalScreen_Remake_0_0,0_0,3971,mJDAaQMtCpSZc2dD2
OPEN-FRAME KITCHEN,NA,NA,NA,NA,No,No,No,NA,140000,35000,Gray,Gray,2x1,NA,Nook's Cranny,"Available in Nook's Cranny (upgraded only), in the third unique furniture slot",1.0.0,kitchen,shop,None,None,Yes,Kitchen,No,Does not play music,No lighting,For sale,FtrKitchenFlame,NA,3615,NABKM3664RRxZyyu8
MENU CHALKBOARD,Natural,NA,NA,NA,No,No,No,NA,1800,450,Orange,Green,1x1,NA,Nook's Cranny,Available in Nook's Cranny (either upgrade tier) in the unique furniture slot,1.0.0,shop,None,None,None,No,Shop,Yes,Does not play music,No lighting,For sale,FtrMenuboard_Remake_0_0,0_0,1866,hZsxBiQ6uaGiL6nDr
kotatsu,NA,NA,Checkered,Blanket,No,No,Yes,2,3700,925,Brown,Yellow,2x2,NA,Nook's Cranny,"Available in Nook's Cranny (upgraded only), in the third unique furniture slot",1.0.0,zen-style,None,None,None,No,Table,No,Does not play music,No lighting,For sale,FtrKotatsu_Remake_0_2,0_2,1849,tW6fxiBFTMGH4p4CY
  ELECTRIC GUITAR  ,Natural wood,NA,None,Sticker area,No,No,Yes,7,71000,17750,Beige,Beige,1x1,NA,Nook's Cranny,"Available in Nook's Cranny (upgraded only), in the third unique furniture slot",1.0.0,concert,None,None,None,Yes,Musical Instrument,No,Does not play music,No lighting,For sale,FtrElectricguitar2_Remake_1_0,1_0,1645,5fTXwhFvDydrv8v4u
  LOG BED  ,Orange wood,Lumber type,Quilted,Bedding,Yes,Yes,Yes,6,,3600,Orange,Light blue,2x2,NA,Crafting,,1.0.0,garden,living room,log,None,Yes,Bed,No,Does not play music,No lighting,Not for sale,FtrLogBedW_Remake_1_3,1_3,4041,Saxh7Rr79JdBHjpxE
  BUNK BED  ,Yellow,NA,Checkered,Bedding,No,No,Yes,2,5000,1250,Yellow,Pink,2x1,NA,Nook's Cranny,Available in Nook's Cranny (either upgrade tier) in the unique furniture slot,1.0.0,facility,None,None,None,Yes,Bed,No,Does not play music,No lighting,For sale,FtrBunkbed_Remake_5_2,5_2,8298,kHFSZCts3uja7tbZC
director's chair,Dark brown,NA,Director black,Fabric,No,No,Yes,1,1600,400,Brown,Black,1x1,NA,Nook's Cranny,"Available in all tiers of shops, including Timmy & Tommy before the shop is opened",1.0.0,outdoors,None,None,None,Yes,Chair,Yes,Does not play music,No lighting,For sale,FtrDirectorchair_Remake_1_1,1_1,2020,hk2w8Qs5zg2C2pZKT
freezer,Beige,NA,NA,NA,No,No,No,NA,3500,875,Beige,Beige,2x1,NA,Nook's Cranny,Available in Nook's Cranny (either upgrade tier) in the unique furniture slot,1.0.0,kitchen,shop,None,None,Wardrobe,Home Appliances,No,Does not play music,No lighting,For sale,FtrFreezer_Remake_2_0,2_0,4135,Y4Yn5HRh7FS3DxHKj
  BUTTER CHURN  ,Natural wood,Lumber type,NA,NA,Yes,Yes,No,3,NFS,1980,Yellow,Black,1x1,NA,Crafting,,1.0.0,facility,garden,None,None,No,Ranch,Yes,Does not play music,No lighting,Not for sale,FtrButtermixer_Remake_1_0,1_0,7805,oyTG42KGJhge3Toc4
IRON GARDEN TABLE,Green,Body color,NA,NA,Yes,Yes,No,5,NFS,,Green,Green,1x1,NA,Crafting,,1.0.0,garden,None,iron,None,No,Table,Yes,Does not play music,No lighting,Not for sale,FtrIrongardenTable_Remake_0_0,0_0,1627,4nS5tFWWCNYiZHG93
shell bed,Pearl,Shell color,NA,NA,Yes,Yes,No,7,NFS,10200,White,White,2x2,NA,Crafting,,1.0.0,ocean,expensive,shell,None,Yes,Bed,Yes,Does not play music,No lighting,Not for sale,FtrShellBedW_Remake_5_0,5_0,3983,cJ2KGFGJfXX6sgu6G
candy machine,Red,NA,NA,NA,No,No,No,NA,,700,Red,Colorful,1x1,NA,Nook's Cranny,Available in Nook's Cranny (either upgrade tier) in the unique furniture slot,1.0.0,shop,facility,None,None,Yes,Shop,No,Does not play music,No lighting,For sale,FtrCandymachine_Remake_0_0,0_0,7392,osj9ufcCHK5KMtiHM
  TANKLESS TOILET  ,Pink,NA,NA,NA,No,No,No,NA,4100,1025,Pink,Pink,1x1,NA,Nook's Cranny,"Available in Nook's Cranny (upgraded only), in the unique furniture slot",1.0.0,bathroom,None,None,None,Yes,Toilet,No,Does not play music,No lighting,For sale,FtrWCTankless_Remake_2_0,2_0,2776,zaABQRMjcmpnuqFug
teacup ride,Colorful,NA,NA,NA,No,No,No,NA,,25000,Colorful,Colorful,3x3,5000,Nook Miles Shop,,1.0.0,facility,fancy,None,None,Yes,Playground,Yes,Does not play music,No lighting,Not for sale,FtrTurncup_Remake_0_0,0_0,1507,KYvNFE6s6D4ygQihu
  simple panel  ,Light brown,NA,Mud wall,Panel design,No,No,Yes,1,810,202,Beige,Beige,1x0.5,NA,Nook's Cranny,Available in Nook's Cranny (either upgrade tier) in the unique furniture slot,1.0.0,facility,None,None,None,No,Screen,No,Does not play music,No lighting,For sale,FtrScreenSimple_Remake_4_5,4_5,5338,dP2hs98gaFE8tSjSa
LOG DECORATIVE SHELVES,White birch,Lumber type,Geometric print,Mat,Yes,No,Yes,4,NFS,1560,White,Colorful,2x1,NA,Crafting,,1.0.0,garden,living room,log,None,No,Shelf,No,Does not play music,No lighting,Not for sale,FtrLogShelf_Remake_3_2,3_2,4036,wSMN6RC9wkbm9wcSu
  artisanal bug cage  ,NA,NA,NA,NA,No,No,No,NA,NFS,,Brown,Brown,2x1,NA,Bug-Off,,1.0.0,garden,facility,None,None,Wardrobe,Ranch,Yes,Does not play music,No lighting,Not for sale,FtrEventobjInsectBox,NA,7839,GsEBBC4JpEgwjgv6e
  TINY LIBRARY  ,Red,Paint color,NA,NA,Yes,Yes,No,2,NFS,1035,Red,White,1x1,NA,Crafting,,1.0.0,garden,None,None,None,No,Garden,Yes,Does not play music,No lighting,Not for sale,FtrMicrolibrary_Remake_1_0,1_0,5635,qDsBZNwCTjxarDyHw
electric guitar,Cosmo black,NA,Cute logo,Sticker area,No,No,Yes,7,71000,,Black,Pink,1x1,NA,Nook's Cranny,"Available in Nook's Cranny (upgraded only), in the third unique furniture slot",1.0.0,concert,None,None,None,Yes,Musical Instrument,No,Does not play music,No lighting,For sale,FtrElectricguitar2_Remake_6_7,6_7,1645,kCvAv2oPDckwP4LqT
  Papa bear  ,Tweed,NA,Yellow,Ribbon,No,No,Yes,3,8500,2125,Brown,Yellow,2x2,NA,Nook's Cranny,"Available in Nook's Cranny (upgraded only), in the third unique furniture slot",1.0.0,fancy,child's room,None,bear,No,Animal,No,Does not play music,No lighting,For sale,FtrBearL_Remake_5_3,5_3,1499,kDzaHhxpsmKoofNcm
upright locker,Blue,NA,Cool,Sticker area,No,No,Yes,2,,925,Blue,Black,1x1,NA,Nook's Cranny,Available in Nook's Cranny (either upgrade tier) in the unique furniture slot,1.0.0,school,facility,None,None,Wardrobe,Chest,No,Does not play music,No lighting,For sale,FtrLocker_Remake_4_1,4_1,833,deDyRACSmQwNFpqeF
wooden-block chest,Vivid,Block color,NA,NA,Yes,Yes,No,3,NFS,,Red,Colorful,2x1,NA,Crafting,,1.0.0,child's room,None,wooden block,None,Wardrobe,Chest,No,Does not play music,No lighting,Not for sale,FtrBlockChest_Remake_4_0,4_0,1561,rHKc4uFZFvxx5jcJm
  loft bed with desk  ,Natural,NA,Red stripes,Bedding,No,No,Yes,3,7700,1925,Beige,Colorful,2x1,NA,Nook's Cranny,"Available in Nook's Cranny (upgraded only), in the unique furniture slot",1.0.0,child's room,None,None,None,Yes,Desk,No,Does not play music,No lighting,For sale,FtrBeddesk_Remake_0_7,0_7,3621,NYMaAikFyeEH7xyZ2
  box sofa  ,Yellow,NA,NA,NA,No,No,No,NA,2700,675,Yellow,Black,1x1,NA,Nook's Cranny,"Available in Nook's Cranny (upgraded only), in the unique furniture slot",1.0.0,shop,facility,None,None,Yes,Chair,No,Does not play music,No lighting,For sale,FtrBoxsofa_Remake_4_0,4_0,1852,xSotk3RMPHoiLajGu
  cute wardrobe  ,White,NA,NA,NA,No,No,No,NA,7300,1825,White,Pink,1x1,NA,Nook's Cranny,"Available in Nook's Cranny (upgraded only), in the unique furniture slot",1.0.0,fancy,None,cute,None,Wardrobe,Chest,No,Does not play music,No lighting,For sale,FtrCuteClosetLR_Remake_0_0,0_0,3997,wHaafZ5eGnuiMD3ad
low screen,Brown,NA,Winter,Screen,No,No,Yes,1,870,217,Orange,Gray,1x0.5,NA,Nook's Cranny,Available in Nook's Cranny (either upgrade tier) in the unique furniture slot,1.0.0,zen-style,None,None,None,No,Japanese Style,No,Does not play music,No lighting,For sale,FtrScreenJapanLow_Remake_2_4,2_4,1029,NYQ3u5MCEAXBsqQ8o
  paper lantern  ,Orange wood,NA,Winter,Paper,No,No,Yes,1,780,195,Orange,Gray,1x1,NA,Nook's Cranny,Available in Nook's Cranny (either upgrade tier) in the unique furniture slot,1.0.0,zen-style,None,None,None,Yes,Lamp,No,Does not play music,Candle,For sale,FtrLampJapan_Remake_2_4,2_4,725,KMsbiom6vnWXPNGG6
  MIC STAND  ,NA,NA,NA,NA,No,No,No,NA,1000,250,Gray,Black,1x1,NA,Nook's Cranny,"Available in Nook's Cranny (upgraded only), in the unique furniture slot",1.0.0,music,party,None,None,No,Musical Instrument,No,Does not play music,No lighting,For sale,FtrMikeStand,NA,9503,7TwBRkuerxTkoHQAf
  SOFT-SERVE LAMP  ,Chocolate swirl,NA,NA,NA,No,No,No,NA,3000,750,Colorful,Beige,1x1,NA,Nook's Cranny,"Available in Nook's Cranny (upgraded only), in the unique furniture slot",1.0.0,shop,fancy,None,None,Yes,Lamp,Yes,Does not play music,Fluorescent,For sale,FtrLampSoftcream_Remake_5_0,5_0,3416,Mqp9e4F6gCq4WmbKb
flower stand,Yellow,Variation,NA,NA,Yes,Yes,No,4,NFS,2880,Yellow,Green,1.5x1.5,NA,Crafting,,1.0.0,party,None,None,None,No,Plants,No,Does not play music,No lighting,Not for sale,FtrStandflower_Remake_3_0,3_0,7527,zBGNqqy3fYyGdtwdg
  ELECTRIC GUITAR  ,Dark red,NA,Familiar logo,Sticker area,No,No,Yes,7,71000,17750,Red,Black,1x1,NA,Nook's Cranny,"Available in Nook's Cranny (upgraded only), in the third unique furniture slot",1.0.0,concert,None,None,None,Yes,Musical Instrument,No,Does not play music,No lighting,For sale,FtrElectricguitar2_Remake_0_1,0_1,1645,sNa7CwWLoSxMs4PeJ
  outdoor table  ,Red,NA,Light wood,Table,No,No,Yes,1,2200,550,Red,Beige,2x1,NA,Nook's Cranny,Available in Nook's Cranny (either upgrade tier) in the unique furniture slot,1.0.0,outdoors,None,None,None,No,Table,Yes,Does not play music,No lighting,For sale,FtrOutdoortableM_Remake_4_5,4_5,3946,xE4b5prAZNMXZ4bv9
  changing room  ,Blue,NA,Purple,Curtain,No,No,Yes,2,3700,925,Blue,Purple,1x1,NA,Nook's Cranny,"Available in Nook's Cranny (upgraded only), in the unique furniture slot",1.0.0,shop,facility,None,None,Wardrobe,Shop,No,Does not play music,No lighting,For sale,FtrFittingroom_Remake_5_1,5_1,1816,PFDKfsfZvHBWmR4rh
loft bed with desk,Orange,NA,Pink,Bedding,No,No,Yes,3,7700,1925,Orange,Pink,2x1,NA,Nook's Cranny,"Available in Nook's Cranny (upgraded only), in the unique furniture slot",1.0.0,child's room,None,None,None,Yes,Desk,No,Does not play music,No lighting,For sale,FtrBeddesk_Remake_5_5,5_5,3621,cmqDsjmaXgf2xetn7
rock guitar,Natural wood,NA,None,Sticker area,No,No,Yes,2,3100,775,Beige,Black,1x1,NA,Nook's Cranny,Available in Nook's Cranny (either upgrade tier) in the unique furniture slot,1.0.0,concert,None,None,None,Yes,Musical Instrument,No,Does not play music,No lighting,For sale,FtrElectricguitar1_Remake_5_0,5_0,1644,pfJsSCdjHxYqTAjnv
  SHELL FOUNTAIN  ,Pearl,Shell color,NA,NA,Yes,Yes,No,7,NFS,9450,White,White,1.5x1.5,NA,Crafting,,1.0.0,ocean,expensive,shell,None,Yes,Playground,Yes,Does not play music,No lighting,Not for sale,FtrShellFountain_Remake_5_0,5_0,3982,EXSGgdnN9a4E6P878
fishing-rod stand,White,Variation,NA,NA,No,Yes,No,1,NFS,300,Yellow,Black,1x1,NA,Fishing Tourney,,1.0.0,ocean,living room,None,None,No,Supplies,No,Does not play music,No lighting,Not for sale,FtrRodstand_Remake_1_0,1_0,3587,QbhL3eAgGGgTSiS6h
  IRON GARDEN CHAIR  ,Green,Body color,NA,NA,Yes,Yes,No,3,NFS,2250,Green,Green,1x1,NA,Crafting,,1.0.0,garden,None,iron,None,Yes,Chair,Yes,Does not play music,No lighting,Not for sale,FtrIrongardenChair_Remake_0_0,0_0,1626,8XSMwbGg2vfFAdXYu
ROBOT HERO,White,Coating,NA,NA,Yes,Yes,No,50,NFS,250000,White,Black,3x3,NA,Crafting,,1.0.0,child's room,facility,None,None,Yes,Toy,Yes,Does not play music,No lighting,Not for sale,FtrHerorobot_Remake_5_0,5_0,1509,6GwjvSBhWyZMoRcef
DRUM SET,Marine blue,NA,Vintage logo,Bass drum head,No,No,Yes,2,5600,1400,Blue,Beige,2x1,NA,Nook's Cranny,"Available in Nook's Cranny (upgraded only), in the unique furniture slot",1.0.0,concert,None,None,None,Yes,Musical Instrument,No,Does not play music,No lighting,For sale,FtrDrumSet_Remake_4_5,4_5,1803,NS7HtPaNX7v7XkKub
baby chair,White,NA,Bear,Cushion,No,No,Yes,1,1200,300,White,Colorful,1x1,NA,Nook's Cranny,Available in Nook's Cranny (either upgrade tier) in the unique furniture slot,1.0.0,child's room,None,None,None,Yes,Chair,No,Does not play music,No lighting,For sale,FtrBabychair_Remake_5_0,5_0,3305,LyPzknPf7igr4LEEk
pinball machine,Blue,NA,NA,NA,No,No,No,NA,2700,675,Purple,Colorful,1x1,NA,Nook's Cranny,"Available in Nook's Cranny (upgraded only), in the unique furniture slot",1.0.0,facility,shop,None,None,Yes,Toy,No,Does not play music,No lighting,For sale,FtrPinball_Remake_2_0,2_0,1087,ivgZaL72gJj2XkMGA
  electric guitar  ,Sunburst,NA,Cute logo,Sticker area,No,No,Yes,7,71000,17750,Brown,Pink,1x1,NA,Nook's Cranny,"Available in Nook's Cranny (upgraded only), in the third unique furniture slot",1.0.0,concert,None,None,None,Yes,Musical Instrument,No,Does not play music,No lighting,For sale,FtrElectricguitar2_Remake_3_7,3_7,1645,HeAdaaEWBxzRvYPc2
  exercise bike  ,Black,NA,NA,NA,No,No,No,NA,4800,1200,Black,Gray,1x1,NA,Nook's Cranny,"Available in Nook's Cranny (upgraded only), in the unique furniture slot",1.0.0,fitness,None,None,None,Yes,Sports,No,Does not play music,No lighting,For sale,FtrExercisebike_Remake_0_0,0_0,287,kjJ4GJHbFhd2nXjiL
  music stand  ,Natural,Body,NA,NA,Yes,Yes,No,2,NFS,960,Yellow,White,1x1,NA,Crafting,,1.0.0,music,None,None,None,No,Musical Instrument,No,Does not play music,No lighting,Not for sale,FtrMusicstand_Remake_1_0,1_0,1058,zC3LpGg2p2q9fx68e
DEN CHAIR,Brown,NA,NA,NA,No,No,No,NA,8700,2175,Brown,Brown,1x1,NA,Nook's Cranny,"Available in Nook's Cranny (upgraded only), in the unique furniture slot",1.0.0,den,None,None,den,Yes,Chair,No,Does not play music,No lighting,For sale,FtrDrawingChair_Remake_3_0,3_0,3784,srRpFxWJFygKXRrdR
hose reel,Red,NA,NA,NA,No,No,No,NA,1400,350,Red,Blue,1x1,NA,Nook's Cranny,Available in Nook's Cranny (either upgrade tier) in the unique furniture slot,1.0.0,garden,None,None,None,No,Garden,Yes,Does not play music,No lighting,For sale,FtrHosereel_Remake_2_0,2_0,4113,RvXk527wFoYioBTNx
  papa bear  ,Choco,NA,Yellow,Ribbon,No,No,Yes,3,8500,2125,Brown,Yellow,2x2,NA,Nook's Cranny,"Available in Nook's Cranny (upgraded only), in the third unique furniture slot",1.0.0,fancy,child's room,None,bear,No,Animal,No,Does not play music,No lighting,For sale,FtrBearL_Remake_2_3,2_3,1499,wWQS93Sjad36ZmP6z
  DIRECTOR'S CHAIR  ,Black,NA,Chic pleather,Fabric,No,No,Yes,1,1600,400,Black,Brown,1x1,NA,Nook's Cranny,"Available in all tiers of shops, including Timmy & Tommy before the shop is opened",1.0.0,outdoors,None,None,None,Yes,Chair,Yes,Does not play music,No lighting,For sale,FtrDirectorchair_Remake_3_2,3_2,2020,XXGLvLi2qFdXwdims
  illuminated reindeer  ,Pink,Light color,NA,NA,Yes,Yes,No,6,NFS,4350,Pink,Pink,2x1,NA,Crafting,,1.0.0,party,fancy,festive,None,Yes,Seasonal Decor,Yes,Does not play music,Fluorescent,Not for sale,FtrIllumiReindeer_Remake_1_0,1_0,4074,6RiM37yoSiesiGqti
  BIRDBATH  ,Black,Body color,NA,NA,Yes,Yes,No,2,,900,Black,Black,1x1,NA,Crafting,,1.0.0,garden,None,None,None,No,Garden,Yes,Does not play music,No lighting,Not for sale,FtrBirdbus_Remake_3_0,3_0,331,4XJn7d83suudw2HGX
pinball machine,Black,NA,NA,NA,No,No,No,NA,2700,675,Black,Colorful,1x1,NA,Nook's Cranny,"Available in Nook's Cranny (upgraded only), in the unique furniture slot",1.0.0,facility,shop,None,None,Yes,Toy,No,Does not play music,No lighting,For sale,FtrPinball_Remake_3_0,3_0,1087,cjLThB9arkpfcJXWF
wooden mini table,Pink wood,Paint color,Orange,Tablecloth,Yes,Yes,Yes,2,,720,Pink,Orange,1x1,NA,Crafting,,1.0.0,child's room,living room,wooden,None,No,Table,No,Does not play music,No lighting,Not for sale,FtrWoodenTableMini_Remake_7_1,7_1,7133,5WidcG9ta5LKYzc6G
  LOW SCREEN  ,Dark brown,NA,Spring,Screen,No,No,Yes,1,870,217,Brown,Red,1x0.5,NA,Nook's Cranny,Available in Nook's Cranny (either upgrade tier) in the unique furniture slot,1.0.0,zen-style,None,None,None,No,Japanese Style,No,Does not play music,No lighting,For sale,FtrScreenJapanLow_Remake_1_1,1_1,1029,fLJYqaAbALE8BqQuP
  fireplace  ,Red,NA,NA,NA,No,No,No,NA,5900,,Orange,Brown,2x1,NA,Nook's Cranny,Available in Nook's Cranny (either upgrade tier) in the unique furniture slot,1.0.0,living room,expensive,None,None,Yes,Fireplace,No,Does not play music,No lighting,For sale,FtrFireplace_Remake_0_0,0_0,742,F3ahpcpD4AwZGwkQr
  LOG ROUND TABLE  ,White birch,Lumber type,Bears,Tablecloth,Yes,No,Yes,4,NFS,1800,White,Brown,2x2,NA,Crafting,,1.0.0,garden,living room,log,None,No,Table,Yes,Does not play music,No lighting,Not for sale,FtrLogTableLRound_Remake_3_3,3_3,4043,TpTrAGz86iusQakyC
SIMPLE PANEL,Copper,NA,Gold,Panel design,No,No,Yes,1,,,Brown,Yellow,1x0.5,NA,Nook's Cranny,Available in Nook's Cranny (either upgrade tier) in the unique furniture slot,1.0.0,facility,None,None,None,No,Screen,No,Does not play music,No lighting,For sale,FtrScreenSimple_Remake_5_7,5_7,5338,27QZyS2xvtXAC5xWj
  loom  ,NA,NA,Checkered,Knitting,No,No,Yes,5,13000,3250,Brown,Red,2x2,NA,Nook's Cranny,"Available in Nook's Cranny (upgraded only), in the third unique furniture slot",1.0.0,zen-style,None,None,None,Yes,Japanese Style,No,Does not play music,No lighting,For sale,FtrLoom_Remake_0_0,0_0,7681,y3D4YvZaqKFbmucLS
  standard umbrella stand  ,Black,Body color,Red & white & blue,Favorite umbrella,Yes,Yes,Yes,4,NFS,2250,Black,Colorful,1x1,NA,Crafting,,1.0.0,school,office,None,None,No,Supplies,No,Does not play music,No lighting,Not for sale,FtrUmbrellastand_Remake_0_3,0_3,3445,G34abYhfYQLQhY4yC
illuminated snowflakes,White,Light color,NA,NA,Yes,Yes,No,5,NFS,3150,Light blue,Light blue,2x1,NA,Crafting,,1.0.0,freezing cold,fancy,festive,None,Yes,Seasonal Decor,Yes,Does not play music,Fluorescent,Not for sale,FtrIllumiSnow_Remake_0_0,0_0,4131,3QBagNHKo6jgjk97w
robot hero,Yellow,Coating,NA,NA,Yes,Yes,No,50,NFS,250000,Yellow,Black,3x3,NA,Crafting,,1.0.0,child's room,facility,None,None,Yes,Toy,Yes,Does not play music,No lighting,Not for sale,FtrHerorobot_Remake_2_0,2_0,1509,ek5Pm8kfYWNkMobuS
  diner mini table  ,Blue,NA,NA,NA,No,No,No,NA,1600,400,Gray,Blue,1x1,NA,Nook's Cranny,"Available in Nook's Cranny (upgraded only), in the unique furniture slot",1.0.0,shop,None,diner,None,No,Table,No,Does not play music,No lighting,For sale,FtrAmeretroTableS_Remake_1_0,1_0,4441,ZWEKxPnrbWG7vsDky
  log extra-long sofa  ,White birch,Lumber type,Quilted,Cushions,Yes,No,Yes,4,,1920,White,Light blue,2x1,NA,Crafting,,1.0.0,garden,living room,log,None,Yes,Sofa,No,Does not play music,No lighting,Not for sale,FtrLogSofaL_Remake_3_4,3_4,4044,G4GfK5Gj6gdZqmaRF
  BATHROOM SINK  ,White,NA,NA,NA,No,No,No,NA,3300,825,White,White,1x1,NA,Nook's Cranny,Available in Nook's Cranny (either upgrade tier) in the unique furniture slot,1.0.0,bathroom,None,None,None,Yes,Bathroom Things,No,Does not play music,No lighting,For sale,FtrWashstand_Remake_0_0,0_0,1229,XsomNbeiyXXsDYs9m
  log chair  ,Dark wood,Lumber type,Bears,Cushion,Yes,Yes,Yes,3,NFS,960,Brown,Brown,1x1,NA,Crafting,,1.0.0,garden,living room,log,None,Yes,Sofa,No,Does not play music,No lighting,Not for sale,FtrLogSofaS_Remake_0_3,0_3,4039,PxYggFoTTtkcL326g
rocking chair,White,Lumber type,NA,NA,Yes,Yes,No,2,NFS,960,White,White,1x1,NA,Crafting,,1.0.0,living room,None,None,None,Yes,Chair,No,Does not play music,No lighting,Not for sale,FtrRockingchair_Remake_3_0,3_0,1103,itm2ysqveinM3g6Nb
log dining table,White wood,Lumber type,Bears,Placemats,Yes,Yes,Yes,4,NFS,1800,Beige,Brown,2x2,NA,Crafting,,1.0.0,garden,living room,log,None,No,Table,No,Does not play music,No lighting,Not for sale,FtrLogTableL_Remake_2_3,2_3,4040,hfMfYDgJKWzqHCThz
  poolside bed  ,Light brown,NA,White,Bed mat,No,No,Yes,2,3400,850,Beige,White,2x1,NA,Nook's Cranny,"Available in Nook's Cranny (upgraded only), in the unique furniture slot",1.0.0,ocean,expensive,None,None,Yes,Bed,Yes,Does not play music,No lighting,For sale,FtrPoolsidebed_Remake_0_0,0_0,4102,Kr6dRhAqBbPFbD5qf
DRUM SET,Cosmo black,NA,White with logo,Bass drum head,No,No,Yes,2,,,Black,White,2x1,NA,Nook's Cranny,"Available in Nook's Cranny (upgraded only), in the unique furniture slot",1.0.0,concert,None,None,None,Yes,Musical Instrument,No,Does not play music,No lighting,For sale,FtrDrumSet_Remake_1_3,1_3,1803,EyJABze6ajWPuNnFW
LOG EXTRA-LONG SOFA,White wood,Lumber type,Southwestern flair,Cushions,Yes,Yes,Yes,4,NFS,1920,Beige,Colorful,2x1,NA,Crafting,,1.0.0,garden,living room,log,None,Yes,Sofa,No,Does not play music,No lighting,Not for sale,FtrLogSofaL_Remake_2_1,2_1,4044,McGWpiAkNdAWotQKX
outdoor table,Black,NA,Black,Table,No,No,Yes,1,2200,550,Black,Black,2x1,NA,Nook's Cranny,Available in Nook's Cranny (either upgrade tier) in the unique furniture slot,1.0.0,outdoors,None,None,None,No,Table,Yes,Does not play music,No lighting,For sale,FtrOutdoortableM_Remake_1_1,1_1,3946,bMFpm9na53ktxfMJK
  wooden chest  ,Black,Paint color,NA,NA,Yes,Yes,No,3,NFS,1920,Black,Black,2x1,NA,Crafting,,1.0.0,child's room,living room,wooden,None,Wardrobe,Chest,No,Does not play music,No lighting,Not for sale,FtrWoodenChest_Remake_4_0,4_0,2560,fZ7ha4M3KShWJNzvg
ANGLED SIGNPOST,Resident Services,Navigation,NA,NA,Yes,Yes,No,1,NFS,600,Beige,Brown,1x1,NA,Crafting,,1.0.0,garden,None,None,None,No,Vehicle,Yes,Does not play music,No lighting,Not for sale,FtrSignpostTilt_Remake_3_0,3_0,7867,D2bHBoj8ZotiBiahp
paper lantern,Orange wood,NA,Plain,Paper,No,No,Yes,1,780,,Orange,White,1x1,NA,Nook's Cranny,Available in Nook's Cranny (either upgrade tier) in the unique furniture slot,1.0.0,zen-style,None,None,None,Yes,Lamp,No,Does not play music,Candle,For sale,FtrLampJapan_Remake_2_0,2_0,725,88wjSt6CEYKFSJRRy
  beach chair  ,Yellow,NA,NA,NA,No,No,No,NA,920,230,Yellow,Green,2x1,NA,Nook's Cranny,Available in Nook's Cranny (either upgrade tier) in the unique furniture slot,1.0.0,ocean,None,None,None,Yes,Bed,Yes,Does not play music,No lighting,For sale,FtrBeachbed_Remake_4_0,4_0,664,54w6Zog7Jq2mBydMr
  ELECTRIC GUITAR  ,Sunburst,NA,Chic logo,Sticker area,No,No,Yes,7,71000,17750,Brown,White,1x1,NA,Nook's Cranny,"Available in Nook's Cranny (upgraded only), in the third unique furniture slot",1.0.0,concert,None,None,None,Yes,Musical Instrument,No,Does not play music,No lighting,For sale,FtrElectricguitar2_Remake_3_2,3_2,1645,5AQpmXqGKaZCaeEbJ
  monstera  ,Red,NA,NA,NA,No,No,No,NA,1700,,Red,Green,1x1,NA,Nook's Cranny,Available in Nook's Cranny (either upgrade tier) in the unique furniture slot,1.0.0,living room,None,None,None,No,Plants,No,Does not play music,No lighting,For sale,FtrPlantMonstera_Remake_2_0,2_0,4129,F5Ju8GEjoPDy2vuot
elephant slide,White,NA,NA,NA,No,No,No,NA,4200,,White,Pink,2x1,NA,Nook's Cranny,Available in Nook's Cranny (either upgrade tier) in the unique furniture slot,1.0.0,garden,child's room,None,None,No,Playground,No,Does not play music,No lighting,For sale,FtrSlideelephant_Remake_5_0,5_0,86,QArKWvNfMKAFsTzq4
  Mama panda  ,NA,NA,NA,NA,No,No,No,NA,,875,Black,White,1x1,NA,Nook's Cranny,Available in Nook's Cranny (either upgrade tier) in the unique furniture slot,1.0.0,fancy,child's room,None,panda,No,Animal,No,Does not play music,No lighting,For sale,FtrPandaM,NA,9699,YBwCfHZkmrAaMyNBj
HAMMOCK,Black,NA,Colorful,Cloth,No,No,Yes,1,1300,325,Black,Colorful,2x1,NA,Nook's Cranny,"Available in all tiers of shops, including Timmy & Tommy before the shop is opened",1.0.0,outdoors,None,None,None,Yes,Bed,Yes,Does not play music,No lighting,For sale,FtrHammock_Remake_6_0,6_0,1620,A8mxFXPpYRQ3nMF62
  SIMPLE PANEL  ,Light gray,NA,Lattice,Panel design,No,No,Yes,1,810,202,Gray,White,1x0.5,NA,Nook's Cranny,Available in Nook's Cranny (either upgrade tier) in the unique furniture slot,1.0.0,facility,None,None,None,No,Screen,No,Does not play music,No lighting,For sale,FtrScreenSimple_Remake_0_4,0_4,5338,WZW2QKM2pTtb7w8jM
  cone  ,White,NA,NA,NA,No,No,No,NA,,157,White,White,1x1,NA,Nook's Cranny,Available in Nook's Cranny (either upgrade tier) in the unique furniture slot,1.0.0,facility,garage,None,None,No,Vehicle,Yes,Does not play music,No lighting,For sale,FtrPylon_Remake_3_0,3_0,146,2fvMZtzN6vw4sHxSK
  wooden-block bed  ,Vivid,Block color,NA,NA,Yes,Yes,No,4,NFS,2400,Yellow,Colorful,2x1,NA,Crafting,,1.0.0,child's room,None,wooden block,None,Yes,Bed,No,Does not play music,No lighting,Not for sale,FtrBlockBedS_Remake_4_0,4_0,1557,E7HztcoYcDX8ah6pG
  drum set  ,Rose pink,NA,Black with logo,Bass drum head,No,No,Yes,2,,1400,Red,Black,2x1,NA,Nook's Cranny,"Available in Nook's Cranny (upgraded only), in the unique furniture slot",1.0.0,concert,None,None,None,Yes,Musical Instrument,No,Does not play music,No lighting,For sale,FtrDrumSet_Remake_5_2,5_2,1803,PJJjEasBWCceAzg38
fan palm,Red,NA,NA,NA,No,No,No,NA,1200,300,Red,Green,1x1,NA,Nook's Cranny,Available in Nook's Cranny (either upgrade tier) in the unique furniture slot,1.0.0,living room,None,None,None,No,Plants,No,Does not play music,No lighting,For sale,FtrPlantYamadoriyashi_Remake_5_0,5_0,1288,PTHJBNrYLxPZMZxSz
WRITING CHAIR,Natural,NA,Blue,Seat,No,No,Yes,1,1700,425,Beige,Blue,1x1,NA,Nook's Cranny,Available in Nook's Cranny (either upgrade tier) in the unique furniture slot,1.0.0,child's room,None,None,writing,Yes,Chair,No,Does not play music,No lighting,For sale,FtrStudyChair_Remake_0_1,0_1,3702,qGBH4DWTjBzHHJL5q
  WOODEN DOUBLE BED  ,White wood,Paint color,Orange,Bedding,Yes,Yes,Yes,6,NFS,3600,White,Orange,2x2,NA,Crafting,,1.0.0,child's room,living room,wooden,None,Yes,Bed,No,Does not play music,No lighting,Not for sale,FtrWoodenBedW_Remake_1_0,1_0,7132,bKST8vi5KZfEniuiv
  cardboard table  ,Plain,Cardboard,NA,NA,Yes,Yes,No,1,,240,Yellow,Yellow,2x2,NA,Crafting,,1.0.0,garage,None,cardboard,None,No,Table,No,Does not play music,No lighting,Not for sale,FtrCardboardTableL_Remake_0_0,0_0,7160,oWfyQn9HBFh79uJpZ
IRONWOOD DIY WORKBENCH,Teak,Lumber type,NA,NA,Yes,Yes,No,7,NFS,8520,Orange,Black,2x1,NA,Crafting,,1.0.0,garage,None,ironwood,None,Workbench,Work Bench,No,Does not play music,No lighting,Not for sale,FtrWorkbenchIronwood_Remake_1_0,1_0,3943,FsoLHNwh7gnz2iZPJ
  digital scale  ,Black,NA,White,Design,No,No,Yes,1,930,232,Black,White,1x1,NA,Nook's Cranny,Available in Nook's Cranny (either upgrade tier) in the unique furniture slot,1.0.0,bathroom,None,None,None,No,Bathroom Things,No,Does not play music,No lighting,For sale,FtrWeightscale_Remake_1_0,1_0,3307,DEzrDq45gQo6yhZma
  rattan wardrobe  ,Black,NA,NA,NA,No,No,No,NA,6900,,Black,Black,1x1,NA,Nook's Cranny,"Available in Nook's Cranny (upgraded only), in the unique furniture slot",1.0.0,living room,None,rattan,None,Wardrobe,Chest,No,Does not play music,No lighting,For sale,FtrRattanClosetLR_Remake_5_0,5_0,4049,qLwCCZr989agy46vJ
  poolside bed  ,Brown,NA,White,Bed mat,No,No,Yes,2,3400,850,Orange,White,2x1,NA,Nook's Cranny,"Available in Nook's Cranny (upgraded only), in the unique furniture slot",1.0.0,ocean,expensive,None,None,Yes,Bed,Yes,Does not play music,No lighting,For sale,FtrPoolsidebed_Remake_1_0,1_0,4102,xxamAMS8PfEciTwur
  cardboard bed  ,Labeled,Cardboard,NA,NA,Yes,Yes,No,1,NFS,240,Yellow,Yellow,2x1,NA,Crafting,,1.0.0,garage,None,cardboard,None,Yes,Bed,No,Does not play music,No lighting,Not for sale,FtrCardboardBedS_Remake_1_0,1_0,7161,aBGNMfGmbvq5XLarF
CACAO TREE,NA,NA,NA,NA,No,No,No,NA,2300,575,Green,Brown,1x1,NA,Nook's Cranny,"Available in Nook's Cranny (upgraded only), in the unique furniture slot",1.0.0,living room,None,None,None,No,Plants,No,Does not play music,No lighting,For sale,FtrPlantCacao,NA,1277,ZSqvuvwvkno5cSRbj
  DRINK MACHINE  ,Red,NA,Orange juice,Advertisement panel,No,No,Yes,7,NFS,10000,Red,Orange,1x1,2000,Nook Miles Shop,,1.0.0,shop,facility,None,None,Yes,Facility Decor,Yes,Does not play music,Monitor,Not for sale,FtrDrinkmachine_Remake_0_0,0_0,1802,QRoa6WtcrPAcJSr8n
CARDBOARD CHAIR,Labeled,Cardboard,NA,NA,Yes,Yes,No,1,NFS,60,Beige,Beige,1x1,NA,Crafting,,1.0.0,garage,None,cardboard,None,Yes,Chair,No,Does not play music,No lighting,Not for sale,FtrCardboardChairS_Remake_1_0,1_0,7163,ByPDFJS9MpsPS2zfu
SLEEPING BAG,Red,NA,NA,NA,No,No,No,NA,1400,350,Red,Blue,2x1,NA,Nook's Cranny,"Available in all tiers of shops, including Timmy & Tommy before the shop is opened",1.0.0,outdoors,None,None,None,Yes,Bed,Yes,Does not play music,No lighting,For sale,FtrSleepingbag_Remake_7_0,7_0,1434,gySoF6o3E2dBzfjL9
  plastic pool  ,Green,NA,NA,NA,No,No,No,NA,3100,775,Green,Red,2x2,NA,Nook's Cranny,"Available in Nook's Cranny (upgraded only), in the third unique furniture slot",1.0.0,garden,None,None,None,Yes,Garden,Yes,Does not play music,No lighting,For sale,FtrGardenpool_Remake_2_0,2_0,3348,T7Wgna3LXbxvTG98F
drum set,Marine blue,NA,White with logo,Bass drum head,No,No,Yes,2,5600,1400,Blue,White,2x1,NA,Nook's Cranny,"Available in Nook's Cranny (upgraded only), in the unique furniture slot",1.0.0,concert,None,None,None,Yes,Musical Instrument,No,Does not play music,No lighting,For sale,FtrDrumSet_Remake_4_3,4_3,1803,kR5HhLdsuKKyZb6FX
school chair,White & red,NA,NA,NA,No,No,No,NA,980,245,White,Red,1x1,NA,Nook's Cranny,Available in Nook's Cranny (either upgrade tier) in the unique furniture slot,1.0.0,school,None,None,school,Yes,Chair,No,Does not play music,No lighting,For sale,FtrSchoolChairS_Remake_3_0,3_0,1308,ZvwHXgonhNnHJMH6q
  loft bed with desk  ,Blue,NA,Light blue,Bedding,No,No,Yes,3,,1925,Blue,Light blue,2x1,NA,Nook's Cranny,"Available in Nook's Cranny (upgraded only), in the unique furniture slot",1.0.0,child's room,None,None,None,Yes,Desk,No,Does not play music,No lighting,For sale,FtrBeddesk_Remake_4_2,4_2,3621,dzRAzyEPRvD8XRGtG
rock guitar,Fire red,NA,Pop logo,Sticker area,No,No,Yes,2,3100,775,Red,Colorful,1x1,NA,Nook's Cranny,Available in Nook's Cranny (either upgrade tier) in the unique furniture slot,1.0.0,concert,None,None,None,Yes,Musical Instrument,No,Does not play music,No lighting,For sale,FtrElectricguitar1_Remake_3_6,3_6,1644,Ag9sqsKT4jw968Aeq
log bed,Dark wood,Lumber type,Quilted,Bedding,Yes,Yes,Yes,6,NFS,,Brown,Light blue,2x2,NA,Crafting,,1.0.0,garden,living room,log,None,Yes,Bed,No,Does not play music,No lighting,Not for sale,FtrLogBedW_Remake_0_3,0_3,4041,GX5ppDoiytQkgXipG
  exercise ball  ,Black,NA,NA,NA,No,No,No,NA,1100,275,Black,Black,1x1,NA,Nook's Cranny,Available in Nook's Cranny (either upgrade tier) in the unique furniture slot,1.0.0,fitness,office,None,None,Yes,Sports,No,Does not play music,No lighting,For sale,FtrBalanceball_Remake_3_0,3_0,1598,g4AHhkiygXAY4KFgo
  BABY CHAIR  ,Yellow,NA,Butterfly,Cushion,No,No,Yes,1,1200,300,Yellow,Orange,1x1,NA,Nook's Cranny,Available in Nook's Cranny (either upgrade tier) in the unique furniture slot,1.0.0,child's room,None,None,None,Yes,Chair,No,Does not play music,No lighting,For sale,FtrBabychair_Remake_2_2,2_2,3305,2viSrxqmyLaJvzTCN
  STALL  ,Pink,Variation,Red stripes,Curtain,Yes,Yes,Yes,3,NFS,1440,Pink,Red,2x1,NA,Crafting,,1.0.0,shop,party,None,None,No,Shop,Yes,Does not play music,No lighting,Not for sale,FtrFloat_Remake_4_2,4_2,3617,FpXB8JS8T45xgreWt
  log decorative shelves  ,White birch,Lumber type,Quilted,Mat,Yes,No,Yes,4,NFS,1560,White,Light blue,2x1,NA,Crafting,,1.0.0,garden,living room,log,None,No,Shelf,No,Does not play music,No lighting,Not for sale,FtrLogShelf_Remake_3_4,3_4,4036,cg3EH7zYuZPi7jhzW
  three-tiered snowperson  ,Blue,Knit-cap color,NA,NA,Yes,Yes,No,7,NFS,7420,Blue,White,1x1,NA,Snowman,Reward for making a perfect snow-person,1.0.0,freezing cold,garden,frozen,None,No,Seasonal Decor,Yes,Does not play music,No lighting,Not for sale,FtrSnowman_Remake_0_0,0_0,5337,ctnJAyfZZ39QEnK5G
floor lamp,Black,NA,Gray,Lampshade,No,No,Yes,1,1400,350,Black,Gray,1x1,NA,Nook's Cranny,"Available in Nook's Cranny (upgraded only), in the unique furniture slot",1.0.0,living room,None,None,None,Yes,Lamp,No,Does not play music,Fluorescent,For sale,FtrLamp_Remake_3_1,3_1,2561,M42csmHrejKRmFoG7
ANATOMICAL MODEL,NA,NA,NA,NA,No,No,No,NA,3500,,Colorful,Beige,1x1,NA,Nook's Cranny,Available in Nook's Cranny (either upgrade tier) in the unique furniture slot,1.0.0,school,expensive,None,None,No,Hospital,No,Does not play music,No lighting,For sale,FtrAnatomicalmodel,NA,1317,t2LzAKDofAZYyqZ6r
ELECTRIC GUITAR,Marine emerald,NA,Pop logo,Sticker area,No,No,Yes,7,71000,17750,Light blue,Colorful,1x1,NA,Nook's Cranny,"Available in Nook's Cranny (upgraded only), in the third unique furniture slot",1.0.0,concert,None,None,None,Yes,Musical Instrument,No,Does not play music,No lighting,For sale,FtrElectricguitar2_Remake_4_6,4_6,1645,ka6WxM6xGXadQHzJR
EFFECTS RACK,Red,NA,Chic logo,Sticker area,No,No,Yes,3,6800,1700,Red,White,1x1,NA,Nook's Cranny,"Available in Nook's Cranny (upgraded only), in the unique furniture slot",1.0.0,concert,facility,None,None,No,Musical Instrument,No,Does not play music,No lighting,For sale,FtrEffectorrack_Remake_4_2,4_2,950,pLmtKXJQhpyf6wpMf
  tricycle  ,Blue,NA,NA,NA,No,No,No,NA,1600,400,Blue,Green,1x1,NA,Nook's Cranny,Available in Nook's Cranny (either upgrade tier) in the unique furniture slot,1.0.0,garden,child's room,None,None,No,Playground,Yes,Does not play music,No lighting,For sale,FtrTricycle_Remake_2_0,2_0,1199,5jhutEzFeoRcyYbDf
cypress plant,Black,NA,NA,NA,No,No,No,NA,1000,250,Green,Black,1x1,NA,Nook's Cranny,Available in Nook's Cranny (either upgrade tier) in the unique furniture slot,1.0.0,living room,None,None,None,No,Plants,Yes,Does not play music,No lighting,For sale,FtrPlantGoldcrest_Remake_3_0,3_0,1829,vZfjrbssxQJhN7roR
  standing toilet  ,NA,NA,NA,NA,No,No,No,NA,1900,475,White,White,1x1,NA,Nook's Cranny,Available in Nook's Cranny (either upgrade tier) in the unique furniture slot,1.0.0,bathroom,None,None,None,Yes,Toilet,No,Does not play music,No lighting,For sale,FtrWCUrinal,NA,1217,ub9ET6HqmoHDwc4Pu
  claw-foot tub  ,Blue,NA,NA,NA,No,No,No,NA,63000,15750,Light blue,White,2x1,NA,Nook's Cranny,"Available in Nook's Cranny (upgraded only), in the third unique furniture slot",1.0.0,bathroom,expensive,None,None,No,Bathtub,No,Does not play music,No lighting,For sale,FtrBathtubCabriole_Remake_3_0,3_0,1757,FfwsgEDa7yWqDMztz
throwback hat table,White & blue,NA,NA,NA,No,No,No,NA,3800,950,White,Blue,2x2,NA,Nook's Cranny,"Available in Nook's Cranny (upgraded only), in the third unique furniture slot",1.0.0,child's room,fitness,throwback,None,No,Table,No,Does not play music,No lighting,For sale,FtrBoyTableL_Remake_5_0,5_0,4760,tpDRyQ5v4kbLRMHWC
IRON WORKTABLE,Black,Body color,NA,NA,Yes,Yes,No,7,,7500,Black,Black,2x1,NA,Crafting,,1.0.0,garage,None,iron,None,No,Table,No,Does not play music,No lighting,Not for sale,FtrIronTableM_Remake_0_0,0_0,3560,Tebe6Ep2AgLHHbrfY
KITCHEN ISLAND,Light brown,NA,NA,NA,No,No,No,NA,170000,42500,Beige,White,2x2,NA,Nook's Cranny,"Available in Nook's Cranny (upgraded only), in the third unique furniture slot",1.0.0,kitchen,expensive,None,None,No,Kitchen,No,Does not play music,No lighting,For sale,FtrKitchenIsland_Remake_3_0,3_0,998,cRTus3fqsvu2mrXfG
simple panel,Black,NA,Pegboard,Panel design,No,No,Yes,1,810,202,Black,Brown,1x0.5,NA,Nook's Cranny,Available in Nook's Cranny (either upgrade tier) in the unique furniture slot,1.0.0,facility,None,None,None,No,Screen,No,Does not play music,No lighting,For sale,FtrScreenSimple_Remake_1_2,1_2,5338,QmuKdrTZZzWi7jaGv
wooden wardrobe,Green,Paint color,NA,NA,Yes,Yes,No,2,NFS,1440,Green,Green,1x1,NA,Crafting,,1.0.0,child's room,living room,wooden,None,Wardrobe,Chest,No,Does not play music,No lighting,Not for sale,FtrWoodenCloset_Remake_5_0,5_0,3436,ypqaqu6czep9KhWf9
  wooden mini table  ,Pink wood,Paint color,Pink,Tablecloth,Yes,Yes,Yes,2,NFS,720,Pink,Pink,1x1,NA,Crafting,,1.0.0,child's room,living room,wooden,None,No,Table,No,Does not play music,No lighting,Not for sale,FtrWoodenTableMini_Remake_7_2,7_2,7133,o4QnTdb74Xzsvsh8C
  log extra-long sofa  ,White birch,Lumber type,Bears,Cushions,Yes,No,Yes,4,NFS,1920,White,Brown,2x1,NA,Crafting,,1.0.0,garden,living room,log,None,Yes,Sofa,No,Does not play music,No lighting,Not for sale,FtrLogSofaL_Remake_3_3,3_3,4044,ojpRY6w8WA6R58fr4
mama bear,Choco,NA,None,Shirt,No,No,Yes,1,2300,575,Brown,Brown,1x1,NA,Nook's Cranny,Available in Nook's Cranny (either upgrade tier) in the unique furniture slot,1.0.0,fancy,child's room,None,bear,No,Animal,No,Does not play music,No lighting,For sale,FtrBearM_Remake_2_0,2_0,1500,sAHp3mdsQNBr6dFQc
  changing room  ,Pink,NA,Purple,Curtain,No,No,Yes,2,3700,925,Pink,Purple,1x1,NA,Nook's Cranny,"Available in Nook's Cranny (upgraded only), in the unique furniture slot",1.0.0,shop,facility,None,None,Wardrobe,Shop,No,Does not play music,No lighting,For sale,FtrFittingroom_Remake_6_1,6_1,1816,CTDPimSvents862wR
wooden end table,Blue,Paint color,NA,NA,Yes,Yes,No,2,NFS,960,Blue,Colorful,1x1,NA,Crafting,,1.0.0,child's room,living room,wooden,None,No,Table,No,Does not play music,No lighting,Not for sale,FtrWoodenTableS_Remake_6_0,6_0,3438,fnjMyqMBsQNDbTdjJ
  server  ,NA,NA,NA,NA,No,No,No,NA,100000,25000,Black,Black,1x1,NA,Nook's Cranny,"Available in Nook's Cranny (upgraded only), in the third unique furniture slot",1.0.0,office,facility,None,None,Yes,Office,No,Does not play music,No lighting,For sale,FtrServer,NA,1126,7qaEQgzjaGm7XAep9
loft bed with desk,Brown,NA,Red stripes,Bedding,No,No,Yes,3,7700,1925,Red,Colorful,2x1,NA,Nook's Cranny,"Available in Nook's Cranny (upgraded only), in the unique furniture slot",1.0.0,child's room,None,None,None,Yes,Desk,No,Does not play music,No lighting,For sale,FtrBeddesk_Remake_1_7,1_7,3621,dcPdLnFTXivKp4XZ7
  music stand  ,Black,Body,NA,NA,Yes,Yes,No,2,NFS,960,Black,White,1x1,NA,Crafting,,1.0.0,music,None,None,None,No,Musical Instrument,No,Does not play music,No lighting,Not for sale,FtrMusicstand_Remake_3_0,3_0,1058,vrCj5LDvrh4LkYvAo
  standard umbrella stand  ,Green,Body color,Stripes,Favorite umbrella,Yes,Yes,Yes,4,NFS,2250,Green,Colorful,1x1,NA,Crafting,,1.0.0,school,office,None,None,No,Supplies,No,Does not play music,No lighting,Not for sale,FtrUmbrellastand_Remake_3_0,3_0,3445,gQGXZNreHmyAqh5hH
PULL-UP-BAR STAND,Blue,NA,NA,NA,No,No,No,NA,4800,,Blue,Black,1x1,NA,Nook's Cranny,"Available in Nook's Cranny (upgraded only), in the unique furniture slot",1.0.0,fitness,None,None,None,No,Sports,No,Does not play music,No lighting,For sale,FtrPullupstand_Remake_3_0,3_0,7845,8KFoZy6QdCtjkLfmZ
wooden double bed,White wood,Paint color,Green,Bedding,Yes,Yes,Yes,6,NFS,3600,White,Green,2x2,NA,Crafting,,1.0.0,child's room,living room,wooden,None,Yes,Bed,No,Does not play music,No lighting,Not for sale,FtrWoodenBedW_Remake_1_3,1_3,7132,RMk8TS86ARZgaSXcZ
ironwood low table,Oak,Lumber type,NA,NA,Yes,Yes,No,5,NFS,,Orange,White,2x1,NA,Crafting,,1.0.0,living room,None,ironwood,None,No,Table,No,Does not play music,No lighting,Not for sale,FtrIronwoodTableM_Remake_4_0,4_0,3194,imxGnbxAEpuK2MaqR
  digital scale  ,Black,NA,Wood,Design,No,No,Yes,1,930,232,Black,Yellow,1x1,NA,Nook's Cranny,Available in Nook's Cranny (either upgrade tier) in the unique furniture slot,1.0.0,bathroom,None,None,None,No,Bathroom Things,No,Does not play music,No lighting,For sale,FtrWeightscale_Remake_1_4,1_4,3307,HhkuSM9FphmuNYuYA
wooden-block chest,Pastel,Block color,NA,NA,Yes,Yes,No,3,NFS,1800,Light blue,Colorful,2x1,NA,Crafting,,1.0.0,child's room,None,wooden block,None,Wardrobe,Chest,No,Does not play music,No lighting,Not for sale,FtrBlockChest_Remake_3_0,3_0,1561,FW9CuwKQWM2EyY62K
box corner sofa,Yellow,NA,NA,NA,No,No,No,NA,2700,675,Yellow,Black,1x1,NA,Nook's Cranny,"Available in Nook's Cranny (upgraded only), in the unique furniture slot",1.0.0,shop,facility,None,None,Yes,Chair,No,Does not play music,No lighting,For sale,FtrBoxsofaCorner_Remake_4_0,4_0,1853,LotMmnhHt8mbf9LpL
  WEDDING WELCOME BOARD  ,Garden,Easel,Reese & Cyrus,Board,No,Yes,Yes,2,1500,375,Yellow,White,1x1,NA,Wedding Season,,1.2.0,party,expensive,wedding,None,No,Shop,No,Does not play music,No lighting,Not for sale,FtrWeddingBoard_Remake_2_1,2_1,12410,qdJYrzsqca4dQqMbJ
FROZEN PILLAR,Ice orange,Illumination,NA,NA,Yes,Yes,No,7,NFS,6200,Orange,Orange,1x1,NA,Crafting,,1.0.0,freezing cold,None,frozen,None,No,Seasonal Decor,Yes,Does not play music,No lighting,Not for sale,FtrIcePillar_Remake_4_0,4_0,3500,9CXf3G9FFM5B4FXqE
upright locker,Black,NA,Cute,Sticker area,No,No,Yes,2,3700,,Black,Pink,1x1,NA,Nook's Cranny,Available in Nook's Cranny (either upgrade tier) in the unique furniture slot,1.0.0,school,facility,None,None,Wardrobe,Chest,No,Does not play music,No lighting,For sale,FtrLocker_Remake_2_2,2_2,833,Ain5vZCdHsEJfdkuZ
air circulator,Black,NA,NA,NA,No,No,No,NA,1100,275,Black,Gray,1x1,NA,Nook's Cranny,Available in Nook's Cranny (either upgrade tier) in the unique furniture slot,1.0.0,living room,office,None,None,Yes,Fan,Yes,Does not play music,No lighting,For sale,FtrCirculator_Remake_1_0,1_0,3821,E2dZPSD94isFZWd2F
  tire toy  ,Black,Tire color,NA,NA,Yes,Yes,No,1,NFS,,Black,Black,1x1,NA,Crafting,,1.0.0,garden,None,None,None,Yes,Playground,Yes,Does not play music,No lighting,Not for sale,FtrPlayingtire_Remake_0_0,0_0,2329,34HvtXukuSGxCKdr5
  cat tower  ,Gray,NA,NA,NA,No,No,No,NA,,750,Gray,Yellow,1x1,NA,Nook's Cranny,Available in Nook's Cranny (either upgrade tier) in the unique furniture slot,1.0.0,living room,None,None,None,Yes,Animal,No,Does not play music,No lighting,For sale,FtrCattower_Remake_3_0,3_0,896,Y953xJRFab2fkLDLt
iron garden table,Brown,Body color,NA,NA,Yes,Yes,No,5,NFS,3750,Brown,Brown,1x1,NA,Crafting,,1.0.0,garden,None,iron,None,No,Table,Yes,Does not play music,No lighting,Not for sale,FtrIrongardenTable_Remake_2_0,2_0,1627,JioJ8kboekh2siw8D
  clothesline  ,NA,NA,Green plaid,Drying shirt,Yes,No,Yes,2,NFS,100,Brown,Green,2x0.5,NA,Crafting,,1.0.0,garden,None,None,None,No,Supplies,Yes,Does not play music,No lighting,Not for sale,FtrClothesline_Remake_0_4,0_4,3229,Fk5H349YAQ4tmo7wi
log extra-long sofa,Orange wood,Lumber type,None,Cushions,Yes,Yes,Yes,4,NFS,1920,Orange,Orange,2x1,NA,Crafting,,1.0.0,garden,living room,log,None,Yes,Sofa,No,Does not play music,No lighting,Not for sale,FtrLogSofaL_Remake_1_0,1_0,4044,EkQmWrsrupAmLtjiF
  baby chair  ,Black,NA,Strawberry,Cushion,No,No,Yes,1,1200,300,Black,Colorful,1x1,NA,Nook's Cranny,Available in Nook's Cranny (either upgrade tier) in the unique furniture slot,1.0.0,child's room,None,None,None,Yes,Chair,No,Does not play music,No lighting,For sale,FtrBabychair_Remake_6_1,6_1,3305,n37p2mDFJtcuqd3rs
  LOG STAKES  ,Orange wood,Lumber type,NA,NA,Yes,Yes,No,1,NFS,360,Orange,Beige,1x1,NA,Crafting,,1.0.0,garden,None,log,None,No,Ranch,Yes,Does not play music,No lighting,Not for sale,FtrWoodPile_Remake_1_0,1_0,5973,KoevBbX2ipYx9EpcX
  barbell  ,Red,Plate color,NA,NA,Yes,Yes,No,7,NFS,7500,Red,Gray,2x1,NA,Crafting,,1.0.0,fitness,None,None,None,No,Sports,No,Does not play music,No lighting,Not for sale,FtrBarbell_Remake_2_0,2_0,4078,x6rceFML9W22FHmbE
  BAMBOO PARTITION  ,Dried bamboo,Bamboo,NA,NA,Yes,Yes,No,3,NFS,2020,Yellow,White,2x0.5,NA,Crafting,,1.0.0,zen-style,None,bamboo,None,No,Screen,No,Does not play music,No lighting,Not for sale,FtrBambooScreen_Remake_1_0,1_0,3553,o455mYY5evSrec8gu
  stall  ,Light brown,Variation,Colorful,Curtain,Yes,Yes,Yes,3,NFS,1440,Yellow,Colorful,2x1,NA,Crafting,,1.0.0,shop,party,None,None,No,Shop,Yes,Does not play music,No lighting,Not for sale,FtrFloat_Remake_2_3,2_3,3617,EjP2ucXsshbK5sLhj
wooden stool,Dark wood,Paint color,Orange,Seat,Yes,Yes,Yes,2,NFS,480,Brown,Orange,1x1,NA,Crafting,,1.0.0,child's room,living room,wooden,None,Yes,Chair,No,Does not play music,No lighting,Not for sale,FtrWoodenStoolS_Remake_3_1,3_1,3449,WaqS8XXYS4e8cKevr
  golf bag  ,Multicolor,NA,NA,NA,No,No,No,NA,54000,13500,Colorful,Colorful,1x1,NA,Nook's Cranny,"Available in Nook's Cranny (upgraded only), in the third unique furniture slot",1.0.0,fitness,None,None,None,No,Sports,No,Does not play music,No lighting,For sale,FtrGolfbag_Remake_3_0,3_0,1632,s6Ga7qeku4As3gJQ2
rattan end table,Black,NA,NA,NA,No,No,No,NA,4300,1075,Black,Black,1x1,NA,Nook's Cranny,"Available in Nook's Cranny (upgraded only), in the unique furniture slot",1.0.0,living room,None,rattan,None,No,Table,No,Does not play music,No lighting,For sale,FtrRattanTableS_Remake_5_0,5_0,4046,9XgYqBdadrpvAcsPF
upright locker,Black,NA,Notes,Sticker area,No,No,Yes,2,,925,Black,Pink,1x1,NA,Nook's Cranny,Available in Nook's Cranny (either upgrade tier) in the unique furniture slot,1.0.0,school,facility,None,None,Wardrobe,Chest,No,Does not play music,No lighting,For sale,FtrLocker_Remake_2_4,2_4,833,SsNxfnovutoRqEndt
  log round table  ,Dark wood,Lumber type,Quilted,Tablecloth,Yes,Yes,Yes,4,NFS,1800,Brown,Light blue,2x2,NA,Crafting,,1.0.0,garden,living room,log,None,No,Table,Yes,Does not play music,No lighting,Not for sale,FtrLogTableLRound_Remake_0_4,0_4,4043,5ufbAg5bgvaEvaKFb
  bamboo doll  ,NA,NA,NA,NA,Yes,No,No,NA,NFS,2400,Green,Green,1x1,NA,Crafting,,1.0.0,zen-style,None,bamboo,None,Yes,Toy,No,Does not play music,No lighting,Not for sale,FtrBambooSurprisedbox,NA,3555,bGoF3W3Hv9bpFCb3N
  WOODEN CHEST  ,White wood,Paint color,NA,NA,Yes,Yes,No,3,NFS,1920,Beige,Beige,2x1,NA,Crafting,,1.0.0,child's room,living room,wooden,None,Wardrobe,Chest,No,Does not play music,No lighting,Not for sale,FtrWoodenChest_Remake_1_0,1_0,2560,WGNu96owTxSxCbAKc
  upright locker  ,Red,NA,Notes,Sticker area,No,No,Yes,2,3700,925,Red,Pink,1x1,NA,Nook's Cranny,Available in Nook's Cranny (either upgrade tier) in the unique furniture slot,1.0.0,school,facility,None,None,Wardrobe,Chest,No,Does not play music,No lighting,For sale,FtrLocker_Remake_3_4,3_4,833,kqk7vXZR3j5TZ27r7
  ROCKING CHAIR  ,Black,Lumber type,NA,NA,Yes,Yes,No,2,NFS,960,Black,Black,1x1,NA,Crafting,,1.0.0,living room,None,None,None,Yes,Chair,No,Does not play music,No lighting,Not for sale,FtrRockingchair_Remake_4_0,4_0,1103,8K2rL8yxTQJ377G2t
  wooden mini table  ,Dark wood,Paint color,Pink,Tablecloth,Yes,Yes,Yes,2,NFS,,Brown,Pink,1x1,NA,Crafting,,1.0.0,child's room,living room,wooden,None,No,Table,No,Does not play music,No lighting,Not for sale,FtrWoodenTableMini_Remake_3_2,3_2,7133,3YtFhN5XvHijBg3PM
wooden-block chair,Mixed wood,Block color,NA,NA,Yes,Yes,No,1,NFS,720,Brown,Black,1x1,NA,Crafting,,1.0.0,child's room,None,wooden block,None,Yes,Chair,No,Does not play music,No lighting,Not for sale,FtrBlockChairS_Remake_1_0,1_0,2558,hP9f8LDnGTGKpZSeN
OUTDOOR TABLE,White,NA,Dark wood,Table,No,No,Yes,1,2200,550,Gray,Brown,2x1,NA,Nook's Cranny,Available in Nook's Cranny (either upgrade tier) in the unique furniture slot,1.0.0,outdoors,None,None,None,No,Table,Yes,Does not play music,No lighting,For sale,FtrOutdoortableM_Remake_0_6,0_6,3946,DhA6GbtZoJtsZaSyp
shell arch,Pink,Shell color,NA,NA,Yes,Yes,No,7,NFS,12360,Pink,Pink,3x1,NA,Crafting,,1.0.0,ocean,expensive,shell,None,No,Arch,Yes,Does not play music,No lighting,Not for sale,FtrShellArch_Remake_2_0,2_0,3977,h595SqiyMd6S8yeNW
  DJ'S TURNTABLE  ,Pink,NA,Rock logo,Flag,No,No,Yes,4,9300,2325,Pink,Purple,2x1,NA,Nook's Cranny,"Available in Nook's Cranny (upgraded only), in the unique furniture slot",1.0.0,party,concert,None,None,Yes,Musical Instrument,No,Hi-fi,No lighting,For sale,FtrDJbooth_Remake_3_3,3_3,941,WAjTZNn9zWNeAEmkF
MANHOLE COVER,Silver,Cover design,NA,NA,Yes,Yes,No,3,NFS,2250,Black,Black,1x1,NA,Crafting,,1.0.0,garden,None,None,None,Yes,Vehicle,Yes,Does not play music,No lighting,Not for sale,FtrManhole_Remake_0_0,0_0,144,BNf6CCMc2wbnKedp5
  pansy table  ,Red,Flower color,NA,NA,Yes,Yes,No,2,,760,Red,Green,1x1,NA,Crafting,,1.0.0,fancy,None,flowers,None,No,Table,No,Does not play music,No lighting,Not for sale,FtrFlowerTableS_Remake_1_0,1_0,7237,ChGiCDZ53KeJR8XPN
MUSIC STAND,Brown,Body,NA,NA,Yes,Yes,No,2,NFS,960,Brown,White,1x1,NA,Crafting,,1.0.0,music,None,None,None,No,Musical Instrument,No,Does not play music,No lighting,Not for sale,FtrMusicstand_Remake_0_0,0_0,1058,B7YreGpDtQNqjXuLX
diner counter chair,Black,NA,NA,NA,No,No,No,NA,1100,275,Gray,Black,1x1,NA,Nook's Cranny,"Available in Nook's Cranny (upgraded only), in the unique furniture slot",1.0.0,shop,None,diner,None,Yes,Chair,No,Does not play music,No lighting,For sale,FtrAmeretroCounterchair_Remake_6_0,6_0,4138,Ato9uefGRFTCxBoNF
  rattan stool  ,Brown,NA,NA,NA,No,No,No,NA,,725,White,Brown,1x1,NA,Nook's Cranny,"Available in Nook's Cranny (upgraded only), in the unique furniture slot",1.0.0,living room,None,rattan,None,Yes,Chair,No,Does not play music,No lighting,For sale,FtrRattanStool_Remake_0_0,0_0,4047,bkb9tRJhMHonAWYjn
  low screen  ,Light brown,NA,Fall,Screen,No,No,Yes,1,870,217,Beige,Orange,1x0.5,NA,Nook's Cranny,Available in Nook's Cranny (either upgrade tier) in the unique furniture slot,1.0.0,zen-style,None,None,None,No,Japanese Style,No,Does not play music,No lighting,For sale,FtrScreenJapanLow_Remake_0_3,0_3,1029,hGMk2vQcirmh2yAGA
ELECTRIC GUITAR,Cosmo black,NA,Handwritten logo,Sticker area,No,No,Yes,7,71000,17750,Black,Light blue,1x1,NA,Nook's Cranny,"Available in Nook's Cranny (upgraded only), in the third unique furniture slot",1.0.0,concert,None,None,None,Yes,Musical Instrument,No,Does not play music,No lighting,For sale,FtrElectricguitar2_Remake_6_5,6_5,1645,5tzcAkfuuNwNczjrE
throwback race-car bed,Red,NA,NA,NA,No,No,No,NA,3800,,Red,Black,2x1,NA,Nook's Cranny,"Available in Nook's Cranny (upgraded only), in the unique furniture slot",1.0.0,child's room,None,throwback,None,Yes,Bed,No,Does not play music,No lighting,For sale,FtrBoyBedS_Remake_0_0,0_0,4759,EmHpbheMrJbYkvcwd
  log round table  ,Dark wood,Lumber type,Bears,Tablecloth,Yes,Yes,Yes,4,NFS,1800,Brown,Brown,2x2,NA,Crafting,,1.0.0,garden,living room,log,None,No,Table,Yes,Does not play music,No lighting,Not for sale,FtrLogTableLRound_Remake_0_3,0_3,4043,4CKmQcifEFppwSgBG
rocket lamp,Green,NA,NA,NA,No,No,No,NA,1500,375,Green,Yellow,1x1,NA,Nook's Cranny,Available in Nook's Cranny (either upgrade tier) in the unique furniture slot,1.0.0,facility,None,None,None,Yes,Lamp,No,Does not play music,Fluorescent,For sale,FtrLavalamp_Remake_5_0,5_0,1851,i2XSzh44EjNae6qhw
blue corner,NA,NA,Blue,Ring curtain,No,No,Yes,3,6100,1525,White,Blue,2x2,NA,Nook's Cranny,"Available in Nook's Cranny (upgraded only), in the third unique furniture slot",1.0.0,fitness,None,None,sports ring,Yes,Sports,No,Does not play music,No lighting,For sale,FtrRingcornerBlue_Remake_0_2,0_2,7150,XYEQ3TERfDnkS5DTM
  EFFECTS RACK  ,Black,NA,Emblem logo,Sticker area,No,No,Yes,3,6800,1700,Black,Green,1x1,NA,Nook's Cranny,"Available in Nook's Cranny (upgraded only), in the unique furniture slot",1.0.0,concert,facility,None,None,No,Musical Instrument,No,Does not play music,No lighting,For sale,FtrEffectorrack_Remake_0_4,0_4,950,nzecjzwRrer4zWn7D
ROSE BED,Purple,Flower color,NA,NA,Yes,Yes,No,2,NFS,1400,Purple,Green,2x2,NA,Crafting,,1.0.0,fancy,None,flowers,None,Yes,Bed,No,Does not play music,No lighting,Not for sale,FtrFlowerBedW_Remake_1_0,1_0,7235,dbPk29BrZrPQriAJv
  LECTURE-HALL DESK  ,Light brown,NA,NA,NA,No,No,No,NA,2500,,Orange,Beige,2x1,NA,Nook's Cranny,"Available in Nook's Cranny (upgraded only), in the unique furniture slot",1.0.0,school,None,None,lecture hall,No,Desk,No,Does not play music,No lighting,For sale,FtrTableCollage_Remake_0_0,0_0,2014,tDCo7u5vYpnPAY2f8
park clock,Black,NA,NA,NA,No,No,No,NA,NFS,12000,Black,White,1x1,2400,Nook Miles Shop,,1.0.0,garden,None,None,None,Yes,Clock,Yes,Does not play music,No lighting,Not for sale,FtrParkclock_Remake_0_0,0_0,3595,unRZE27FptDXu3sMg
  effects rack  ,Blue,NA,Chic logo,Sticker area,No,No,Yes,3,,1700,Blue,White,1x1,NA,Nook's Cranny,"Available in Nook's Cranny (upgraded only), in the unique furniture slot",1.0.0,concert,facility,None,None,No,Musical Instrument,No,Does not play music,No lighting,For sale,FtrEffectorrack_Remake_3_2,3_2,950,arNJ4hFF7YQ8oxuKw
TATAMI BED,Black,NA,NA,NA,No,No,No,NA,2800,700,Black,Green,2x1,NA,Nook's Cranny,Available in Nook's Cranny (either upgrade tier) in the unique furniture slot,1.0.0,zen-style,None,None,None,Yes,Bed,No,Does not play music,No lighting,For sale,FtrTatamiBedS_Remake_2_0,2_0,7391,C5GRaFrfRvcfseFff
  mini diy workbench  ,Brown,Paint color,NA,NA,Yes,Yes,No,4,NFS,2580,Orange,White,1x1,NA,Crafting,,1.0.0,garage,None,None,None,Workbench,Work Bench,No,Does not play music,No lighting,Not for sale,FtrWorkbenchS_Remake_1_0,1_0,3122,DEqvZYgF3AgSrHj4j
  vacuum cleaner  ,Gray,NA,NA,NA,No,No,No,NA,3800,950,Gray,Gray,1x1,NA,Nook's Cranny,Available in Nook's Cranny (either upgrade tier) in the unique furniture slot,1.0.0,living room,None,None,None,Yes,Home Appliances,No,Does not play music,No lighting,For sale,FtrCleaner_Remake_3_0,3_0,907,NpiHgQSzBzsu4nTnT
simple panel,Light brown,NA,Pegboard,Panel design,No,No,Yes,1,810,,Beige,Brown,1x0.5,NA,Nook's Cranny,Available in Nook's Cranny (either upgrade tier) in the unique furniture slot,1.0.0,facility,None,None,None,No,Screen,No,Does not play music,No lighting,For sale,FtrScreenSimple_Remake_4_2,4_2,5338,mJ8aLSC6t7ANj6NZi
WRITING CHAIR,Light brown,NA,Yellow,Seat,No,No,Yes,1,1700,425,Yellow,Yellow,1x1,NA,Nook's Cranny,Available in Nook's Cranny (either upgrade tier) in the unique furniture slot,1.0.0,child's room,None,None,writing,Yes,Chair,No,Does not play music,No lighting,For sale,FtrStudyChair_Remake_1_0,1_0,3702,RHYcctdowY3uC5nJF
loft bed with desk,Light blue,NA,Pink,Bedding,No,No,Yes,3,7700,1925,Light blue,Pink,2x1,NA,Nook's Cranny,"Available in Nook's Cranny (upgraded only), in the unique furniture slot",1.0.0,child's room,None,None,None,Yes,Desk,No,Does not play music,No lighting,For sale,FtrBeddesk_Remake_6_5,6_5,3621,eHJHZ9mfJ9L8o7AdK
  pear wardrobe  ,La France,Fruit type,NA,NA,Yes,Yes,No,4,NFS,,Green,Beige,1x1,NA,Crafting,,1.0.0,fancy,None,fruits,pear,Wardrobe,Chest,No,Does not play music,No lighting,Not for sale,FtrFruitsClosetLR_Remake_0_0,0_0,1263,ZzP7ZkSRd8MLfRSYG
wood-burning stove,NA,NA,NA,NA,No,No,No,NA,2100,525,Black,Black,1x1,NA,Nook's Cranny,"Available in Nook's Cranny (upgraded only), in the unique furniture slot",1.0.0,shop,None,None,None,Yes,Fireplace,No,Does not play music,No lighting,For sale,FtrStoveWood,NA,4117,9khrP3gpYB3chn7ei
  ironing board  ,NA,NA,Triangles,Ironing board,No,No,Yes,1,2300,575,Black,Gray,1x1,NA,Nook's Cranny,Available in Nook's Cranny (either upgrade tier) in the unique furniture slot,1.0.0,living room,None,None,None,No,Home Appliances,No,Does not play music,No lighting,For sale,FtrIronstand_Remake_0_4,0_4,7531,RBZLQJeKar2LsGMaa
  BUNK BED  ,Pink,NA,Striped,Bedding,No,No,Yes,2,5000,1250,Pink,Blue,2x1,NA,Nook's Cranny,Available in Nook's Cranny (either upgrade tier) in the unique furniture slot,1.0.0,facility,None,None,None,Yes,Bed,No,Does not play music,No lighting,For sale,FtrBunkbed_Remake_6_1,6_1,8298,LhF9LuiXrLa375CWc
  automatic washer  ,Green,NA,NA,NA,No,No,No,NA,4500,1125,Green,White,1x1,NA,Nook's Cranny,"Available in Nook's Cranny (upgraded only), in the unique furniture slot",1.0.0,bathroom,None,None,None,Yes,Home Appliances,No,Does not play music,No lighting,For sale,FtrWashingmachine_Remake_3_0,3_0,2740,xwWJ4q9SvKAkwKAf9
drinking fountain,Brown,Color,NA,NA,Yes,Yes,No,4,NFS,2700,Brown,Brown,1x1,NA,Crafting,,1.0.0,garden,None,None,None,Yes,Playground,Yes,Does not play music,No lighting,Not for sale,FtrDrinkingfountain_Remake_2_0,2_0,2319,S8ToJeHk95jjQKr4z
  frozen partition  ,Ice pink,Illumination,NA,NA,Yes,Yes,No,7,NFS,7400,Pink,Pink,2x0.5,NA,Crafting,,1.0.0,freezing cold,None,frozen,None,No,Seasonal Decor,Yes,Does not play music,No lighting,Not for sale,FtrIceScreen_Remake_2_0,2_0,3498,BQtxTLcQz2BFraSf4
CHANGING ROOM,Green,NA,Red,Curtain,No,No,Yes,2,3700,925,Light blue,Red,1x1,NA,Nook's Cranny,"Available in Nook's Cranny (upgraded only), in the unique furniture slot",1.0.0,shop,facility,None,None,Wardrobe,Shop,No,Does not play music,No lighting,For sale,FtrFittingroom_Remake_7_5,7_5,1816,QAtdxb27ZvSBLs6r3
  DINER CHAIR  ,Cream,NA,NA,NA,No,No,No,NA,1600,400,Beige,White,1x1,NA,Nook's Cranny,"Available in Nook's Cranny (upgraded only), in the unique furniture slot",1.0.0,shop,None,diner,None,Yes,Chair,No,Does not play music,No lighting,For sale,FtrAmeretroChairS_Remake_5_0,5_0,4137,TeEgWEsjdwrNCWGrL
  NATURAL SQUARE TABLE  ,Shabby,Tabletop,NA,NA,Yes,Yes,No,3,NFS,1980,White,Gray,1x1,NA,Crafting,,1.0.0,garden,None,None,natural,No,Table,Yes,Does not play music,No lighting,Not for sale,FtrGardenTableSNatural_Remake_2_0,2_0,12332,RPinQLoLDsfvJFqM3
robot hero,Blue,Coating,NA,NA,Yes,Yes,No,50,NFS,250000,Blue,Black,3x3,NA,Crafting,,1.0.0,child's room,facility,None,None,Yes,Toy,Yes,Does not play music,No lighting,Not for sale,FtrHerorobot_Remake_1_0,1_0,1509,5ATHWvuQh5zTw5j57
  refrigerator  ,Pink,NA,Rock,Sticker area,No,No,Yes,2,5100,1275,Pink,Colorful,1x1,NA,Nook's Cranny,"Available in Nook's Cranny (upgraded only), in the unique furniture slot",1.0.0,kitchen,shop,None,None,Wardrobe,Home Appliances,No,Does not play music,No lighting,For sale,FtrRefrigerator_Remake_2_2,2_2,2713,FDwqgsdKDjmD7K7C6
  cute vanity  ,Yellow,NA,NA,NA,No,No,No,NA,5400,1350,Yellow,Orange,1x1,NA,Nook's Cranny,"Available in Nook's Cranny (upgraded only), in the unique furniture slot",1.0.0,fancy,None,cute,None,Yes,Dresser,No,Does not play music,No lighting,For sale,FtrCuteDresser_Remake_2_0,2_0,4001,djiF4M7fGjwE6XLTf
refrigerator,Brown,NA,None,Sticker area,No,No,Yes,2,5100,1275,Brown,Brown,1x1,NA,Nook's Cranny,"Available in Nook's Cranny (upgraded only), in the unique furniture slot",1.0.0,kitchen,shop,None,None,Wardrobe,Home Appliances,No,Does not play music,No lighting,For sale,FtrRefrigerator_Remake_5_0,5_0,2713,v8rxsJ2zYK26u9LoW
  SHELL PARTITION  ,Pearl,Shell color,NA,NA,Yes,Yes,No,7,NFS,8000,White,White,2x1,NA,Crafting,,1.0.0,ocean,None,shell,None,No,Screen,Yes,Does not play music,No lighting,Not for sale,FtrShellScreen_Remake_5_0,5_0,3978,fgiY5nhqYcHHaYzLD
writing chair,White,NA,Blue,Seat,No,No,Yes,1,1700,,White,Blue,1x1,NA,Nook's Cranny,Available in Nook's Cranny (either upgrade tier) in the unique furniture slot,1.0.0,child's room,None,None,writing,Yes,Chair,No,Does not play music,No lighting,For sale,FtrStudyChair_Remake_3_1,3_1,3702,MwH3ShvMsd5cK4WYN
wooden double bed,Cherry wood,Paint color,Pink,Bedding,Yes,Yes,Yes,6,,3600,Orange,Pink,2x2,NA,Crafting,,1.0.0,child's room,living room,wooden,None,Yes,Bed,No,Does not play music,No lighting,Not for sale,FtrWoodenBedW_Remake_2_1,2_1,7132,3GbKBy8wsQfK7Feqc
TOURIST TELESCOPE,Green,NA,NA,NA,No,No,No,NA,NFS,10000,Green,Green,1x1,2000,Nook Miles Shop,,1.0.0,space,facility,None,None,No,Space,Yes,Does not play music,No lighting,Not for sale,FtrTelescopeSightseeing_Remake_0_0,0_0,3078,vgHf4HHXRwLZubQFx
  HOSE REEL  ,Yellow,NA,NA,NA,No,No,No,NA,1400,350,Yellow,Green,1x1,NA,Nook's Cranny,Available in Nook's Cranny (either upgrade tier) in the unique furniture slot,1.0.0,garden,None,None,None,No,Garden,Yes,Does not play music,No lighting,For sale,FtrHosereel_Remake_1_0,1_0,4113,H9eiQQw7WetkqitJg
POPCORN MACHINE,Red,NA,NA,NA,No,No,No,NA,4900,1225,Red,Yellow,1x1,NA,Nook's Cranny,Available in Nook's Cranny (either upgrade tier) in the unique furniture slot,1.0.0,facility,party,None,None,Yes,Shop,Yes,Does not play music,No lighting,For sale,FtrPopcornmachine_Remake_0_0,0_0,1092,xWztdKgqwdpLMsBmE
  SHADED FLOOR LAMP  ,Blue,NA,NA,NA,No,No,No,NA,1700,425,Blue,Gray,1x1,NA,Nook's Cranny,"Available in Nook's Cranny (upgraded only), in the unique furniture slot",1.0.0,living room,None,None,None,Yes,Lamp,No,Does not play music,Fluorescent,For sale,FtrLampMount_Remake_1_0,1_0,4572,qbzKhkEheCZTKoude
  birthday table  ,Blue,Variation,NA,NA,No,Yes,No,1,NFS,300,Light blue,Colorful,2x2,NA,Birthday,,1.0.0,party,fancy,None,birthday,Yes,Table,No,Does not play music,Candle,Not for sale,FtrBirthdayTable_Remake_2_0,2_0,3593,MAp95imwPmSqwnFe9
  drum set  ,Cosmo black,NA,Vintage logo,Bass drum head,No,No,Yes,2,5600,1400,Black,Beige,2x1,NA,Nook's Cranny,"Available in Nook's Cranny (upgraded only), in the unique furniture slot",1.0.0,concert,None,None,None,Yes,Musical Instrument,No,Does not play music,No lighting,For sale,FtrDrumSet_Remake_1_5,1_5,1803,yBe4uerAv5uHww8XB
  wooden table  ,Light wood,Paint color,Blue,Tablecloth,Yes,Yes,Yes,4,NFS,1800,Beige,Light blue,2x2,NA,Crafting,,1.0.0,child's room,living room,wooden,None,No,Table,No,Does not play music,No lighting,Not for sale,FtrWoodenTableL_Remake_0_3,0_3,3439,DeGcjmd3Thuv3edLn
  den chair  ,Black,NA,NA,NA,No,No,No,NA,8700,2175,Black,Black,1x1,NA,Nook's Cranny,"Available in Nook's Cranny (upgraded only), in the unique furniture slot",1.0.0,den,None,None,den,Yes,Chair,No,Does not play music,No lighting,For sale,FtrDrawingChair_Remake_0_0,0_0,3784,m6Me3BvsHzRzR5upL
  wooden mini table  ,Cherry wood,Paint color,None,Tablecloth,Yes,Yes,Yes,2,NFS,720,Orange,Orange,1x1,NA,Crafting,,1.0.0,child's room,living room,wooden,None,No,Table,No,Does not play music,No lighting,Not for sale,FtrWoodenTableMini_Remake_2_0,2_0,7133,G5PCa6MSpudHb5nWS
  elephant slide  ,Pink,NA,NA,NA,No,No,No,NA,,1050,Pink,Pink,2x1,NA,Nook's Cranny,Available in Nook's Cranny (either upgrade tier) in the unique furniture slot,1.0.0,garden,child's room,None,None,No,Playground,No,Does not play music,No lighting,For sale,FtrSlideelephant_Remake_1_0,1_0,86,zLM6uEEcFYyyKJefe
  CHANGING ROOM  ,Blue,NA,Pink,Curtain,No,No,Yes,2,3700,925,Blue,Pink,1x1,NA,Nook's Cranny,"Available in Nook's Cranny (upgraded only), in the unique furniture slot",1.0.0,shop,facility,None,None,Wardrobe,Shop,No,Does not play music,No lighting,For sale,FtrFittingroom_Remake_5_4,5_4,1816,RGoKqruNBwP9ptwhD
  LOG CHAIR  ,White wood,Lumber type,None,Cushion,Yes,Yes,Yes,3,NFS,960,Beige,Beige,1x1,NA,Crafting,,1.0.0,garden,living room,log,None,Yes,Sofa,No,Does not play music,No lighting,Not for sale,FtrLogSofaS_Remake_2_0,2_0,4039,QrTc74doPhxhHWyqj
RATTAN LOW TABLE,Light brown,NA,NA,NA,No,No,No,NA,2900,725,Yellow,Yellow,2x1,NA,Nook's Cranny,"Available in Nook's Cranny (upgraded only), in the unique furniture slot",1.0.0,living room,None,rattan,None,No,Table,No,Does not play music,No lighting,For sale,FtrRattanTableM_Remake_2_0,2_0,4054,g6adSuSRWcySnx2qp
  wedding table  ,Garden,Design,NA,NA,No,Yes,No,2,6000,1500,Green,Yellow,2x2,NA,Wedding Season,,1.2.0,party,expensive,wedding,None,Yes,Table,No,Does not play music,Candle,Not for sale,FtrWeddingTableL_Remake_2_0,2_0,12406,BzqYYaxr344dH9QmD
  menu chalkboard  ,Red,NA,NA,NA,No,No,No,NA,1800,450,Red,Green,1x1,NA,Nook's Cranny,Available in Nook's Cranny (either upgrade tier) in the unique furniture slot,1.0.0,shop,None,None,None,No,Shop,Yes,Does not play music,No lighting,For sale,FtrMenuboard_Remake_4_0,4_0,1866,vuknAcmcvWrxQsiYd
  changing room  ,Pink,NA,Red,Curtain,No,No,Yes,2,3700,925,Pink,Red,1x1,NA,Nook's Cranny,"Available in Nook's Cranny (upgraded only), in the unique furniture slot",1.0.0,shop,facility,None,None,Wardrobe,Shop,No,Does not play music,No lighting,For sale,FtrFittingroom_Remake_6_5,6_5,1816,dt9Xyquyvv5hDKkva
BIRTHDAY SIGN,Pink,Variation,NA,NA,No,Yes,No,1,,300,Colorful,Pink,2x1,NA,Birthday,,1.0.0,party,fancy,None,birthday,No,Seasonal Decor,No,Does not play music,No lighting,Not for sale,FtrBirthdayBoard_Remake_1_0,1_0,3594,Z6jMmv4a4STw3byZA
FROZEN BED,Ice blue,Illumination,Dark brown,Bedding,Yes,Yes,Yes,8,NFS,9000,Blue,Brown,2x2,NA,Crafting,,1.0.0,freezing cold,None,frozen,None,Yes,Bed,Yes,Does not play music,No lighting,Not for sale,FtrIceBedW_Remake_1_3,1_3,3502,yEj8m7XRz52P88Gk9
diner counter chair,Cream,NA,NA,NA,No,No,No,NA,1100,275,Gray,White,1x1,NA,Nook's Cranny,"Available in Nook's Cranny (upgraded only), in the unique furniture slot",1.0.0,shop,None,diner,None,Yes,Chair,No,Does not play music,No lighting,For sale,FtrAmeretroCounterchair_Remake_5_0,5_0,4138,gXvtXfk54dwMvwrmo
DEER SCARE,Smoke-cured bamboo,Bamboo,NA,NA,Yes,Yes,No,3,NFS,1740,Brown,Black,1x1,NA,Crafting,,1.0.0,zen-style,garden,bamboo,None,Yes,Japanese Style,Yes,Does not play music,No lighting,Not for sale,FtrShishiodoshi_Remake_2_0,2_0,677,o7hMYnmEGrGCPg5Rv
  REFRIGERATOR  ,Pink,NA,Notices,Sticker area,No,No,Yes,2,5100,1275,Pink,Colorful,1x1,NA,Nook's Cranny,"Available in Nook's Cranny (upgraded only), in the unique furniture slot",1.0.0,kitchen,shop,None,None,Wardrobe,Home Appliances,No,Does not play music,No lighting,For sale,FtrRefrigerator_Remake_2_4,2_4,2713,5kr9wF8ktj7oozFLn
REFRIGERATOR,Black,NA,Notices,Sticker area,No,No,Yes,2,5100,1275,Black,Colorful,1x1,NA,Nook's Cranny,"Available in Nook's Cranny (upgraded only), in the unique furniture slot",1.0.0,kitchen,shop,None,None,Wardrobe,Home Appliances,No,Does not play music,No lighting,For sale,FtrRefrigerator_Remake_6_4,6_4,2713,rMMbJAfo9JLuXMEq3
clothesline pole,Silver,NA,PE shirt,Drying shirt,No,No,Yes,1,1100,275,Gray,Beige,2x0.5,NA,Nook's Cranny,Available in Nook's Cranny (either upgrade tier) in the unique furniture slot,1.0.0,garden,bathroom,None,None,No,Supplies,Yes,Does not play music,No lighting,For sale,FtrClotheshorse_Remake_0_1,0_1,1778,MddTaK2Fp5EEi2JRx
frozen counter,Ice green,Illumination,NA,NA,Yes,Yes,No,7,NFS,7000,Green,Green,2x1,NA,Crafting,,1.0.0,freezing cold,None,frozen,None,No,Table,Yes,Does not play music,No lighting,Not for sale,FtrIceCounter_Remake_5_0,5_0,3505,baENx9PwEPZCsh4DY
  rock guitar  ,Natural wood,NA,Rock logo,Sticker area,No,No,Yes,2,,775,Beige,Purple,1x1,NA,Nook's Cranny,Available in Nook's Cranny (either upgrade tier) in the unique furniture slot,1.0.0,concert,None,None,None,Yes,Musical Instrument,No,Does not play music,No lighting,For sale,FtrElectricguitar1_Remake_5_3,5_3,1644,kFe3w9fYgzDRJa5BM
  BIRTHDAY TABLE  ,Orange,Variation,NA,NA,No,Yes,No,1,,300,Orange,Colorful,2x2,NA,Birthday,,1.0.0,party,fancy,None,birthday,Yes,Table,No,Does not play music,Candle,Not for sale,FtrBirthdayTable_Remake_4_0,4_0,3593,xiwgvKyYbZCPJFYe4
  CUTE SOFA  ,Red,NA,NA,NA,No,No,No,NA,9600,2400,Red,White,2x1,NA,Nook's Cranny,"Available in Nook's Cranny (upgraded only), in the unique furniture slot",1.0.0,fancy,None,cute,None,Yes,Sofa,No,Does not play music,No lighting,For sale,FtrCuteChairL_Remake_3_0,3_0,3998,M2TTTAJWjYfRb62Nt
paper lantern,Natural wood,NA,Spring,Paper,No,No,Yes,1,,195,Beige,Pink,1x1,NA,Nook's Cranny,Available in Nook's Cranny (either upgrade tier) in the unique furniture slot,1.0.0,zen-style,None,None,None,Yes,Lamp,No,Does not play music,Candle,For sale,FtrLampJapan_Remake_0_1,0_1,725,iBoem6PeGa9QAtguD
wooden mini table,White wood,Paint color,None,Tablecloth,Yes,Yes,Yes,2,NFS,720,White,White,1x1,NA,Crafting,,1.0.0,child's room,living room,wooden,None,No,Table,No,Does not play music,No lighting,Not for sale,FtrWoodenTableMini_Remake_1_0,1_0,7133,vS5bFXK89ZkYyRgGb
  wooden table  ,Blue,Paint color,None,Tablecloth,Yes,Yes,Yes,4,NFS,1800,Blue,Blue,2x2,NA,Crafting,,1.0.0,child's room,living room,wooden,None,No,Table,No,Does not play music,No lighting,Not for sale,FtrWoodenTableL_Remake_6_0,6_0,3439,yWS3E9EWH9Pj2fJdZ
  effects rack  ,Orange,NA,Chic logo,Sticker area,No,No,Yes,3,6800,1700,Yellow,White,1x1,NA,Nook's Cranny,"Available in Nook's Cranny (upgraded only), in the unique furniture slot",1.0.0,concert,facility,None,None,No,Musical Instrument,No,Does not play music,No lighting,For sale,FtrEffectorrack_Remake_2_2,2_2,950,G4e7HDAZe5FRwgqDM
termite mound,NA,NA,NA,NA,No,No,No,NA,NFS,550,Beige,Beige,1x1,NA,Bug-Off,,1.0.0,garden,facility,None,None,No,Ranch,Yes,Does not play music,No lighting,Not for sale,FtrAnthill,NA,3415,eoK3quTFZgJxoxoJH
golf bag,Red,NA,NA,NA,No,No,No,NA,,13500,Red,Red,1x1,NA,Nook's Cranny,"Available in Nook's Cranny (upgraded only), in the third unique furniture slot",1.0.0,fitness,None,None,None,No,Sports,No,Does not play music,No lighting,For sale,FtrGolfbag_Remake_0_0,0_0,1632,pz7BTNdScQ5rkmLge
  golden toilet  ,NA,NA,NA,NA,Yes,No,No,NA,NFS,60000,Yellow,Yellow,1x1,NA,Crafting,,1.0.0,bathroom,expensive,golden,None,Yes,Toilet,No,Does not play music,No lighting,Not for sale,FtrGoldWC,NA,3472,sFf2dJ75yEnnh4iwQ
outdoor table,White,NA,White,Table,No,No,Yes,1,2200,,Gray,White,2x1,NA,Nook's Cranny,Available in Nook's Cranny (either upgrade tier) in the unique furniture slot,1.0.0,outdoors,None,None,None,No,Table,Yes,Does not play music,No lighting,For sale,FtrOutdoortableM_Remake_0_0,0_0,3946,qprLkJLPDewsSEtaj
  TEACUP RIDE  ,Cool,NA,NA,NA,No,No,No,NA,NFS,25000,Black,Red,3x3,5000,Nook Miles Shop,,1.0.0,facility,fancy,None,None,Yes,Playground,Yes,Does not play music,No lighting,Not for sale,FtrTurncup_Remake_3_0,3_0,1507,cgYtT3mXX5hBc4vPf
log extra-long sofa,White birch,Lumber type,Geometric print,Cushions,Yes,No,Yes,4,NFS,1920,White,Colorful,2x1,NA,Crafting,,1.0.0,garden,living room,log,None,Yes,Sofa,No,Does not play music,No lighting,Not for sale,FtrLogSofaL_Remake_3_2,3_2,4044,zAwKEyDMN8NtC9mpG
shell table,Pink,Shell color,NA,NA,Yes,Yes,No,4,NFS,2280,Pink,Pink,2x2,NA,Crafting,,1.0.0,ocean,None,shell,None,No,Table,Yes,Does not play music,No lighting,Not for sale,FtrShellTableL_Remake_2_0,2_0,3980,KamLStHNFkjDxyvwD
PLAIN WOODEN SHOP SIGN,Natural,Sign,Pet,Flier,Yes,Yes,Yes,2,NFS,720,Beige,White,1x1,NA,Crafting,,1.0.0,garden,None,None,None,No,Vehicle,Yes,Does not play music,No lighting,Not for sale,FtrSignWood_Remake_0_0,0_0,3692,qFZwvxgs8i49iGyvi
  kitchen island  ,White,NA,NA,NA,No,No,No,NA,170000,42500,White,White,2x2,NA,Nook's Cranny,"Available in Nook's Cranny (upgraded only), in the third unique furniture slot",1.0.0,kitchen,expensive,None,None,No,Kitchen,No,Does not play music,No lighting,For sale,FtrKitchenIsland_Remake_0_0,0_0,998,rtLTfrfyEncyvRroG
  LOFT BED WITH DESK  ,Brown,NA,Orange,Bedding,No,No,Yes,3,7700,1925,Red,Orange,2x1,NA,Nook's Cranny,"Available in Nook's Cranny (upgraded only), in the unique furniture slot",1.0.0,child's room,None,None,None,Yes,Desk,No,Does not play music,No lighting,For sale,FtrBeddesk_Remake_1_3,1_3,3621,QRJgM4hEM6ZgAKYAo
  baby chair  ,Pink,NA,Paw print,Cushion,No,No,Yes,1,1200,300,Pink,Colorful,1x1,NA,Nook's Cranny,Available in Nook's Cranny (either upgrade tier) in the unique furniture slot,1.0.0,child's room,None,None,None,Yes,Chair,No,Does not play music,No lighting,For sale,FtrBabychair_Remake_1_4,1_4,3305,ihucEvtrsesPCYZB2
stall,Light brown,Variation,Green stripes,Curtain,Yes,Yes,Yes,3,NFS,1440,Yellow,Green,2x1,NA,Crafting,,1.0.0,shop,party,None,None,No,Shop,Yes,Does not play music,No lighting,Not for sale,FtrFloat_Remake_2_1,2_1,3617,kZXFrJuasrY23dnPq
writing desk,Natural,NA,NA,NA,No,No,No,NA,7100,1775,Beige,Beige,2x1,NA,Nook's Cranny,Available in Nook's Cranny (either upgrade tier) in the unique furniture slot,1.0.0,child's room,None,None,writing,Yes,Desk,No,Does not play music,Monitor,For sale,FtrStudyDesk_Remake_0_0,0_0,3701,FxaQnCYS8aKJpPduB
angled signpost,Home,Navigation,NA,NA,Yes,Yes,No,1,NFS,600,Beige,Brown,1x1,NA,Crafting,,1.0.0,garden,None,None,None,No,Vehicle,Yes,Does not play music,No lighting,Not for sale,FtrSignpostTilt_Remake_0_0,0_0,7867,kzirasu23o7Xwz8Cg
  pet bed  ,Dark brown,NA,Moss green,Cushion,No,No,Yes,1,1100,275,Brown,Green,1x1,NA,Nook's Cranny,Available in Nook's Cranny (either upgrade tier) in the unique furniture slot,1.0.0,living room,None,None,pet,Yes,Chair,No,Does not play music,No lighting,For sale,FtrPetBed_Remake_1_1,1_1,7802,JJHeTfa2hpBBRZbnR
plain sink,Natural,Design,NA,NA,Yes,Yes,No,4,NFS,2270,Yellow,White,1x1,NA,Crafting,,1.0.0,bathroom,None,None,None,Yes,Bathroom Things,No,Does not play music,No lighting,Not for sale,FtrWashstandBowl_Remake_0_0,0_0,3683,Xc4GCRxyoPLmPnJJd
OUTDOOR BENCH,White,NA,Dark wood,Seat,No,No,Yes,1,1300,325,Gray,Brown,2x1,NA,Nook's Cranny,Available in Nook's Cranny (either upgrade tier) in the unique furniture slot,1.0.0,outdoors,None,None,None,Yes,Sofa,Yes,Does not play music,No lighting,For sale,FtrOutdoorchairM_Remake_0_6,0_6,3947,vMhBcGC3GutWtEkTz
KETTLE BATHTUB,NA,NA,NA,NA,Yes,No,No,NA,NFS,6270,Black,Gray,1.5x1.5,NA,Crafting,,1.0.0,zen-style,bathroom,None,None,Yes,Bathtub,Yes,Does not play music,No lighting,Not for sale,FtrGoemonburo,NA,4008,zYaneqiibuFWu96uc
WOODEN TABLE,Light wood,Paint color,None,Tablecloth,Yes,Yes,Yes,4,NFS,1800,Beige,Beige,2x2,NA,Crafting,,1.0.0,child's room,living room,wooden,None,No,Table,No,Does not play music,No lighting,Not for sale,FtrWoodenTableL_Remake_0_0,0_0,3439,bbA5qfeqXhMpcdfuc
  LOG CHAIR  ,White wood,Lumber type,Bears,Cushion,Yes,Yes,Yes,3,NFS,960,Beige,Brown,1x1,NA,Crafting,,1.0.0,garden,living room,log,None,Yes,Sofa,No,Does not play music,No lighting,Not for sale,FtrLogSofaS_Remake_2_3,2_3,4039,Sm2H2LGfXSwcy2igK
zen cushion,NA,NA,Deep blue,Upholstery,No,No,Yes,1,500,125,Blue,Blue,1x1,NA,Nook's Cranny,Available in Nook's Cranny (either upgrade tier) in the unique furniture slot,1.0.0,zen-style,living room,None,None,Yes,Chair,No,Does not play music,No lighting,For sale,FtrCushionJapan_Remake_0_0,0_0,7047,GkfQgQzsy4JM4ifnR
  western-style stone  ,Mossy,Stone,NA,NA,Yes,Yes,No,6,,4500,Green,Yellow,2x1,NA,Crafting,,1.0.0,garden,horror,None,None,No,Garden,Yes,Does not play music,No lighting,Not for sale,FtrGravestoneEuropean_Remake_4_0,4_0,3446,nJBMWfe54LyySYzYb
rattan wardrobe,Reddish brown,NA,NA,NA,No,No,No,NA,6900,1725,Orange,Orange,1x1,NA,Nook's Cranny,"Available in Nook's Cranny (upgraded only), in the unique furniture slot",1.0.0,living room,None,rattan,None,Wardrobe,Chest,No,Does not play music,No lighting,For sale,FtrRattanClosetLR_Remake_1_0,1_0,4049,5hduGdnzzF57SAS3E
  floor lamp  ,Black,NA,Yellow design,Lampshade,No,No,Yes,1,1400,350,Black,Yellow,1x1,NA,Nook's Cranny,"Available in Nook's Cranny (upgraded only), in the unique furniture slot",1.0.0,living room,None,None,None,Yes,Lamp,No,Does not play music,Fluorescent,For sale,FtrLamp_Remake_3_4,3_4,2561,QbwcjMPQScifahyGf
WOODEN MINI TABLE,White wood,Paint color,Green,Tablecloth,Yes,Yes,Yes,2,,720,White,Green,1x1,NA,Crafting,,1.0.0,child's room,living room,wooden,None,No,Table,No,Does not play music,No lighting,Not for sale,FtrWoodenTableMini_Remake_1_4,1_4,7133,GBG9bJv3yW29PDHfp
  ELECTRIC GUITAR  ,Cosmo black,NA,None,Sticker area,No,No,Yes,7,71000,17750,Black,Black,1x1,NA,Nook's Cranny,"Available in Nook's Cranny (upgraded only), in the third unique furniture slot",1.0.0,concert,None,None,None,Yes,Musical Instrument,No,Does not play music,No lighting,For sale,FtrElectricguitar2_Remake_6_0,6_0,1645,QpaiuQrifw8iSfG7C
  FROZEN PILLAR  ,Ice purple,Illumination,NA,NA,Yes,Yes,No,7,NFS,6200,Purple,Purple,1x1,NA,Crafting,,1.0.0,freezing cold,None,frozen,None,No,Seasonal Decor,Yes,Does not play music,No lighting,Not for sale,FtrIcePillar_Remake_6_0,6_0,3500,fxM9GtAAMr7CvFpfo
  beach chair  ,Blue,NA,NA,NA,No,No,No,NA,920,230,Blue,Light blue,2x1,NA,Nook's Cranny,Available in Nook's Cranny (either upgrade tier) in the unique furniture slot,1.0.0,ocean,None,None,None,Yes,Bed,Yes,Does not play music,No lighting,For sale,FtrBeachbed_Remake_2_0,2_0,664,FPtBiEinuz7h58TDJ
toilet,White,NA,NA,NA,No,No,No,NA,4400,,White,White,1x1,NA,Nook's Cranny,"Available in Nook's Cranny (upgraded only), in the unique furniture slot",1.0.0,bathroom,None,None,None,Yes,Toilet,No,Does not play music,No lighting,For sale,FtrWC_Remake_0_0,0_0,1929,ZAQcPCPQmFNopT7Wi
ELECTRIC GUITAR,Cosmo black,NA,Rock logo,Sticker area,No,No,Yes,7,,17750,Black,Purple,1x1,NA,Nook's Cranny,"Available in Nook's Cranny (upgraded only), in the third unique furniture slot",1.0.0,concert,None,None,None,Yes,Musical Instrument,No,Does not play music,No lighting,For sale,FtrElectricguitar2_Remake_6_3,6_3,1645,F8CSXAsSw7fPgCPs5
ZEN-STYLE STONE,Black granite,Stone,NA,NA,Yes,Yes,No,6,NFS,4500,Black,Black,1x1,NA,Crafting,,1.0.0,zen-style,horror,None,None,No,Japanese Style,Yes,Does not play music,No lighting,Not for sale,FtrGravestoneJapan_Remake_2_0,2_0,7317,nrzjikKKpni7sAMir
  outdoor table  ,White,NA,Black,Table,No,No,Yes,1,2200,550,Gray,Black,2x1,NA,Nook's Cranny,Available in Nook's Cranny (either upgrade tier) in the unique furniture slot,1.0.0,outdoors,None,None,None,No,Table,Yes,Does not play music,No lighting,For sale,FtrOutdoortableM_Remake_0_1,0_1,3946,LQnoGSeFctApeYMQo
  loft bed with desk  ,Orange,NA,Red stripes,Bedding,No,No,Yes,3,7700,1925,Orange,Colorful,2x1,NA,Nook's Cranny,"Available in Nook's Cranny (upgraded only), in the unique furniture slot",1.0.0,child's room,None,None,None,Yes,Desk,No,Does not play music,No lighting,For sale,FtrBeddesk_Remake_5_7,5_7,3621,Re4cZMLEj7d6Y84X4
tatami bed,Dark brown,NA,NA,NA,No,No,No,NA,2800,700,Brown,Green,2x1,NA,Nook's Cranny,Available in Nook's Cranny (either upgrade tier) in the unique furniture slot,1.0.0,zen-style,None,None,None,Yes,Bed,No,Does not play music,No lighting,For sale,FtrTatamiBedS_Remake_0_0,0_0,7391,6uhkRREixQMvuKsnH
mush log,Red mushroom,Mushroom type,NA,NA,Yes,Yes,No,3,NFS,1680,Brown,Red,1x1,NA,Crafting,,1.0.0,facility,garden,mush,None,No,Desk,Yes,Does not play music,No lighting,Not for sale,FtrMushroomPulpwood_Remake_3_0,3_0,3808,aFRu4hJzbNMTaihGk
  wooden table  ,Blue,Paint color,Green,Tablecloth,Yes,Yes,Yes,4,NFS,,Blue,Green,2x2,NA,Crafting,,1.0.0,child's room,living room,wooden,None,No,Table,No,Does not play music,No lighting,Not for sale,FtrWoodenTableL_Remake_6_4,6_4,3439,gF2HXcoWF4hRmT757
popcorn machine,Black,NA,NA,NA,No,No,No,NA,4900,1225,Black,Yellow,1x1,NA,Nook's Cranny,Available in Nook's Cranny (either upgrade tier) in the unique furniture slot,1.0.0,facility,party,None,None,Yes,Shop,Yes,Does not play music,No lighting,For sale,FtrPopcornmachine_Remake_4_0,4_0,1092,KPJuYBPEiZ7ypPQ7y
wooden-block table,Mixed wood,Block color,NA,NA,Yes,Yes,No,2,NFS,1320,Brown,Black,2x2,NA,Crafting,,1.0.0,child's room,None,wooden block,None,No,Table,No,Does not play music,No lighting,Not for sale,FtrBlockTableL_Remake_1_0,1_0,1565,7W3h5KyvJyQpba4jL
lifeguard chair,Yellow,NA,NA,NA,No,No,No,NA,NFS,5000,Yellow,White,1x1,1000,Nook Miles Shop,,1.0.0,ocean,None,None,None,No,Seaside,Yes,Does not play music,No lighting,Not for sale,FtrMonitoringchair_Remake_2_0,2_0,3345,4o9f3CQayxswGrYhG
  LOFT BED WITH DESK  ,Orange,NA,White,Bedding,No,No,Yes,3,7700,1925,Orange,White,2x1,NA,Nook's Cranny,"Available in Nook's Cranny (upgraded only), in the unique furniture slot",1.0.0,child's room,None,None,None,Yes,Desk,No,Does not play music,No lighting,For sale,FtrBeddesk_Remake_5_0,5_0,3621,zZzagJQFd7wfQPWQB
  TULIP SURPRISE BOX  ,White,Flower color,NA,NA,Yes,Yes,No,2,NFS,760,White,Green,1x1,NA,Crafting,,1.0.0,child's room,fancy,flowers,None,Yes,Toy,No,Does not play music,No lighting,Not for sale,FtrFlowerSurprisedbox_Remake_1_0,1_0,7231,TPjTKeedynrRv9rGk
vintage TV tray,Copper,NA,White,Tray,No,No,Yes,1,1200,300,Brown,White,1x1,NA,Nook's Cranny,Available in Nook's Cranny (either upgrade tier) in the unique furniture slot,1.0.0,living room,None,None,None,No,Table,No,Does not play music,No lighting,For sale,FtrTVtray_Remake_2_2,2_2,4445,Z7PtuTsgX3ZSoPShF
  cotton-candy stall  ,Blue,NA,NA,NA,No,No,No,NA,NFS,15000,White,Blue,2x1,3000,Nook Miles Shop,,1.0.0,fancy,party,None,None,Yes,Shop,Yes,Does not play music,No lighting,Not for sale,FtrCottoncandymachine_Remake_1_0,1_0,4412,f9hTzDcwC4RX9xPxZ
rattan end table,Reddish brown,NA,NA,NA,No,No,No,NA,4300,1075,Orange,Orange,1x1,NA,Nook's Cranny,"Available in Nook's Cranny (upgraded only), in the unique furniture slot",1.0.0,living room,None,rattan,None,No,Table,No,Does not play music,No lighting,For sale,FtrRattanTableS_Remake_1_0,1_0,4046,X9FBQb689T2kqB4xC
BABY CHAIR,Red,NA,Paw print,Cushion,No,No,Yes,1,1200,300,Red,Colorful,1x1,NA,Nook's Cranny,Available in Nook's Cranny (either upgrade tier) in the unique furniture slot,1.0.0,child's room,None,None,None,Yes,Chair,No,Does not play music,No lighting,For sale,FtrBabychair_Remake_0_4,0_4,3305,imMXebxofRWTiDB2y
wooden table,Blue,Paint color,Pink,Tablecloth,Yes,Yes,Yes,4,NFS,1800,Blue,Pink,2x2,NA,Crafting,,1.0.0,child's room,living room,wooden,None,No,Table,No,Does not play music,No lighting,Not for sale,FtrWoodenTableL_Remake_6_2,6_2,3439,aw5enrNA6SqDC97Mz
frozen bed,Ice yellow,Illumination,White,Bedding,Yes,Yes,Yes,8,NFS,9000,Yellow,White,2x2,NA,Crafting,,1.0.0,freezing cold,None,frozen,None,Yes,Bed,Yes,Does not play music,No lighting,Not for sale,FtrIceBedW_Remake_3_1,3_1,3502,HWedFbsABpYeHcDK4
  exercise ball  ,Pink,NA,NA,NA,No,No,No,NA,1100,275,Pink,Pink,1x1,NA,Nook's Cranny,Available in Nook's Cranny (either upgrade tier) in the unique furniture slot,1.0.0,fitness,office,None,None,Yes,Sports,No,Does not play music,No lighting,For sale,FtrBalanceball_Remake_1_0,1_0,1598,62diNzf8rHWRxoutE
  poolside bed  ,Light brown,NA,Blue,Bed mat,No,No,Yes,2,3400,850,Beige,Blue,2x1,NA,Nook's Cranny,"Available in Nook's Cranny (upgraded only), in the unique furniture slot",1.0.0,ocean,expensive,None,None,Yes,Bed,Yes,Does not play music,No lighting,For sale,FtrPoolsidebed_Remake_0_2,0_2,4102,yPCxbFziEK7FjwqTz
  SHELL FOUNTAIN  ,Pink,Shell color,NA,NA,Yes,Yes,No,7,NFS,,Pink,Pink,1.5x1.5,NA,Crafting,,1.0.0,ocean,expensive,shell,None,Yes,Playground,Yes,Does not play music,No lighting,Not for sale,FtrShellFountain_Remake_2_0,2_0,3982,fCvctLtg9Yzwi2AJo
  wooden stool  ,Cherry wood,Paint color,None,Seat,Yes,Yes,Yes,2,NFS,480,Orange,Orange,1x1,NA,Crafting,,1.0.0,child's room,living room,wooden,None,Yes,Chair,No,Does not play music,No lighting,Not for sale,FtrWoodenStoolS_Remake_2_0,2_0,3449,Lsm4hiEMEZjxY4hSQ
  CHANGING ROOM  ,Blue,NA,Blue,Curtain,No,No,Yes,2,3700,925,Blue,Light blue,1x1,NA,Nook's Cranny,"Available in Nook's Cranny (upgraded only), in the unique furniture slot",1.0.0,shop,facility,None,None,Wardrobe,Shop,No,Does not play music,No lighting,For sale,FtrFittingroom_Remake_5_7,5_7,1816,AnJMEYY3Sq8ztgZLr
floor lamp,Natural,NA,Pink,Lampshade,No,No,Yes,1,1400,350,Beige,Pink,1x1,NA,Nook's Cranny,"Available in Nook's Cranny (upgraded only), in the unique furniture slot",1.0.0,living room,None,None,None,Yes,Lamp,No,Does not play music,Fluorescent,For sale,FtrLamp_Remake_0_2,0_2,2561,FXvypZuTSERWKgQjD
  WOODEN DOUBLE BED  ,Light wood,Paint color,Pink,Bedding,Yes,Yes,Yes,6,NFS,3600,Beige,Pink,2x2,NA,Crafting,,1.0.0,child's room,living room,wooden,None,Yes,Bed,No,Does not play music,No lighting,Not for sale,FtrWoodenBedW_Remake_0_1,0_1,7132,o7zB6xZoegog77DjS
  WOODEN DOUBLE BED  ,Black,Paint color,Pink,Bedding,Yes,Yes,Yes,6,,3600,Black,Pink,2x2,NA,Crafting,,1.0.0,child's room,living room,wooden,None,Yes,Bed,No,Does not play music,No lighting,Not for sale,FtrWoodenBedW_Remake_4_1,4_1,7132,ntFt8vLgQTz4nkMwr
DRINK MACHINE,Pink,NA,Sports drink,Advertisement panel,No,No,Yes,7,NFS,10000,Pink,Light blue,1x1,2000,Nook Miles Shop,,1.0.0,shop,facility,None,None,Yes,Facility Decor,Yes,Does not play music,Monitor,Not for sale,FtrDrinkmachine_Remake_5_1,5_1,1802,KKNbtA4LAciMe2hB8
  refrigerator  ,Silver,NA,None,Sticker area,No,No,Yes,2,5100,1275,Gray,Gray,1x1,NA,Nook's Cranny,"Available in Nook's Cranny (upgraded only), in the unique furniture slot",1.0.0,kitchen,shop,None,None,Wardrobe,Home Appliances,No,Does not play music,No lighting,For sale,FtrRefrigerator_Remake_7_0,7_0,2713,CpzMv6HyXRh8SLftm
double sofa,White,NA,NA,NA,No,No,No,NA,4300,1075,White,White,2x1,NA,Nook's Cranny,Available in Nook's Cranny (either upgrade tier) in the unique furniture slot,1.0.0,living room,None,None,None,Yes,Sofa,No,Does not play music,No lighting,For sale,FtrSofaL_Remake_4_0,4_0,2554,DrPRBrfarLR5Dg3hn
treadmill,Blue,NA,NA,NA,No,No,No,NA,64000,16000,Blue,Black,2x1,NA,Nook's Cranny,"Available in Nook's Cranny (upgraded only), in the third unique furniture slot",1.0.0,fitness,None,None,None,Yes,Sports,No,Does not play music,No lighting,For sale,FtrRunningmachine_Remake_2_0,2_0,290,9W4nececNgDoAAcSa
IMPERIAL DINING TABLE,Red,NA,NA,NA,No,No,No,NA,73000,18250,Red,Colorful,2x2,NA,Nook's Cranny,"Available in Nook's Cranny (upgraded only), in the third unique furniture slot",1.0.0,shop,zen-style,None,imperial dining,Yes,Table,No,Does not play music,No lighting,For sale,FtrLazysusan_Remake_0_0,0_0,7796,dc6hbmqv3dysCfYCk
  cardboard bed  ,Plain,Cardboard,NA,NA,Yes,Yes,No,1,,240,Yellow,Yellow,2x1,NA,Crafting,,1.0.0,garage,None,cardboard,None,Yes,Bed,No,Does not play music,No lighting,Not for sale,FtrCardboardBedS_Remake_0_0,0_0,7161,kmCyzX6mPQaGfXMtN
blossom-viewing lantern,Dark wood,Body color,NA,NA,Yes,Yes,No,4,NFS,,Brown,Pink,1x1,NA,Crafting,,1.0.0,zen-style,None,cherry blossoms,None,Yes,Lamp,Yes,Does not play music,Fluorescent,Not for sale,FtrSakuraLantern_Remake_0_0,0_0,6831,JdhjW3iq3t4P54BFe
Mr. Flamingo,Natural,NA,NA,NA,No,No,No,NA,3000,,Pink,Pink,1x1,NA,Nook's Cranny,Available in Nook's Cranny (either upgrade tier) in the unique furniture slot,1.0.0,garden,fancy,None,None,No,Animal,Yes,Does not play music,No lighting,For sale,FtrFlamingoMale_Remake_0_0,0_0,335,FgWdsFovNtHJWtzwY
shell partition,Yellow,Shell color,NA,NA,Yes,Yes,No,7,NFS,8000,Yellow,Yellow,2x1,NA,Crafting,,1.0.0,ocean,None,shell,None,No,Screen,Yes,Does not play music,No lighting,Not for sale,FtrShellScreen_Remake_3_0,3_0,3978,pmmiQ5oDwsfYQRtyx
  writing chair  ,Dark brown,NA,Yellow,Seat,No,No,Yes,1,1700,425,Brown,Yellow,1x1,NA,Nook's Cranny,Available in Nook's Cranny (either upgrade tier) in the unique furniture slot,1.0.0,child's room,None,None,writing,Yes,Chair,No,Does not play music,No lighting,For sale,FtrStudyChair_Remake_2_0,2_0,3702,8PnmhmrrdNXJ6H4wC
  OIL BARREL  ,Damaged,NA,NA,NA,No,No,No,NA,650,162,Brown,Brown,1x1,NA,Nook's Cranny,"Available in all tiers of shops, including Timmy & Tommy before the shop is opened",1.0.0,garage,None,None,None,No,Vehicle,Yes,Does not play music,No lighting,For sale,FtrDrumcan_Remake_7_0,7_0,1567,iBH8Y2jpScJXkbdpc
  electric guitar  ,Cosmo black,NA,Chic logo,Sticker area,No,No,Yes,7,71000,,Black,White,1x1,NA,Nook's Cranny,"Available in Nook's Cranny (upgraded only), in the third unique furniture slot",1.0.0,concert,None,None,None,Yes,Musical Instrument,No,Does not play music,No lighting,For sale,FtrElectricguitar2_Remake_6_2,6_2,1645,fDZZ3NpNk4rz6fcza
  wooden stool  ,Blue,Paint color,Pink,Seat,Yes,Yes,Yes,2,NFS,480,Blue,Pink,1x1,NA,Crafting,,1.0.0,child's room,living room,wooden,None,Yes,Chair,No,Does not play music,No lighting,Not for sale,FtrWoodenStoolS_Remake_6_2,6_2,3449,p9Ksb3eQEzuiW9p6E
fan,Pink,NA,NA,NA,No,No,No,NA,1700,425,Red,Red,1x1,NA,Nook's Cranny,Available in Nook's Cranny (either upgrade tier) in the unique furniture slot,1.0.0,living room,child's room,None,None,Yes,Fan,No,Does not play music,No lighting,For sale,FtrFan_Remake_3_0,3_0,3820,xeYmGE26Cmkq9EYfp
PARABOLIC ANTENNA,Red logo,NA,NA,NA,No,No,No,NA,NFS,20000,White,Red,3x3,4000,Nook Miles Shop,,1.0.0,facility,None,None,None,Yes,Outdoors Decor,Yes,Does not play music,No lighting,Not for sale,FtrParabolicantenna_Remake_1_0,1_0,2352,XoR378pNimPKhmskR
PAPER LANTERN,Dark wood,NA,Winter,Paper,No,No,Yes,1,,195,Brown,Gray,1x1,NA,Nook's Cranny,Available in Nook's Cranny (either upgrade tier) in the unique furniture slot,1.0.0,zen-style,None,None,None,Yes,Lamp,No,Does not play music,Candle,For sale,FtrLampJapan_Remake_1_4,1_4,725,2KGsDZaMzdLF8cAF4
  birdhouse  ,Natural,Paint color,NA,NA,Yes,Yes,No,2,NFS,840,Brown,Yellow,1x1,NA,Crafting,,1.0.0,garden,None,None,None,No,Animal,Yes,Does not play music,No lighting,Not for sale,FtrBirdhouse_Remake_0_0,0_0,333,mGicBAvZMQ4x4aeyh
  plain wooden shop sign  ,White,Sign,Pet,Flier,Yes,Yes,Yes,2,NFS,720,White,White,1x1,NA,Crafting,,1.0.0,garden,None,None,None,No,Vehicle,Yes,Does not play music,No lighting,Not for sale,FtrSignWood_Remake_1_0,1_0,3692,ksm5Chgd9za9XYboi
refrigerator,Black,NA,None,Sticker area,No,No,Yes,2,5100,1275,Black,Black,1x1,NA,Nook's Cranny,"Available in Nook's Cranny (upgraded only), in the unique furniture slot",1.0.0,kitchen,shop,None,None,Wardrobe,Home Appliances,No,Does not play music,No lighting,For sale,FtrRefrigerator_Remake_6_0,6_0,2713,6BFrWuGktGFRNToJz
illuminated present,Pink with green ribbon,Light color,NA,NA,Yes,Yes,No,4,NFS,2950,Pink,Green,1x1,NA,Crafting,,1.0.0,party,fancy,festive,None,Yes,Seasonal Decor,Yes,Does not play music,Fluorescent,Not for sale,FtrIllumiPresent_Remake_1_0,1_0,4108,BvDE932P46wPWRT7j
cute floor lamp,White,NA,NA,NA,No,No,No,NA,3500,,White,Pink,1x1,NA,Nook's Cranny,"Available in Nook's Cranny (upgraded only), in the unique furniture slot",1.0.0,fancy,None,cute,None,Yes,Lamp,No,Does not play music,Fluorescent,For sale,FtrCuteLamp_Remake_0_0,0_0,4002,a5RzgbET6vvZauvgt
  FAN  ,Black,NA,NA,NA,No,No,No,NA,1700,425,Black,Black,1x1,NA,Nook's Cranny,Available in Nook's Cranny (either upgrade tier) in the unique furniture slot,1.0.0,living room,child's room,None,None,Yes,Fan,No,Does not play music,No lighting,For sale,FtrFan_Remake_1_0,1_0,3820,PsQbLrRXNv9r94CZ5
upright locker,Black,NA,Pop,Sticker area,No,No,Yes,2,3700,925,Black,Colorful,1x1,NA,Nook's Cranny,Available in Nook's Cranny (either upgrade tier) in the unique furniture slot,1.0.0,school,facility,None,None,Wardrobe,Chest,No,Does not play music,No lighting,For sale,FtrLocker_Remake_2_3,2_3,833,8qsAqRbma7FbcXcxF
  Bunny Day arch  ,NA,NA,NA,NA,Yes,No,No,NA,NFS,4800,Colorful,Colorful,3x1,NA,Crafting,,1.1.0a,fancy,party,Bunny Day,None,No,Arch,No,Does not play music,No lighting,Not for sale,FtrEggArch,NA,12398,akQ7LJZftZ5ogRJqe
FLOOR SEAT,Natural,NA,Deep blue,Cushion,No,No,Yes,1,730,182,Brown,Blue,1x1,NA,Nook's Cranny,Available in Nook's Cranny (either upgrade tier) in the unique furniture slot,1.0.0,zen-style,child's room,None,None,Yes,Chair,No,Does not play music,No lighting,For sale,FtrFloorchair_Remake_0_3,0_3,3622,KD9tGwfbJNqSJK64b
sand castle,Natural sand,NA,NA,NA,No,No,No,NA,2100,525,Orange,Red,1x1,NA,Nook's Cranny,Available in Nook's Cranny (either upgrade tier) in the unique furniture slot,1.0.0,ocean,garden,None,None,No,Seaside,Yes,Does not play music,No lighting,For sale,FtrSandcastle_Remake_0_0,0_0,1117,i7RJv2qPab5Pucaz2
hay bed,Brown,Hay condition,NA,NA,Yes,Yes,No,1,NFS,400,Yellow,Yellow,2x1,NA,Crafting,,1.0.0,garden,None,None,None,Yes,Bed,Yes,Does not play music,No lighting,Not for sale,FtrHaybed_Remake_0_0,0_0,3675,xsuzxFctY9Aqr55ck
palm-tree lamp,Tropical,Variation,NA,NA,Yes,Yes,No,5,NFS,3280,Yellow,Green,1.5x1.5,NA,Crafting,,1.0.0,ocean,None,None,None,Yes,Lamp,Yes,Does not play music,Fluorescent,Not for sale,FtrPalmtreelamp_Remake_1_0,1_0,7259,JAgNduw4XizKA2M2j
DIGITAL SCALE,Green,NA,Black stripes,Design,No,No,Yes,1,930,232,Green,Gray,1x1,NA,Nook's Cranny,Available in Nook's Cranny (either upgrade tier) in the unique furniture slot,1.0.0,bathroom,None,None,None,No,Bathroom Things,No,Does not play music,No lighting,For sale,FtrWeightscale_Remake_5_3,5_3,3307,89WRQ5pEBoJXrCJvr
lawn mower,Red,NA,NA,NA,No,No,No,NA,,725,Red,White,1x1,NA,Nook's Cranny,Available in Nook's Cranny (either upgrade tier) in the unique furniture slot,1.0.0,garden,None,None,None,No,Garden,Yes,Does not play music,No lighting,For sale,FtrLawnmower_Remake_0_0,0_0,338,eun7RrZhpSYkNrdfB
  FLOOR SEAT  ,Dark wood,NA,Pale grass green,Cushion,No,No,Yes,1,730,182,Red,Green,1x1,NA,Nook's Cranny,Available in Nook's Cranny (either upgrade tier) in the unique furniture slot,1.0.0,zen-style,child's room,None,None,Yes,Chair,No,Does not play music,No lighting,For sale,FtrFloorchair_Remake_2_0,2_0,3622,FAcxLtbtKSERoDjHP
serving cart,Brown,NA,NA,NA,No,No,No,NA,1300,325,Brown,Brown,1x1,NA,Nook's Cranny,Available in Nook's Cranny (either upgrade tier) in the unique furniture slot,1.0.0,kitchen,shop,None,None,No,Kitchen Things,No,Does not play music,No lighting,For sale,FtrServingcart_Remake_1_0,1_0,1606,YJY35LRvtezzx7edn
OIL-BARREL BATHTUB,Green,Barrel color,NA,NA,Yes,Yes,No,1,NFS,655,Green,Green,1x1,NA,Crafting,,1.0.0,bathroom,None,None,None,Yes,Bathtub,Yes,Does not play music,No lighting,Not for sale,FtrDrumcanbath_Remake_1_0,1_0,3819,MGiqeTxYM6pPPFsYw
  diner counter chair  ,Red,NA,NA,NA,No,No,No,NA,1100,275,Gray,Red,1x1,NA,Nook's Cranny,"Available in Nook's Cranny (upgraded only), in the unique furniture slot",1.0.0,shop,None,diner,None,Yes,Chair,No,Does not play music,No lighting,For sale,FtrAmeretroCounterchair_Remake_0_0,0_0,4138,u7mxp2iojhAh5eTfq
  WOODEN-BLOCK BENCH  ,Colorful,Block color,NA,NA,Yes,Yes,No,2,NFS,840,Yellow,Colorful,2x1,NA,Crafting,,1.0.0,child's room,None,wooden block,None,Yes,Sofa,No,Does not play music,No lighting,Not for sale,FtrBlockChairL_Remake_2_0,2_0,1559,Cr6BYFDtEJZFd99Jh
  simple panel  ,Copper,NA,Lattice,Panel design,No,No,Yes,1,810,202,Brown,White,1x0.5,NA,Nook's Cranny,Available in Nook's Cranny (either upgrade tier) in the unique furniture slot,1.0.0,facility,None,None,None,No,Screen,No,Does not play music,No lighting,For sale,FtrScreenSimple_Remake_5_4,5_4,5338,FqNKL8TTL3rN6LcS9
ZEN CUSHION,NA,NA,Deep green,Upholstery,No,No,Yes,1,500,125,Green,Green,1x1,NA,Nook's Cranny,Available in Nook's Cranny (either upgrade tier) in the unique furniture slot,1.0.0,zen-style,living room,None,None,Yes,Chair,No,Does not play music,No lighting,For sale,FtrCushionJapan_Remake_0_3,0_3,7047,AtezcjgkcyTANyfPu
ironwood bed,Teak,Lumber type,Brown,Bedding,Yes,Yes,Yes,8,NFS,9900,Orange,Brown,2x1,NA,Crafting,,1.0.0,living room,None,ironwood,None,Yes,Bed,No,Does not play music,No lighting,Not for sale,FtrIronwoodBedS_Remake_1_2,1_2,3200,H8uw4eh7Qzqc4CFMS
flower stand,White,Variation,NA,NA,Yes,Yes,No,4,NFS,2880,White,Green,1.5x1.5,NA,Crafting,,1.0.0,party,None,None,None,No,Plants,No,Does not play music,No lighting,Not for sale,FtrStandflower_Remake_6_0,6_0,7527,PMaHt86wJE9MtfKhB
  DJ's turntable  ,Pink,NA,Handwritten logo,Flag,No,No,Yes,4,9300,2325,Pink,Light blue,2x1,NA,Nook's Cranny,"Available in Nook's Cranny (upgraded only), in the unique furniture slot",1.0.0,party,concert,None,None,Yes,Musical Instrument,No,Hi-fi,No lighting,For sale,FtrDJbooth_Remake_3_5,3_5,941,fDurnLfo99gTz4Mec
ROCK GUITAR,Cool blue,NA,Rock logo,Sticker area,No,No,Yes,2,3100,775,Blue,Purple,1x1,NA,Nook's Cranny,Available in Nook's Cranny (either upgrade tier) in the unique furniture slot,1.0.0,concert,None,None,None,Yes,Musical Instrument,No,Does not play music,No lighting,For sale,FtrElectricguitar1_Remake_7_3,7_3,1644,NveNGKWiTkPpHDJyK
electric guitar,Cherry,NA,Emblem logo,Sticker area,No,No,Yes,7,71000,17750,Red,Green,1x1,NA,Nook's Cranny,"Available in Nook's Cranny (upgraded only), in the third unique furniture slot",1.0.0,concert,None,None,None,Yes,Musical Instrument,No,Does not play music,No lighting,For sale,FtrElectricguitar2_Remake_2_4,2_4,1645,5QJHByKWvdLJHyZDq
cone,Reflective stripes,NA,NA,NA,No,No,No,NA,630,157,Red,White,1x1,NA,Nook's Cranny,Available in Nook's Cranny (either upgrade tier) in the unique furniture slot,1.0.0,facility,garage,None,None,No,Vehicle,Yes,Does not play music,No lighting,For sale,FtrPylon_Remake_6_0,6_0,146,P3c6RxCHxY96HbG93
  mama bear  ,Choco,NA,Red stripes,Shirt,No,No,Yes,1,,575,Brown,Red,1x1,NA,Nook's Cranny,Available in Nook's Cranny (either upgrade tier) in the unique furniture slot,1.0.0,fancy,child's room,None,bear,No,Animal,No,Does not play music,No lighting,For sale,FtrBearM_Remake_2_1,2_1,1500,SuvHqJo69uRSMjysi
parabolic antenna,Green logo,NA,NA,NA,No,No,No,NA,NFS,20000,White,Green,3x3,4000,Nook Miles Shop,,1.0.0,facility,None,None,None,Yes,Outdoors Decor,Yes,Does not play music,No lighting,Not for sale,FtrParabolicantenna_Remake_2_0,2_0,2352,SjcMvuwygWbaubxJm
outdoor table,Blue,NA,Dark wood,Table,No,No,Yes,1,,550,Blue,Brown,2x1,NA,Nook's Cranny,Available in Nook's Cranny (either upgrade tier) in the unique furniture slot,1.0.0,outdoors,None,None,None,No,Table,Yes,Does not play music,No lighting,For sale,FtrOutdoortableM_Remake_3_6,3_6,3946,deNb5KcsLXcY9wmMo
simple panel,Black,NA,Lined panel,Panel design,No,No,Yes,1,810,,Black,White,1x0.5,NA,Nook's Cranny,Available in Nook's Cranny (either upgrade tier) in the unique furniture slot,1.0.0,facility,None,None,None,No,Screen,No,Does not play music,No lighting,For sale,FtrScreenSimple_Remake_1_1,1_1,5338,EoTWNbECs76ZkdncC
wedding head table,Chic,Design,NA,NA,No,Yes,No,1,3000,750,Beige,White,2x1,NA,Wedding Season,,1.2.0,party,expensive,wedding,None,No,Table,No,Does not play music,No lighting,Not for sale,FtrWeddingTableM_Remake_1_0,1_0,12404,87WEZHegNXS3Zk4Ag
WOODEN SIMPLE BED,Green,Paint color,Pink,Bedding,Yes,Yes,Yes,4,NFS,2160,Green,Pink,2x1,NA,Crafting,,1.0.0,child's room,living room,wooden,None,Yes,Bed,No,Does not play music,No lighting,Not for sale,FtrWoodenBedS_Remake_5_1,5_1,2605,bMG9YRN3E6AdTKu9w
  pile of zen cushions  ,NA,NA,Crane,Upholstery,Yes,No,Yes,2,,750,Red,Red,1x1,NA,Crafting,,1.0.0,zen-style,living room,None,None,Yes,Chair,No,Does not play music,No lighting,Not for sale,FtrCushionJapanPile_Remake_0_5,0_5,7048,SfpFEbHmYvidcoiKY
  Mama bear  ,Floral,NA,Yellow stripes,Shirt,No,No,Yes,1,2300,,White,Yellow,1x1,NA,Nook's Cranny,Available in Nook's Cranny (either upgrade tier) in the unique furniture slot,1.0.0,fancy,child's room,None,bear,No,Animal,No,Does not play music,No lighting,For sale,FtrBearM_Remake_3_3,3_3,1500,ECFK9SPzPqJYnQ95A
  WEDDING FLOWER STAND  ,Cute,Design,NA,NA,No,Yes,No,2,4000,1000,Pink,White,1x1,NA,Wedding Season,,1.2.0,party,expensive,wedding,None,No,Plants,No,Does not play music,No lighting,Not for sale,FtrWeddingFlower_Remake_0_0,0_0,12411,u3qMDdrk4XLZu2BMm
  teacup ride  ,Gorgeous,NA,NA,NA,No,No,No,NA,,25000,Colorful,Yellow,3x3,5000,Nook Miles Shop,,1.0.0,facility,fancy,None,None,Yes,Playground,Yes,Does not play music,No lighting,Not for sale,FtrTurncup_Remake_1_0,1_0,1507,foL22mYM7e9PnSxqg
HAY BED,Green,Hay condition,NA,NA,Yes,Yes,No,1,NFS,400,Green,Green,2x1,NA,Crafting,,1.0.0,garden,None,None,None,Yes,Bed,Yes,Does not play music,No lighting,Not for sale,FtrHaybed_Remake_2_0,2_0,3675,SWZu5H2iyt3QQkHYW
camping cot,Snow camouflage,NA,NA,NA,No,No,No,NA,1800,450,Gray,Black,2x1,NA,Starting items,,1.0.0,outdoors,None,None,None,Yes,Bed,Yes,Does not play music,No lighting,For sale,FtrCampbed_Remake_4_0,4_0,4081,2eHwvk2KGEn5yiwbK
LOG BENCH,White wood,Lumber type,NA,NA,Yes,Yes,No,1,,600,Beige,Beige,2x1,NA,Crafting,,1.0.0,garden,None,log,None,Yes,Sofa,Yes,Does not play music,No lighting,Not for sale,FtrLogStoolL_Remake_2_0,2_0,4042,YkfgE6cbA7qwEWqjB
DINER COUNTER CHAIR,Aquamarine,NA,NA,NA,No,No,No,NA,1100,275,Gray,Light blue,1x1,NA,Nook's Cranny,"Available in Nook's Cranny (upgraded only), in the unique furniture slot",1.0.0,shop,None,diner,None,Yes,Chair,No,Does not play music,No lighting,For sale,FtrAmeretroCounterchair_Remake_3_0,3_0,4138,Whi6TgxJnFad83o2w
illuminated tree,White,Light color,NA,NA,Yes,Yes,No,7,NFS,6700,White,White,2x2,NA,Crafting,,1.0.0,party,fancy,festive,None,Yes,Seasonal Decor,Yes,Does not play music,Fluorescent,Not for sale,FtrIllumiTree_Remake_4_0,4_0,4066,x4yeHmoPA4sHKCaMw
mama bear,Floral,NA,Red stripes,Shirt,No,No,Yes,1,2300,575,White,Red,1x1,NA,Nook's Cranny,Available in Nook's Cranny (either upgrade tier) in the unique furniture slot,1.0.0,fancy,child's room,None,bear,No,Animal,No,Does not play music,No lighting,For sale,FtrBearM_Remake_3_1,3_1,1500,vXQhgeXwCPnBgqF9p
  popcorn machine  ,Blue,NA,NA,NA,No,No,No,NA,4900,1225,Blue,Light blue,1x1,NA,Nook's Cranny,Available in Nook's Cranny (either upgrade tier) in the unique furniture slot,1.0.0,facility,party,None,None,Yes,Shop,Yes,Does not play music,No lighting,For sale,FtrPopcornmachine_Remake_3_0,3_0,1092,TDsrhY9xPFWtyez4Z
  SIMPLE WELL  ,NA,NA,NA,NA,Yes,No,No,NA,NFS,2850,Gray,Gray,2x2,NA,Crafting,,1.0.0,garden,horror,None,None,No,Garden,Yes,Does not play music,No lighting,Not for sale,FtrWell,NA,2754,cNHnxeghFMfx9dumk
oil-barrel bathtub,Retro,Barrel color,NA,NA,Yes,Yes,No,1,NFS,655,Brown,Brown,1x1,NA,Crafting,,1.0.0,bathroom,None,None,None,Yes,Bathtub,Yes,Does not play music,No lighting,Not for sale,FtrDrumcanbath_Remake_5_0,5_0,3819,qpXCEohLo8gBMxprh
  school chair  ,Beige & green,NA,NA,NA,No,No,No,NA,980,245,Beige,Green,1x1,NA,Nook's Cranny,Available in Nook's Cranny (either upgrade tier) in the unique furniture slot,1.0.0,school,None,None,school,Yes,Chair,No,Does not play music,No lighting,For sale,FtrSchoolChairS_Remake_5_0,5_0,1308,pEr6cDMn37RijGCXW
  Mama bear  ,Checkered,NA,Blue stripes,Shirt,No,No,Yes,1,2300,575,Gray,Blue,1x1,NA,Nook's Cranny,Available in Nook's Cranny (either upgrade tier) in the unique furniture slot,1.0.0,fancy,child's room,None,bear,No,Animal,No,Does not play music,No lighting,For sale,FtrBearM_Remake_4_2,4_2,1500,EZTJGq95kRKLgEwvA
  SIMPLE PANEL  ,Light gray,NA,Horizontal planks,Panel design,No,No,Yes,1,810,202,Gray,Brown,1x0.5,NA,Nook's Cranny,Available in Nook's Cranny (either upgrade tier) in the unique furniture slot,1.0.0,facility,None,None,None,No,Screen,No,Does not play music,No lighting,For sale,FtrScreenSimple_Remake_0_3,0_3,5338,eYqmLG3yZjJGc2Gvz
  kitty litter box  ,White,NA,NA,NA,No,No,No,NA,1100,275,White,Orange,1x1,NA,Nook's Cranny,Available in Nook's Cranny (either upgrade tier) in the unique furniture slot,1.0.0,living room,None,None,pet,No,Bathroom Things,No,Does not play music,No lighting,For sale,FtrPetWC_Remake_0_0,0_0,7803,ptbiTGQkPKiSAYECu
CLOTHESLINE,NA,NA,Blue stripes,Drying shirt,Yes,No,Yes,2,,100,Brown,Blue,2x0.5,NA,Crafting,,1.0.0,garden,None,None,None,No,Supplies,Yes,Does not play music,No lighting,Not for sale,FtrClothesline_Remake_0_2,0_2,3229,5ijmxpyyoHK8QGdFn
DEN DESK,Red wood,NA,NA,NA,No,No,No,NA,10000,2500,Brown,Brown,2x1,NA,Nook's Cranny,"Available in Nook's Cranny (upgraded only), in the unique furniture slot",1.0.0,den,None,None,den,No,Desk,No,Does not play music,No lighting,For sale,FtrDrawingTable_Remake_2_0,2_0,3783,CZNCDitwhehpnBbTw
  FROZEN BED  ,Ice pink,Illumination,Dark brown,Bedding,Yes,Yes,Yes,8,,9000,Pink,Brown,2x2,NA,Crafting,,1.0.0,freezing cold,None,frozen,None,Yes,Bed,Yes,Does not play music,No lighting,Not for sale,FtrIceBedW_Remake_2_3,2_3,3502,2mhsQTiaiafJ5zzfq
  simple panel  ,Black,NA,Concrete,Panel design,No,No,Yes,1,810,202,Black,Gray,1x0.5,NA,Nook's Cranny,Available in Nook's Cranny (either upgrade tier) in the unique furniture slot,1.0.0,facility,None,None,None,No,Screen,No,Does not play music,No lighting,For sale,FtrScreenSimple_Remake_1_6,1_6,5338,eQFJ8ZwWgbvpESf5k
vintage TV tray,Silver,NA,Natural wood,Tray,No,No,Yes,1,1200,300,Gray,Brown,1x1,NA,Nook's Cranny,Available in Nook's Cranny (either upgrade tier) in the unique furniture slot,1.0.0,living room,None,None,None,No,Table,No,Does not play music,No lighting,For sale,FtrTVtray_Remake_1_3,1_3,4445,bjyKq8gozXb94bfks
wooden simple bed,Blue,Paint color,Pink,Bedding,Yes,Yes,Yes,4,NFS,2160,Blue,Pink,2x1,NA,Crafting,,1.0.0,child's room,living room,wooden,None,Yes,Bed,No,Does not play music,No lighting,Not for sale,FtrWoodenBedS_Remake_6_1,6_1,2605,2ibrMXMG5sns4BKaN
  bamboo stopblock  ,Green bamboo,Bamboo,NA,NA,Yes,Yes,No,1,NFS,,Green,Black,1x0.5,NA,Crafting,,1.0.0,zen-style,None,bamboo,None,No,Vehicle,Yes,Does not play music,No lighting,Not for sale,FtrBambooCarstop_Remake_0_0,0_0,3556,evenswKam93cbDeao
  acoustic guitar  ,Pink,Body,NA,NA,Yes,Yes,No,5,NFS,3210,Pink,White,1x1,NA,Crafting,,1.0.0,music,None,None,None,Yes,Musical Instrument,No,Does not play music,No lighting,Not for sale,FtrAcorsticguitar_Remake_6_0,6_0,383,NWv9CJfSPtBTKoL4B
  wave breaker  ,NA,NA,NA,NA,Yes,No,No,NA,NFS,3500,Gray,Gray,2x2,NA,Crafting,,1.0.0,ocean,None,None,None,No,Seaside,Yes,Does not play music,No lighting,Not for sale,FtrTetrapod,NA,665,uLNLT63X3S5kEC8nB
clothes closet,Pink,NA,NA,NA,No,No,No,NA,3100,775,Pink,Pink,1x1,NA,Nook's Cranny,Available in Nook's Cranny (either upgrade tier) in the unique furniture slot,1.0.0,living room,None,None,None,Wardrobe,Chest,No,Does not play music,No lighting,For sale,FtrFashioncase_Remake_4_0,4_0,9502,pZAx76tduTmLH7mZw
low screen,Light brown,NA,Summer,Screen,No,No,Yes,1,870,217,Beige,Blue,1x0.5,NA,Nook's Cranny,Available in Nook's Cranny (either upgrade tier) in the unique furniture slot,1.0.0,zen-style,None,None,None,No,Japanese Style,No,Does not play music,No lighting,For sale,FtrScreenJapanLow_Remake_0_2,0_2,1029,YndT2v92edTr4EY3w
WATER PUMP,Black,Body color,NA,NA,Yes,Yes,No,4,NFS,2700,Black,Beige,1x1,NA,Crafting,,1.0.0,garden,None,None,None,Yes,Garden,Yes,Does not play music,No lighting,Not for sale,FtrHandpump_Remake_1_0,1_0,2326,fjtkzJ5rekjFro5iW
  refrigerator  ,Black,NA,Cute,Sticker area,No,No,Yes,2,5100,1275,Black,Pink,1x1,NA,Nook's Cranny,"Available in Nook's Cranny (upgraded only), in the unique furniture slot",1.0.0,kitchen,shop,None,None,Wardrobe,Home Appliances,No,Does not play music,No lighting,For sale,FtrRefrigerator_Remake_6_1,6_1,2713,K73KeKMxSEvBkWJAx
  TATAMI BED  ,Light brown,NA,NA,NA,No,No,No,NA,2800,700,White,Green,2x1,NA,Nook's Cranny,Available in Nook's Cranny (either upgrade tier) in the unique furniture slot,1.0.0,zen-style,None,None,None,Yes,Bed,No,Does not play music,No lighting,For sale,FtrTatamiBedS_Remake_3_0,3_0,7391,PKXEjASeniqoqh8iJ
  MAMA BEAR  ,Choco,NA,Yellow stripes,Shirt,No,No,Yes,1,2300,575,Brown,Yellow,1x1,NA,Nook's Cranny,Available in Nook's Cranny (either upgrade tier) in the unique furniture slot,1.0.0,fancy,child's room,None,bear,No,Animal,No,Does not play music,No lighting,For sale,FtrBearM_Remake_2_3,2_3,1500,hKAKqsecmEToav7Sg
ironwood chair,Oak,Lumber type,NA,NA,Yes,Yes,No,3,NFS,1860,Orange,White,1x1,NA,Crafting,,1.0.0,living room,None,ironwood,None,Yes,Chair,No,Does not play music,No lighting,Not for sale,FtrIronwoodChairS_Remake_4_0,4_0,3193,G9f3sQw8RbYSq9NjW
  DIGITAL SCALE  ,Red,NA,Black stripes,Design,No,No,Yes,1,930,232,Red,Gray,1x1,NA,Nook's Cranny,Available in Nook's Cranny (either upgrade tier) in the unique furniture slot,1.0.0,bathroom,None,None,None,No,Bathroom Things,No,Does not play music,No lighting,For sale,FtrWeightscale_Remake_2_3,2_3,3307,nuqvkq2qjJxZqTJuC
REFRIGERATOR,Silver,NA,Cute,Sticker area,No,No,Yes,2,5100,1275,Gray,Pink,1x1,NA,Nook's Cranny,"Available in Nook's Cranny (upgraded only), in the unique furniture slot",1.0.0,kitchen,shop,None,None,Wardrobe,Home Appliances,No,Does not play music,No lighting,For sale,FtrRefrigerator_Remake_7_1,7_1,2713,bo7CKWWkjE7PHSQNA
  wooden full-length mirror  ,White wood,Paint color,NA,NA,Yes,Yes,No,2,NFS,1350,Beige,Beige,1x1,NA,Crafting,,1.0.0,child's room,living room,wooden,None,Yes,Dresser,No,Does not play music,No lighting,Not for sale,FtrWoodenMirror_Remake_1_0,1_0,7137,79erXazMRLR8xNeGc
wild log bench,White birch,Lumber type,NA,NA,Yes,Yes,No,2,NFS,960,White,Beige,2x1,NA,Crafting,,1.0.0,garden,None,log,None,Yes,Chair,Yes,Does not play music,No lighting,Not for sale,FtrWoodBench_Remake_3_0,3_0,5972,3n75ifAYZfQLoDaHR
  wedding pipe organ  ,Natural,Body color,NA,NA,No,Yes,No,7,100000,25000,Yellow,Black,2x1,NA,Wedding Season,,1.2.0,party,expensive,wedding,None,Yes,Musical Instrument,No,Does not play music,No lighting,Not for sale,FtrWeddingOrgan_Remake_2_0,2_0,12409,XjdXEoGhmTDvoqbXd
  retro gas pump  ,Retro,NA,Black retro,Lamp,No,No,Yes,1,2700,675,Brown,Yellow,1x1,NA,Nook's Cranny,Available in Nook's Cranny (either upgrade tier) in the unique furniture slot,1.0.0,garden,shop,diner,None,Yes,Vehicle,Yes,Does not play music,No lighting,For sale,FtrAmeretroGasstand_Remake_5_2,5_2,4140,yHAAxQb6RobbQMnEy
digital scale,Green,NA,Polka dots,Design,No,No,Yes,1,930,232,Green,Green,1x1,NA,Nook's Cranny,Available in Nook's Cranny (either upgrade tier) in the unique furniture slot,1.0.0,bathroom,None,None,None,No,Bathroom Things,No,Does not play music,No lighting,For sale,FtrWeightscale_Remake_5_2,5_2,3307,dcHRcHCpuR5D4JK4J
changing room,Brown,NA,Yellow,Curtain,No,No,Yes,2,3700,925,Orange,Yellow,1x1,NA,Nook's Cranny,"Available in Nook's Cranny (upgraded only), in the unique furniture slot",1.0.0,shop,facility,None,None,Wardrobe,Shop,No,Does not play music,No lighting,For sale,FtrFittingroom_Remake_2_3,2_3,1816,jtW7atCYG4MFzjjoH
baby chair,Green,NA,Butterfly,Cushion,No,No,Yes,1,1200,300,Green,Orange,1x1,NA,Nook's Cranny,Available in Nook's Cranny (either upgrade tier) in the unique furniture slot,1.0.0,child's room,None,None,None,Yes,Chair,No,Does not play music,No lighting,For sale,FtrBabychair_Remake_3_2,3_2,3305,AAvLv8NDKAbmDAn5n
ROCK GUITAR,Chic white,NA,Emblem logo,Sticker area,No,No,Yes,2,3100,775,White,Green,1x1,NA,Nook's Cranny,Available in Nook's Cranny (either upgrade tier) in the unique furniture slot,1.0.0,concert,None,None,None,Yes,Musical Instrument,No,Does not play music,No lighting,For sale,FtrElectricguitar1_Remake_6_4,6_4,1644,qvhLpMK9cqEpfeXTx
  tire toy  ,Red,Tire color,NA,NA,Yes,Yes,No,1,NFS,20,Red,Red,1x1,NA,Crafting,,1.0.0,garden,None,None,None,Yes,Playground,Yes,Does not play music,No lighting,Not for sale,FtrPlayingtire_Remake_1_0,1_0,2329,iXK9Ptsw7x9cPBnL8
  giant teddy bear  ,Floral,Fabric,None,Ribbon,Yes,Yes,Yes,8,NFS,,Yellow,Colorful,3x3,NA,Crafting,,1.0.0,fancy,child's room,None,bear,No,Animal,No,Does not play music,No lighting,Not for sale,FtrBearXL_Remake_3_0,3_0,1504,abAGTkzf2wsWsJEHu
mum cushion,Red,Flower color,NA,NA,Yes,Yes,No,1,NFS,440,Red,Red,1x1,NA,Crafting,,1.0.0,fancy,None,flowers,None,Yes,Chair,No,Does not play music,No lighting,Not for sale,FtrFlowerStoolS_Remake_1_0,1_0,7232,AF8vTNyRftjx8K28Z
imperial bed,Brown,NA,NA,NA,No,No,No,NA,23000,,Brown,Yellow,2x2,NA,Nook's Cranny,"Available in Nook's Cranny (upgraded only), in the third unique furniture slot",1.0.0,zen-style,None,zen,None,Yes,Bed,No,Does not play music,No lighting,For sale,FtrOrientalBedW_Remake_2_0,2_0,3973,dY7DrGHzveJDu4koW
PIANO BENCH,Green,NA,NA,NA,No,No,No,NA,,247,Green,Brown,1x1,NA,Nook's Cranny,Available in Nook's Cranny (either upgrade tier) in the unique furniture slot,1.0.0,music,None,None,None,Yes,Chair,No,Does not play music,No lighting,For sale,FtrPianochair_Remake_5_0,5_0,3681,FW4ZawMehjh7Dyoxq
  stonehenge  ,NA,NA,NA,NA,No,No,No,NA,NFS,2300,Gray,Gray,3x3,NA,Gulliver,,1.0.0,folk art,garden,None,None,No,Folk Craft Decor,Yes,Does not play music,No lighting,Not for sale,FtrStonehenge,NA,7043,FoenEijjZjiHZxsag
  mini diy workbench  ,Ash brown,Paint color,NA,NA,Yes,Yes,No,4,NFS,2580,Brown,White,1x1,NA,Crafting,,1.0.0,garage,None,None,None,Workbench,Work Bench,No,Does not play music,No lighting,Not for sale,FtrWorkbenchS_Remake_2_0,2_0,3122,ppwPAvtvaauBQ8Pcx
log dining table,Dark wood,Lumber type,Geometric print,Placemats,Yes,Yes,Yes,4,NFS,1800,Brown,Colorful,2x2,NA,Crafting,,1.0.0,garden,living room,log,None,No,Table,No,Does not play music,No lighting,Not for sale,FtrLogTableL_Remake_0_2,0_2,4040,rTgtiQugyiTEgEr88
MOUNTAIN BIKE,Pink,NA,NA,NA,No,No,No,NA,5100,1275,Pink,Black,2x1,NA,Nook's Cranny,Available in Nook's Cranny (either upgrade tier) in the unique furniture slot,1.0.0,fitness,garden,None,None,No,Sports,Yes,Does not play music,No lighting,For sale,FtrMountainbike_Remake_2_0,2_0,2614,DuZc4BLoNC5qHbDpt
  drink machine  ,Red,NA,Cute,Advertisement panel,No,No,Yes,7,NFS,,Red,White,1x1,2000,Nook Miles Shop,,1.0.0,shop,facility,None,None,Yes,Facility Decor,Yes,Does not play music,Monitor,Not for sale,FtrDrinkmachine_Remake_0_3,0_3,1802,Rs5vhnfy6FfMnfafs
WHEELCHAIR,NA,NA,Beige,Seat,No,No,Yes,1,2700,675,Black,Beige,1x1,NA,Nook's Cranny,Available in Nook's Cranny (either upgrade tier) in the unique furniture slot,1.0.0,facility,None,None,None,Yes,Chair,No,Does not play music,No lighting,For sale,FtrWheelchair_Remake_0_3,0_3,3444,No4Jj34YGBjtHv2Bg
  CHANGING ROOM  ,Beige,NA,Blue,Curtain,No,No,Yes,2,,925,Yellow,Light blue,1x1,NA,Nook's Cranny,"Available in Nook's Cranny (upgraded only), in the unique furniture slot",1.0.0,shop,facility,None,None,Wardrobe,Shop,No,Does not play music,No lighting,For sale,FtrFittingroom_Remake_1_7,1_7,1816,8oWjcCYKdLuAmDkNX
simple panel,Light gray,NA,Concrete,Panel design,No,No,Yes,1,810,202,Gray,Gray,1x0.5,NA,Nook's Cranny,Available in Nook's Cranny (either upgrade tier) in the unique furniture slot,1.0.0,facility,None,None,None,No,Screen,No,Does not play music,No lighting,For sale,FtrScreenSimple_Remake_0_6,0_6,5338,2idHE6oTm6kQuYcnx
  speed bag  ,Blue,NA,NA,NA,No,No,No,NA,3500,875,Blue,White,1x1,NA,Nook's Cranny,Available in Nook's Cranny (either upgrade tier) in the unique furniture slot,1.0.0,fitness,None,None,None,Yes,Sports,No,Does not play music,No lighting,For sale,FtrSpeedbag_Remake_1_0,1_0,7653,nBKoHEFk2mcNfomPM
  streetlamp  ,White,NA,NA,NA,No,No,No,NA,,5000,White,White,1x1,1000,Nook Miles Shop,,1.0.0,garden,None,None,None,Yes,Lamp,Yes,Does not play music,Fluorescent,Not for sale,FtrStreetlamp_Remake_2_0,2_0,3816,rMoBvjBx8Zao7HGnc
scattered papers,NA,NA,Essays,Writing,Yes,No,Yes,2,NFS,400,White,Green,1.5x1.5,NA,Crafting,,1.0.0,den,office,None,None,Yes,Study,No,Does not play music,No lighting,Not for sale,FtrFloorpapers_Remake_0_0,0_0,4034,vfQBFJrut86FQKEX8
garden bench,Silver,Variation,NA,NA,Yes,Yes,No,6,NFS,4440,Brown,Gray,2x1,NA,Crafting,,1.0.0,garden,None,None,None,Yes,Sofa,Yes,Does not play music,No lighting,Not for sale,FtrParkbenche_Remake_4_0,4_0,3509,w8GTsqxwKwhF3YZTu
SIMPLE PANEL,White,NA,Mud wall,Panel design,No,No,Yes,1,810,202,White,Beige,1x0.5,NA,Nook's Cranny,Available in Nook's Cranny (either upgrade tier) in the unique furniture slot,1.0.0,facility,None,None,None,No,Screen,No,Does not play music,No lighting,For sale,FtrScreenSimple_Remake_2_5,2_5,5338,BJbrC3oALSzqabL3Q
mini DIY workbench,Pink,Paint color,NA,NA,Yes,Yes,No,4,NFS,2580,Pink,White,1x1,NA,Crafting,,1.0.0,garage,None,None,None,Workbench,Work Bench,No,Does not play music,No lighting,Not for sale,FtrWorkbenchS_Remake_7_0,7_0,3122,QMkbq6NeFTcdKrFJR
  ZEN CUSHION  ,NA,NA,Gold,Upholstery,No,No,Yes,1,500,,Yellow,Purple,1x1,NA,Nook's Cranny,Available in Nook's Cranny (either upgrade tier) in the unique furniture slot,1.0.0,zen-style,living room,None,None,Yes,Chair,No,Does not play music,No lighting,For sale,FtrCushionJapan_Remake_0_6,0_6,7047,X3nR3rYjXqpKSKRQN
wooden simple bed,Light wood,Paint color,Pink,Bedding,Yes,Yes,Yes,4,NFS,2160,Beige,Pink,2x1,NA,Crafting,,1.0.0,child's room,living room,wooden,None,Yes,Bed,No,Does not play music,No lighting,Not for sale,FtrWoodenBedS_Remake_0_1,0_1,2605,APBR89XQzDaRvwXPj
Mama bear,Caramel mocha,NA,Blue stripes,Shirt,No,No,Yes,1,2300,575,Beige,Blue,1x1,NA,Nook's Cranny,Available in Nook's Cranny (either upgrade tier) in the unique furniture slot,1.0.0,fancy,child's room,None,bear,No,Animal,No,Does not play music,No lighting,For sale,FtrBearM_Remake_1_2,1_2,1500,EcBCAxJy7hreYrxCf
ironing board,NA,NA,Stripes,Ironing board,No,No,Yes,1,,,Black,Light blue,1x1,NA,Nook's Cranny,Available in Nook's Cranny (either upgrade tier) in the unique furniture slot,1.0.0,living room,None,None,None,No,Home Appliances,No,Does not play music,No lighting,For sale,FtrIronstand_Remake_0_0,0_0,7531,uPXasx6qobz3jSzdo
  teacup ride  ,Pastel,NA,NA,NA,No,No,No,NA,NFS,25000,Colorful,White,3x3,5000,Nook Miles Shop,,1.0.0,facility,fancy,None,None,Yes,Playground,Yes,Does not play music,No lighting,Not for sale,FtrTurncup_Remake_2_0,2_0,1507,Ma5NMvSX6ATgwNuDn
CONSTRUCTION SIGN,Construction warning,NA,NA,NA,No,No,No,NA,NFS,5000,Orange,Black,1x1,1000,Nook Miles Shop,,1.0.0,garage,facility,None,None,No,Vehicle,Yes,Does not play music,No lighting,Not for sale,FtrSignConstruction_Remake_4_0,4_0,9568,JrCEBHapHgPh4ftpm
  exercise bike  ,White,NA,NA,NA,No,No,No,NA,4800,,White,Black,1x1,NA,Nook's Cranny,"Available in Nook's Cranny (upgraded only), in the unique furniture slot",1.0.0,fitness,None,None,None,Yes,Sports,No,Does not play music,No lighting,For sale,FtrExercisebike_Remake_3_0,3_0,287,xjsA3eQfqPZmkTmc9
refrigerator,Red,NA,Fruits,Sticker area,No,No,Yes,2,5100,1275,Red,Green,1x1,NA,Nook's Cranny,"Available in Nook's Cranny (upgraded only), in the unique furniture slot",1.0.0,kitchen,shop,None,None,Wardrobe,Home Appliances,No,Does not play music,No lighting,For sale,FtrRefrigerator_Remake_1_3,1_3,2713,56xk4Qaec6NbBpifj
  GRAND PIANO  ,Cherry,NA,NA,NA,No,No,No,NA,260000,65000,Orange,White,2x2,NA,Nook's Cranny,"Available in Nook's Cranny (upgraded only), in the third unique furniture slot",1.0.0,music,expensive,None,None,Yes,Musical Instrument,No,Does not play music,No lighting,For sale,FtrPianoGrand_Remake_3_0,3_0,1875,3psFACfNNmkMSRY8u
illuminated snowflakes,Pink,Light color,NA,NA,Yes,Yes,No,5,NFS,,Pink,Pink,2x1,NA,Crafting,,1.0.0,freezing cold,fancy,festive,None,Yes,Seasonal Decor,Yes,Does not play music,Fluorescent,Not for sale,FtrIllumiSnow_Remake_1_0,1_0,4131,f7bPjwYuj6JSpKKFx
wooden-block bookshelf,Natural,Block color,NA,NA,Yes,Yes,No,1,,720,Beige,Brown,1x1,NA,Crafting,,1.0.0,child's room,None,wooden block,None,No,Shelf,No,Does not play music,No lighting,Not for sale,FtrBlockShelf_Remake_0_0,0_0,1558,xMjzs5ndAuJzdGT9E
ANTIQUE CLOCK,Brown,NA,NA,NA,No,No,No,NA,44000,11000,Brown,Yellow,1x1,NA,Nook's Cranny,"Available in Nook's Cranny (upgraded only), in the third unique furniture slot",1.0.0,living room,expensive,antique,None,Yes,Clock,No,Does not play music,No lighting,For sale,FtrAntiqueClock_Remake_0_0,0_0,3954,54WzSWz3bv4j4279w
floor lamp,Black,NA,Green design,Lampshade,No,No,Yes,1,1400,350,Black,Green,1x1,NA,Nook's Cranny,"Available in Nook's Cranny (upgraded only), in the unique furniture slot",1.0.0,living room,None,None,None,Yes,Lamp,No,Does not play music,Fluorescent,For sale,FtrLamp_Remake_3_5,3_5,2561,NvYNMiTSgb4Njh3RA
wooden full-length mirror,Black,Paint color,NA,NA,Yes,Yes,No,2,NFS,1350,Black,Black,1x1,NA,Crafting,,1.0.0,child's room,living room,wooden,None,Yes,Dresser,No,Does not play music,No lighting,Not for sale,FtrWoodenMirror_Remake_4_0,4_0,7137,BcDQAGJ5GFMsyDaRi
  FLOOR LIGHT  ,Light blue,NA,NA,NA,No,No,No,NA,2200,550,Light blue,Light blue,1x1,NA,Nook's Cranny,"Available in Nook's Cranny (upgraded only), in the unique furniture slot",1.0.0,facility,concert,None,None,Yes,Lamp,Yes,Does not play music,Spotlight,For sale,FtrGrandlight_Remake_6_0,6_0,7135,jCyKGDete64CteGDB
hedge standee,Spring,Season,NA,NA,Yes,Yes,No,1,NFS,600,Green,Green,1x0.5,NA,Crafting,,1.0.0,school,None,None,standee,No,School,No,Does not play music,No lighting,Not for sale,FtrHariboteHedge_Remake_0_0,0_0,531,jG7qWJZzsPBcjGwCs
  wooden bookshelf  ,White,Paint color,NA,NA,Yes,Yes,No,3,NFS,1925,White,Colorful,2x0.5,NA,Crafting,,1.0.0,child's room,living room,wooden,None,No,Shelf,No,Does not play music,No lighting,Not for sale,FtrBookshelf_Remake_3_0,3_0,4125,EQxkbhfngFQjHs4oy
kitty litter box,Orange,NA,NA,NA,No,No,No,NA,1100,275,Yellow,Brown,1x1,NA,Nook's Cranny,Available in Nook's Cranny (either upgrade tier) in the unique furniture slot,1.0.0,living room,None,None,pet,No,Bathroom Things,No,Does not play music,No lighting,For sale,FtrPetWC_Remake_1_0,1_0,7803,38LwzjXQCzqc8yqNj
  IMPERIAL BED  ,Blue,NA,NA,NA,No,No,No,NA,23000,5750,Blue,Blue,2x2,NA,Nook's Cranny,"Available in Nook's Cranny (upgraded only), in the third unique furniture slot",1.0.0,zen-style,None,zen,None,Yes,Bed,No,Does not play music,No lighting,For sale,FtrOrientalBedW_Remake_1_0,1_0,3973,7yopgnzGfhrKWgHH3
papa bear,Floral,NA,Blue,Ribbon,No,No,Yes,3,8500,,Green,Blue,2x2,NA,Nook's Cranny,"Available in Nook's Cranny (upgraded only), in the third unique furniture slot",1.0.0,fancy,child's room,None,bear,No,Animal,No,Does not play music,No lighting,For sale,FtrBearL_Remake_3_2,3_2,1499,HBRowb2CRnvJd6T3B
  antique clock  ,Black,NA,NA,NA,No,No,No,NA,44000,,Black,Yellow,1x1,NA,Nook's Cranny,"Available in Nook's Cranny (upgraded only), in the third unique furniture slot",1.0.0,living room,expensive,antique,None,Yes,Clock,No,Does not play music,No lighting,For sale,FtrAntiqueClock_Remake_2_0,2_0,3954,prDor5kTcy7ahzz5c
  loft bed with desk  ,White,NA,Pink,Bedding,No,No,Yes,3,7700,1925,White,Pink,2x1,NA,Nook's Cranny,"Available in Nook's Cranny (upgraded only), in the unique furniture slot",1.0.0,child's room,None,None,None,Yes,Desk,No,Does not play music,No lighting,For sale,FtrBeddesk_Remake_2_5,2_5,3621,nhpP8Dxt5PDaLctbh
  pond stone  ,White,Stone,NA,NA,Yes,Yes,No,2,NFS,1500,Gray,Gray,2x1,NA,Crafting,,1.0.0,zen-style,garden,None,None,No,Japanese Style,Yes,Does not play music,No lighting,Not for sale,FtrStonewaterbowl_Remake_0_0,0_0,7393,8TXgaq3fZswMDzvRn
beekeeper's hive,Red,Paint color,NA,NA,Yes,Yes,No,4,NFS,2400,Red,Green,1x1,NA,Crafting,,1.0.0,garden,None,None,None,No,Ranch,Yes,Does not play music,No lighting,Not for sale,FtrBeekeepingbox_Remake_2_0,2_0,3406,4zSjZY5RQo9GZpvyB
  ironwood bed  ,Old,Lumber type,Brown,Bedding,Yes,Yes,Yes,8,NFS,9900,Brown,Brown,2x1,NA,Crafting,,1.0.0,living room,None,ironwood,None,Yes,Bed,No,Does not play music,No lighting,Not for sale,FtrIronwoodBedS_Remake_3_2,3_2,3200,FD9MwNcSAxsgZB9qj
DRUM SET,Pearl white,NA,White with logo,Bass drum head,No,No,Yes,2,5600,1400,White,White,2x1,NA,Nook's Cranny,"Available in Nook's Cranny (upgraded only), in the unique furniture slot",1.0.0,concert,None,None,None,Yes,Musical Instrument,No,Does not play music,No lighting,For sale,FtrDrumSet_Remake_2_3,2_3,1803,PDpGfn6RT7k2TBvfn
outdoor bath,Black,Stone,NA,NA,Yes,Yes,No,6,NFS,4350,Black,Black,3x3,NA,Crafting,,1.0.0,garden,zen-style,None,None,Yes,Bathtub,Yes,Does not play music,Fluorescent,Not for sale,FtrOpenairbath_Remake_1_0,1_0,1111,gpozg9DypkRoLMeeC
whirlpool bath,Black,NA,NA,NA,No,No,No,NA,130000,32500,Black,Black,2x2,NA,Nook's Cranny,"Available in Nook's Cranny (upgraded only), in the third unique furniture slot",1.0.0,bathroom,expensive,None,None,Yes,Bathtub,No,Does not play music,No lighting,For sale,FtrJacuzzi_Remake_1_0,1_0,1840,2P9YCGjGojZ3QKYfk
log stakes,White birch,Lumber type,NA,NA,Yes,Yes,No,1,NFS,360,White,Beige,1x1,NA,Crafting,,1.0.0,garden,None,log,None,No,Ranch,Yes,Does not play music,No lighting,Not for sale,FtrWoodPile_Remake_3_0,3_0,5973,ithj4YHbPRvB6LngQ
LOG CHAIR,White birch,Lumber type,None,Cushion,Yes,Yes,Yes,3,NFS,960,White,White,1x1,NA,Crafting,,1.0.0,garden,living room,log,None,Yes,Sofa,No,Does not play music,No lighting,Not for sale,FtrLogSofaS_Remake_3_0,3_0,4039,x9xhkzs3MoT4ZkvG8
WOODEN MINI TABLE,Dark wood,Paint color,Blue,Tablecloth,Yes,Yes,Yes,2,NFS,720,Brown,Blue,1x1,NA,Crafting,,1.0.0,child's room,living room,wooden,None,No,Table,No,Does not play music,No lighting,Not for sale,FtrWoodenTableMini_Remake_3_3,3_3,7133,HdwrNrMF9ScTMbDcT
DIRECTOR'S CHAIR,Black,NA,Natural white,Fabric,No,No,Yes,1,1600,400,Black,White,1x1,NA,Nook's Cranny,"Available in all tiers of shops, including Timmy & Tommy before the shop is opened",1.0.0,outdoors,None,None,None,Yes,Chair,Yes,Does not play music,No lighting,For sale,FtrDirectorchair_Remake_3_0,3_0,2020,AdCNZE7Xc7pQvcyuT
vintage TV tray,Copper,NA,Black,Tray,No,No,Yes,1,1200,300,Brown,Black,1x1,NA,Nook's Cranny,Available in Nook's Cranny (either upgrade tier) in the unique furniture slot,1.0.0,living room,None,None,None,No,Table,No,Does not play music,No lighting,For sale,FtrTVtray_Remake_2_1,2_1,4445,yThtbc8QQiu5Jcn94
  RATTAN STOOL  ,Light brown,NA,NA,NA,No,No,No,NA,2900,725,Blue,Yellow,1x1,NA,Nook's Cranny,"Available in Nook's Cranny (upgraded only), in the unique furniture slot",1.0.0,living room,None,rattan,None,Yes,Chair,No,Does not play music,No lighting,For sale,FtrRattanStool_Remake_2_0,2_0,4047,uyTm2qETBkTLR9g74
  log garden lounge  ,White wood,Lumber type,Southwestern flair,Pillow,Yes,Yes,Yes,3,NFS,1440,Beige,Colorful,2x1,NA,Crafting,,1.0.0,garden,None,log,None,Yes,Bed,Yes,Does not play music,No lighting,Not for sale,FtrLogBedS_Remake_2_1,2_1,4035,Pr7eo68gXFp4k2HQC
  IMPERIAL CHEST  ,Black,NA,NA,NA,No,No,No,NA,9300,,Black,Red,2x1,NA,Nook's Cranny,"Available in Nook's Cranny (upgraded only), in the unique furniture slot",1.0.0,zen-style,None,zen,None,Wardrobe,Chest,No,Does not play music,No lighting,For sale,FtrOrientalChest_Remake_3_0,3_0,3972,AzrqKcPetJix2h3z4
  soft-serve lamp  ,Green tea,NA,NA,NA,No,No,No,NA,3000,750,Green,Beige,1x1,NA,Nook's Cranny,"Available in Nook's Cranny (upgraded only), in the unique furniture slot",1.0.0,shop,fancy,None,None,Yes,Lamp,Yes,Does not play music,Fluorescent,For sale,FtrLampSoftcream_Remake_4_0,4_0,3416,6fAMxYg6FY998kY7K
IRONWOOD DRESSER,Teak,Lumber type,NA,NA,Yes,Yes,No,6,NFS,3840,Orange,Black,1x1,NA,Crafting,,1.0.0,living room,None,ironwood,None,Wardrobe,Chest,No,Does not play music,No lighting,Not for sale,FtrIronwoodChest_Remake_1_0,1_0,3196,7tCHuJzQ3wBQ2CSzq
  DINER CHAIR  ,Blue,NA,NA,NA,No,No,No,NA,,400,Blue,White,1x1,NA,Nook's Cranny,"Available in Nook's Cranny (upgraded only), in the unique furniture slot",1.0.0,shop,None,diner,None,Yes,Chair,No,Does not play music,No lighting,For sale,FtrAmeretroChairS_Remake_1_0,1_0,4137,sbrwJSaHracDn3eDy
CHALKBOARD,Art,NA,NA,NA,No,No,No,NA,2600,650,Green,Gray,2x1,NA,Nook's Cranny,"Available in Nook's Cranny (upgraded only), in the unique furniture slot",1.0.0,school,None,None,None,No,School,No,Does not play music,No lighting,For sale,FtrBlackboard_Remake_6_0,6_0,2012,rArZv7hcaCo4hC9hz
  WOODEN SIMPLE BED  ,Dark wood,Paint color,Pink,Bedding,Yes,Yes,Yes,4,NFS,2160,Brown,Pink,2x1,NA,Crafting,,1.0.0,child's room,living room,wooden,None,Yes,Bed,No,Does not play music,No lighting,Not for sale,FtrWoodenBedS_Remake_3_1,3_1,2605,WXHzAvPhwPCs4wwCh
electric kick scooter,White,NA,NA,NA,No,No,No,NA,4400,1100,White,Gray,1x1,NA,Nook's Cranny,"Available in Nook's Cranny (upgraded only), in the unique furniture slot",1.0.0,child's room,garden,None,None,Yes,Sports,Yes,Does not play music,Spotlight,For sale,FtrKickboardElectric_Remake_1_0,1_0,7654,NuyYng7FC6MtpJfFM
garden faucet,Stainless,NA,NA,NA,No,No,No,NA,1900,475,Gray,Gray,1x1,NA,Nook's Cranny,Available in Nook's Cranny (either upgrade tier) in the unique furniture slot,1.0.0,garden,None,None,None,Yes,Garden,Yes,Does not play music,No lighting,For sale,FtrWaterview_Remake_4_0,4_0,1631,jeSXLTWfqmBBHL3yd
  effects rack  ,Black,NA,Pop logo,Sticker area,No,No,Yes,3,6800,1700,Black,Red,1x1,NA,Nook's Cranny,"Available in Nook's Cranny (upgraded only), in the unique furniture slot",1.0.0,concert,facility,None,None,No,Musical Instrument,No,Does not play music,No lighting,For sale,FtrEffectorrack_Remake_0_6,0_6,950,P7nmtm9SBa68zFAa7
  wedding bench  ,Cute,Design,NA,NA,No,Yes,No,2,3500,875,White,Pink,2x1,NA,Wedding Season,,1.2.0,party,expensive,wedding,None,Yes,Sofa,No,Does not play music,No lighting,Not for sale,FtrWeddingChairL_Remake_0_0,0_0,12401,fsufqtDeXFMBgFFqp
  beach chair  ,Pink,NA,NA,NA,No,No,No,NA,,230,Pink,Purple,2x1,NA,Nook's Cranny,Available in Nook's Cranny (either upgrade tier) in the unique furniture slot,1.0.0,ocean,None,None,None,Yes,Bed,Yes,Does not play music,No lighting,For sale,FtrBeachbed_Remake_5_0,5_0,664,u3JFdCmcCrMxKqGDx
school desk,White & red,NA,NA,NA,No,No,No,NA,1100,275,White,Red,1x1,NA,Nook's Cranny,Available in Nook's Cranny (either upgrade tier) in the unique furniture slot,1.0.0,school,None,None,school,No,Desk,No,Does not play music,No lighting,For sale,FtrSchoolTableS_Remake_3_0,3_0,1328,pbR8h7okiYCT9jyzq
  ROCK GUITAR  ,Natural wood,NA,Cute logo,Sticker area,No,No,Yes,2,3100,775,Beige,Pink,1x1,NA,Nook's Cranny,Available in Nook's Cranny (either upgrade tier) in the unique furniture slot,1.0.0,concert,None,None,None,Yes,Musical Instrument,No,Does not play music,No lighting,For sale,FtrElectricguitar1_Remake_5_7,5_7,1644,Ek8rdWrFB6GF9QoAf
  small cardboard boxes  ,NA,NA,NA,NA,Yes,No,No,NA,NFS,120,None,None,1x1,NA,Crafting,,1.0.0,garage,None,cardboard,None,No,Supplies,No,Does not play music,No lighting,Not for sale,FtrMovingboxS,NA,3410,HwJGSRRxcaHNGSoku
  ARCADE SEAT  ,Red,NA,NA,NA,No,No,No,NA,1300,325,Red,Gray,1x1,NA,Nook's Cranny,"Available in Nook's Cranny (upgraded only), in the unique furniture slot",1.0.0,facility,shop,None,None,Yes,Chair,No,Does not play music,No lighting,For sale,FtrGameChair_Remake_0_0,0_0,12207,BHxt8Xrz3RxHAq45c
  ELECTRIC GUITAR  ,Natural wood,NA,Pop logo,Sticker area,No,No,Yes,7,71000,17750,Beige,Colorful,1x1,NA,Nook's Cranny,"Available in Nook's Cranny (upgraded only), in the third unique furniture slot",1.0.0,concert,None,None,None,Yes,Musical Instrument,No,Does not play music,No lighting,For sale,FtrElectricguitar2_Remake_1_6,1_6,1645,sjMYYrxuYCdHmuiuM
  rock guitar  ,Cool blue,NA,Emblem logo,Sticker area,No,No,Yes,2,3100,775,Blue,Green,1x1,NA,Nook's Cranny,Available in Nook's Cranny (either upgrade tier) in the unique furniture slot,1.0.0,concert,None,None,None,Yes,Musical Instrument,No,Does not play music,No lighting,For sale,FtrElectricguitar1_Remake_7_4,7_4,1644,chzcvicZfo4obQCnm
wooden table,White wood,Paint color,Blue,Tablecloth,Yes,Yes,Yes,4,NFS,1800,White,Light blue,2x2,NA,Crafting,,1.0.0,child's room,living room,wooden,None,No,Table,No,Does not play music,No lighting,Not for sale,FtrWoodenTableL_Remake_1_3,1_3,3439,APPFWCmjygycHmrAQ
outdoor table,Green,NA,Dark wood,Table,No,No,Yes,1,2200,550,Green,Brown,2x1,NA,Nook's Cranny,Available in Nook's Cranny (either upgrade tier) in the unique furniture slot,1.0.0,outdoors,None,None,None,No,Table,Yes,Does not play music,No lighting,For sale,FtrOutdoortableM_Remake_2_6,2_6,3946,RHjTwTxmpSghiJJ2C
LOG DINING TABLE,Orange wood,Lumber type,Geometric print,Placemats,Yes,Yes,Yes,4,NFS,1800,Orange,Colorful,2x2,NA,Crafting,,1.0.0,garden,living room,log,None,No,Table,No,Does not play music,No lighting,Not for sale,FtrLogTableL_Remake_1_2,1_2,4040,QwdE4Z5aBXcbT5DX5
  MONSTERA  ,Yellow,NA,NA,NA,No,No,No,NA,1700,425,Yellow,Green,1x1,NA,Nook's Cranny,Available in Nook's Cranny (either upgrade tier) in the unique furniture slot,1.0.0,living room,None,None,None,No,Plants,No,Does not play music,No lighting,For sale,FtrPlantMonstera_Remake_3_0,3_0,4129,QmRyMChkXM5kafcqE
frozen bed,Ice,Illumination,Brown,Bedding,Yes,Yes,Yes,8,NFS,9000,Light blue,Brown,2x2,NA,Crafting,,1.0.0,freezing cold,None,frozen,None,Yes,Bed,Yes,Does not play music,No lighting,Not for sale,FtrIceBedW_Remake_0_0,0_0,3502,FrLaS54HNqePzNQSA
  three-tiered snowperson  ,Light blue,Knit-cap color,NA,NA,Yes,Yes,No,7,NFS,,Light blue,White,1x1,NA,Snowman,Reward for making a perfect snow-person,1.0.0,freezing cold,garden,frozen,None,No,Seasonal Decor,Yes,Does not play music,No lighting,Not for sale,FtrSnowman_Remake_2_0,2_0,5337,XpEppBGTQaucqF9vG
log bed,White birch,Lumber type,Quilted,Bedding,Yes,No,Yes,6,NFS,3600,White,Light blue,2x2,NA,Crafting,,1.0.0,garden,living room,log,None,Yes,Bed,No,Does not play music,No lighting,Not for sale,FtrLogBedW_Remake_3_3,3_3,4041,bfYegZnABpDmgSjer
  simple panel  ,Brown,NA,Lattice,Panel design,No,No,Yes,1,810,202,Orange,White,1x0.5,NA,Nook's Cranny,Available in Nook's Cranny (either upgrade tier) in the unique furniture slot,1.0.0,facility,None,None,None,No,Screen,No,Does not play music,No lighting,For sale,FtrScreenSimple_Remake_3_4,3_4,5338,i8HYdLL8Zb4TFBtMk
  OUTDOOR TABLE  ,Red,NA,Green,Table,No,No,Yes,1,2200,550,Red,Green,2x1,NA,Nook's Cranny,Available in Nook's Cranny (either upgrade tier) in the unique furniture slot,1.0.0,outdoors,None,None,None,No,Table,Yes,Does not play music,No lighting,For sale,FtrOutdoortableM_Remake_4_2,4_2,3946,n8tSdhTBebfpYwkHx
  frozen bed  ,Ice purple,Illumination,Dark brown,Bedding,Yes,No,Yes,8,NFS,9000,Purple,Brown,2x2,NA,Crafting,,1.0.0,freezing cold,None,frozen,None,Yes,Bed,Yes,Does not play music,No lighting,Not for sale,FtrIceBedW_Remake_6_3,6_3,3502,dpKahfYQBFcqcwmy5
ANTIQUE WARDROBE,Natural,NA,NA,NA,No,No,No,NA,37000,9250,Beige,Beige,2x1,NA,Nook's Cranny,"Available in Nook's Cranny (upgraded only), in the third unique furniture slot",1.0.0,living room,expensive,antique,None,Wardrobe,Chest,No,Does not play music,No lighting,For sale,FtrAntiqueChest_Remake_1_0,1_0,3959,yBtLh6CtFrGD4qTTF
wooden-block bed,Colorful,Block color,NA,NA,Yes,Yes,No,4,,2400,Blue,Colorful,2x1,NA,Crafting,,1.0.0,child's room,None,wooden block,None,Yes,Bed,No,Does not play music,No lighting,Not for sale,FtrBlockBedS_Remake_2_0,2_0,1557,kfwyYQRpZ4SJXf8hS
  SURFBOARD  ,Hibiscus flowers,NA,NA,NA,No,No,No,NA,4100,1025,Beige,Colorful,1x1,NA,Nook's Cranny,Season sale item,1.0.0,ocean,None,None,None,No,Seaside,Yes,Does not play music,No lighting,For sale,FtrSurfboard_Remake_2_0,2_0,7868,yEEimmHNK5REojQHx
MUM CUSHION,Yellow,Flower color,NA,NA,Yes,Yes,No,1,NFS,440,Yellow,Yellow,1x1,NA,Crafting,,1.0.0,fancy,None,flowers,None,Yes,Chair,No,Does not play music,No lighting,Not for sale,FtrFlowerStoolS_Remake_0_0,0_0,7232,p6tfqj4HNCbaNihhL
BUNK BED,Red,NA,Striped,Bedding,No,No,Yes,2,,1250,Red,Blue,2x1,NA,Nook's Cranny,Available in Nook's Cranny (either upgrade tier) in the unique furniture slot,1.0.0,facility,None,None,None,Yes,Bed,No,Does not play music,No lighting,For sale,FtrBunkbed_Remake_3_1,3_1,8298,Y3GL8derY7nsxtnvM
  cute wardrobe  ,Yellow,NA,NA,NA,No,No,No,NA,7300,1825,Yellow,Orange,1x1,NA,Nook's Cranny,"Available in Nook's Cranny (upgraded only), in the unique furniture slot",1.0.0,fancy,None,cute,None,Wardrobe,Chest,No,Does not play music,No lighting,For sale,FtrCuteClosetLR_Remake_2_0,2_0,3997,N2jvtPa6kEdTW9zqH
  drum set  ,Rose pink,NA,Smooth white,Bass drum head,No,No,Yes,2,5600,1400,Red,White,2x1,NA,Nook's Cranny,"Available in Nook's Cranny (upgraded only), in the unique furniture slot",1.0.0,concert,None,None,None,Yes,Musical Instrument,No,Does not play music,No lighting,For sale,FtrDrumSet_Remake_5_0,5_0,1803,6uFGF5enNQrNQ9v88
  refrigerator  ,Pink,NA,Cute,Sticker area,No,No,Yes,2,5100,1275,Pink,Pink,1x1,NA,Nook's Cranny,"Available in Nook's Cranny (upgraded only), in the unique furniture slot",1.0.0,kitchen,shop,None,None,Wardrobe,Home Appliances,No,Does not play music,No lighting,For sale,FtrRefrigerator_Remake_2_1,2_1,2713,6t6qTQGDc8Tn95ZPt
bonsai shelf,NA,NA,NA,NA,Yes,No,No,NA,NFS,8460,Green,Brown,2x1,NA,Crafting,,1.0.0,zen-style,garden,None,None,No,Plants,Yes,Does not play music,No lighting,Not for sale,FtrBonsaiShelf,NA,3580,LxJLFw3BMEnPL6h66
  elaborate kimono stand  ,Wisteria,NA,NA,NA,No,No,No,NA,220000,,Purple,Black,2x1,NA,Nook's Cranny,"Available in Nook's Cranny (upgraded only), in the third unique furniture slot",1.0.0,zen-style,expensive,None,None,No,Japanese Style,No,Does not play music,No lighting,For sale,FtrKimonostandRich_Remake_2_0,2_0,7865,fQA3bpkY5cMkpRp94
NATURAL GARDEN TABLE,Shabby,Tabletop,NA,NA,Yes,Yes,No,5,NFS,3330,White,Gray,2x2,NA,Crafting,,1.0.0,garden,None,None,natural,No,Table,Yes,Does not play music,No lighting,Not for sale,FtrGardenTableNatural_Remake_2_0,2_0,3396,Hb7HbZEvLXErkLuw8
ZEN-STYLE STONE,Andesite,Stone,NA,NA,Yes,Yes,No,6,NFS,4500,Gray,Gray,1x1,NA,Crafting,,1.0.0,zen-style,horror,None,None,No,Japanese Style,Yes,Does not play music,No lighting,Not for sale,FtrGravestoneJapan_Remake_1_0,1_0,7317,YfpPverX5Q2iEwRF2
  simple panel  ,Brown,NA,Plain panel,Panel design,No,No,Yes,1,810,202,Orange,Gray,1x0.5,NA,Nook's Cranny,Available in Nook's Cranny (either upgrade tier) in the unique furniture slot,1.0.0,facility,None,None,None,No,Screen,No,Does not play music,No lighting,For sale,FtrScreenSimple_Remake_3_0,3_0,5338,nq75Ad4g68qA5JDeT
  ironwood low table  ,Birch,Lumber type,NA,NA,Yes,Yes,No,5,NFS,3720,Beige,Black,2x1,NA,Crafting,,1.0.0,living room,None,ironwood,None,No,Table,No,Does not play music,No lighting,Not for sale,FtrIronwoodTableM_Remake_0_0,0_0,3194,JdNbdG6Lm9JRpQWrr
  WOODEN STOOL  ,Green,Paint color,Blue,Seat,Yes,Yes,Yes,2,NFS,480,Green,Light blue,1x1,NA,Crafting,,1.0.0,child's room,living room,wooden,None,Yes,Chair,No,Does not play music,No lighting,Not for sale,FtrWoodenStoolS_Remake_5_3,5_3,3449,EE9zzcpn9jzfgNJZB
  illuminated present  ,Blue with yellow ribbon,Light color,NA,NA,Yes,Yes,No,4,NFS,2950,Blue,Orange,1x1,NA,Crafting,,1.0.0,party,fancy,festive,None,Yes,Seasonal Decor,Yes,Does not play music,Fluorescent,Not for sale,FtrIllumiPresent_Remake_2_0,2_0,4108,qCBFDhStjRLhtiyaC
table with cloth,NA,NA,Red,Tablecloth,No,No,Yes,2,5100,1275,Red,Red,2x2,NA,Nook's Cranny,"Available in Nook's Cranny (upgraded only), in the third unique furniture slot",1.0.0,shop,party,None,None,No,Table,No,Does not play music,No lighting,For sale,FtrTableCloth_Remake_0_3,0_3,1779,MjLyp762ynpvoM7HH
SHELL TABLE,Brown,Shell color,NA,NA,Yes,Yes,No,4,NFS,2280,Brown,Brown,2x2,NA,Crafting,,1.0.0,ocean,None,shell,None,No,Table,Yes,Does not play music,No lighting,Not for sale,FtrShellTableL_Remake_1_0,1_0,3980,XN9xnxSAb9TEJMABk
  LOG DINING TABLE  ,Orange wood,Lumber type,Quilted,Placemats,Yes,Yes,Yes,4,NFS,1800,Orange,Light blue,2x2,NA,Crafting,,1.0.0,garden,living room,log,None,No,Table,No,Does not play music,No lighting,Not for sale,FtrLogTableL_Remake_1_4,1_4,4040,rSRTYkXudBS6Crxb7
RETRO GAS PUMP,Red,NA,Yellow oil,Lamp,No,No,Yes,1,2700,675,Red,Red,1x1,NA,Nook's Cranny,Available in Nook's Cranny (either upgrade tier) in the unique furniture slot,1.0.0,garden,shop,diner,None,Yes,Vehicle,Yes,Does not play music,No lighting,For sale,FtrAmeretroGasstand_Remake_0_0,0_0,4140,PwxjRKu5RjpRwwmHa
  log dining table  ,White birch,Lumber type,Bears,Placemats,Yes,No,Yes,4,NFS,1800,White,Brown,2x2,NA,Crafting,,1.0.0,garden,living room,log,None,No,Table,No,Does not play music,No lighting,Not for sale,FtrLogTableL_Remake_3_3,3_3,4040,dzxi5Pihxi8iuJ2dB
TOURIST TELESCOPE,Blue,NA,NA,NA,No,No,No,NA,NFS,10000,Blue,Blue,1x1,2000,Nook Miles Shop,,1.0.0,space,facility,None,None,No,Space,Yes,Does not play music,No lighting,Not for sale,FtrTelescopeSightseeing_Remake_1_0,1_0,3078,v3mqxsFnydTDpoMqj
drying rack,Ivory,NA,NA,NA,No,No,No,NA,2700,675,Beige,Colorful,2x1,NA,Nook's Cranny,Available in Nook's Cranny (either upgrade tier) in the unique furniture slot,1.0.0,garden,bathroom,None,None,No,Supplies,Yes,Does not play music,No lighting,For sale,FtrClothesstand_Remake_1_0,1_0,7789,8jkg7xAy54vJYkBTS
wooden mini table,Black,Paint color,Blue,Tablecloth,Yes,Yes,Yes,2,NFS,720,Black,Blue,1x1,NA,Crafting,,1.0.0,child's room,living room,wooden,None,No,Table,No,Does not play music,No lighting,Not for sale,FtrWoodenTableMini_Remake_4_3,4_3,7133,smZTYwxv36fLaLeHD
  WOODEN DOUBLE BED  ,Pink wood,Paint color,Blue,Bedding,Yes,Yes,Yes,6,NFS,3600,Pink,Light blue,2x2,NA,Crafting,,1.0.0,child's room,living room,wooden,None,Yes,Bed,No,Does not play music,No lighting,Not for sale,FtrWoodenBedW_Remake_7_2,7_2,7132,vinC9aGqFqZZpssDo
  GIANT TEDDY BEAR  ,Checkered,Fabric,Giant dots,Ribbon,Yes,Yes,Yes,8,NFS,6300,Purple,Blue,3x3,NA,Crafting,,1.0.0,fancy,child's room,None,bear,No,Animal,No,Does not play music,No lighting,Not for sale,FtrBearXL_Remake_4_2,4_2,1504,NTH4xcAyWZoh2JcA2
WEDDING WELCOME BOARD,Chic,Easel,Message,Board,No,Yes,Yes,2,1500,375,Brown,Pink,1x1,NA,Wedding Season,,1.2.0,party,expensive,wedding,None,No,Shop,No,Does not play music,No lighting,Not for sale,FtrWeddingBoard_Remake_1_0,1_0,12410,rruzNLF7YavCLzxwf
frozen partition,Ice,Illumination,NA,NA,Yes,Yes,No,7,NFS,7400,Light blue,Light blue,2x0.5,NA,Crafting,,1.0.0,freezing cold,None,frozen,None,No,Seasonal Decor,Yes,Does not play music,No lighting,Not for sale,FtrIceScreen_Remake_0_0,0_0,3498,nkkEGKwqHQEepWqeM
RETRO FAN,Orange,NA,NA,NA,No,No,No,NA,,525,Orange,White,1x1,NA,Nook's Cranny,Season sale item,1.0.0,living room,None,None,None,Yes,Fan,No,Does not play music,No lighting,For sale,FtrFanRetro_Remake_2_0,2_0,2736,mCL9TZXN9dhRPvrXK
  ROCK GUITAR  ,Orange-yellow,NA,Chic logo,Sticker area,No,No,Yes,2,3100,775,Yellow,White,1x1,NA,Nook's Cranny,Available in Nook's Cranny (either upgrade tier) in the unique furniture slot,1.0.0,concert,None,None,None,Yes,Musical Instrument,No,Does not play music,No lighting,For sale,FtrElectricguitar1_Remake_4_2,4_2,1644,uFwpFLSPLpjzysJwy
  iron garden chair  ,White,Body color,NA,NA,Yes,Yes,No,3,NFS,,White,White,1x1,NA,Crafting,,1.0.0,garden,None,iron,None,Yes,Chair,Yes,Does not play music,No lighting,Not for sale,FtrIrongardenChair_Remake_4_0,4_0,1626,qZcADQ4PMgdMY2wAT
  rock guitar  ,Chic white,NA,Familiar logo,Sticker area,No,No,Yes,2,3100,775,White,Black,1x1,NA,Nook's Cranny,Available in Nook's Cranny (either upgrade tier) in the unique furniture slot,1.0.0,concert,None,None,None,Yes,Musical Instrument,No,Does not play music,No lighting,For sale,FtrElectricguitar1_Remake_6_1,6_1,1644,vfFDZSWiRkCosrF5i
  OUTDOOR BENCH  ,White,NA,Blue,Seat,No,No,Yes,1,1300,325,Gray,Blue,2x1,NA,Nook's Cranny,Available in Nook's Cranny (either upgrade tier) in the unique furniture slot,1.0.0,outdoors,None,None,None,Yes,Sofa,Yes,Does not play music,No lighting,For sale,FtrOutdoorchairM_Remake_0_3,0_3,3947,xHjHcuzbnZhAmEXEm
  effects rack  ,Red,NA,None,Sticker area,No,No,Yes,3,6800,1700,Red,Black,1x1,NA,Nook's Cranny,"Available in Nook's Cranny (upgraded only), in the unique furniture slot",1.0.0,concert,facility,None,None,No,Musical Instrument,No,Does not play music,No lighting,For sale,FtrEffectorrack_Remake_4_0,4_0,950,X4MmM2ZfH8SaQDgJs
  Papa bear  ,Checkered,NA,None,Ribbon,No,No,Yes,3,,2125,Red,White,2x2,NA,Nook's Cranny,"Available in Nook's Cranny (upgraded only), in the third unique furniture slot",1.0.0,fancy,child's room,None,bear,No,Animal,No,Does not play music,No lighting,For sale,FtrBearL_Remake_4_0,4_0,1499,wrJekQhmyFd4a73tb
  juicy-apple tv  ,Green apple,Fruit type,NA,NA,Yes,Yes,No,5,,3500,Green,Yellow,1x1,NA,Crafting,,1.0.0,fancy,None,fruits,apple,Yes,TV,No,Does not play music,Monitor,Not for sale,FtrFruitsTV_Remake_1_0,1_0,2596,fQY4s2gFf8t2YfqdS
  PET BED  ,Natural,NA,Checkered,Cushion,No,No,Yes,1,1100,275,Beige,Red,1x1,NA,Nook's Cranny,Available in Nook's Cranny (either upgrade tier) in the unique furniture slot,1.0.0,living room,None,None,pet,Yes,Chair,No,Does not play music,No lighting,For sale,FtrPetBed_Remake_0_3,0_3,7802,EXZjtPeK8p7LvNcXs
rock guitar,Natural wood,NA,Handwritten logo,Sticker area,No,No,Yes,2,3100,775,Beige,Light blue,1x1,NA,Nook's Cranny,Available in Nook's Cranny (either upgrade tier) in the unique furniture slot,1.0.0,concert,None,None,None,Yes,Musical Instrument,No,Does not play music,No lighting,For sale,FtrElectricguitar1_Remake_5_5,5_5,1644,W8N2sac32cyTWPZkg
rocket lamp,Red,NA,NA,NA,No,No,No,NA,1500,375,Red,White,1x1,NA,Nook's Cranny,Available in Nook's Cranny (either upgrade tier) in the unique furniture slot,1.0.0,facility,None,None,None,Yes,Lamp,No,Does not play music,Fluorescent,For sale,FtrLavalamp_Remake_1_0,1_0,1851,xtPb2cDfnj4wHQCbp
pile of zen cushions,NA,NA,Deep green,Upholstery,Yes,No,Yes,2,NFS,750,Green,Green,1x1,NA,Crafting,,1.0.0,zen-style,living room,None,None,Yes,Chair,No,Does not play music,No lighting,Not for sale,FtrCushionJapanPile_Remake_0_3,0_3,7048,e3Svvk2ZgqhuwNAee
  giant teddy bear  ,Caramel mocha,Fabric,White,Ribbon,Yes,Yes,Yes,8,NFS,6300,Beige,White,3x3,NA,Crafting,,1.0.0,fancy,child's room,None,bear,No,Animal,No,Does not play music,No lighting,Not for sale,FtrBearXL_Remake_1_1,1_1,1504,WMhnLpMkHG6TFKTmr
floor lamp,White,NA,Pink,Lampshade,No,No,Yes,1,1400,350,White,Pink,1x1,NA,Nook's Cranny,"Available in Nook's Cranny (upgraded only), in the unique furniture slot",1.0.0,living room,None,None,None,Yes,Lamp,No,Does not play music,Fluorescent,For sale,FtrLamp_Remake_2_2,2_2,2561,AStdC6KAzxAqYej68
wooden table,Dark wood,Paint color,Green,Tablecloth,Yes,Yes,Yes,4,NFS,1800,Brown,Green,2x2,NA,Crafting,,1.0.0,child's room,living room,wooden,None,No,Table,No,Does not play music,No lighting,Not for sale,FtrWoodenTableL_Remake_3_4,3_4,3439,4PrYZmuc2LFsRSTGc
paper lantern,Orange wood,NA,Spring,Paper,No,No,Yes,1,780,195,Orange,Pink,1x1,NA,Nook's Cranny,Available in Nook's Cranny (either upgrade tier) in the unique furniture slot,1.0.0,zen-style,None,None,None,Yes,Lamp,No,Does not play music,Candle,For sale,FtrLampJapan_Remake_2_1,2_1,725,fZWBtPdsL5RfRmW7E
cherry-blossom pond stone,NA,NA,NA,NA,Yes,No,No,NA,,2700,Gray,Pink,2x1,NA,Crafting,,1.0.0,zen-style,garden,cherry blossoms,None,No,Japanese Style,Yes,Does not play music,No lighting,Not for sale,FtrStonewaterbowlSakura,NA,7409,9rZRT4JCgiWjhcKro
  DINER CHAIR  ,Black,NA,NA,NA,No,No,No,NA,1600,400,Black,White,1x1,NA,Nook's Cranny,"Available in Nook's Cranny (upgraded only), in the unique furniture slot",1.0.0,shop,None,diner,None,Yes,Chair,No,Does not play music,No lighting,For sale,FtrAmeretroChairS_Remake_6_0,6_0,4137,zh7KHtJAWp7n7gFKh
floor lamp,Natural,NA,Light blue,Lampshade,No,No,Yes,1,1400,350,Beige,Light blue,1x1,NA,Nook's Cranny,"Available in Nook's Cranny (upgraded only), in the unique furniture slot",1.0.0,living room,None,None,None,Yes,Lamp,No,Does not play music,Fluorescent,For sale,FtrLamp_Remake_0_3,0_3,2561,9LXXxjrgxfgFzdLzv
  drink machine  ,White,NA,Sale,Advertisement panel,No,No,Yes,7,NFS,10000,White,Green,1x1,2000,Nook Miles Shop,,1.0.0,shop,facility,None,None,Yes,Facility Decor,Yes,Does not play music,Monitor,Not for sale,FtrDrinkmachine_Remake_2_2,2_2,1802,3P2tspJyPSwG6QcFQ
  CLOTHESLINE POLE  ,Silver,NA,Carrot,Drying shirt,No,No,Yes,1,,275,Gray,Yellow,2x0.5,NA,Nook's Cranny,Available in Nook's Cranny (either upgrade tier) in the unique furniture slot,1.0.0,garden,bathroom,None,None,No,Supplies,Yes,Does not play music,No lighting,For sale,FtrClotheshorse_Remake_0_3,0_3,1778,wAqJ6dPrpZjkas5DQ
LOW SCREEN,Light brown,NA,Plain,Screen,No,No,Yes,1,870,217,Beige,White,1x0.5,NA,Nook's Cranny,Available in Nook's Cranny (either upgrade tier) in the unique furniture slot,1.0.0,zen-style,None,None,None,No,Japanese Style,No,Does not play music,No lighting,For sale,FtrScreenJapanLow_Remake_0_0,0_0,1029,GdddgngycnMu3krY3
  camping cot  ,Red,NA,NA,NA,No,No,No,NA,1800,450,Red,Red,2x1,NA,Starting items,,1.0.0,outdoors,None,None,None,Yes,Bed,Yes,Does not play music,No lighting,For sale,FtrCampbed_Remake_2_0,2_0,4081,2gThSCsx2x2wpHhu5
  basic teacher's desk  ,Standard,NA,NA,NA,No,No,No,NA,2000,500,Orange,Gray,2x1,NA,Nook's Cranny,"Available in Nook's Cranny (upgraded only), in the unique furniture slot",1.0.0,school,None,None,None,No,Desk,No,Does not play music,No lighting,For sale,FtrSchoolTeachertable_Remake_0_0,0_0,1330,9N5CyjzJXCRqMBuS3
  chalkboard  ,After school,NA,NA,NA,No,No,No,NA,2600,650,Green,Gray,2x1,NA,Nook's Cranny,"Available in Nook's Cranny (upgraded only), in the unique furniture slot",1.0.0,school,None,None,None,No,School,No,Does not play music,No lighting,For sale,FtrBlackboard_Remake_1_0,1_0,2012,Gd8RWYX24zAm3w6pR
upright locker,Silver,NA,Pop,Sticker area,No,No,Yes,2,3700,925,Gray,Colorful,1x1,NA,Nook's Cranny,Available in Nook's Cranny (either upgrade tier) in the unique furniture slot,1.0.0,school,facility,None,None,Wardrobe,Chest,No,Does not play music,No lighting,For sale,FtrLocker_Remake_0_3,0_3,833,yxAqK2jjyyQHrpNGE
  rock guitar  ,Orange-yellow,NA,Pop logo,Sticker area,No,No,Yes,2,3100,775,Yellow,Colorful,1x1,NA,Nook's Cranny,Available in Nook's Cranny (either upgrade tier) in the unique furniture slot,1.0.0,concert,None,None,None,Yes,Musical Instrument,No,Does not play music,No lighting,For sale,FtrElectricguitar1_Remake_4_6,4_6,1644,jHTHnWigvpQZN2srj
  giant teddy bear  ,Caramel mocha,Fabric,Giant stripes,Ribbon,Yes,Yes,Yes,8,NFS,6300,Beige,Yellow,3x3,NA,Crafting,,1.0.0,fancy,child's room,None,bear,No,Animal,No,Does not play music,No lighting,Not for sale,FtrBearXL_Remake_1_3,1_3,1504,GFBqa3HZzCbDMgopN
  LIFEGUARD CHAIR  ,White,NA,NA,NA,No,No,No,NA,NFS,5000,White,White,1x1,1000,Nook Miles Shop,,1.0.0,ocean,None,None,None,No,Seaside,Yes,Does not play music,No lighting,Not for sale,FtrMonitoringchair_Remake_1_0,1_0,3345,2MwE9GgGhX4wMG2MY
  acoustic guitar  ,Brown,Body,NA,NA,Yes,Yes,No,5,NFS,3210,Brown,Black,1x1,NA,Crafting,,1.0.0,music,None,None,None,Yes,Musical Instrument,No,Does not play music,No lighting,Not for sale,FtrAcorsticguitar_Remake_2_0,2_0,383,vLq9iphAvALBXazDr
  MAMA BEAR  ,Caramel mocha,NA,Yellow stripes,Shirt,No,No,Yes,1,2300,575,Beige,Yellow,1x1,NA,Nook's Cranny,Available in Nook's Cranny (either upgrade tier) in the unique furniture slot,1.0.0,fancy,child's room,None,bear,No,Animal,No,Does not play music,No lighting,For sale,FtrBearM_Remake_1_3,1_3,1500,5sGLoneypSYLSFvmF
digital scale,Brown,NA,Black stripes,Design,No,No,Yes,1,,,Brown,Gray,1x1,NA,Nook's Cranny,Available in Nook's Cranny (either upgrade tier) in the unique furniture slot,1.0.0,bathroom,None,None,None,No,Bathroom Things,No,Does not play music,No lighting,For sale,FtrWeightscale_Remake_6_3,6_3,3307,tujkS2GENp3z8FeAc
  simple panel  ,Silver,NA,Mud wall,Panel design,No,No,Yes,1,810,202,Gray,Beige,1x0.5,NA,Nook's Cranny,Available in Nook's Cranny (either upgrade tier) in the unique furniture slot,1.0.0,facility,None,None,None,No,Screen,No,Does not play music,No lighting,For sale,FtrScreenSimple_Remake_6_5,6_5,5338,iBcnxz55CeQCDtZ9P
changing room,Gray,NA,Green,Curtain,No,No,Yes,2,3700,925,White,Green,1x1,NA,Nook's Cranny,"Available in Nook's Cranny (upgraded only), in the unique furniture slot",1.0.0,shop,facility,None,None,Wardrobe,Shop,No,Does not play music,No lighting,For sale,FtrFittingroom_Remake_0_6,0_6,1816,YMxucW7KzNz6NqmWp
IRONWOOD DRESSER,Old,Lumber type,NA,NA,Yes,Yes,No,6,NFS,3840,Brown,Black,1x1,NA,Crafting,,1.0.0,living room,None,ironwood,None,Wardrobe,Chest,No,Does not play music,No lighting,Not for sale,FtrIronwoodChest_Remake_3_0,3_0,3196,rQ4ugAuc7bYZ7sAWw
  outdoor generator  ,Blue,NA,NA,NA,No,No,No,NA,,1225,Blue,Black,1x1,NA,Nook's Cranny,"Available in all tiers of shops, including Timmy & Tommy before the shop is opened",1.0.0,outdoors,None,None,None,Yes,Outdoors Decor,Yes,Does not play music,No lighting,For sale,FtrOutdoorgenerator_Remake_1_0,1_0,7526,bsdqWF6ww2QitHcGe
FESTIVE TREE,Blue,Design,NA,NA,Yes,Yes,No,2,NFS,1400,Green,Blue,1x1,NA,Crafting,,1.0.0,party,fancy,festive,None,Yes,Seasonal Decor,No,Does not play music,No lighting,Not for sale,FtrTreeXmasS_Remake_1_0,1_0,3991,hu6yAZy5jTQf8FvAs
  bunk bed  ,Blue,NA,Space,Bedding,No,No,Yes,2,5000,1250,Blue,Light blue,2x1,NA,Nook's Cranny,Available in Nook's Cranny (either upgrade tier) in the unique furniture slot,1.0.0,facility,None,None,None,Yes,Bed,No,Does not play music,No lighting,For sale,FtrBunkbed_Remake_4_3,4_3,8298,xCrLHXMj7hNA2HiAH
CHANGING ROOM,Blue,NA,Yellow,Curtain,No,No,Yes,2,3700,,Blue,Yellow,1x1,NA,Nook's Cranny,"Available in Nook's Cranny (upgraded only), in the unique furniture slot",1.0.0,shop,facility,None,None,Wardrobe,Shop,No,Does not play music,No lighting,For sale,FtrFittingroom_Remake_5_3,5_3,1816,KaE9hHGdHEG5a4ZXB
speed bag,Red,NA,NA,NA,No,No,No,NA,3500,875,Red,Black,1x1,NA,Nook's Cranny,Available in Nook's Cranny (either upgrade tier) in the unique furniture slot,1.0.0,fitness,None,None,None,Yes,Sports,No,Does not play music,No lighting,For sale,FtrSpeedbag_Remake_0_0,0_0,7653,BrNXn9D8ysqCD9Pjo
  monster statue  ,Red,NA,NA,NA,No,No,No,NA,NFS,25000,Red,Red,3x3,5000,Nook Miles Shop,,1.0.0,child's room,horror,None,None,Yes,Toy,Yes,Does not play music,No lighting,Not for sale,FtrMonster_Remake_2_0,2_0,4722,fkzyCxLt3dtyWM9cN
LILY RECORD PLAYER,Pink,Flower color,NA,NA,Yes,Yes,No,5,NFS,3010,Pink,White,1x1,NA,Crafting,,1.0.0,fancy,None,flowers,None,Yes,Audio,No,Phono,No lighting,Not for sale,FtrFlowerRecordplayer_Remake_1_0,1_0,7236,s7ArZoErhnCAWS6ZC
  bunk bed  ,Yellow,NA,Colorful lines,Bedding,No,No,Yes,2,5000,1250,Yellow,Yellow,2x1,NA,Nook's Cranny,Available in Nook's Cranny (either upgrade tier) in the unique furniture slot,1.0.0,facility,None,None,None,Yes,Bed,No,Does not play music,No lighting,For sale,FtrBunkbed_Remake_5_4,5_4,8298,r9Hqv7LXowejWfqQs
  drink machine  ,Red,NA,Sale,Advertisement panel,No,No,Yes,7,NFS,10000,Red,Green,1x1,2000,Nook Miles Shop,,1.0.0,shop,facility,None,None,Yes,Facility Decor,Yes,Does not play music,Monitor,Not for sale,FtrDrinkmachine_Remake_0_2,0_2,1802,xYeAb9JdRdHfS2XwW
WRITING CHAIR,Light brown,NA,Blue,Seat,No,No,Yes,1,1700,425,Yellow,Blue,1x1,NA,Nook's Cranny,Available in Nook's Cranny (either upgrade tier) in the unique furniture slot,1.0.0,child's room,None,None,writing,Yes,Chair,No,Does not play music,No lighting,For sale,FtrStudyChair_Remake_1_1,1_1,3702,8DrWbqnSEktXk9SPY
bunk bed,Silver,NA,Checkered,Bedding,No,No,Yes,2,5000,1250,Gray,Pink,2x1,NA,Nook's Cranny,Available in Nook's Cranny (either upgrade tier) in the unique furniture slot,1.0.0,facility,None,None,None,Yes,Bed,No,Does not play music,No lighting,For sale,FtrBunkbed_Remake_0_2,0_2,8298,F4vXx9urpLBobFpxq
  wooden mini table  ,Blue,Paint color,Green,Tablecloth,Yes,Yes,Yes,2,NFS,720,Blue,Green,1x1,NA,Crafting,,1.0.0,child's room,living room,wooden,None,No,Table,No,Does not play music,No lighting,Not for sale,FtrWoodenTableMini_Remake_6_4,6_4,7133,QK2naZSLzBLFmjHnd
  cute chair  ,Red,NA,NA,NA,No,No,No,NA,4300,1075,Red,White,1x1,NA,Nook's Cranny,"Available in Nook's Cranny (upgraded only), in the unique furniture slot",1.0.0,fancy,None,cute,None,Yes,Chair,No,Does not play music,No lighting,For sale,FtrCuteChairS_Remake_3_0,3_0,3999,YxDzqSq6daZPv5GcZ
WOODEN-BLOCK CHAIR,Natural,Block color,NA,NA,Yes,Yes,No,1,NFS,720,Beige,Beige,1x1,NA,Crafting,,1.0.0,child's room,None,wooden block,None,Yes,Chair,No,Does not play music,No lighting,Not for sale,FtrBlockChairS_Remake_0_0,0_0,2558,aTfhXzrbfySyKeNax
retro gas pump,Yellow,NA,Black retro,Lamp,No,No,Yes,1,2700,675,Yellow,Yellow,1x1,NA,Nook's Cranny,Available in Nook's Cranny (either upgrade tier) in the unique furniture slot,1.0.0,garden,shop,diner,None,Yes,Vehicle,Yes,Does not play music,No lighting,For sale,FtrAmeretroGasstand_Remake_2_2,2_2,4140,zK84DdbcfNsDLTfYa
EFFECTS RACK,Red,NA,Cute logo,Sticker area,No,No,Yes,3,6800,1700,Red,Pink,1x1,NA,Nook's Cranny,"Available in Nook's Cranny (upgraded only), in the unique furniture slot",1.0.0,concert,facility,None,None,No,Musical Instrument,No,Does not play music,No lighting,For sale,FtrEffectorrack_Remake_4_7,4_7,950,JcFYCa2pLrNcNq5ys
  round space heater  ,Green,NA,NA,NA,No,No,No,NA,2700,,Green,Green,1x1,NA,Nook's Cranny,Season sale item,1.0.0,living room,school,None,None,Yes,Heating,No,Does not play music,No lighting,For sale,FtrStoveRound_Remake_3_0,3_0,2771,Fdq3tM5eiCbno2xji
  piano bench  ,Black,NA,NA,NA,No,No,No,NA,990,,Black,Black,1x1,NA,Nook's Cranny,Available in Nook's Cranny (either upgrade tier) in the unique furniture slot,1.0.0,music,None,None,None,Yes,Chair,No,Does not play music,No lighting,For sale,FtrPianochair_Remake_0_0,0_0,3681,TKqHoeYMsW9irSWYk
  TIRE TOY  ,White,Tire color,NA,NA,Yes,Yes,No,1,NFS,20,White,White,1x1,NA,Crafting,,1.0.0,garden,None,None,None,Yes,Playground,Yes,Does not play music,No lighting,Not for sale,FtrPlayingtire_Remake_5_0,5_0,2329,5Z3oHrzCoCNpfLNZW
  wooden mini table  ,Light wood,Paint color,Blue,Tablecloth,Yes,Yes,Yes,2,NFS,720,Beige,Blue,1x1,NA,Crafting,,1.0.0,child's room,living room,wooden,None,No,Table,No,Does not play music,No lighting,Not for sale,FtrWoodenTableMini_Remake_0_3,0_3,7133,AZqCwcNbL76zheN3q
wooden-block chest,Mixed wood,Block color,NA,NA,Yes,Yes,No,3,NFS,1800,Brown,Black,2x1,NA,Crafting,,1.0.0,child's room,None,wooden block,None,Wardrobe,Chest,No,Does not play music,No lighting,Not for sale,FtrBlockChest_Remake_1_0,1_0,1561,WmMbipPbnk5ZyC8Zg
  GIANT TEDDY BEAR  ,Caramel mocha,Fabric,Giant dots,Ribbon,Yes,Yes,Yes,8,NFS,6300,Beige,Blue,3x3,NA,Crafting,,1.0.0,fancy,child's room,None,bear,No,Animal,No,Does not play music,No lighting,Not for sale,FtrBearXL_Remake_1_2,1_2,1504,Q6ZmozMabKDPBMH5Z
MUSH LAMP,Yellow mushroom,Mushroom type,NA,NA,Yes,Yes,No,3,NFS,1600,Yellow,Yellow,1x1,NA,Crafting,,1.0.0,garden,None,mush,None,Yes,Lamp,Yes,Does not play music,Fluorescent,Not for sale,FtrMushroomLamp_Remake_4_0,4_0,805,75rpYquohgtznCDTt
  scattered papers  ,NA,NA,Illustrations,Writing,Yes,No,Yes,2,NFS,400,White,Light blue,1.5x1.5,NA,Crafting,,1.0.0,den,office,None,None,Yes,Study,No,Does not play music,No lighting,Not for sale,FtrFloorpapers_Remake_0_2,0_2,4034,tvGnfcrHedLLNXriQ
  bunk bed  ,Black,NA,Space,Bedding,No,No,Yes,2,5000,1250,Black,Light blue,2x1,NA,Nook's Cranny,Available in Nook's Cranny (either upgrade tier) in the unique furniture slot,1.0.0,facility,None,None,None,Yes,Bed,No,Does not play music,No lighting,For sale,FtrBunkbed_Remake_1_3,1_3,8298,bhtn73rcxo7Rgb3yy
climbing wall,Natural,NA,NA,NA,No,No,No,NA,4300,1075,Beige,Colorful,2x0.5,NA,Nook's Cranny,"Available in Nook's Cranny (upgraded only), in the unique furniture slot",1.0.0,fitness,None,None,None,No,Sports,Yes,Does not play music,No lighting,For sale,FtrClimbingwall_Remake_0_0,0_0,4006,6Ba5KcWpRFuTCKP2S
  digital scale  ,White,NA,Polka dots,Design,No,No,Yes,1,930,,White,Green,1x1,NA,Nook's Cranny,Available in Nook's Cranny (either upgrade tier) in the unique furniture slot,1.0.0,bathroom,None,None,None,No,Bathroom Things,No,Does not play music,No lighting,For sale,FtrWeightscale_Remake_0_2,0_2,3307,q2vkRxfDP6A3KmQid
gong,Red,Frame,NA,NA,Yes,Yes,No,7,NFS,5100,Red,Yellow,2x1,NA,Crafting,,1.0.0,zen-style,None,None,None,Yes,Musical Instrument,Yes,Does not play music,No lighting,Not for sale,FtrTamtam_Remake_1_0,1_0,4075,oJ4sGyRjLYmATxLbC
  drum set  ,Pearl white,NA,Rock logo,Bass drum head,No,No,Yes,2,5600,1400,White,Black,2x1,NA,Nook's Cranny,"Available in Nook's Cranny (upgraded only), in the unique furniture slot",1.0.0,concert,None,None,None,Yes,Musical Instrument,No,Does not play music,No lighting,For sale,FtrDrumSet_Remake_2_4,2_4,1803,YY9DThLxragxuCtsb
cardboard sofa,Labeled,Cardboard,NA,NA,Yes,Yes,No,1,NFS,120,White,Beige,2x1,NA,Crafting,,1.0.0,garage,None,cardboard,None,Yes,Sofa,No,Does not play music,No lighting,Not for sale,FtrCardboardSofaL_Remake_1_0,1_0,7159,3mRAPxkYPuFFet5Jc
PET BED,White,NA,Polka dots,Cushion,No,No,Yes,1,1100,275,White,Light blue,1x1,NA,Nook's Cranny,Available in Nook's Cranny (either upgrade tier) in the unique furniture slot,1.0.0,living room,None,None,pet,Yes,Chair,No,Does not play music,No lighting,For sale,FtrPetBed_Remake_2_2,2_2,7802,CjHKzXXbMFpczeeBZ
electric kick scooter,Yellow,NA,NA,NA,No,No,No,NA,4400,1100,Yellow,Black,1x1,NA,Nook's Cranny,"Available in Nook's Cranny (upgraded only), in the unique furniture slot",1.0.0,child's room,garden,None,None,Yes,Sports,Yes,Does not play music,Spotlight,For sale,FtrKickboardElectric_Remake_2_0,2_0,7654,ddvhgDzTntvydumBG
garbage can,NA,NA,NA,NA,No,No,No,NA,960,240,Gray,Gray,1x1,NA,Nook's Cranny,Available in Nook's Cranny (either upgrade tier) in the unique furniture slot,1.0.0,garage,None,None,None,Trash,Supplies,Yes,Does not play music,No lighting,For sale,FtrPaleTinplate,NA,2555,Bk3cCgCbsHn8wj5dd
  LECTURE-HALL DESK  ,Dark brown,NA,NA,NA,No,No,No,NA,2500,625,Brown,Gray,2x1,NA,Nook's Cranny,"Available in Nook's Cranny (upgraded only), in the unique furniture slot",1.0.0,school,None,None,lecture hall,No,Desk,No,Does not play music,No lighting,For sale,FtrTableCollage_Remake_1_0,1_0,2014,88iDCFbBWvPBNZ5vT
WOODEN TABLE,Green,Paint color,None,Tablecloth,Yes,Yes,Yes,4,NFS,1800,Green,Green,2x2,NA,Crafting,,1.0.0,child's room,living room,wooden,None,No,Table,No,Does not play music,No lighting,Not for sale,FtrWoodenTableL_Remake_5_0,5_0,3439,W8AvTxBDavd6kjhSA
  ANCHOR STATUE  ,Silver,Color,NA,NA,No,Yes,No,2,NFS,1400,Gray,Beige,1x1,NA,Fishing Tourney,,1.0.0,ocean,None,None,None,No,Seaside,Yes,Does not play music,No lighting,Not for sale,FtrShipanchor_Remake_1_0,1_0,7238,hdZokWHmfoFTt2FjM
rattan waste bin,White,NA,NA,NA,No,No,No,NA,1000,250,White,White,1x1,NA,Nook's Cranny,"Available in Nook's Cranny (upgraded only), in the unique furniture slot",1.0.0,living room,None,rattan,None,Trash,Supplies,No,Does not play music,No lighting,For sale,FtrRattanTrashbox_Remake_3_0,3_0,4045,8A7Z2nS6KrH2rWxT4
  drinking fountain  ,Black,Color,NA,NA,Yes,Yes,No,4,NFS,2700,Black,Black,1x1,NA,Crafting,,1.0.0,garden,None,None,None,Yes,Playground,Yes,Does not play music,No lighting,Not for sale,FtrDrinkingfountain_Remake_3_0,3_0,2319,qsxAsMBP75nzCcjFh
KITTY LITTER BOX,Light blue,NA,NA,NA,No,No,No,NA,1100,275,Light blue,Black,1x1,NA,Nook's Cranny,Available in Nook's Cranny (either upgrade tier) in the unique furniture slot,1.0.0,living room,None,None,pet,No,Bathroom Things,No,Does not play music,No lighting,For sale,FtrPetWC_Remake_3_0,3_0,7803,b2nkCAwQZgrj7fjCF
  vacuum cleaner  ,Green,NA,NA,NA,No,No,No,NA,3800,950,Green,Green,1x1,NA,Nook's Cranny,Available in Nook's Cranny (either upgrade tier) in the unique furniture slot,1.0.0,living room,None,None,None,Yes,Home Appliances,No,Does not play music,No lighting,For sale,FtrCleaner_Remake_2_0,2_0,907,8kRZWmkgSPsBHQJgc
floor light,Purple,NA,NA,NA,No,No,No,NA,,550,Orange,Orange,1x1,NA,Nook's Cranny,"Available in Nook's Cranny (upgraded only), in the unique furniture slot",1.0.0,facility,concert,None,None,Yes,Lamp,Yes,Does not play music,Spotlight,For sale,FtrGrandlight_Remake_4_0,4_0,7135,vLsdnN6rNEzb3Jge2
rock guitar,Orange-yellow,NA,Familiar logo,Sticker area,No,No,Yes,2,3100,775,Yellow,Black,1x1,NA,Nook's Cranny,Available in Nook's Cranny (either upgrade tier) in the unique furniture slot,1.0.0,concert,None,None,None,Yes,Musical Instrument,No,Does not play music,No lighting,For sale,FtrElectricguitar1_Remake_4_1,4_1,1644,PNDgcTjSGf2fbiEnA
log bed,White wood,Lumber type,Bears,Bedding,Yes,Yes,Yes,6,NFS,3600,Beige,Brown,2x2,NA,Crafting,,1.0.0,garden,living room,log,None,Yes,Bed,No,Does not play music,No lighting,Not for sale,FtrLogBedW_Remake_2_2,2_2,4041,h2F43bfYWx9EPkkyT
  tire stack  ,Colorful,Tire color,NA,NA,Yes,Yes,No,1,NFS,60,Colorful,Colorful,1x1,NA,Crafting,,1.0.0,garage,garden,None,None,No,Vehicle,Yes,Does not play music,No lighting,Not for sale,FtrTyres_Remake_2_0,2_0,1189,W95AbokQCxuMmy6Zz
  outdoor bench  ,Red,NA,Orange,Seat,No,No,Yes,1,1300,325,Red,Orange,2x1,NA,Nook's Cranny,Available in Nook's Cranny (either upgrade tier) in the unique furniture slot,1.0.0,outdoors,None,None,None,Yes,Sofa,Yes,Does not play music,No lighting,For sale,FtrOutdoorchairM_Remake_4_4,4_4,3947,j79N9NP7Huo8C4hde
  log chair  ,Dark wood,Lumber type,Southwestern flair,Cushion,Yes,Yes,Yes,3,NFS,960,Brown,Colorful,1x1,NA,Crafting,,1.0.0,garden,living room,log,None,Yes,Sofa,No,Does not play music,No lighting,Not for sale,FtrLogSofaS_Remake_0_1,0_1,4039,DNaS4awK4G9nxe2Wb
stone tablet,Mossy,Color,NA,NA,Yes,Yes,No,3,NFS,1800,Gray,Green,2x2,NA,Crafting,,1.0.0,garden,horror,None,None,No,Japanese Style,No,Does not play music,No lighting,Not for sale,FtrRockMonument_Remake_1_0,1_0,11943,Z9xtz8hxrYRd68rmL
changing room,Dark brown,NA,Green,Curtain,No,No,Yes,2,3700,925,Brown,Green,1x1,NA,Nook's Cranny,"Available in Nook's Cranny (upgraded only), in the unique furniture slot",1.0.0,shop,facility,None,None,Wardrobe,Shop,No,Does not play music,No lighting,For sale,FtrFittingroom_Remake_3_6,3_6,1816,TuEo85hZGTKmhF8Ti
  floor light  ,Blue,NA,NA,NA,No,No,No,NA,,550,Blue,Blue,1x1,NA,Nook's Cranny,"Available in Nook's Cranny (upgraded only), in the unique furniture slot",1.0.0,facility,concert,None,None,Yes,Lamp,Yes,Does not play music,Spotlight,For sale,FtrGrandlight_Remake_5_0,5_0,7135,hv4fueX9Gwj2CGhn4
BIRDBATH,Natural,Body color,NA,NA,Yes,Yes,No,2,NFS,900,Brown,Brown,1x1,NA,Crafting,,1.0.0,garden,None,None,None,No,Garden,Yes,Does not play music,No lighting,Not for sale,FtrBirdbus_Remake_0_0,0_0,331,wyL9kF8kd7kXHMNE7
  floor seat  ,Natural,NA,Pale grass green,Cushion,No,No,Yes,1,730,182,Brown,Green,1x1,NA,Nook's Cranny,Available in Nook's Cranny (either upgrade tier) in the unique furniture slot,1.0.0,zen-style,child's room,None,None,Yes,Chair,No,Does not play music,No lighting,For sale,FtrFloorchair_Remake_0_0,0_0,3622,D3xfAqv6A3YsQf2Yy
street organ,Yellow,NA,NA,NA,No,No,No,NA,5000,,Yellow,Black,1x1,NA,Nook's Cranny,"Available in Nook's Cranny (upgraded only), in the unique furniture slot",1.0.0,child's room,fancy,None,None,Yes,Musical Instrument,Yes,Does not play music,No lighting,For sale,FtrStreetorgan_Remake_2_0,2_0,4070,inWX95a2qRRxCdwWE
  GRAND ATLAS MOTH MODEL  ,NA,NA,NA,NA,No,No,No,NA,NFS,,Brown,Brown,2x2,NA,Flick,Trade 3 insects to receive a model in the mail the next day,1.0.0,None,None,None,None,No,Insect,No,Does not play music,No lighting,Not for sale,FtrInsectYonagunisanToy,NA,7109,S5Mb53g2SsFfSdMEj
plastic pool,Colorful,NA,NA,NA,No,No,No,NA,,775,Colorful,White,2x2,NA,Nook's Cranny,"Available in Nook's Cranny (upgraded only), in the third unique furniture slot",1.0.0,garden,None,None,None,Yes,Garden,Yes,Does not play music,No lighting,For sale,FtrGardenpool_Remake_4_0,4_0,3348,H49rmdBtnssE52nm2
  pear bed  ,Le Lectier,Fruit type,NA,NA,Yes,Yes,No,4,NFS,2720,Yellow,Beige,2x1,NA,Crafting,,1.0.0,fancy,None,fruits,pear,Yes,Bed,No,Does not play music,No lighting,Not for sale,FtrFruitsBedS_Remake_1_0,1_0,4546,D5467r6GHZbMtcyxe
  futon  ,NA,NA,Blue,Bedding,No,No,Yes,1,1600,400,White,Blue,2x1,NA,Nook's Cranny,Available in Nook's Cranny (either upgrade tier) in the unique furniture slot,1.0.0,zen-style,None,None,None,Yes,Bed,No,Does not play music,No lighting,For sale,FtrFuton_Remake_0_1,0_1,3230,WnaZSYa2bBQY6YvYG
  SIGNPOST  ,Airport,Navigation,NA,NA,Yes,Yes,No,1,NFS,,Beige,Brown,1x1,NA,Crafting,,1.0.0,garden,None,None,None,No,Ranch,Yes,Does not play music,No lighting,Not for sale,FtrSignpost_Remake_4_0,4_0,3588,MJdC6k2inRvsRk7gc
birdcage,Pink,Paint color,NA,NA,Yes,Yes,No,2,NFS,960,Pink,Yellow,1x1,NA,Crafting,,1.0.0,living room,None,None,None,Yes,Animal,No,Does not play music,No lighting,Not for sale,FtrBirdcage_Remake_1_0,1_0,865,PviqhEbsZxbvL43yz
  diner sofa  ,Blue,NA,NA,NA,No,No,No,NA,3500,875,Blue,White,2x1,NA,Nook's Cranny,"Available in Nook's Cranny (upgraded only), in the unique furniture slot",1.0.0,shop,None,diner,None,Yes,Sofa,No,Does not play music,No lighting,For sale,FtrAmeretroChairL_Remake_1_0,1_0,4141,58fRQYYnQZrcQBDNs
  wooden simple bed  ,Blue,Paint color,Green,Bedding,Yes,Yes,Yes,4,NFS,2160,Blue,Green,2x1,NA,Crafting,,1.0.0,child's room,living room,wooden,None,Yes,Bed,No,Does not play music,No lighting,Not for sale,FtrWoodenBedS_Remake_6_3,6_3,2605,woE5WAuopNRXbbqwk
giant teddy bear,Checkered,Fabric,White,Ribbon,Yes,Yes,Yes,8,NFS,,Purple,White,3x3,NA,Crafting,,1.0.0,fancy,child's room,None,bear,No,Animal,No,Does not play music,No lighting,Not for sale,FtrBearXL_Remake_4_1,4_1,1504,MjuLBzwiqPhjto24q
go board,NA,NA,NA,NA,No,No,No,NA,1800,450,Orange,Orange,1x1,NA,Nook's Cranny,Available in Nook's Cranny (either upgrade tier) in the unique furniture slot,1.0.0,zen-style,living room,None,None,No,Toy,No,Does not play music,No lighting,For sale,FtrGo,NA,981,t7Npmhjrh8ieMWZHm
stall,White,Variation,Green stripes,Curtain,Yes,Yes,Yes,3,NFS,1440,White,Green,2x1,NA,Crafting,,1.0.0,shop,party,None,None,No,Shop,Yes,Does not play music,No lighting,Not for sale,FtrFloat_Remake_5_1,5_1,3617,MRYhaWJZ79oN7k5Ye
SHADED FLOOR LAMP,White,NA,NA,NA,No,No,No,NA,1700,425,White,Black,1x1,NA,Nook's Cranny,"Available in Nook's Cranny (upgraded only), in the unique furniture slot",1.0.0,living room,None,None,None,Yes,Lamp,No,Does not play music,Fluorescent,For sale,FtrLampMount_Remake_7_0,7_0,4572,ginqgQTYQjXAffTnL
  DINER NEON SIGN  ,Orange,NA,NA,NA,No,No,No,NA,3900,975,Yellow,Orange,2x1,NA,Nook's Cranny,"Available in Nook's Cranny (upgraded only), in the unique furniture slot",1.0.0,shop,None,diner,None,Yes,Lamp,No,Does not play music,Emission,For sale,FtrAmeretroNeon_Remake_1_0,1_0,4143,PhE58498vnHY8SK5A
loft bed with desk,Light blue,NA,White,Bedding,No,No,Yes,3,7700,1925,Light blue,White,2x1,NA,Nook's Cranny,"Available in Nook's Cranny (upgraded only), in the unique furniture slot",1.0.0,child's room,None,None,None,Yes,Desk,No,Does not play music,No lighting,For sale,FtrBeddesk_Remake_6_0,6_0,3621,KQHQYBAiicxC3wsno
loft bed with desk,Natural,NA,Black,Bedding,No,No,Yes,3,7700,1925,Beige,Black,2x1,NA,Nook's Cranny,"Available in Nook's Cranny (upgraded only), in the unique furniture slot",1.0.0,child's room,None,None,None,Yes,Desk,No,Does not play music,No lighting,For sale,FtrBeddesk_Remake_0_1,0_1,3621,kP7NpXq5BAQhpzYem
  CLACKERCART  ,Colorful,Paint color,NA,NA,Yes,Yes,No,2,NFS,960,Yellow,Colorful,1x1,NA,Crafting,,1.0.0,child's room,None,None,None,No,Toy,No,Does not play music,No lighting,Not for sale,FtrKatakatatoy_Remake_1_0,1_0,80,dB8XkZvWGRDSHS2Ry
floor seat,Dark wood,NA,Mustard yellow,Cushion,No,No,Yes,1,,182,Red,Yellow,1x1,NA,Nook's Cranny,Available in Nook's Cranny (either upgrade tier) in the unique furniture slot,1.0.0,zen-style,child's room,None,None,Yes,Chair,No,Does not play music,No lighting,For sale,FtrFloorchair_Remake_2_1,2_1,3622,KRAJEaRTRpjxpkLYN
  fireplace  ,White,NA,NA,NA,No,No,No,NA,5900,1475,White,Gray,2x1,NA,Nook's Cranny,Available in Nook's Cranny (either upgrade tier) in the unique furniture slot,1.0.0,living room,expensive,None,None,Yes,Fireplace,No,Does not play music,No lighting,For sale,FtrFireplace_Remake_3_0,3_0,742,yTmsJqwt6nTgEetbo
changing room,Black,NA,Green,Curtain,No,No,Yes,2,3700,925,Black,Green,1x1,NA,Nook's Cranny,"Available in Nook's Cranny (upgraded only), in the unique furniture slot",1.0.0,shop,facility,None,None,Wardrobe,Shop,No,Does not play music,No lighting,For sale,FtrFittingroom_Remake_4_6,4_6,1816,tbo33Z2LABD7wBoLi
  rattan stool  ,White,NA,NA,NA,No,No,No,NA,2900,725,Light blue,White,1x1,NA,Nook's Cranny,"Available in Nook's Cranny (upgraded only), in the unique furniture slot",1.0.0,living room,None,rattan,None,Yes,Chair,No,Does not play music,No lighting,For sale,FtrRattanStool_Remake_3_0,3_0,4047,w7pwApipfeB9Xv776
upright vacuum,Green,NA,NA,NA,No,No,No,NA,2500,625,Green,Black,1x1,NA,Nook's Cranny,"Available in Nook's Cranny (upgraded only), in the unique furniture slot",1.0.0,living room,None,None,None,Yes,Home Appliances,No,Does not play music,No lighting,For sale,FtrCleanerStick_Remake_5_0,5_0,908,djGvyBHAQH9Ja9SKE
  DINER COUNTER TABLE  ,Blue,NA,NA,NA,No,No,No,NA,,1500,Blue,Gray,2x1,NA,Nook's Cranny,"Available in Nook's Cranny (upgraded only), in the unique furniture slot",1.0.0,shop,None,diner,None,No,Table,No,Does not play music,No lighting,For sale,FtrAmeretroCounter_Remake_1_0,1_0,4139,aTh2TfYiRdXxvo8Rt
RATTAN LOW TABLE,Gray,NA,NA,NA,No,No,No,NA,2900,725,Blue,Blue,2x1,NA,Nook's Cranny,"Available in Nook's Cranny (upgraded only), in the unique furniture slot",1.0.0,living room,None,rattan,None,No,Table,No,Does not play music,No lighting,For sale,FtrRattanTableM_Remake_4_0,4_0,4054,zg3To8Z5fg9bWqHwa
DRUM SET,Golden yellow,NA,Rock logo,Bass drum head,No,No,Yes,2,5600,1400,Orange,Black,2x1,NA,Nook's Cranny,"Available in Nook's Cranny (upgraded only), in the unique furniture slot",1.0.0,concert,None,None,None,Yes,Musical Instrument,No,Does not play music,No lighting,For sale,FtrDrumSet_Remake_0_4,0_4,1803,9A4Q2SmtfM2yEpMLJ
  ELABORATE KIMONO STAND  ,Hawk,NA,NA,NA,No,No,No,NA,220000,,Green,Black,2x1,NA,Nook's Cranny,"Available in Nook's Cranny (upgraded only), in the third unique furniture slot",1.0.0,zen-style,expensive,None,None,No,Japanese Style,No,Does not play music,No lighting,For sale,FtrKimonostandRich_Remake_4_0,4_0,7865,WtGpNRZdtJ8kFaEKD
  PEAR BED  ,La France,Fruit type,NA,NA,Yes,Yes,No,4,NFS,2720,Green,Beige,2x1,NA,Crafting,,1.0.0,fancy,None,fruits,pear,Yes,Bed,No,Does not play music,No lighting,Not for sale,FtrFruitsBedS_Remake_0_0,0_0,4546,6yWEA3abya4d34k94
REFRIGERATOR,Brown,NA,Notices,Sticker area,No,No,Yes,2,5100,1275,Brown,Colorful,1x1,NA,Nook's Cranny,"Available in Nook's Cranny (upgraded only), in the unique furniture slot",1.0.0,kitchen,shop,None,None,Wardrobe,Home Appliances,No,Does not play music,No lighting,For sale,FtrRefrigerator_Remake_5_4,5_4,2713,P73BQAgjfJHDMpXTM
DOUBLE SOFA,Light brown,NA,NA,NA,No,No,No,NA,4300,1075,Orange,Orange,2x1,NA,Nook's Cranny,Available in Nook's Cranny (either upgrade tier) in the unique furniture slot,1.0.0,living room,None,None,None,Yes,Sofa,No,Does not play music,No lighting,For sale,FtrSofaL_Remake_5_0,5_0,2554,FTAzAxnhcegy2HrJo
  shell fountain  ,Yellow,Shell color,NA,NA,Yes,Yes,No,7,NFS,9450,Yellow,Yellow,1.5x1.5,NA,Crafting,,1.0.0,ocean,expensive,shell,None,Yes,Playground,Yes,Does not play music,No lighting,Not for sale,FtrShellFountain_Remake_3_0,3_0,3982,bseA8tHkwhS29sYC4
barbecue,Yellow,NA,NA,NA,No,No,No,NA,2500,625,Yellow,Colorful,1x1,NA,Nook's Cranny,"Available in all tiers of shops, including Timmy & Tommy before the shop is opened",1.0.0,outdoors,None,None,None,Yes,Outdoors Decor,Yes,Does not play music,No lighting,For sale,FtrBarbecuegrill_Remake_1_0,1_0,330,XvEi9AfrWodjqcnnt
swinging bench,Red wood,Lumber type,NA,NA,Yes,Yes,No,2,NFS,1440,Red,Red,2x1,NA,Crafting,,1.0.0,garden,None,None,None,Yes,Sofa,Yes,Does not play music,No lighting,Not for sale,FtrSwingWood_Remake_3_0,3_0,1170,dbkExudugvpmv6P8x
  director's chair  ,Dark brown,NA,Natural white,Fabric,No,No,Yes,1,1600,400,Brown,White,1x1,NA,Nook's Cranny,"Available in all tiers of shops, including Timmy & Tommy before the shop is opened",1.0.0,outdoors,None,None,None,Yes,Chair,Yes,Does not play music,No lighting,For sale,FtrDirectorchair_Remake_1_0,1_0,2020,8BqF66JW6uaT2ERoR
  changing room  ,Gray,NA,Purple,Curtain,No,No,Yes,2,,925,White,Purple,1x1,NA,Nook's Cranny,"Available in Nook's Cranny (upgraded only), in the unique furniture slot",1.0.0,shop,facility,None,None,Wardrobe,Shop,No,Does not play music,No lighting,For sale,FtrFittingroom_Remake_0_1,0_1,1816,ix23xBZAgkNvgMz37
mush log,Ordinary mushroom,Mushroom type,NA,NA,Yes,Yes,No,3,NFS,1680,Brown,Brown,1x1,NA,Crafting,,1.0.0,facility,garden,mush,None,No,Desk,Yes,Does not play music,No lighting,Not for sale,FtrMushroomPulpwood_Remake_0_0,0_0,3808,X28QA9bYxyXzAY9Ri
CHANGING ROOM,Green,NA,Purple,Curtain,No,No,Yes,2,3700,925,Light blue,Purple,1x1,NA,Nook's Cranny,"Available in Nook's Cranny (upgraded only), in the unique furniture slot",1.0.0,shop,facility,None,None,Wardrobe,Shop,No,Does not play music,No lighting,For sale,FtrFittingroom_Remake_7_1,7_1,1816,9Fh8KaoZoZk3X5fdh
  WEDDING FLOWER STAND  ,Chic,Design,NA,NA,No,Yes,No,2,4000,1000,White,Yellow,1x1,NA,Wedding Season,,1.2.0,party,expensive,wedding,None,No,Plants,No,Does not play music,No lighting,Not for sale,FtrWeddingFlower_Remake_1_0,1_0,12411,SZjEFNTzfvmrBTATX
frozen table,Ice yellow,Illumination,NA,NA,Yes,Yes,No,7,NFS,,Yellow,Yellow,2x2,NA,Crafting,,1.0.0,freezing cold,None,frozen,None,No,Table,Yes,Does not play music,No lighting,Not for sale,FtrIceTableL_Remake_3_0,3_0,3497,SmobKKJMeFPvGk5HC
  water cooler  ,Black,NA,NA,NA,No,No,No,NA,3400,850,Black,Blue,1x1,NA,Nook's Cranny,Available in Nook's Cranny (either upgrade tier) in the unique furniture slot,1.0.0,living room,office,None,None,Yes,Facility Decor,No,Does not play music,No lighting,For sale,FtrWaterserver_Remake_1_0,1_0,1232,3tdHRb7Extgyvk5SF
MUSH PARASOL,Strange mushroom,Mushroom type,NA,NA,Yes,Yes,No,2,NFS,1200,Gray,Brown,2x2,NA,Crafting,,1.0.0,garden,None,mush,None,No,Plants,Yes,Does not play music,No lighting,Not for sale,FtrMushroomParasol_Remake_2_0,2_0,3805,uiHMZyCL9Ad8Fuy4T
  rock guitar  ,Cool blue,NA,None,Sticker area,No,No,Yes,2,3100,775,Blue,White,1x1,NA,Nook's Cranny,Available in Nook's Cranny (either upgrade tier) in the unique furniture slot,1.0.0,concert,None,None,None,Yes,Musical Instrument,No,Does not play music,No lighting,For sale,FtrElectricguitar1_Remake_7_0,7_0,1644,fi9SwywkscdbfDJ5a
  whirlpool bath  ,White,NA,NA,NA,No,No,No,NA,130000,32500,White,White,2x2,NA,Nook's Cranny,"Available in Nook's Cranny (upgraded only), in the third unique furniture slot",1.0.0,bathroom,expensive,None,None,Yes,Bathtub,No,Does not play music,No lighting,For sale,FtrJacuzzi_Remake_0_0,0_0,1840,rTtFx2PRtiPbwN58b
  DRINK MACHINE  ,Green,NA,Orange juice,Advertisement panel,No,No,Yes,7,NFS,10000,Green,Orange,1x1,2000,Nook Miles Shop,,1.0.0,shop,facility,None,None,Yes,Facility Decor,Yes,Does not play music,Monitor,Not for sale,FtrDrinkmachine_Remake_4_0,4_0,1802,4XfpCWvroHBS2cyy9
frozen arch,Ice yellow,Illumination,NA,NA,Yes,Yes,No,7,NFS,9000,Yellow,Yellow,3x1,NA,Crafting,,1.0.0,freezing cold,None,frozen,None,No,Arch,Yes,Does not play music,No lighting,Not for sale,FtrIceGate_Remake_3_0,3_0,3499,AKkzRGR8bhiyZJzxk
soft-serve lamp,Pale sky,NA,NA,NA,No,No,No,NA,3000,,Light blue,Beige,1x1,NA,Nook's Cranny,"Available in Nook's Cranny (upgraded only), in the unique furniture slot",1.0.0,shop,fancy,None,None,Yes,Lamp,Yes,Does not play music,Fluorescent,For sale,FtrLampSoftcream_Remake_3_0,3_0,3416,Jxo5EY4WdvFarktBX
  ROCK GUITAR  ,Cosmo black,NA,Handwritten logo,Sticker area,No,No,Yes,2,3100,775,Black,Light blue,1x1,NA,Nook's Cranny,Available in Nook's Cranny (either upgrade tier) in the unique furniture slot,1.0.0,concert,None,None,None,Yes,Musical Instrument,No,Does not play music,No lighting,For sale,FtrElectricguitar1_Remake_2_5,2_5,1644,vacan7uy4zG7XvKrb
UPRIGHT LOCKER,White,NA,Notes,Sticker area,No,No,Yes,2,3700,925,White,Pink,1x1,NA,Nook's Cranny,Available in Nook's Cranny (either upgrade tier) in the unique furniture slot,1.0.0,school,facility,None,None,Wardrobe,Chest,No,Does not play music,No lighting,For sale,FtrLocker_Remake_1_4,1_4,833,sMbu92zCSz8gMnjFN
LOG CHAIR,White wood,Lumber type,Geometric print,Cushion,Yes,Yes,Yes,3,NFS,960,Beige,Colorful,1x1,NA,Crafting,,1.0.0,garden,living room,log,None,Yes,Sofa,No,Does not play music,No lighting,Not for sale,FtrLogSofaS_Remake_2_2,2_2,4039,7MTHmTmqpN65zxGDW
RETRO GAS PUMP,White,NA,Yellow oil,Lamp,No,No,Yes,1,,675,White,Red,1x1,NA,Nook's Cranny,Available in Nook's Cranny (either upgrade tier) in the unique furniture slot,1.0.0,garden,shop,diner,None,Yes,Vehicle,Yes,Does not play music,No lighting,For sale,FtrAmeretroGasstand_Remake_3_0,3_0,4140,gP3hKTq42SqAiAbeR
  wooden double bed  ,Pink wood,Paint color,Orange,Bedding,Yes,Yes,Yes,6,NFS,3600,Pink,Orange,2x2,NA,Crafting,,1.0.0,child's room,living room,wooden,None,Yes,Bed,No,Does not play music,No lighting,Not for sale,FtrWoodenBedW_Remake_7_0,7_0,7132,8yPWZ2TevahYQWWPf
outdoor table,Blue,NA,Blue,Table,No,No,Yes,1,,550,Blue,Blue,2x1,NA,Nook's Cranny,Available in Nook's Cranny (either upgrade tier) in the unique furniture slot,1.0.0,outdoors,None,None,None,No,Table,Yes,Does not play music,No lighting,For sale,FtrOutdoortableM_Remake_3_3,3_3,3946,6pSv6EhcLyScP4FbQ
log dining table,Orange wood,Lumber type,None,Placemats,Yes,Yes,Yes,4,,1800,Orange,Orange,2x2,NA,Crafting,,1.0.0,garden,living room,log,None,No,Table,No,Does not play music,No lighting,Not for sale,FtrLogTableL_Remake_1_0,1_0,4040,Cdcv2Gj5shBG3oWdZ
  WOODEN SIMPLE BED  ,Pink wood,Paint color,Blue,Bedding,Yes,Yes,Yes,4,NFS,2160,Pink,Light blue,2x1,NA,Crafting,,1.0.0,child's room,living room,wooden,None,Yes,Bed,No,Does not play music,No lighting,Not for sale,FtrWoodenBedS_Remake_7_2,7_2,2605,554r3tt8jMmz2PXJr
THROWBACK ROCKET,Green,NA,NA,NA,No,No,No,NA,5900,1475,Green,Red,1x1,NA,Nook's Cranny,"Available in Nook's Cranny (upgraded only), in the unique furniture slot",1.0.0,child's room,space,throwback,None,Wardrobe,Chest,No,Does not play music,No lighting,For sale,FtrBoyClosetL_Remake_3_0,3_0,4761,DHq7jXez3dT65MGRi
frozen table,Ice purple,Illumination,NA,NA,Yes,Yes,No,7,NFS,8200,Purple,Purple,2x2,NA,Crafting,,1.0.0,freezing cold,None,frozen,None,No,Table,Yes,Does not play music,No lighting,Not for sale,FtrIceTableL_Remake_6_0,6_0,3497,NwY2WiN7C4PAd9FXv
  CRESCENT-MOON CHAIR  ,Orange,Color,NA,NA,Yes,Yes,No,7,NFS,8500,Orange,Yellow,2x1,NA,Crafting,,1.0.0,space,fancy,stars,None,Yes,Chair,No,Does not play music,Fluorescent,Not for sale,FtrStarMoonChairL_Remake_5_0,5_0,6829,9Sb3ACfFchJLoE3XH
  log chair  ,White wood,Lumber type,Southwestern flair,Cushion,Yes,Yes,Yes,3,NFS,960,Beige,Colorful,1x1,NA,Crafting,,1.0.0,garden,living room,log,None,Yes,Sofa,No,Does not play music,No lighting,Not for sale,FtrLogSofaS_Remake_2_1,2_1,4039,RLmAeJAP6SZesao9E
HAMMOCK,Pink,NA,Camouflage,Cloth,No,No,Yes,1,1300,325,Pink,Green,2x1,NA,Nook's Cranny,"Available in all tiers of shops, including Timmy & Tommy before the shop is opened",1.0.0,outdoors,None,None,None,Yes,Bed,Yes,Does not play music,No lighting,For sale,FtrHammock_Remake_4_1,4_1,1620,RzwsoW4GH2rGzsWKT
wooden double bed,Dark wood,Paint color,Orange,Bedding,Yes,Yes,Yes,6,NFS,3600,Brown,Orange,2x2,NA,Crafting,,1.0.0,child's room,living room,wooden,None,Yes,Bed,No,Does not play music,No lighting,Not for sale,FtrWoodenBedW_Remake_3_0,3_0,7132,cFA8znPoFjRdf7gkj
WOODEN-BLOCK TABLE,Colorful,Block color,NA,NA,Yes,Yes,No,2,NFS,1320,Green,Colorful,2x2,NA,Crafting,,1.0.0,child's room,None,wooden block,None,No,Table,No,Does not play music,No lighting,Not for sale,FtrBlockTableL_Remake_2_0,2_0,1565,Keskqg829hX92h4f9
sphinx,NA,NA,NA,NA,No,No,No,NA,NFS,2100,Beige,Beige,3x1,NA,Gulliver,,1.0.0,folk art,None,None,None,No,Folk Craft Decor,Yes,Does not play music,No lighting,Not for sale,FtrSphinx,NA,8702,zzSkjzaPCtzRHMuHZ
loft bed with desk,Orange,NA,Orange,Bedding,No,No,Yes,3,7700,1925,Orange,Orange,2x1,NA,Nook's Cranny,"Available in Nook's Cranny (upgraded only), in the unique furniture slot",1.0.0,child's room,None,None,None,Yes,Desk,No,Does not play music,No lighting,For sale,FtrBeddesk_Remake_5_3,5_3,3621,bkX9XHWkByEGNHHNx
  MINI DIY WORKBENCH  ,Green,Paint color,NA,NA,Yes,Yes,No,4,NFS,2580,Green,White,1x1,NA,Crafting,,1.0.0,garage,None,None,None,Workbench,Work Bench,No,Does not play music,No lighting,Not for sale,FtrWorkbenchS_Remake_5_0,5_0,3122,9Xq2i9QgX2QGG2dY6
  FROZEN SCULPTURE  ,Ice green,Illumination,NA,NA,Yes,Yes,No,7,NFS,6600,Green,Green,1.5x1.5,NA,Crafting,,1.0.0,freezing cold,None,frozen,None,No,Seasonal Decor,Yes,Does not play music,No lighting,Not for sale,FtrIceArt_Remake_5_0,5_0,3501,cG3MY6yxMaDCKPmsG
DJ'S TURNTABLE,White,NA,Cute logo,Flag,No,No,Yes,4,9300,2325,White,Pink,2x1,NA,Nook's Cranny,"Available in Nook's Cranny (upgraded only), in the unique furniture slot",1.0.0,party,concert,None,None,Yes,Musical Instrument,No,Hi-fi,No lighting,For sale,FtrDJbooth_Remake_1_7,1_7,941,FyC8fe6YfntWN3Bz6
wedding welcome board,Garden,Easel,Message,Board,No,Yes,Yes,2,,375,Yellow,Pink,1x1,NA,Wedding Season,,1.2.0,party,expensive,wedding,None,No,Shop,No,Does not play music,No lighting,Not for sale,FtrWeddingBoard_Remake_2_0,2_0,12410,meo4bGDqQK42HScFg
  changing room  ,Gray,NA,Red,Curtain,No,No,Yes,2,3700,,White,Red,1x1,NA,Nook's Cranny,"Available in Nook's Cranny (upgraded only), in the unique furniture slot",1.0.0,shop,facility,None,None,Wardrobe,Shop,No,Does not play music,No lighting,For sale,FtrFittingroom_Remake_0_5,0_5,1816,4aRrQYq57rDxJkesF
  blue corner  ,NA,NA,Yellow,Ring curtain,No,No,Yes,3,6100,1525,White,Yellow,2x2,NA,Nook's Cranny,"Available in Nook's Cranny (upgraded only), in the third unique furniture slot",1.0.0,fitness,None,None,sports ring,Yes,Sports,No,Does not play music,No lighting,For sale,FtrRingcornerBlue_Remake_0_4,0_4,7150,FvHNG2dqq7Nh4ZRMr
  log extra-long sofa  ,Orange wood,Lumber type,Southwestern flair,Cushions,Yes,Yes,Yes,4,,1920,Orange,Colorful,2x1,NA,Crafting,,1.0.0,garden,living room,log,None,Yes,Sofa,No,Does not play music,No lighting,Not for sale,FtrLogSofaL_Remake_1_1,1_1,4044,npk7nAfd4Foe4AoFM
ironing board,NA,NA,Dots,Ironing board,No,No,Yes,1,2300,575,Black,Yellow,1x1,NA,Nook's Cranny,Available in Nook's Cranny (either upgrade tier) in the unique furniture slot,1.0.0,living room,None,None,None,No,Home Appliances,No,Does not play music,No lighting,For sale,FtrIronstand_Remake_0_2,0_2,7531,papsmzqBhCXcaYXMB
throwback race-car bed,Green,NA,NA,NA,No,No,No,NA,,950,Green,Black,2x1,NA,Nook's Cranny,"Available in Nook's Cranny (upgraded only), in the unique furniture slot",1.0.0,child's room,None,throwback,None,Yes,Bed,No,Does not play music,No lighting,For sale,FtrBoyBedS_Remake_4_0,4_0,4759,So9ZEzWsqBkgTPnvR
  squat toilet  ,NA,NA,NA,NA,No,No,No,NA,1500,375,White,Gray,1x1,NA,Nook's Cranny,Available in Nook's Cranny (either upgrade tier) in the unique furniture slot,1.0.0,zen-style,bathroom,None,None,Yes,Toilet,No,Does not play music,No lighting,For sale,FtrWCJapan,NA,2775,KFbCTud85cuXuQCxm
wooden simple bed,Black,Paint color,Green,Bedding,Yes,Yes,Yes,4,NFS,2160,Black,Green,2x1,NA,Crafting,,1.0.0,child's room,living room,wooden,None,Yes,Bed,No,Does not play music,No lighting,Not for sale,FtrWoodenBedS_Remake_4_3,4_3,2605,tNYQb849vcbqAsZYQ
  NEUTRAL CORNER  ,NA,NA,Black,Ring curtain,No,No,Yes,3,6100,1525,White,Black,2x2,NA,Nook's Cranny,"Available in Nook's Cranny (upgraded only), in the third unique furniture slot",1.0.0,fitness,None,None,sports ring,Yes,Sports,No,Does not play music,No lighting,For sale,FtrRingcornerNeutral_Remake_0_3,0_3,7152,xabSusyaJXXzK6XC5
  log dining table  ,Dark wood,Lumber type,Bears,Placemats,Yes,Yes,Yes,4,NFS,1800,Brown,Brown,2x2,NA,Crafting,,1.0.0,garden,living room,log,None,No,Table,No,Does not play music,No lighting,Not for sale,FtrLogTableL_Remake_0_3,0_3,4040,Bg4DcuhkuH58mdtsX
  PORTABLE TOILET  ,Gray,NA,NA,NA,No,No,No,NA,NFS,5000,Gray,White,1x1,1000,Nook Miles Shop,,1.0.0,bathroom,facility,None,None,No,Toilet,Yes,Does not play music,No lighting,Not for sale,FtrWCPortable_Remake_4_0,4_0,1234,6uw7efGqmxtnBszkD
  pet bed  ,Dark brown,NA,Polka dots,Cushion,No,No,Yes,1,1100,275,Brown,Light blue,1x1,NA,Nook's Cranny,Available in Nook's Cranny (either upgrade tier) in the unique furniture slot,1.0.0,living room,None,None,pet,Yes,Chair,No,Does not play music,No lighting,For sale,FtrPetBed_Remake_1_2,1_2,7802,5qGBZpdBXK5HsmRCQ
  tiki torch  ,NA,NA,NA,NA,Yes,No,No,NA,NFS,650,Brown,Beige,1x1,NA,Crafting,,1.0.0,outdoors,garden,None,None,Yes,Lamp,Yes,Does not play music,Candle,Not for sale,FtrTorch,NA,343,DsQ5iWXD3Gy7gKn9w
  effects rack  ,Pink,NA,Chic logo,Sticker area,No,No,Yes,3,6800,1700,Pink,White,1x1,NA,Nook's Cranny,"Available in Nook's Cranny (upgraded only), in the unique furniture slot",1.0.0,concert,facility,None,None,No,Musical Instrument,No,Does not play music,No lighting,For sale,FtrEffectorrack_Remake_5_2,5_2,950,kBCgZy56vmJfz8RZr
  papa bear  ,Choco,NA,Red,Ribbon,No,No,Yes,3,8500,2125,Brown,Red,2x2,NA,Nook's Cranny,"Available in Nook's Cranny (upgraded only), in the third unique furniture slot",1.0.0,fancy,child's room,None,bear,No,Animal,No,Does not play music,No lighting,For sale,FtrBearL_Remake_2_1,2_1,1499,HY7r7EmRnJcyMhWnQ
  frozen bed  ,Ice purple,Illumination,Brown,Bedding,Yes,No,Yes,8,NFS,9000,Purple,Brown,2x2,NA,Crafting,,1.0.0,freezing cold,None,frozen,None,Yes,Bed,Yes,Does not play music,No lighting,Not for sale,FtrIceBedW_Remake_6_0,6_0,3502,27D6fu8AeKw69KGgZ
  ROCK GUITAR  ,Chic white,NA,Pop logo,Sticker area,No,No,Yes,2,3100,775,White,Colorful,1x1,NA,Nook's Cranny,Available in Nook's Cranny (either upgrade tier) in the unique furniture slot,1.0.0,concert,None,None,None,Yes,Musical Instrument,No,Does not play music,No lighting,For sale,FtrElectricguitar1_Remake_6_6,6_6,1644,7N9qgTits4TrPMSvW
  BUNK BED  ,Pink,NA,Checkered,Bedding,No,No,Yes,2,5000,1250,Pink,Pink,2x1,NA,Nook's Cranny,Available in Nook's Cranny (either upgrade tier) in the unique furniture slot,1.0.0,facility,None,None,None,Yes,Bed,No,Does not play music,No lighting,For sale,FtrBunkbed_Remake_6_2,6_2,8298,oaDYkwxMGfrD6Y5Fu
  silo  ,Green roof,Roof color,NA,NA,Yes,Yes,No,7,NFS,13920,Green,Brown,2x2,NA,Crafting,,1.0.0,garden,None,None,None,No,Ranch,Yes,Does not play music,No lighting,Not for sale,FtrSilo_Remake_1_0,1_0,7247,H3DbbcT7KKXEasueS
  ELECTRIC GUITAR  ,Sunburst,NA,Pop logo,Sticker area,No,No,Yes,7,71000,17750,Brown,Colorful,1x1,NA,Nook's Cranny,"Available in Nook's Cranny (upgraded only), in the third unique furniture slot",1.0.0,concert,None,None,None,Yes,Musical Instrument,No,Does not play music,No lighting,For sale,FtrElectricguitar2_Remake_3_6,3_6,1645,gPcMT9WptvKjRiu2C
  BABY CHAIR  ,White,NA,Butterfly,Cushion,No,No,Yes,1,,300,White,Orange,1x1,NA,Nook's Cranny,Available in Nook's Cranny (either upgrade tier) in the unique furniture slot,1.0.0,child's room,None,None,None,Yes,Chair,No,Does not play music,No lighting,For sale,FtrBabychair_Remake_5_2,5_2,3305,bxcu2gBDFQhKEpiHz
LOFT BED WITH DESK,Blue,NA,Yellow,Bedding,No,No,Yes,3,7700,1925,Blue,Yellow,2x1,NA,Nook's Cranny,"Available in Nook's Cranny (upgraded only), in the unique furniture slot",1.0.0,child's room,None,None,None,Yes,Desk,No,Does not play music,No lighting,For sale,FtrBeddesk_Remake_4_4,4_4,3621,Gn6o6SLuP2WKX7bYZ
  upright locker  ,Blue,NA,Notes,Sticker area,No,No,Yes,2,,925,Blue,Pink,1x1,NA,Nook's Cranny,Available in Nook's Cranny (either upgrade tier) in the unique furniture slot,1.0.0,school,facility,None,None,Wardrobe,Chest,No,Does not play music,No lighting,For sale,FtrLocker_Remake_4_4,4_4,833,ZrakXiLFxycRSvLRq
beekeeper's hive,Yellow,Paint color,NA,NA,Yes,Yes,No,4,NFS,2400,Yellow,Brown,1x1,NA,Crafting,,1.0.0,garden,None,None,None,No,Ranch,Yes,Does not play music,No lighting,Not for sale,FtrBeekeepingbox_Remake_4_0,4_0,3406,sy4T7wEaqeZH3i7WC
BABY CHAIR,Black,NA,Train,Cushion,No,No,Yes,1,1200,300,Black,Colorful,1x1,NA,Nook's Cranny,Available in Nook's Cranny (either upgrade tier) in the unique furniture slot,1.0.0,child's room,None,None,None,Yes,Chair,No,Does not play music,No lighting,For sale,FtrBabychair_Remake_6_3,6_3,3305,s2QnWwt8XqMkDaBow
  WATER PUMP  ,Green,Body color,NA,NA,Yes,Yes,No,4,NFS,2700,Green,Gray,1x1,NA,Crafting,,1.0.0,garden,None,None,None,Yes,Garden,Yes,Does not play music,No lighting,Not for sale,FtrHandpump_Remake_0_0,0_0,2326,q3mb7defR8pkuci2u
  loft bed with desk  ,Pink,NA,White,Bedding,No,No,Yes,3,7700,1925,Pink,White,2x1,NA,Nook's Cranny,"Available in Nook's Cranny (upgraded only), in the unique furniture slot",1.0.0,child's room,None,None,None,Yes,Desk,No,Does not play music,No lighting,For sale,FtrBeddesk_Remake_7_0,7_0,3621,YrAmCJgDvy8WL6XQe
  YUCCA  ,Brown,NA,NA,NA,No,No,No,NA,2100,525,Brown,Green,1x1,NA,Nook's Cranny,Available in Nook's Cranny (either upgrade tier) in the unique furniture slot,1.0.0,living room,None,None,None,No,Plants,No,Does not play music,No lighting,For sale,FtrPlantYucca_Remake_1_0,1_0,4132,LuA9QEDnRhdsudtXK
  MUSH TABLE  ,White mushroom,Mushroom type,NA,NA,Yes,Yes,No,3,,1520,White,White,2x2,NA,Crafting,,1.0.0,garden,None,mush,None,No,Table,Yes,Does not play music,No lighting,Not for sale,FtrMushroomTableL_Remake_1_0,1_0,808,PEb7M5GXB8SmzL4eE
  shell arch  ,Brown,Shell color,NA,NA,Yes,Yes,No,7,NFS,12360,Brown,Brown,3x1,NA,Crafting,,1.0.0,ocean,expensive,shell,None,No,Arch,Yes,Does not play music,No lighting,Not for sale,FtrShellArch_Remake_1_0,1_0,3977,gTj8HEXN5WdbBHbsK
red corner,NA,NA,Blue,Ring curtain,No,No,Yes,3,,1525,White,Blue,2x2,NA,Nook's Cranny,"Available in Nook's Cranny (upgraded only), in the third unique furniture slot",1.0.0,fitness,None,None,sports ring,Yes,Sports,No,Does not play music,No lighting,For sale,FtrRingcornerRed_Remake_0_2,0_2,7151,iMoRnPDDj2GBgNhK6
antique console table,Natural,NA,NA,NA,No,No,No,NA,17000,4250,Beige,Beige,2x1,NA,Nook's Cranny,"Available in Nook's Cranny (upgraded only), in the third unique furniture slot",1.0.0,living room,expensive,antique,None,No,Table,No,Does not play music,No lighting,For sale,FtrAntiqueConsole_Remake_1_0,1_0,3951,SBphLepffHinkmtPf
  simple panel  ,Brown,NA,Lined panel,Panel design,No,No,Yes,1,810,202,Orange,White,1x0.5,NA,Nook's Cranny,Available in Nook's Cranny (either upgrade tier) in the unique furniture slot,1.0.0,facility,None,None,None,No,Screen,No,Does not play music,No lighting,For sale,FtrScreenSimple_Remake_3_1,3_1,5338,HuYQtpbMoXZ3aBZn8
  SIMPLE PANEL  ,Gold,NA,Gold,Panel design,No,No,Yes,1,810,202,Yellow,Yellow,1x0.5,NA,Nook's Cranny,Available in Nook's Cranny (either upgrade tier) in the unique furniture slot,1.0.0,facility,None,None,None,No,Screen,No,Does not play music,No lighting,For sale,FtrScreenSimple_Remake_7_7,7_7,5338,nfddwvQmCFknHMQed
  SIMPLE PANEL  ,Light gray,NA,Lined panel,Panel design,No,No,Yes,1,810,202,Gray,White,1x0.5,NA,Nook's Cranny,Available in Nook's Cranny (either upgrade tier) in the unique furniture slot,1.0.0,facility,None,None,None,No,Screen,No,Does not play music,No lighting,For sale,FtrScreenSimple_Remake_0_1,0_1,5338,7HaDzAKNvhye5Erae
  wooden-block bench  ,Mixed wood,Block color,NA,NA,Yes,Yes,No,2,NFS,,Black,Brown,2x1,NA,Crafting,,1.0.0,child's room,None,wooden block,None,Yes,Sofa,No,Does not play music,No lighting,Not for sale,FtrBlockChairL_Remake_1_0,1_0,1559,ztyQTfg3uNL89FHj5
tree's bounty big tree,White,Nut color,NA,NA,Yes,Yes,No,7,NFS,6080,White,Colorful,1x1,NA,Crafting,,1.0.0,party,fancy,tree's bounty or leaves,None,No,Seasonal Decor,Yes,Does not play music,No lighting,Not for sale,FtrNutTreeL_Remake_1_0,1_0,6080,vjnurpGZt5JLyC7rw
  FROZEN ARCH  ,Ice orange,Illumination,NA,NA,Yes,Yes,No,7,,,Orange,Orange,3x1,NA,Crafting,,1.0.0,freezing cold,None,frozen,None,No,Arch,Yes,Does not play music,No lighting,Not for sale,FtrIceGate_Remake_4_0,4_0,3499,xjFrrRsaf7d75SH83
  camping cot  ,Camouflage,NA,NA,NA,No,No,No,NA,1800,450,Green,Brown,2x1,NA,Starting items,,1.0.0,outdoors,None,None,None,Yes,Bed,Yes,Does not play music,No lighting,For sale,FtrCampbed_Remake_5_0,5_0,4081,L4q77XTgsDtuSpvpW
  drink machine  ,Green,NA,Sale,Advertisement panel,No,No,Yes,7,NFS,10000,Green,Green,1x1,2000,Nook Miles Shop,,1.0.0,shop,facility,None,None,Yes,Facility Decor,Yes,Does not play music,Monitor,Not for sale,FtrDrinkmachine_Remake_4_2,4_2,1802,bKmHa5c42pn7zT8A4
  automatic washer  ,Yellow,NA,NA,NA,No,No,No,NA,4500,1125,Yellow,White,1x1,NA,Nook's Cranny,"Available in Nook's Cranny (upgraded only), in the unique furniture slot",1.0.0,bathroom,None,None,None,Yes,Home Appliances,No,Does not play music,No lighting,For sale,FtrWashingmachine_Remake_4_0,4_0,2740,uKASWdnn2i8tv3W9G
  loft bed with desk  ,Pink,NA,Orange,Bedding,No,No,Yes,3,7700,1925,Pink,Orange,2x1,NA,Nook's Cranny,"Available in Nook's Cranny (upgraded only), in the unique furniture slot",1.0.0,child's room,None,None,None,Yes,Desk,No,Does not play music,No lighting,For sale,FtrBeddesk_Remake_7_3,7_3,3621,RZi44abKhaxj9NvRP
  simple panel  ,Light brown,NA,Gold,Panel design,No,No,Yes,1,810,202,Beige,Yellow,1x0.5,NA,Nook's Cranny,Available in Nook's Cranny (either upgrade tier) in the unique furniture slot,1.0.0,facility,None,None,None,No,Screen,No,Does not play music,No lighting,For sale,FtrScreenSimple_Remake_4_7,4_7,5338,zPxcc2Dm2iHEy2Q5M
WOODEN SIMPLE BED,Pink wood,Paint color,Green,Bedding,Yes,Yes,Yes,4,NFS,2160,Pink,Green,2x1,NA,Crafting,,1.0.0,child's room,living room,wooden,None,Yes,Bed,No,Does not play music,No lighting,Not for sale,FtrWoodenBedS_Remake_7_3,7_3,2605,ynNQcm7EjjoDqkRds
  WOODEN STOOL  ,Pink wood,Paint color,Green,Seat,Yes,Yes,Yes,2,NFS,480,Pink,Green,1x1,NA,Crafting,,1.0.0,child's room,living room,wooden,None,Yes,Chair,No,Does not play music,No lighting,Not for sale,FtrWoodenStoolS_Remake_7_4,7_4,3449,egLdsrYAim3XqrKmk
CUTE DIY TABLE,Red,NA,NA,NA,No,No,No,NA,7000,1750,Red,Red,2x1,NA,Nook's Cranny,"Available in Nook's Cranny (upgraded only), in the unique furniture slot",1.0.0,fancy,None,cute,None,Yes,Work Bench,No,Does not play music,Spotlight,For sale,FtrCuteWorkbench_Remake_3_0,3_0,3995,mcMvwCgMoeD4oCst5
  ROCK GUITAR  ,Cool blue,NA,Cute logo,Sticker area,No,No,Yes,2,3100,775,Blue,Pink,1x1,NA,Nook's Cranny,Available in Nook's Cranny (either upgrade tier) in the unique furniture slot,1.0.0,concert,None,None,None,Yes,Musical Instrument,No,Does not play music,No lighting,For sale,FtrElectricguitar1_Remake_7_7,7_7,1644,C6mRibmdjsk8vvYtS
shell partition,White,Shell color,NA,NA,Yes,Yes,No,7,,,White,Beige,2x1,NA,Crafting,,1.0.0,ocean,None,shell,None,No,Screen,Yes,Does not play music,No lighting,Not for sale,FtrShellScreen_Remake_0_0,0_0,3978,Z8zLLiju3bFv5PqQq
  log bed  ,Dark wood,Lumber type,Geometric print,Bedding,Yes,Yes,Yes,6,NFS,3600,Brown,Colorful,2x2,NA,Crafting,,1.0.0,garden,living room,log,None,Yes,Bed,No,Does not play music,No lighting,Not for sale,FtrLogBedW_Remake_0_1,0_1,4041,rMHBphuQBNDMtj22S
  tool shelf  ,Black,NA,NA,NA,No,No,No,NA,7300,,Black,Colorful,2x1,NA,Nook's Cranny,Available in Nook's Cranny (either upgrade tier) in the unique furniture slot,1.0.0,garage,facility,None,None,No,Table,No,Does not play music,No lighting,For sale,FtrToolshelf_Remake_3_0,3_0,7525,XywPNJ7EsdD2gAXQf
  ORANGE END TABLE  ,Orange,Fruit type,NA,NA,Yes,Yes,No,4,NFS,2480,Orange,Green,1x1,NA,Crafting,,1.0.0,fancy,None,fruits,orange,No,Table,No,Does not play music,No lighting,Not for sale,FtrFruitsTableS_Remake_0_0,0_0,3975,965y54WzRwsYPC2mE
LOFT BED WITH DESK,Light blue,NA,Black,Bedding,No,No,Yes,3,7700,1925,Light blue,Black,2x1,NA,Nook's Cranny,"Available in Nook's Cranny (upgraded only), in the unique furniture slot",1.0.0,child's room,None,None,None,Yes,Desk,No,Does not play music,No lighting,For sale,FtrBeddesk_Remake_6_1,6_1,3621,3MvL7MfGqnNGmXMTi
  wooden-block stereo  ,Vivid,Block color,NA,NA,Yes,Yes,No,4,NFS,2460,Blue,Colorful,2x1,NA,Crafting,,1.0.0,child's room,None,wooden block,None,Yes,Audio,No,Hi-fi,No lighting,Not for sale,FtrBlockCompo_Remake_4_0,4_0,3205,CEzcQfGjtrL49jWPP
  modern office chair  ,Blue,NA,NA,NA,No,No,No,NA,,550,Blue,Black,1x1,NA,Nook's Cranny,"Available in Nook's Cranny (upgraded only), in the unique furniture slot",1.0.0,office,None,None,office,Yes,Chair,No,Does not play music,No lighting,For sale,FtrOfficeChair_Remake_0_0,0_0,832,ntQZ3HTaejpMcBjTu
loft bed with desk,Black,NA,Black,Bedding,No,No,Yes,3,7700,1925,Black,Black,2x1,NA,Nook's Cranny,"Available in Nook's Cranny (upgraded only), in the unique furniture slot",1.0.0,child's room,None,None,None,Yes,Desk,No,Does not play music,No lighting,For sale,FtrBeddesk_Remake_3_1,3_1,3621,eHGyb2SHFznyGJpdZ
  GIANT TEDDY BEAR  ,Floral,Fabric,White,Ribbon,Yes,Yes,Yes,8,,6300,Yellow,White,3x3,NA,Crafting,,1.0.0,fancy,child's room,None,bear,No,Animal,No,Does not play music,No lighting,Not for sale,FtrBearXL_Remake_3_1,3_1,1504,DSK2rjZBS22QHwWMA
  synthesizer  ,Blue,NA,NA,NA,No,No,No,NA,,16500,Blue,White,2x1,NA,Nook's Cranny,"Available in Nook's Cranny (upgraded only), in the third unique furniture slot",1.0.0,concert,None,None,None,Yes,Musical Instrument,No,Does not play music,No lighting,For sale,FtrSynthesizer_Remake_2_0,2_0,1171,mwoL9PjeS9koFx2Qu
UPRIGHT LOCKER,Yellow,NA,Pop,Sticker area,No,No,Yes,2,3700,925,Yellow,Colorful,1x1,NA,Nook's Cranny,Available in Nook's Cranny (either upgrade tier) in the unique furniture slot,1.0.0,school,facility,None,None,Wardrobe,Chest,No,Does not play music,No lighting,For sale,FtrLocker_Remake_6_3,6_3,833,5rsFPo9g5dftGBW8L
robot hero,Gray,Coating,NA,NA,Yes,Yes,No,50,NFS,250000,Gray,Black,3x3,NA,Crafting,,1.0.0,child's room,facility,None,None,Yes,Toy,Yes,Does not play music,No lighting,Not for sale,FtrHerorobot_Remake_7_0,7_0,1509,5BJrv5KYcgfvth2c9
  CLACKERCART  ,Cute,Paint color,NA,NA,Yes,Yes,No,2,NFS,960,Pink,Purple,1x1,NA,Crafting,,1.0.0,child's room,None,None,None,No,Toy,No,Does not play music,No lighting,Not for sale,FtrKatakatatoy_Remake_5_0,5_0,80,pTkQt7Aph6StWqSgX
DRUM SET,Rose pink,NA,Vintage logo,Bass drum head,No,No,Yes,2,,1400,Red,Beige,2x1,NA,Nook's Cranny,"Available in Nook's Cranny (upgraded only), in the unique furniture slot",1.0.0,concert,None,None,None,Yes,Musical Instrument,No,Does not play music,No lighting,For sale,FtrDrumSet_Remake_5_5,5_5,1803,AKuZct9A8zT9pEYB6
  rattan armchair  ,Gray,NA,NA,NA,No,No,No,NA,3200,800,Green,Blue,1x1,NA,Nook's Cranny,"Available in Nook's Cranny (upgraded only), in the unique furniture slot",1.0.0,living room,None,rattan,None,Yes,Sofa,No,Does not play music,No lighting,For sale,FtrRattanChairS_Remake_4_0,4_0,4053,zzmmE42rTKRbd6JQD
baby chair,Blue,NA,Train,Cushion,No,No,Yes,1,1200,300,Blue,Colorful,1x1,NA,Nook's Cranny,Available in Nook's Cranny (either upgrade tier) in the unique furniture slot,1.0.0,child's room,None,None,None,Yes,Chair,No,Does not play music,No lighting,For sale,FtrBabychair_Remake_4_3,4_3,3305,kdizs26rBhoFN96R8
iron hanger stand,White,Body color,Navy,Shawl,Yes,Yes,Yes,4,NFS,2250,White,Blue,1x1,NA,Crafting,,1.0.0,living room,None,iron,None,No,Chest,No,Does not play music,No lighting,Not for sale,FtrIronHanger_Remake_1_0,1_0,3561,4hLbHYoPsre8GdJor
stall,Black,Variation,Green stripes,Curtain,Yes,Yes,Yes,3,NFS,1440,Black,Green,2x1,NA,Crafting,,1.0.0,shop,party,None,None,No,Shop,Yes,Does not play music,No lighting,Not for sale,FtrFloat_Remake_6_1,6_1,3617,NALT6pve9dqhW7efG
  wooden full-length mirror  ,Dark wood,Paint color,NA,NA,Yes,Yes,No,2,NFS,1350,Brown,Brown,1x1,NA,Crafting,,1.0.0,child's room,living room,wooden,None,Yes,Dresser,No,Does not play music,No lighting,Not for sale,FtrWoodenMirror_Remake_3_0,3_0,7137,wuaKdyLSf2YwifJkn
rattan end table,White,NA,NA,NA,No,No,No,NA,4300,1075,White,White,1x1,NA,Nook's Cranny,"Available in Nook's Cranny (upgraded only), in the unique furniture slot",1.0.0,living room,None,rattan,None,No,Table,No,Does not play music,No lighting,For sale,FtrRattanTableS_Remake_3_0,3_0,4046,wZ2WK9C4mkimtJj4T
  pile of zen cushions  ,NA,NA,Goldfish,Upholstery,Yes,No,Yes,2,NFS,750,Light blue,Colorful,1x1,NA,Crafting,,1.0.0,zen-style,living room,None,None,Yes,Chair,No,Does not play music,No lighting,Not for sale,FtrCushionJapanPile_Remake_0_4,0_4,7048,EZKN9sMNq6Aw5fX7g
rock guitar,Orange-yellow,NA,Rock logo,Sticker area,No,No,Yes,2,3100,,Yellow,Purple,1x1,NA,Nook's Cranny,Available in Nook's Cranny (either upgrade tier) in the unique furniture slot,1.0.0,concert,None,None,None,Yes,Musical Instrument,No,Does not play music,No lighting,For sale,FtrElectricguitar1_Remake_4_3,4_3,1644,qiBv8vnTaGooeJfHj
  BASKETBALL HOOP  ,Blue,NA,NA,NA,No,No,No,NA,11000,2750,Blue,White,2x2,NA,Nook's Cranny,"Available in Nook's Cranny (upgraded only), in the third unique furniture slot",1.0.0,fitness,school,None,None,No,Sports,Yes,Does not play music,No lighting,For sale,FtrBasketgoal_Remake_0_0,0_0,4226,Q3nShvpjMeN4k9x3E
antique bed,Brown,NA,NA,NA,No,No,No,NA,28000,7000,Brown,White,2x2,NA,Nook's Cranny,"Available in Nook's Cranny (upgraded only), in the third unique furniture slot",1.0.0,living room,expensive,antique,None,Yes,Bed,No,Does not play music,No lighting,For sale,FtrAntiqueBedW_Remake_0_0,0_0,3957,c7rQKnQBvtMCpGNhr
  retro gas pump  ,Green,NA,Yellow oil,Lamp,No,No,Yes,1,2700,675,Green,Red,1x1,NA,Nook's Cranny,Available in Nook's Cranny (either upgrade tier) in the unique furniture slot,1.0.0,garden,shop,diner,None,Yes,Vehicle,Yes,Does not play music,No lighting,For sale,FtrAmeretroGasstand_Remake_1_0,1_0,4140,tphN2nESeScc7X5nm
  rattan low table  ,Brown,NA,NA,NA,No,No,No,NA,2900,725,Brown,Brown,2x1,NA,Nook's Cranny,"Available in Nook's Cranny (upgraded only), in the unique furniture slot",1.0.0,living room,None,rattan,None,No,Table,No,Does not play music,No lighting,For sale,FtrRattanTableM_Remake_0_0,0_0,4054,kjNvajifho8uouzvv
  double-door refrigerator  ,Black,NA,NA,NA,No,No,No,NA,60000,15000,Black,Gray,1x1,NA,Nook's Cranny,"Available in Nook's Cranny (upgraded only), in the third unique furniture slot",1.0.0,kitchen,expensive,None,None,Wardrobe,Home Appliances,No,Does not play music,No lighting,For sale,FtrRefrigeratorDoubledoor_Remake_2_0,2_0,4109,YsTREBbjLRHoiAuDT
ironwood kitchenette,Walnut,Lumber type,NA,NA,Yes,Yes,No,7,NFS,7560,Brown,Gray,2x1,NA,Crafting,,1.0.0,kitchen,None,ironwood,None,No,Kitchen,No,Does not play music,No lighting,Not for sale,FtrIronwoodKitchen_Remake_2_0,2_0,3270,jxvNrPeTQZq6SKbgu
  NEUTRAL CORNER  ,NA,NA,Blue,Ring curtain,No,No,Yes,3,6100,,White,Blue,2x2,NA,Nook's Cranny,"Available in Nook's Cranny (upgraded only), in the third unique furniture slot",1.0.0,fitness,None,None,sports ring,Yes,Sports,No,Does not play music,No lighting,For sale,FtrRingcornerNeutral_Remake_0_2,0_2,7152,eMvPPZw6Mesfv86wh
  RETRO GAS PUMP  ,Yellow,NA,Yellow oil,Lamp,No,No,Yes,1,2700,675,Yellow,Red,1x1,NA,Nook's Cranny,Available in Nook's Cranny (either upgrade tier) in the unique furniture slot,1.0.0,garden,shop,diner,None,Yes,Vehicle,Yes,Does not play music,No lighting,For sale,FtrAmeretroGasstand_Remake_2_0,2_0,4140,xmsooMf7mGyr5Aow4
  log dining table  ,White wood,Lumber type,None,Placemats,Yes,Yes,Yes,4,NFS,1800,Beige,Beige,2x2,NA,Crafting,,1.0.0,garden,living room,log,None,No,Table,No,Does not play music,No lighting,Not for sale,FtrLogTableL_Remake_2_0,2_0,4040,T8gc984bvqfGKoLYH
  DRINK MACHINE  ,Blue,NA,Cute,Advertisement panel,No,No,Yes,7,NFS,10000,Blue,White,1x1,2000,Nook Miles Shop,,1.0.0,shop,facility,None,None,Yes,Facility Decor,Yes,Does not play music,Monitor,Not for sale,FtrDrinkmachine_Remake_1_3,1_3,1802,uRpbWPYDPYed87iGJ
mama bear,Cream,NA,Yellow stripes,Shirt,No,No,Yes,1,2300,575,Pink,Yellow,1x1,NA,Nook's Cranny,Available in Nook's Cranny (either upgrade tier) in the unique furniture slot,1.0.0,fancy,child's room,None,bear,No,Animal,No,Does not play music,No lighting,For sale,FtrBearM_Remake_0_3,0_3,1500,46EWow8Lu5kkAoMNF
  cosmos shower  ,Pink,Flower color,NA,NA,Yes,Yes,No,5,NFS,3050,Pink,Green,1x1,NA,Crafting,,1.0.0,bathroom,fancy,flowers,None,Yes,Bathtub,No,Does not play music,No lighting,Not for sale,FtrFlowerShower_Remake_0_0,0_0,7230,yCgStadyo3Zc8SKdg
phone box,Yellow,NA,NA,NA,No,No,No,NA,NFS,12000,Yellow,Yellow,1x1,2400,Nook Miles Shop,,1.0.0,school,facility,None,None,Yes,Facility Decor,Yes,Does not play music,Emission,Not for sale,FtrTelephonebox_Remake_3_0,3_0,1185,rWvob6yCAQSCMjQEL
ROCK GUITAR,Cosmo black,NA,Cute logo,Sticker area,No,No,Yes,2,3100,775,Black,Pink,1x1,NA,Nook's Cranny,Available in Nook's Cranny (either upgrade tier) in the unique furniture slot,1.0.0,concert,None,None,None,Yes,Musical Instrument,No,Does not play music,No lighting,For sale,FtrElectricguitar1_Remake_2_7,2_7,1644,woYi8tLMgmGTv6Rzo
  DINER MINI TABLE  ,Aquamarine,NA,NA,NA,No,No,No,NA,,400,Gray,Light blue,1x1,NA,Nook's Cranny,"Available in Nook's Cranny (upgraded only), in the unique furniture slot",1.0.0,shop,None,diner,None,No,Table,No,Does not play music,No lighting,For sale,FtrAmeretroTableS_Remake_3_0,3_0,4441,D3DM9D4YR6eqjoCN9
BEEKEEPER'S HIVE,Natural,Paint color,NA,NA,Yes,Yes,No,4,NFS,2400,Beige,Beige,1x1,NA,Crafting,,1.0.0,garden,None,None,None,No,Ranch,Yes,Does not play music,No lighting,Not for sale,FtrBeekeepingbox_Remake_0_0,0_0,3406,N73MBNL2auJpmv4qd
DRUM SET,Cosmo black,NA,Black with logo,Bass drum head,No,No,Yes,2,5600,1400,Black,Black,2x1,NA,Nook's Cranny,"Available in Nook's Cranny (upgraded only), in the unique furniture slot",1.0.0,concert,None,None,None,Yes,Musical Instrument,No,Does not play music,No lighting,For sale,FtrDrumSet_Remake_1_2,1_2,1803,si2MAS7xkGLYbbkpw
  WILD LOG BENCH  ,Dark wood,Lumber type,NA,NA,Yes,Yes,No,2,NFS,960,Brown,Beige,2x1,NA,Crafting,,1.0.0,garden,None,log,None,Yes,Chair,Yes,Does not play music,No lighting,Not for sale,FtrWoodBench_Remake_0_0,0_0,5972,rxjb6LgCDvMnoL8jw
  wedding welcome board  ,Chic,Easel,Reese & Cyrus,Board,No,Yes,Yes,2,1500,375,Brown,White,1x1,NA,Wedding Season,,1.2.0,party,expensive,wedding,None,No,Shop,No,Does not play music,No lighting,Not for sale,FtrWeddingBoard_Remake_1_1,1_1,12410,EJse7MnF2FM3KaHMg
rattan vanity,Gray,NA,NA,NA,No,No,No,NA,5900,1475,Blue,Blue,1x1,NA,Nook's Cranny,"Available in Nook's Cranny (upgraded only), in the unique furniture slot",1.0.0,living room,None,rattan,None,Yes,Dresser,No,Does not play music,No lighting,For sale,FtrRattanDresser_Remake_4_0,4_0,4051,AvQ5beFgWZGyHcxYM
log extra-long sofa,White wood,Lumber type,Bears,Cushions,Yes,Yes,Yes,4,,,Beige,Brown,2x1,NA,Crafting,,1.0.0,garden,living room,log,None,Yes,Sofa,No,Does not play music,No lighting,Not for sale,FtrLogSofaL_Remake_2_3,2_3,4044,npnSM8ssL8osG3NAi
  diner counter chair  ,Yellow,NA,NA,NA,No,No,No,NA,1100,275,Gray,Yellow,1x1,NA,Nook's Cranny,"Available in Nook's Cranny (upgraded only), in the unique furniture slot",1.0.0,shop,None,diner,None,Yes,Chair,No,Does not play music,No lighting,For sale,FtrAmeretroCounterchair_Remake_2_0,2_0,4138,GiiXNfbxrfdCD8tig
jail bars,Rusted iron,Body color,NA,NA,Yes,Yes,No,5,NFS,3750,Brown,Brown,2x0.5,NA,Crafting,,1.0.0,facility,horror,None,None,No,Ranch,Yes,Does not play music,No lighting,Not for sale,FtrScreenCage_Remake_2_0,2_0,5931,qQT5gJYuKth6r87Ly
low screen,Brown,NA,Summer,Screen,No,No,Yes,1,870,217,Orange,Blue,1x0.5,NA,Nook's Cranny,Available in Nook's Cranny (either upgrade tier) in the unique furniture slot,1.0.0,zen-style,None,None,None,No,Japanese Style,No,Does not play music,No lighting,For sale,FtrScreenJapanLow_Remake_2_2,2_2,1029,RHy8yQ4JYK8aqKEwm
screen,Tiger,NA,NA,NA,No,No,No,NA,140000,35000,Yellow,Orange,2x1,NA,Nook's Cranny,"Available in Nook's Cranny (upgraded only), in the third unique furniture slot",1.0.0,zen-style,expensive,None,None,No,Japanese Style,No,Does not play music,No lighting,For sale,FtrScreenByoubu_Remake_3_0,3_0,716,QXK8XrHKB23TFPKCE
STALL,Light brown,Variation,None,Curtain,Yes,Yes,Yes,3,,1440,Yellow,Yellow,2x1,NA,Crafting,,1.0.0,shop,party,None,None,No,Shop,Yes,Does not play music,No lighting,Not for sale,FtrFloat_Remake_2_0,2_0,3617,vyRSN7MiQc6TFSfSN
IRONWOOD DRESSER,Birch,Lumber type,NA,NA,Yes,Yes,No,6,NFS,3840,Beige,Black,1x1,NA,Crafting,,1.0.0,living room,None,ironwood,None,Wardrobe,Chest,No,Does not play music,No lighting,Not for sale,FtrIronwoodChest_Remake_0_0,0_0,3196,MEmKytnNJNQAAGhYy
safe,Gold,NA,NA,NA,No,No,No,NA,3600,900,Yellow,Gray,1x1,NA,Nook's Cranny,"Available in Nook's Cranny (upgraded only), in the unique furniture slot",1.0.0,facility,expensive,None,None,Wardrobe,Chest,No,Does not play music,No lighting,For sale,FtrSafebox_Remake_3_0,3_0,839,GCT7bxDSTwvYzwxjm
POOLSIDE BED,Brown,NA,Red,Bed mat,No,No,Yes,2,3400,850,Orange,Red,2x1,NA,Nook's Cranny,"Available in Nook's Cranny (upgraded only), in the unique furniture slot",1.0.0,ocean,expensive,None,None,Yes,Bed,Yes,Does not play music,No lighting,For sale,FtrPoolsidebed_Remake_1_3,1_3,4102,Pug3pJohpTDgr4Wg6
surfboard,Red,NA,NA,NA,No,No,No,NA,4100,1025,Red,Black,1x1,NA,Nook's Cranny,Season sale item,1.0.0,ocean,None,None,None,No,Seaside,Yes,Does not play music,No lighting,For sale,FtrSurfboard_Remake_1_0,1_0,7868,HuiBbtdn2RsHYGCKW
  CONE  ,Red,NA,NA,NA,No,No,No,NA,,157,Red,Red,1x1,NA,Nook's Cranny,Available in Nook's Cranny (either upgrade tier) in the unique furniture slot,1.0.0,facility,garage,None,None,No,Vehicle,Yes,Does not play music,No lighting,For sale,FtrPylon_Remake_0_0,0_0,146,ruXYYTwLnkDh6GxNL
piano bench,Light green,NA,NA,NA,No,No,No,NA,990,247,Green,Beige,1x1,NA,Nook's Cranny,Available in Nook's Cranny (either upgrade tier) in the unique furniture slot,1.0.0,music,None,None,None,Yes,Chair,No,Does not play music,No lighting,For sale,FtrPianochair_Remake_6_0,6_0,3681,q7szqqAnesujt3FdB
  imperial partition  ,Brown,NA,NA,NA,No,No,No,NA,5000,1250,Brown,Brown,2x1,NA,Nook's Cranny,"Available in Nook's Cranny (upgraded only), in the unique furniture slot",1.0.0,zen-style,None,zen,None,No,Screen,No,Does not play music,No lighting,For sale,FtrOrientalScreen_Remake_2_0,2_0,3971,TXeEFRd7NkYBiWTTR
  TOILET  ,Natural wood,NA,NA,NA,No,No,No,NA,4400,1100,Orange,White,1x1,NA,Nook's Cranny,"Available in Nook's Cranny (upgraded only), in the unique furniture slot",1.0.0,bathroom,None,None,None,Yes,Toilet,No,Does not play music,No lighting,For sale,FtrWC_Remake_1_0,1_0,1929,EzCNLMY9tu2uHQLtd
  inflatable sofa  ,Green,NA,NA,NA,No,No,No,NA,1100,,Green,Green,2x1,NA,Nook's Cranny,"Available in all tiers of shops, including Timmy & Tommy before the shop is opened",1.0.0,outdoors,None,None,None,Yes,Bed,Yes,Does not play music,No lighting,For sale,FtrAirsofa_Remake_1_0,1_0,3962,WHy5paw9w8wdn8A4h
brick oven,Brown,Brick color,NA,NA,Yes,Yes,No,6,NFS,3820,Brown,Gray,1.5x1.5,NA,Crafting,,1.0.0,kitchen,shop,None,None,Yes,Kitchen,Yes,Does not play music,No lighting,Not for sale,FtrStoneoven_Remake_1_0,1_0,1157,rMN6Xfpw5TPpmFgM6
deluxe washer,White,NA,NA,NA,No,No,No,NA,76000,19000,White,White,1x1,NA,Nook's Cranny,"Available in Nook's Cranny (upgraded only), in the third unique furniture slot",1.0.0,bathroom,None,None,None,Yes,Home Appliances,No,Does not play music,No lighting,For sale,FtrWashingmachineDrum_Remake_0_0,0_0,1227,2MnDaLRfQG5eLGZbD
  drum set  ,Pearl white,NA,Glossy black,Bass drum head,No,No,Yes,2,5600,1400,White,Black,2x1,NA,Nook's Cranny,"Available in Nook's Cranny (upgraded only), in the unique furniture slot",1.0.0,concert,None,None,None,Yes,Musical Instrument,No,Does not play music,No lighting,For sale,FtrDrumSet_Remake_2_1,2_1,1803,seziiMGiAJjaLpN6K
  vintage tv tray  ,Black,NA,Natural wood,Tray,No,No,Yes,1,1200,300,Black,Brown,1x1,NA,Nook's Cranny,Available in Nook's Cranny (either upgrade tier) in the unique furniture slot,1.0.0,living room,None,None,None,No,Table,No,Does not play music,No lighting,For sale,FtrTVtray_Remake_3_3,3_3,4445,wxGy8ra5KnPh86zai
  diner counter table  ,Red,NA,NA,NA,No,No,No,NA,6000,1500,Red,Gray,2x1,NA,Nook's Cranny,"Available in Nook's Cranny (upgraded only), in the unique furniture slot",1.0.0,shop,None,diner,None,No,Table,No,Does not play music,No lighting,For sale,FtrAmeretroCounter_Remake_0_0,0_0,4139,edCXbKxeut84eDJ8a
  INFLATABLE SOFA  ,Blue,NA,NA,NA,No,No,No,NA,1100,275,Light blue,Light blue,2x1,NA,Nook's Cranny,"Available in all tiers of shops, including Timmy & Tommy before the shop is opened",1.0.0,outdoors,None,None,None,Yes,Bed,Yes,Does not play music,No lighting,For sale,FtrAirsofa_Remake_0_0,0_0,3962,dcZBoXoykxkHe4tRP
IRONWOOD KITCHENETTE,Old,Lumber type,NA,NA,Yes,Yes,No,7,NFS,,Brown,Gray,2x1,NA,Crafting,,1.0.0,kitchen,None,ironwood,None,No,Kitchen,No,Does not play music,No lighting,Not for sale,FtrIronwoodKitchen_Remake_3_0,3_0,3270,jrhLP9a6Rs6dWvcLo
RATTAN ARMCHAIR,Black,NA,NA,NA,No,No,No,NA,3200,800,Gray,Black,1x1,NA,Nook's Cranny,"Available in Nook's Cranny (upgraded only), in the unique furniture slot",1.0.0,living room,None,rattan,None,Yes,Sofa,No,Does not play music,No lighting,For sale,FtrRattanChairS_Remake_5_0,5_0,4053,ApJ3PLhGJDg87paep
  shell stool  ,Pearl,Shell color,NA,NA,Yes,Yes,No,1,NFS,,White,White,1x1,NA,Crafting,,1.0.0,ocean,None,shell,None,Yes,Chair,Yes,Does not play music,No lighting,Not for sale,FtrShellStoolS_Remake_5_0,5_0,3979,xys7BedTRC9h7TbPb
  wooden mini table  ,White wood,Paint color,Blue,Tablecloth,Yes,Yes,Yes,2,NFS,720,White,Blue,1x1,NA,Crafting,,1.0.0,child's room,living room,wooden,None,No,Table,No,Does not play music,No lighting,Not for sale,FtrWoodenTableMini_Remake_1_3,1_3,7133,WLneNf4nKpfMxrx8z
  ELEPHANT SLIDE  ,Black,NA,NA,NA,No,No,No,NA,4200,1050,Black,Orange,2x1,NA,Nook's Cranny,Available in Nook's Cranny (either upgrade tier) in the unique furniture slot,1.0.0,garden,child's room,None,None,No,Playground,No,Does not play music,No lighting,For sale,FtrSlideelephant_Remake_7_0,7_0,86,C6WYztQApMmN3zyrF
wooden mini table,White wood,Paint color,Orange,Tablecloth,Yes,Yes,Yes,2,,720,White,Orange,1x1,NA,Crafting,,1.0.0,child's room,living room,wooden,None,No,Table,No,Does not play music,No lighting,Not for sale,FtrWoodenTableMini_Remake_1_1,1_1,7133,dmbdMG7voxRpT9Nnb
illuminated tree,Blue,Light color,NA,NA,Yes,Yes,No,7,NFS,6700,Light blue,Light blue,2x2,NA,Crafting,,1.0.0,party,fancy,festive,None,Yes,Seasonal Decor,Yes,Does not play music,Fluorescent,Not for sale,FtrIllumiTree_Remake_2_0,2_0,4066,wZJp2yyr6LtHnoPJv
STANDARD UMBRELLA STAND,White,Body color,Stripes,Favorite umbrella,Yes,Yes,Yes,4,NFS,,White,Colorful,1x1,NA,Crafting,,1.0.0,school,office,None,None,No,Supplies,No,Does not play music,No lighting,Not for sale,FtrUmbrellastand_Remake_1_0,1_0,3445,2Pv7xPkGXGNWtjMEY
WOODEN STOOL,Blue,Paint color,None,Seat,Yes,Yes,Yes,2,,480,Blue,Blue,1x1,NA,Crafting,,1.0.0,child's room,living room,wooden,None,Yes,Chair,No,Does not play music,No lighting,Not for sale,FtrWoodenStoolS_Remake_6_0,6_0,3449,LRd4gQ8SmXp5tFqu3
  stall  ,White,Variation,Waves,Curtain,Yes,Yes,Yes,3,NFS,1440,White,Blue,2x1,NA,Crafting,,1.0.0,shop,party,None,None,No,Shop,Yes,Does not play music,No lighting,Not for sale,FtrFloat_Remake_5_4,5_4,3617,boEwaK9d5ze8cLTz5
  wooden stool  ,Black,Paint color,Orange,Seat,Yes,Yes,Yes,2,NFS,480,Black,Orange,1x1,NA,Crafting,,1.0.0,child's room,living room,wooden,None,Yes,Chair,No,Does not play music,No lighting,Not for sale,FtrWoodenStoolS_Remake_4_1,4_1,3449,gZg7k6MhZH6unudCf
  stall  ,Pink,Variation,Colorful,Curtain,Yes,Yes,Yes,3,NFS,1440,Pink,Colorful,2x1,NA,Crafting,,1.0.0,shop,party,None,None,No,Shop,Yes,Does not play music,No lighting,Not for sale,FtrFloat_Remake_4_3,4_3,3617,t7tGpMTPqgZ4ieFHw
drink machine,Black,NA,Orange juice,Advertisement panel,No,No,Yes,7,NFS,10000,Brown,Orange,1x1,2000,Nook Miles Shop,,1.0.0,shop,facility,None,None,Yes,Facility Decor,Yes,Does not play music,Monitor,Not for sale,FtrDrinkmachine_Remake_3_0,3_0,1802,uwPNW4SKvyZSDgrr5
  VINTAGE TV TRAY  ,Gold,NA,White,Tray,No,No,Yes,1,1200,300,Beige,White,1x1,NA,Nook's Cranny,Available in Nook's Cranny (either upgrade tier) in the unique furniture slot,1.0.0,living room,None,None,None,No,Table,No,Does not play music,No lighting,For sale,FtrTVtray_Remake_0_2,0_2,4445,WPjvF8TYhixroEAWK
  DRUM SET  ,Natural wood,NA,Vintage logo,Bass drum head,No,No,Yes,2,,1400,Brown,Beige,2x1,NA,Nook's Cranny,"Available in Nook's Cranny (upgraded only), in the unique furniture slot",1.0.0,concert,None,None,None,Yes,Musical Instrument,No,Does not play music,No lighting,For sale,FtrDrumSet_Remake_3_5,3_5,1803,hHDXhaLcySbPZLXWh
outdoor table,Green,NA,Orange,Table,No,No,Yes,1,2200,550,Green,Orange,2x1,NA,Nook's Cranny,Available in Nook's Cranny (either upgrade tier) in the unique furniture slot,1.0.0,outdoors,None,None,None,No,Table,Yes,Does not play music,No lighting,For sale,FtrOutdoortableM_Remake_2_4,2_4,3946,kyfP5Ma93aAsaNzEM
  rattan bed  ,Black,NA,NA,NA,No,No,No,NA,7200,1800,Gray,Black,2x2,NA,Nook's Cranny,"Available in Nook's Cranny (upgraded only), in the third unique furniture slot",1.0.0,living room,None,rattan,None,Yes,Bed,No,Does not play music,No lighting,For sale,FtrRattanBedW_Remake_5_0,5_0,4052,2vmmd6YAg6dsfXASy
cypress plant,Yellow,NA,NA,NA,No,No,No,NA,1000,250,Green,Yellow,1x1,NA,Nook's Cranny,Available in Nook's Cranny (either upgrade tier) in the unique furniture slot,1.0.0,living room,None,None,None,No,Plants,Yes,Does not play music,No lighting,For sale,FtrPlantGoldcrest_Remake_2_0,2_0,1829,SknqGT4FeJekEdPGQ
baby chair,Pink,NA,Butterfly,Cushion,No,No,Yes,1,1200,300,Pink,Orange,1x1,NA,Nook's Cranny,Available in Nook's Cranny (either upgrade tier) in the unique furniture slot,1.0.0,child's room,None,None,None,Yes,Chair,No,Does not play music,No lighting,For sale,FtrBabychair_Remake_1_2,1_2,3305,5x8pLSL8XjbZnCBQQ
  INFLATABLE SOFA  ,Polka dots,NA,NA,NA,No,No,No,NA,1100,275,Colorful,White,2x1,NA,Nook's Cranny,"Available in all tiers of shops, including Timmy & Tommy before the shop is opened",1.0.0,outdoors,None,None,None,Yes,Bed,Yes,Does not play music,No lighting,For sale,FtrAirsofa_Remake_5_0,5_0,3962,PSszDsT5YS399vur9
THREE-TIERED SNOWPERSON,Pink,Knit-cap color,NA,NA,Yes,Yes,No,7,NFS,7420,Pink,White,1x1,NA,Snowman,Reward for making a perfect snow-person,1.0.0,freezing cold,garden,frozen,None,No,Seasonal Decor,Yes,Does not play music,No lighting,Not for sale,FtrSnowman_Remake_1_0,1_0,5337,A2yREtvTZd9twYt9k
fan,White,NA,NA,NA,No,No,No,NA,1700,425,White,White,1x1,NA,Nook's Cranny,Available in Nook's Cranny (either upgrade tier) in the unique furniture slot,1.0.0,living room,child's room,None,None,Yes,Fan,No,Does not play music,No lighting,For sale,FtrFan_Remake_0_0,0_0,3820,mKzwB9JXDSt9f6gfC
wooden end table,Light wood,Paint color,NA,NA,Yes,Yes,No,2,NFS,960,Yellow,Colorful,1x1,NA,Crafting,,1.0.0,child's room,living room,wooden,None,No,Table,No,Does not play music,No lighting,Not for sale,FtrWoodenTableS_Remake_0_0,0_0,3438,SqMeMkA4vjh72MpJ9
  effects rack  ,Black,NA,None,Sticker area,No,No,Yes,3,6800,1700,Black,Black,1x1,NA,Nook's Cranny,"Available in Nook's Cranny (upgraded only), in the unique furniture slot",1.0.0,concert,facility,None,None,No,Musical Instrument,No,Does not play music,No lighting,For sale,FtrEffectorrack_Remake_0_0,0_0,950,bk2XrCbH6RKbBNAMG
  champion's pennant  ,Red,NA,NA,NA,No,No,No,NA,,975,Red,Yellow,1x1,NA,Nook's Cranny,"Available in Nook's Cranny (upgraded only), in the unique furniture slot",1.0.0,school,None,None,None,No,School,No,Does not play music,No lighting,For sale,FtrVictoryflag_Remake_0_0,0_0,7264,FFZJ8xch4FzgnPgLY
pile of zen cushions,NA,NA,Deep blue,Upholstery,Yes,No,Yes,2,NFS,750,Blue,Blue,1x1,NA,Crafting,,1.0.0,zen-style,living room,None,None,Yes,Chair,No,Does not play music,No lighting,Not for sale,FtrCushionJapanPile_Remake_0_0,0_0,7048,pNY2PpRSChLY8pvFQ
paper lantern,Dark wood,NA,Summer,Paper,No,No,Yes,1,780,,Brown,Green,1x1,NA,Nook's Cranny,Available in Nook's Cranny (either upgrade tier) in the unique furniture slot,1.0.0,zen-style,None,None,None,Yes,Lamp,No,Does not play music,Candle,For sale,FtrLampJapan_Remake_1_2,1_2,725,NemYTocqnAbgeTPiv
flashy-flower sign,Elegant,NA,NA,NA,No,No,No,NA,1800,450,White,Purple,1x1,NA,Nook's Cranny,"Available in Nook's Cranny (upgraded only), in the unique furniture slot",1.0.0,party,None,None,None,No,Shop,Yes,Does not play music,No lighting,For sale,FtrWreath_Remake_2_0,2_0,1243,XorpYKuHZgG6QsXSM
  ELABORATE KIMONO STAND  ,Cranes,NA,NA,NA,No,No,No,NA,220000,55000,Red,Black,2x1,NA,Nook's Cranny,"Available in Nook's Cranny (upgraded only), in the third unique furniture slot",1.0.0,zen-style,expensive,None,None,No,Japanese Style,No,Does not play music,No lighting,For sale,FtrKimonostandRich_Remake_0_0,0_0,7865,kCt2iGYCw9b47RBLF
EXERCISE BALL,Gold,NA,NA,NA,No,No,No,NA,1100,275,Yellow,Yellow,1x1,NA,Nook's Cranny,Available in Nook's Cranny (either upgrade tier) in the unique furniture slot,1.0.0,fitness,office,None,None,Yes,Sports,No,Does not play music,No lighting,For sale,FtrBalanceball_Remake_4_0,4_0,1598,ebH8TfdngCHTerxjX
  BILLIARD TABLE  ,Blue,NA,NA,NA,No,No,No,NA,77000,,Blue,Brown,2x1,NA,Nook's Cranny,"Available in Nook's Cranny (upgraded only), in the third unique furniture slot",1.0.0,shop,facility,None,None,No,Sports,No,Does not play music,No lighting,For sale,FtrBilliard_Remake_2_0,2_0,863,uqyZ3Fi9cceZc6B3M
  beach towel  ,NA,NA,Blue,Towel,No,No,Yes,1,380,95,Blue,Blue,2x1,NA,Nook's Cranny,"Available in all tiers of shops, including Timmy & Tommy before the shop is opened",1.0.0,ocean,None,None,None,Yes,Bed,Yes,Does not play music,No lighting,For sale,FtrBeachtowel_Remake_0_4,0_4,3468,ngHcmoWhmnu5KYr9o
  loft bed with desk  ,Pink,NA,Light blue,Bedding,No,No,Yes,3,,1925,Pink,Light blue,2x1,NA,Nook's Cranny,"Available in Nook's Cranny (upgraded only), in the unique furniture slot",1.0.0,child's room,None,None,None,Yes,Desk,No,Does not play music,No lighting,For sale,FtrBeddesk_Remake_7_2,7_2,3621,rMskXhRAYqqExunQH
construction sign,Ongoing work - Big bro,NA,NA,NA,No,No,No,NA,NFS,5000,White,Blue,1x1,1000,Nook Miles Shop,,1.0.0,garage,facility,None,None,No,Vehicle,Yes,Does not play music,No lighting,Not for sale,FtrSignConstruction_Remake_2_0,2_0,9568,4p7rhWsq8uZteaxAJ
iron closet,Black,Body color,NA,NA,Yes,Yes,No,7,NFS,9000,Black,Black,1x1,NA,Crafting,,1.0.0,living room,None,iron,None,Wardrobe,Chest,No,Does not play music,No lighting,Not for sale,FtrIronClosetLR_Remake_0_0,0_0,9642,HvZ5NYYYAncvQAAQR
  frozen table  ,Ice green,Illumination,NA,NA,Yes,Yes,No,7,,8200,Green,Green,2x2,NA,Crafting,,1.0.0,freezing cold,None,frozen,None,No,Table,Yes,Does not play music,No lighting,Not for sale,FtrIceTableL_Remake_5_0,5_0,3497,ss983AozpPBsvH5iz
  imperial chest  ,Red,NA,NA,NA,No,No,No,NA,9300,2325,Red,Yellow,2x1,NA,Nook's Cranny,"Available in Nook's Cranny (upgraded only), in the unique furniture slot",1.0.0,zen-style,None,zen,None,Wardrobe,Chest,No,Does not play music,No lighting,For sale,FtrOrientalChest_Remake_0_0,0_0,3972,6J5AamaA5SgeTKjrF
  CHALKBOARD  ,Club activities,NA,NA,NA,No,No,No,NA,2600,650,Green,Gray,2x1,NA,Nook's Cranny,"Available in Nook's Cranny (upgraded only), in the unique furniture slot",1.0.0,school,None,None,None,No,School,No,Does not play music,No lighting,For sale,FtrBlackboard_Remake_5_0,5_0,2012,YgLwnzTH6oyNgzB7K
MOUNTAIN STANDEE,Kyoto in summer,Season,NA,NA,Yes,Yes,No,2,NFS,1080,Black,Red,2x1,NA,Crafting,,1.0.0,school,None,None,standee,No,School,No,Does not play music,No lighting,Not for sale,FtrHariboteMountain_Remake_3_0,3_0,532,5mkBnTePitRksfGwX
water cooler,White,NA,NA,NA,No,No,No,NA,3400,850,White,Blue,1x1,NA,Nook's Cranny,Available in Nook's Cranny (either upgrade tier) in the unique furniture slot,1.0.0,living room,office,None,None,Yes,Facility Decor,No,Does not play music,No lighting,For sale,FtrWaterserver_Remake_0_0,0_0,1232,TthqtapsrarckeFkY
paper lantern,Orange wood,NA,Fall,Paper,No,No,Yes,1,780,195,Orange,Orange,1x1,NA,Nook's Cranny,Available in Nook's Cranny (either upgrade tier) in the unique furniture slot,1.0.0,zen-style,None,None,None,Yes,Lamp,No,Does not play music,Candle,For sale,FtrLampJapan_Remake_2_3,2_3,725,wiBW6nQicms8Gzczp
  OIL BARREL  ,Red,NA,NA,NA,No,No,No,NA,650,,Red,Red,1x1,NA,Nook's Cranny,"Available in all tiers of shops, including Timmy & Tommy before the shop is opened",1.0.0,garage,None,None,None,No,Vehicle,Yes,Does not play music,No lighting,For sale,FtrDrumcan_Remake_5_0,5_0,1567,NfBcd8AKJ33BxpMxs
cardboard table,Labeled,Cardboard,NA,NA,Yes,Yes,No,1,NFS,240,Yellow,White,2x2,NA,Crafting,,1.0.0,garage,None,cardboard,None,No,Table,No,Does not play music,No lighting,Not for sale,FtrCardboardTableL_Remake_1_0,1_0,7160,5jGB3ZbuTjWHkRKfE
  electric bass  ,Ash green,NA,NA,NA,No,No,No,NA,82000,20500,Green,Black,1x1,NA,Nook's Cranny,"Available in Nook's Cranny (upgraded only), in the third unique furniture slot",1.0.0,concert,None,None,None,Yes,Musical Instrument,No,Does not play music,No lighting,For sale,FtrElectricbass_Remake_5_0,5_0,1804,YC9GHd9cNa2g8gEeF
GRASS STANDEE,Spring,Season,NA,NA,Yes,Yes,No,1,NFS,480,Green,Green,1x0.5,NA,Crafting,,1.0.0,school,None,None,standee,No,School,No,Does not play music,No lighting,Not for sale,FtrHariboteGrass_Remake_0_0,0_0,530,us4etEYeucddWviND
sleeping bag,Black,NA,NA,NA,No,No,No,NA,1400,350,Gray,Black,2x1,NA,Nook's Cranny,"Available in all tiers of shops, including Timmy & Tommy before the shop is opened",1.0.0,outdoors,None,None,None,Yes,Bed,Yes,Does not play music,No lighting,For sale,FtrSleepingbag_Remake_1_0,1_0,1434,6Ym3jrNEgGpALvt2Y
rattan bed,Gray,NA,NA,NA,No,No,No,NA,7200,,Green,Blue,2x2,NA,Nook's Cranny,"Available in Nook's Cranny (upgraded only), in the third unique furniture slot",1.0.0,living room,None,rattan,None,Yes,Bed,No,Does not play music,No lighting,For sale,FtrRattanBedW_Remake_4_0,4_0,4052,GZEDbGTQHRrzHpCZm
public bench,Monotone,NA,NA,NA,No,No,No,NA,NFS,10000,Black,White,2x1,2000,Nook Miles Shop,,1.0.0,facility,None,None,None,Yes,Sofa,Yes,Does not play music,No lighting,Not for sale,FtrPublicbench_Remake_7_0,7_0,3346,GrLQzpjrpAcggaBnG
  SLEIGH  ,Red,Body color,NA,NA,Yes,Yes,No,2,NFS,960,Red,Blue,2x1,NA,Crafting,,1.0.0,garden,None,festive,None,Yes,Chair,Yes,Does not play music,No lighting,Not for sale,FtrSled_Remake_2_0,2_0,7281,HwQduBZenwteYguxu
LOFT BED WITH DESK,White,NA,White,Bedding,No,No,Yes,3,,,White,White,2x1,NA,Nook's Cranny,"Available in Nook's Cranny (upgraded only), in the unique furniture slot",1.0.0,child's room,None,None,None,Yes,Desk,No,Does not play music,No lighting,For sale,FtrBeddesk_Remake_2_0,2_0,3621,JW3BRzfvaS8KSoxzP
  effects rack  ,Black,NA,Rock logo,Sticker area,No,No,Yes,3,6800,1700,Black,Purple,1x1,NA,Nook's Cranny,"Available in Nook's Cranny (upgraded only), in the unique furniture slot",1.0.0,concert,facility,None,None,No,Musical Instrument,No,Does not play music,No lighting,For sale,FtrEffectorrack_Remake_0_3,0_3,950,MzPageFNYbQGeHaZW
  effects rack  ,Blue,NA,Familiar logo,Sticker area,No,No,Yes,3,6800,1700,Blue,White,1x1,NA,Nook's Cranny,"Available in Nook's Cranny (upgraded only), in the unique furniture slot",1.0.0,concert,facility,None,None,No,Musical Instrument,No,Does not play music,No lighting,For sale,FtrEffectorrack_Remake_3_1,3_1,950,PSvMyakqMkcuvyjdo
antique wardrobe,Black,NA,NA,NA,No,No,No,NA,37000,9250,Black,Black,2x1,NA,Nook's Cranny,"Available in Nook's Cranny (upgraded only), in the third unique furniture slot",1.0.0,living room,expensive,antique,None,Wardrobe,Chest,No,Does not play music,No lighting,For sale,FtrAntiqueChest_Remake_2_0,2_0,3959,Tjvexu4etCrRoAAw4
outdoor picnic set,NA,NA,NA,NA,Yes,No,No,NA,NFS,,Colorful,Colorful,1.5x1.5,NA,Crafting,,1.0.0,zen-style,garden,cherry blossoms,None,No,Outdoors Decor,Yes,Does not play music,No lighting,Not for sale,FtrSakuraPicnicset,NA,6033,7tg4vCtPfbrLfferQ
  TV camera  ,White,NA,NA,NA,No,No,No,NA,14000,3500,White,Black,1x1,NA,Nook's Cranny,"Available in Nook's Cranny (upgraded only), in the third unique furniture slot",1.0.0,facility,concert,None,None,Yes,Facility Decor,No,Does not play music,No lighting,For sale,FtrCameraTV_Remake_1_0,1_0,1412,Xo8PpCkoMcw5yQaoy
  round space heater  ,Red,NA,NA,NA,No,No,No,NA,2700,675,Red,Red,1x1,NA,Nook's Cranny,Season sale item,1.0.0,living room,school,None,None,Yes,Heating,No,Does not play music,No lighting,For sale,FtrStoveRound_Remake_2_0,2_0,2771,B65rJDqKTZcnZPdrE
low screen,Brown,NA,Fall,Screen,No,No,Yes,1,870,217,Orange,Orange,1x0.5,NA,Nook's Cranny,Available in Nook's Cranny (either upgrade tier) in the unique furniture slot,1.0.0,zen-style,None,None,None,No,Japanese Style,No,Does not play music,No lighting,For sale,FtrScreenJapanLow_Remake_2_3,2_3,1029,HWJQTa97uj2iWBqnt
  WOODEN MINI TABLE  ,Green,Paint color,Pink,Tablecloth,Yes,Yes,Yes,2,,720,Green,Pink,1x1,NA,Crafting,,1.0.0,child's room,living room,wooden,None,No,Table,No,Does not play music,No lighting,Not for sale,FtrWoodenTableMini_Remake_5_2,5_2,7133,rJMAuob9ZnEKaQ4q9
  floor seat  ,Natural,NA,Peach,Cushion,No,No,Yes,1,730,182,Brown,Pink,1x1,NA,Nook's Cranny,Available in Nook's Cranny (either upgrade tier) in the unique furniture slot,1.0.0,zen-style,child's room,None,None,Yes,Chair,No,Does not play music,No lighting,For sale,FtrFloorchair_Remake_0_2,0_2,3622,sjfLNA78iWEe9bpqd
  round space heater  ,White,NA,NA,NA,No,No,No,NA,2700,675,White,White,1x1,NA,Nook's Cranny,Season sale item,1.0.0,living room,school,None,None,Yes,Heating,No,Does not play music,No lighting,For sale,FtrStoveRound_Remake_0_0,0_0,2771,Nj3keSTznWDDkKepm
IRONWOOD TABLE,Birch,Lumber type,NA,NA,Yes,Yes,No,7,NFS,5940,Beige,Black,2x2,NA,Crafting,,1.0.0,living room,None,ironwood,None,No,Table,No,Does not play music,No lighting,Not for sale,FtrIronwoodTableL_Remake_0_0,0_0,3191,wG9xMvT5wnFFFbxQp
  drum set  ,Black & white,NA,Rock logo,Bass drum head,No,No,Yes,2,5600,1400,Gray,Black,2x1,NA,Nook's Cranny,"Available in Nook's Cranny (upgraded only), in the unique furniture slot",1.0.0,concert,None,None,None,Yes,Musical Instrument,No,Does not play music,No lighting,For sale,FtrDrumSet_Remake_7_4,7_4,1803,4ssLnGEsdtY7hxviH
  vintage tv tray  ,Black,NA,White,Tray,No,No,Yes,1,1200,300,Black,White,1x1,NA,Nook's Cranny,Available in Nook's Cranny (either upgrade tier) in the unique furniture slot,1.0.0,living room,None,None,None,No,Table,No,Does not play music,No lighting,For sale,FtrTVtray_Remake_3_2,3_2,4445,9oZ8MfAnc5LRCxZRs
butter churn,Dark wood,Lumber type,NA,NA,Yes,Yes,No,3,NFS,1980,Brown,Black,1x1,NA,Crafting,,1.0.0,facility,garden,None,None,No,Ranch,Yes,Does not play music,No lighting,Not for sale,FtrButtermixer_Remake_0_0,0_0,7805,eeeDgigcfM8s4Bm2F
wooden-block stereo,Pastel,Block color,NA,NA,Yes,Yes,No,4,NFS,2460,Yellow,Colorful,2x1,NA,Crafting,,1.0.0,child's room,None,wooden block,None,Yes,Audio,No,Hi-fi,No lighting,Not for sale,FtrBlockCompo_Remake_3_0,3_0,3205,8AhpdiXz7u7AqeR2u
  clothesline pole  ,Silver,NA,Plain,Drying shirt,No,No,Yes,1,1100,275,Gray,White,2x0.5,NA,Nook's Cranny,Available in Nook's Cranny (either upgrade tier) in the unique furniture slot,1.0.0,garden,bathroom,None,None,No,Supplies,Yes,Does not play music,No lighting,For sale,FtrClotheshorse_Remake_0_0,0_0,1778,7T6ZZSQSeEKLkJoPW
plain wooden shop sign,White,Sign,Ad,Flier,Yes,Yes,Yes,2,NFS,720,White,Blue,1x1,NA,Crafting,,1.0.0,garden,None,None,None,No,Vehicle,Yes,Does not play music,No lighting,Not for sale,FtrSignWood_Remake_1_2,1_2,3692,KQBPpdjMmrWfXx5wX
drum set,Golden yellow,NA,Smooth white,Bass drum head,No,No,Yes,2,5600,1400,Orange,White,2x1,NA,Nook's Cranny,"Available in Nook's Cranny (upgraded only), in the unique furniture slot",1.0.0,concert,None,None,None,Yes,Musical Instrument,No,Does not play music,No lighting,For sale,FtrDrumSet_Remake_0_0,0_0,1803,heAnz8cTRvuiYRaXD
FLOOR LAMP,Natural,NA,Orange design,Lampshade,No,No,Yes,1,1400,350,Beige,Red,1x1,NA,Nook's Cranny,"Available in Nook's Cranny (upgraded only), in the unique furniture slot",1.0.0,living room,None,None,None,Yes,Lamp,No,Does not play music,Fluorescent,For sale,FtrLamp_Remake_0_6,0_6,2561,dYH2dTHy4n3ncP589
floor seat,Light wood,NA,Pale grass green,Cushion,No,No,Yes,1,730,182,Beige,Green,1x1,NA,Nook's Cranny,Available in Nook's Cranny (either upgrade tier) in the unique furniture slot,1.0.0,zen-style,child's room,None,None,Yes,Chair,No,Does not play music,No lighting,For sale,FtrFloorchair_Remake_1_0,1_0,3622,nqBxpQ2NPKmqSZKTR
  wooden mini table  ,Cherry wood,Paint color,Pink,Tablecloth,Yes,Yes,Yes,2,NFS,720,Orange,Pink,1x1,NA,Crafting,,1.0.0,child's room,living room,wooden,None,No,Table,No,Does not play music,No lighting,Not for sale,FtrWoodenTableMini_Remake_2_2,2_2,7133,8wzRQyM89oLCLkCid
rocking horse,Pop,Paint color,NA,NA,Yes,Yes,No,1,NFS,600,Light blue,Red,1x1,NA,Crafting,,1.0.0,child's room,fancy,None,None,Yes,Toy,No,Does not play music,No lighting,Not for sale,FtrRockinghorse_Remake_5_0,5_0,83,qDZHrhszEc9eJjBPD
chalkboard,Music,NA,NA,NA,No,No,No,NA,2600,650,Green,Gray,2x1,NA,Nook's Cranny,"Available in Nook's Cranny (upgraded only), in the unique furniture slot",1.0.0,school,None,None,None,No,School,No,Does not play music,No lighting,For sale,FtrBlackboard_Remake_4_0,4_0,2012,6on4fD474xYQ6wi4a
ironwood dresser,Oak,Lumber type,NA,NA,Yes,Yes,No,6,NFS,3840,Orange,White,1x1,NA,Crafting,,1.0.0,living room,None,ironwood,None,Wardrobe,Chest,No,Does not play music,No lighting,Not for sale,FtrIronwoodChest_Remake_4_0,4_0,3196,knYruPBQSwncvreGe
  Mama bear  ,Checkered,NA,Yellow stripes,Shirt,No,No,Yes,1,2300,575,Gray,Yellow,1x1,NA,Nook's Cranny,Available in Nook's Cranny (either upgrade tier) in the unique furniture slot,1.0.0,fancy,child's room,None,bear,No,Animal,No,Does not play music,No lighting,For sale,FtrBearM_Remake_4_3,4_3,1500,uCjdHLGfv5F94edsD
frozen partition,Ice blue,Illumination,NA,NA,Yes,Yes,No,7,NFS,7400,Blue,Blue,2x0.5,NA,Crafting,,1.0.0,freezing cold,None,frozen,None,No,Seasonal Decor,Yes,Does not play music,No lighting,Not for sale,FtrIceScreen_Remake_1_0,1_0,3498,66Annaa4XwTf3RkQK
  changing room  ,Beige,NA,White,Curtain,No,No,Yes,2,3700,925,Yellow,White,1x1,NA,Nook's Cranny,"Available in Nook's Cranny (upgraded only), in the unique furniture slot",1.0.0,shop,facility,None,None,Wardrobe,Shop,No,Does not play music,No lighting,For sale,FtrFittingroom_Remake_1_0,1_0,1816,HC78zjnDvoFo8gaNK
  BASIC TEACHER'S DESK  ,Monotone,NA,NA,NA,No,No,No,NA,,500,White,Black,2x1,NA,Nook's Cranny,"Available in Nook's Cranny (upgraded only), in the unique furniture slot",1.0.0,school,None,None,None,No,Desk,No,Does not play music,No lighting,For sale,FtrSchoolTeachertable_Remake_2_0,2_0,1330,FqtaHr9oGCmoNR7eX
SOFT-SERVE LAMP,Strawberry swirl,NA,NA,NA,No,No,No,NA,3000,750,Colorful,Beige,1x1,NA,Nook's Cranny,"Available in Nook's Cranny (upgraded only), in the unique furniture slot",1.0.0,shop,fancy,None,None,Yes,Lamp,Yes,Does not play music,Fluorescent,For sale,FtrLampSoftcream_Remake_6_0,6_0,3416,atx7NCKyDqvmAd8e4
  frozen table  ,Ice blue,Illumination,NA,NA,Yes,Yes,No,7,NFS,8200,Blue,Blue,2x2,NA,Crafting,,1.0.0,freezing cold,None,frozen,None,No,Table,Yes,Does not play music,No lighting,Not for sale,FtrIceTableL_Remake_1_0,1_0,3497,TfHSeMjaGvKtaS8aA
  PAPER LANTERN  ,Dark wood,NA,Plain,Paper,No,No,Yes,1,780,195,Brown,White,1x1,NA,Nook's Cranny,Available in Nook's Cranny (either upgrade tier) in the unique furniture slot,1.0.0,zen-style,None,None,None,Yes,Lamp,No,Does not play music,Candle,For sale,FtrLampJapan_Remake_1_0,1_0,725,XDm5P9CnaXGtpzM6W
  teacup ride  ,Gorgeous,NA,NA,NA,No,No,No,NA,,25000,Colorful,Yellow,3x3,5000,Nook Miles Shop,,1.0.0,facility,fancy,None,None,Yes,Playground,Yes,Does not play music,No lighting,Not for sale,FtrTurncup_Remake_1_0,1_0,1507,foL22mYM7e9PnSxqg
REFRIGERATOR,Silver,NA,Fruits,Sticker area,No,No,Yes,2,,1275,Gray,Green,1x1,NA,Nook's Cranny,"Available in Nook's Cranny (upgraded only), in the unique furniture slot",1.0.0,kitchen,shop,None,None,Wardrobe,Home Appliances,No,Does not play music,No lighting,For sale,FtrRefrigerator_Remake_7_3,7_3,2713,xKsrQDdy4rHAGsJu4
  office desk  ,Beige & white,NA,NA,NA,No,No,No,NA,,,Beige,White,2x1,NA,Nook's Cranny,"Available in Nook's Cranny (upgraded only), in the unique furniture slot",1.0.0,office,None,None,office,No,Desk,No,Does not play music,No lighting,For sale,FtrOfficeTable_Remake_1_0,1_0,840,LLbafqdLAfeWhjH6w
  GIANT TEDDY BEAR  ,Floral,Fabric,White,Ribbon,Yes,Yes,Yes,8,,6300,Yellow,White,3x3,NA,Crafting,,1.0.0,fancy,child's room,None,bear,No,Animal,No,Does not play music,No lighting,Not for sale,FtrBearXL_Remake_3_1,3_1,1504,DSK2rjZBS22QHwWMA
  automatic washer  ,Yellow,NA,NA,NA,No,No,No,NA,4500,1125,Yellow,White,1x1,NA,Nook's Cranny,"Available in Nook's Cranny (upgraded only), in the unique furniture slot",1.0.0,bathroom,None,None,None,Yes,Home Appliances,No,Does not play music,No lighting,For sale,FtrWashingmachine_Remake_4_0,4_0,2740,uKASWdnn2i8tv3W9G
  LOFT BED WITH DESK  ,Blue,NA,Pink,Bedding,No,No,Yes,3,7700,,Blue,Pink,2x1,NA,Nook's Cranny,"Available in Nook's Cranny (upgraded only), in the unique furniture slot",1.0.0,child's room,None,None,None,Yes,Desk,No,Does not play music,No lighting,For sale,FtrBeddesk_Remake_4_5,4_5,3621,WMsK6EfXZ7JgNWjym
  BUTTER CHURN  ,Natural wood,Lumber type,NA,NA,Yes,Yes,No,3,NFS,1980,Yellow,Black,1x1,NA,Crafting,,1.0.0,facility,garden,None,None,No,Ranch,Yes,Does not play music,No lighting,Not for sale,FtrButtermixer_Remake_1_0,1_0,7805,oyTG42KGJhge3Toc4
deluxe washer,White,NA,NA,NA,No,No,No,NA,76000,19000,White,White,1x1,NA,Nook's Cranny,"Available in Nook's Cranny (upgraded only), in the third unique furniture slot",1.0.0,bathroom,None,None,None,Yes,Home Appliances,No,Does not play music,No lighting,For sale,FtrWashingmachineDrum_Remake_0_0,0_0,1227,2MnDaLRfQG5eLGZbD
  drum set  ,Evergreen,NA,White with logo,Bass drum head,No,No,Yes,2,5600,1400,Green,White,2x1,NA,Nook's Cranny,"Available in Nook's Cranny (upgraded only), in the unique furniture slot",1.0.0,concert,None,None,None,Yes,Musical Instrument,No,Does not play music,No lighting,For sale,FtrDrumSet_Remake_6_3,6_3,1803,skGBWoy7D8vdixaSN
wooden simple bed,Light wood,Paint color,Pink,Bedding,Yes,Yes,Yes,4,NFS,2160,Beige,Pink,2x1,NA,Crafting,,1.0.0,child's room,living room,wooden,None,Yes,Bed,No,Does not play music,No lighting,Not for sale,FtrWoodenBedS_Remake_0_1,0_1,2605,APBR89XQzDaRvwXPj
  swinging bench  ,White wood,Lumber type,NA,NA,Yes,Yes,No,2,NFS,1440,White,White,2x1,NA,Crafting,,1.0.0,garden,None,None,None,Yes,Sofa,Yes,Does not play music,No lighting,Not for sale,FtrSwingWood_Remake_2_0,2_0,1170,tgHfawPjKQXfWEGfT
wooden double bed,Pink wood,Paint color,Pink,Bedding,Yes,Yes,Yes,6,NFS,3600,Pink,Pink,2x2,NA,Crafting,,1.0.0,child's room,living room,wooden,None,Yes,Bed,No,Does not play music,No lighting,Not for sale,FtrWoodenBedW_Remake_7_1,7_1,7132,R9CWQbAxXixtZp9JZ
DRUM SET,Rose pink,NA,Vintage logo,Bass drum head,No,No,Yes,2,,,Red,Beige,2x1,NA,Nook's Cranny,"Available in Nook's Cranny (upgraded only), in the unique furniture slot",1.0.0,concert,None,None,None,Yes,Musical Instrument,No,Does not play music,No lighting,For sale,FtrDrumSet_Remake_5_5,5_5,1803,AKuZct9A8zT9pEYB6
  changing room  ,Pink,NA,Purple,Curtain,No,No,Yes,2,3700,925,Pink,Purple,1x1,NA,Nook's Cranny,"Available in Nook's Cranny (upgraded only), in the unique furniture slot",1.0.0,shop,facility,None,None,Wardrobe,Shop,No,Does not play music,No lighting,For sale,FtrFittingroom_Remake_6_1,6_1,1816,CTDPimSvents862wR
LOG DECORATIVE SHELVES,Orange wood,Lumber type,Quilted,Mat,Yes,Yes,Yes,4,,1560,Orange,Light blue,2x1,NA,Crafting,,1.0.0,garden,living room,log,None,No,Shelf,No,Does not play music,No lighting,Not for sale,FtrLogShelf_Remake_1_4,1_4,4036,ffvkbSpjTq8vqbxrr
frozen sculpture,Ice yellow,Illumination,NA,NA,Yes,Yes,No,7,NFS,6600,Yellow,Yellow,1.5x1.5,NA,Crafting,,1.0.0,freezing cold,None,frozen,None,No,Seasonal Decor,Yes,Does not play music,No lighting,Not for sale,FtrIceArt_Remake_3_0,3_0,3501,oCmbuxkrLCJdgJXQ2
vintage TV tray,Silver,NA,Natural wood,Tray,No,No,Yes,1,1200,300,Gray,Brown,1x1,NA,Nook's Cranny,Available in Nook's Cranny (either upgrade tier) in the unique furniture slot,1.0.0,living room,None,None,None,No,Table,No,Does not play music,No lighting,For sale,FtrTVtray_Remake_1_3,1_3,4445,bjyKq8gozXb94bfks
  LOG DINING TABLE  ,Orange wood,Lumber type,Quilted,Placemats,Yes,Yes,Yes,4,NFS,1800,Orange,Light blue,2x2,NA,Crafting,,1.0.0,garden,living room,log,None,No,Table,No,Does not play music,No lighting,Not for sale,FtrLogTableL_Remake_1_4,1_4,4040,rSRTYkXudBS6Crxb7
  simple panel  ,Black,NA,Horizontal planks,Panel design,No,No,Yes,1,810,202,Black,Brown,1x0.5,NA,Nook's Cranny,Available in Nook's Cranny (either upgrade tier) in the unique furniture slot,1.0.0,facility,None,None,None,No,Screen,No,Does not play music,No lighting,For sale,FtrScreenSimple_Remake_1_3,1_3,5338,QeGjWSTRAJSrgu43g
plastic pool,Polka dots,NA,NA,NA,No,No,No,NA,3100,775,Colorful,Blue,2x2,NA,Nook's Cranny,"Available in Nook's Cranny (upgraded only), in the third unique furniture slot",1.0.0,garden,None,None,None,Yes,Garden,Yes,Does not play music,No lighting,For sale,FtrGardenpool_Remake_5_0,5_0,3348,2kAfbGifqd4F2JwvH
  wooden stool  ,Black,Paint color,Orange,Seat,Yes,Yes,Yes,2,NFS,480,Black,Orange,1x1,NA,Crafting,,1.0.0,child's room,living room,wooden,None,Yes,Chair,No,Does not play music,No lighting,Not for sale,FtrWoodenStoolS_Remake_4_1,4_1,3449,gZg7k6MhZH6unudCf
  rock guitar  ,Cool blue,NA,Handwritten logo,Sticker area,No,No,Yes,2,3100,775,Blue,Light blue,1x1,NA,Nook's Cranny,Available in Nook's Cranny (either upgrade tier) in the unique furniture slot,1.0.0,concert,None,None,None,Yes,Musical Instrument,No,Does not play music,No lighting,For sale,FtrElectricguitar1_Remake_7_5,7_5,1644,Z8k5amCLFjjbwsbmm
wooden stool,Cherry wood,Paint color,Green,Seat,Yes,Yes,Yes,2,NFS,480,Orange,Green,1x1,NA,Crafting,,1.0.0,child's room,living room,wooden,None,Yes,Chair,No,Does not play music,No lighting,Not for sale,FtrWoodenStoolS_Remake_2_4,2_4,3449,L8aNAt3gAPtvpf3Tx
handcart,Yellow,NA,NA,NA,No,No,No,NA,1900,475,Yellow,Brown,1x1,NA,Nook's Cranny,Available in Nook's Cranny (either upgrade tier) in the unique furniture slot,1.0.0,garden,None,None,None,No,Ranch,Yes,Does not play music,No lighting,For sale,FtrHandcart_Remake_3_0,3_0,7229,8oFHaTCySNNA4wW34
  rock guitar  ,Cosmo black,NA,None,Sticker area,No,No,Yes,2,3100,775,Black,White,1x1,NA,Nook's Cranny,Available in Nook's Cranny (either upgrade tier) in the unique furniture slot,1.0.0,concert,None,None,None,Yes,Musical Instrument,No,Does not play music,No lighting,For sale,FtrElectricguitar1_Remake_2_0,2_0,1644,kATbKmvwL3LA8H7Bj
WRITING CHAIR,Light brown,NA,Yellow,Seat,No,No,Yes,1,1700,425,Yellow,Yellow,1x1,NA,Nook's Cranny,Available in Nook's Cranny (either upgrade tier) in the unique furniture slot,1.0.0,child's room,None,None,writing,Yes,Chair,No,Does not play music,No lighting,For sale,FtrStudyChair_Remake_1_0,1_0,3702,RHYcctdowY3uC5nJF
frozen counter,Ice green,Illumination,NA,NA,Yes,Yes,No,7,NFS,7000,Green,Green,2x1,NA,Crafting,,1.0.0,freezing cold,None,frozen,None,No,Table,Yes,Does not play music,No lighting,Not for sale,FtrIceCounter_Remake_5_0,5_0,3505,baENx9PwEPZCsh4DY
log round table,Dark wood,Lumber type,Geometric print,Tablecloth,Yes,Yes,Yes,4,NFS,1800,Brown,Colorful,2x2,NA,Crafting,,1.0.0,garden,living room,log,None,No,Table,Yes,Does not play music,No lighting,Not for sale,FtrLogTableLRound_Remake_0_2,0_2,4043,vaKmbhGZiwxvv92sL
DIGITAL SCALE,Blue,NA,Black stripes,Design,No,No,Yes,1,930,232,Blue,Gray,1x1,NA,Nook's Cranny,Available in Nook's Cranny (either upgrade tier) in the unique furniture slot,1.0.0,bathroom,None,None,None,No,Bathroom Things,No,Does not play music,No lighting,For sale,FtrWeightscale_Remake_3_3,3_3,3307,Y96wR5hkMNag3bXjL
  diner sofa  ,Yellow,NA,NA,NA,No,No,No,NA,3500,875,Yellow,White,2x1,NA,Nook's Cranny,"Available in Nook's Cranny (upgraded only), in the unique furniture slot",1.0.0,shop,None,diner,None,Yes,Sofa,No,Does not play music,No lighting,For sale,FtrAmeretroChairL_Remake_2_0,2_0,4141,zgWxajp5k6nBRC9pM
log bed,White wood,Lumber type,Geometric print,Bedding,Yes,Yes,Yes,6,NFS,,Beige,Colorful,2x2,NA,Crafting,,1.0.0,garden,living room,log,None,Yes,Bed,No,Does not play music,No lighting,Not for sale,FtrLogBedW_Remake_2_1,2_1,4041,wYroCxap7Zb4RzXvR
cherry-blossom pond stone,NA,NA,NA,NA,Yes,No,No,NA,,2700,Gray,Pink,2x1,NA,Crafting,,1.0.0,zen-style,garden,cherry blossoms,None,No,Japanese Style,Yes,Does not play music,No lighting,Not for sale,FtrStonewaterbowlSakura,NA,7409,9rZRT4JCgiWjhcKro
fan,Pink,NA,NA,NA,No,No,No,NA,1700,425,Red,Red,1x1,NA,Nook's Cranny,Available in Nook's Cranny (either upgrade tier) in the unique furniture slot,1.0.0,living room,child's room,None,None,Yes,Fan,No,Does not play music,No lighting,For sale,FtrFan_Remake_3_0,3_0,3820,xeYmGE26Cmkq9EYfp
UPRIGHT LOCKER,Silver,NA,Cool,Sticker area,No,No,Yes,2,,,Gray,Black,1x1,NA,Nook's Cranny,Available in Nook's Cranny (either upgrade tier) in the unique furniture slot,1.0.0,school,facility,None,None,Wardrobe,Chest,No,Does not play music,No lighting,For sale,FtrLocker_Remake_0_1,0_1,833,iwhDJAMTDLMgdy4Mk
diy workbench,Marine blue,Paint color,NA,NA,Yes,Yes,No,7,NFS,,Light blue,Colorful,2x1,NA,Crafting,,1.0.0,garage,None,None,None,Workbench,Work Bench,No,Does not play music,No lighting,Not for sale,FtrWorkbench_Remake_5_0,5_0,1241,aYcS5STicPHQhkPCN
frozen arch,Ice,Illumination,NA,NA,Yes,Yes,No,7,NFS,9000,Light blue,Light blue,3x1,NA,Crafting,,1.0.0,freezing cold,None,frozen,None,No,Arch,Yes,Does not play music,No lighting,Not for sale,FtrIceGate_Remake_0_0,0_0,3499,fEo59F9PRqjurCQyp
beekeeper's hive,Red,Paint color,NA,NA,Yes,Yes,No,4,NFS,2400,Red,Green,1x1,NA,Crafting,,1.0.0,garden,None,None,None,No,Ranch,Yes,Does not play music,No lighting,Not for sale,FtrBeekeepingbox_Remake_2_0,2_0,3406,4zSjZY5RQo9GZpvyB
illuminated tree,White,Light color,NA,NA,Yes,Yes,No,7,NFS,6700,White,White,2x2,NA,Crafting,,1.0.0,party,fancy,festive,None,Yes,Seasonal Decor,Yes,Does not play music,Fluorescent,Not for sale,FtrIllumiTree_Remake_4_0,4_0,4066,x4yeHmoPA4sHKCaMw
  podium  ,NA,NA,NA,NA,No,No,No,NA,3400,850,Brown,Brown,1x1,NA,Nook's Cranny,"Available in Nook's Cranny (upgraded only), in the unique furniture slot",1.0.0,school,None,None,None,No,Desk,No,Does not play music,No lighting,For sale,FtrLectern,NA,1329,xczAKXvxxubJWZH4r
  mush partition  ,Strange mushroom,Mushroom type,NA,NA,Yes,Yes,No,3,NFS,1800,Green,Green,2x1,NA,Crafting,,1.0.0,garden,None,mush,None,No,Screen,Yes,Does not play music,No lighting,Not for sale,FtrMushroomScreen_Remake_2_0,2_0,3806,nE3tfhFk9nDDZMXJf
wooden-block bed,Colorful,Block color,NA,NA,Yes,Yes,No,4,,2400,Blue,Colorful,2x1,NA,Crafting,,1.0.0,child's room,None,wooden block,None,Yes,Bed,No,Does not play music,No lighting,Not for sale,FtrBlockBedS_Remake_2_0,2_0,1557,kfwyYQRpZ4SJXf8hS
KITCHEN ISLAND,Blue,NA,NA,NA,No,No,No,NA,170000,,Blue,White,2x2,NA,Nook's Cranny,"Available in Nook's Cranny (upgraded only), in the third unique furniture slot",1.0.0,kitchen,expensive,None,None,No,Kitchen,No,Does not play music,No lighting,For sale,FtrKitchenIsland_Remake_1_0,1_0,998,zbnfAM2g9H7G8NSs6
  ELECTRIC GUITAR  ,Natural wood,NA,None,Sticker area,No,No,Yes,7,71000,17750,Beige,Beige,1x1,NA,Nook's Cranny,"Available in Nook's Cranny (upgraded only), in the third unique furniture slot",1.0.0,concert,None,None,None,Yes,Musical Instrument,No,Does not play music,No lighting,For sale,FtrElectricguitar2_Remake_1_0,1_0,1645,5fTXwhFvDydrv8v4u
throwback rocket,Red,NA,NA,NA,No,No,No,NA,,1475,Red,Blue,1x1,NA,Nook's Cranny,"Available in Nook's Cranny (upgraded only), in the unique furniture slot",1.0.0,child's room,space,throwback,None,Wardrobe,Chest,No,Does not play music,No lighting,For sale,FtrBoyClosetL_Remake_2_0,2_0,4761,Wffo6scGSmDqfsHnd
  rose bed  ,Black,Flower color,NA,NA,Yes,Yes,No,2,NFS,1400,Black,Green,2x2,NA,Crafting,,1.0.0,fancy,None,flowers,None,Yes,Bed,No,Does not play music,No lighting,Not for sale,FtrFlowerBedW_Remake_2_0,2_0,7235,5Gx4nQmQWhXauTzgk
  WOODEN MINI TABLE  ,White wood,Paint color,Pink,Tablecloth,Yes,Yes,Yes,2,NFS,720,White,Pink,1x1,NA,Crafting,,1.0.0,child's room,living room,wooden,None,No,Table,No,Does not play music,No lighting,Not for sale,FtrWoodenTableMini_Remake_1_2,1_2,7133,2AARDQE5yj3xpTFho
serving cart,Brown,NA,NA,NA,No,No,No,NA,1300,325,Brown,Brown,1x1,NA,Nook's Cranny,Available in Nook's Cranny (either upgrade tier) in the unique furniture slot,1.0.0,kitchen,shop,None,None,No,Kitchen Things,No,Does not play music,No lighting,For sale,FtrServingcart_Remake_1_0,1_0,1606,YJY35LRvtezzx7edn
  TINY LIBRARY  ,Red,Paint color,NA,NA,Yes,Yes,No,2,NFS,1035,Red,White,1x1,NA,Crafting,,1.0.0,garden,None,None,None,No,Garden,Yes,Does not play music,No lighting,Not for sale,FtrMicrolibrary_Remake_1_0,1_0,5635,qDsBZNwCTjxarDyHw
cute tea table,Blue,NA,NA,NA,No,No,No,NA,3000,750,Blue,Purple,1x1,NA,Nook's Cranny,"Available in Nook's Cranny (upgraded only), in the unique furniture slot",1.0.0,fancy,None,cute,None,No,Table,No,Does not play music,No lighting,For sale,FtrCuteTableS_Remake_4_0,4_0,4000,vDBt83QLRMk4AdkPT
  stone tablet  ,Black,Color,NA,NA,Yes,Yes,No,3,NFS,1800,Black,Black,2x2,NA,Crafting,,1.0.0,garden,horror,None,None,No,Japanese Style,No,Does not play music,No lighting,Not for sale,FtrRockMonument_Remake_0_0,0_0,11943,RhvzBwdLMP6CC8CFm
  CHANGING ROOM  ,Green,NA,Pink,Curtain,No,No,Yes,2,3700,925,Light blue,Pink,1x1,NA,Nook's Cranny,"Available in Nook's Cranny (upgraded only), in the unique furniture slot",1.0.0,shop,facility,None,None,Wardrobe,Shop,No,Does not play music,No lighting,For sale,FtrFittingroom_Remake_7_4,7_4,1816,3QmXoP3kpPnpc7iyh
lecture-hall bench,Light brown,NA,NA,NA,No,No,No,NA,3300,825,Orange,Beige,2x1,NA,Nook's Cranny,"Available in Nook's Cranny (upgraded only), in the unique furniture slot",1.0.0,school,None,None,lecture hall,Yes,Sofa,No,Does not play music,No lighting,For sale,FtrChairCollage_Remake_0_0,0_0,2013,GE3TDid2oNirFn8iH
  FROZEN BED  ,Ice pink,Illumination,Dark brown,Bedding,Yes,Yes,Yes,8,,9000,Pink,Brown,2x2,NA,Crafting,,1.0.0,freezing cold,None,frozen,None,Yes,Bed,Yes,Does not play music,No lighting,Not for sale,FtrIceBedW_Remake_2_3,2_3,3502,2mhsQTiaiafJ5zzfq
  wooden simple bed  ,Blue,Paint color,Green,Bedding,Yes,Yes,Yes,4,,2160,Blue,Green,2x1,NA,Crafting,,1.0.0,child's room,living room,wooden,None,Yes,Bed,No,Does not play music,No lighting,Not for sale,FtrWoodenBedS_Remake_6_3,6_3,2605,woE5WAuopNRXbbqwk
  outdoor generator  ,Red,NA,NA,NA,No,No,No,NA,4900,1225,Red,Gray,1x1,NA,Nook's Cranny,"Available in all tiers of shops, including Timmy & Tommy before the shop is opened",1.0.0,outdoors,None,None,None,Yes,Outdoors Decor,Yes,Does not play music,No lighting,For sale,FtrOutdoorgenerator_Remake_0_0,0_0,7526,AE4mNC4ZFm3ujoeww
angled signpost,Fishing Spot,Navigation,NA,NA,Yes,Yes,No,1,,600,Beige,Brown,1x1,NA,Crafting,,1.0.0,garden,None,None,None,No,Vehicle,Yes,Does not play music,No lighting,Not for sale,FtrSignpostTilt_Remake_2_0,2_0,7867,uvn5kiMi84NMuesmb
  IRON GARDEN BENCH  ,Green,Body color,NA,NA,Yes,Yes,No,7,NFS,6000,Green,Green,2x1,NA,Crafting,,1.0.0,garden,None,iron,None,Yes,Sofa,Yes,Does not play music,No lighting,Not for sale,FtrIrongardenBench_Remake_0_0,0_0,1625,oQ8zB3JKwZk4AADy3
wooden simple bed,White wood,Paint color,Green,Bedding,Yes,Yes,Yes,4,,2160,White,Green,2x1,NA,Crafting,,1.0.0,child's room,living room,wooden,None,Yes,Bed,No,Does not play music,No lighting,Not for sale,FtrWoodenBedS_Remake_1_3,1_3,2605,D3vaznMQBGBx2k7sx
EFFECTS RACK,Red,NA,Chic logo,Sticker area,No,No,Yes,3,6800,1700,Red,White,1x1,NA,Nook's Cranny,"Available in Nook's Cranny (upgraded only), in the unique furniture slot",1.0.0,concert,facility,None,None,No,Musical Instrument,No,Does not play music,No lighting,For sale,FtrEffectorrack_Remake_4_2,4_2,950,pLmtKXJQhpyf6wpMf
  tool shelf  ,Black,NA,NA,NA,No,No,No,NA,7300,,Black,Colorful,2x1,NA,Nook's Cranny,Available in Nook's Cranny (either upgrade tier) in the unique furniture slot,1.0.0,garage,facility,None,None,No,Table,No,Does not play music,No lighting,For sale,FtrToolshelf_Remake_3_0,3_0,7525,XywPNJ7EsdD2gAXQf
ANCHOR STATUE,Blue,Color,NA,NA,No,Yes,No,2,NFS,1400,Blue,White,1x1,NA,Fishing Tourney,,1.0.0,ocean,None,None,None,No,Seaside,Yes,Does not play music,No lighting,Not for sale,FtrShipanchor_Remake_4_0,4_0,7238,vRhn2x3vj2mii4AKH
  wooden table  ,Light wood,Paint color,Blue,Tablecloth,Yes,Yes,Yes,4,NFS,1800,Beige,Light blue,2x2,NA,Crafting,,1.0.0,child's room,living room,wooden,None,No,Table,No,Does not play music,No lighting,Not for sale,FtrWoodenTableL_Remake_0_3,0_3,3439,DeGcjmd3Thuv3edLn
simple panel,Light gray,NA,Concrete,Panel design,No,No,Yes,1,810,202,Gray,Gray,1x0.5,NA,Nook's Cranny,Available in Nook's Cranny (either upgrade tier) in the unique furniture slot,1.0.0,facility,None,None,None,No,Screen,No,Does not play music,No lighting,For sale,FtrScreenSimple_Remake_0_6,0_6,5338,2idHE6oTm6kQuYcnx
wooden end table,Blue,Paint color,NA,NA,Yes,Yes,No,2,NFS,960,Blue,Colorful,1x1,NA,Crafting,,1.0.0,child's room,living room,wooden,None,No,Table,No,Does not play music,No lighting,Not for sale,FtrWoodenTableS_Remake_6_0,6_0,3438,fnjMyqMBsQNDbTdjJ
upright locker,Green,NA,Pop,Sticker area,No,No,Yes,2,3700,925,Green,Colorful,1x1,NA,Nook's Cranny,Available in Nook's Cranny (either upgrade tier) in the unique furniture slot,1.0.0,school,facility,None,None,Wardrobe,Chest,No,Does not play music,No lighting,For sale,FtrLocker_Remake_5_3,5_3,833,6zyGggALSTsbFkjke
scattered papers,NA,NA,Essays,Writing,Yes,No,Yes,2,NFS,400,White,Green,1.5x1.5,NA,Crafting,,1.0.0,den,office,None,None,Yes,Study,No,Does not play music,No lighting,Not for sale,FtrFloorpapers_Remake_0_0,0_0,4034,vfQBFJrut86FQKEX8
baby chair,Blue,NA,Butterfly,Cushion,No,No,Yes,1,1200,300,Blue,Orange,1x1,NA,Nook's Cranny,Available in Nook's Cranny (either upgrade tier) in the unique furniture slot,1.0.0,child's room,None,None,None,Yes,Chair,No,Does not play music,No lighting,For sale,FtrBabychair_Remake_4_2,4_2,3305,2w7g3DewPNN9w47Yu
  log chair  ,Dark wood,Lumber type,Quilted,Cushion,Yes,Yes,Yes,3,NFS,960,Brown,Light blue,1x1,NA,Crafting,,1.0.0,garden,living room,log,None,Yes,Sofa,No,Does not play music,No lighting,Not for sale,FtrLogSofaS_Remake_0_4,0_4,4039,f8ie9zEXToBJg7exq
  log dining table  ,Dark wood,Lumber type,Bears,Placemats,Yes,Yes,Yes,4,NFS,1800,Brown,Brown,2x2,NA,Crafting,,1.0.0,garden,living room,log,None,No,Table,No,Does not play music,No lighting,Not for sale,FtrLogTableL_Remake_0_3,0_3,4040,Bg4DcuhkuH58mdtsX
  digital scale  ,Green,NA,White,Design,No,No,Yes,1,930,232,Green,White,1x1,NA,Nook's Cranny,Available in Nook's Cranny (either upgrade tier) in the unique furniture slot,1.0.0,bathroom,None,None,None,No,Bathroom Things,No,Does not play music,No lighting,For sale,FtrWeightscale_Remake_5_0,5_0,3307,eoQ4LYwXxLY3NjrgM
  upright locker  ,Red,NA,Notes,Sticker area,No,No,Yes,2,3700,925,Red,Pink,1x1,NA,Nook's Cranny,Available in Nook's Cranny (either upgrade tier) in the unique furniture slot,1.0.0,school,facility,None,None,Wardrobe,Chest,No,Does not play music,No lighting,For sale,FtrLocker_Remake_3_4,3_4,833,kqk7vXZR3j5TZ27r7
brick oven,Black,Brick color,NA,NA,Yes,Yes,No,6,NFS,,Black,Gray,1.5x1.5,NA,Crafting,,1.0.0,kitchen,shop,None,None,Yes,Kitchen,Yes,Does not play music,No lighting,Not for sale,FtrStoneoven_Remake_3_0,3_0,1157,CQiD3jT6CdYfi3z7N
ROCK GUITAR,Sunburst,NA,None,Sticker area,No,No,Yes,2,3100,775,Orange,White,1x1,NA,Nook's Cranny,Available in Nook's Cranny (either upgrade tier) in the unique furniture slot,1.0.0,concert,None,None,None,Yes,Musical Instrument,No,Does not play music,No lighting,For sale,FtrElectricguitar1_Remake_0_0,0_0,1644,bjsr3Gsdoq5jjgSnZ
  standing toilet  ,NA,NA,NA,NA,No,No,No,NA,1900,475,White,White,1x1,NA,Nook's Cranny,Available in Nook's Cranny (either upgrade tier) in the unique furniture slot,1.0.0,bathroom,None,None,None,Yes,Toilet,No,Does not play music,No lighting,For sale,FtrWCUrinal,NA,1217,ub9ET6HqmoHDwc4Pu
simple panel,Black,NA,Plain panel,Panel design,No,No,Yes,1,810,202,Black,Gray,1x0.5,NA,Nook's Cranny,Available in Nook's Cranny (either upgrade tier) in the unique furniture slot,1.0.0,facility,None,None,None,No,Screen,No,Does not play music,No lighting,For sale,FtrScreenSimple_Remake_1_0,1_0,5338,8KvKH9YNK8KoBLaGX
  electric guitar  ,Marine emerald,NA,Emblem logo,Sticker area,No,No,Yes,7,,17750,Light blue,Green,1x1,NA,Nook's Cranny,"Available in Nook's Cranny (upgraded only), in the third unique furniture slot",1.0.0,concert,None,None,None,Yes,Musical Instrument,No,Does not play music,No lighting,For sale,FtrElectricguitar2_Remake_4_4,4_4,1645,NozqZNCeMMdE4hi2n
  construction sign  ,Ongoing work,NA,NA,NA,No,No,No,NA,,5000,White,Blue,1x1,1000,Nook Miles Shop,,1.0.0,garage,facility,None,None,No,Vehicle,Yes,Does not play music,No lighting,Not for sale,FtrSignConstruction_Remake_0_0,0_0,9568,aFi7Nk8YGWeoizzqu
  golden toilet  ,NA,NA,NA,NA,Yes,No,No,NA,NFS,60000,Yellow,Yellow,1x1,NA,Crafting,,1.0.0,bathroom,expensive,golden,None,Yes,Toilet,No,Does not play music,No lighting,Not for sale,FtrGoldWC,NA,3472,sFf2dJ75yEnnh4iwQ
  Papa bear  ,Checkered,NA,None,Ribbon,No,No,Yes,3,,2125,Red,White,2x2,NA,Nook's Cranny,"Available in Nook's Cranny (upgraded only), in the third unique furniture slot",1.0.0,fancy,child's room,None,bear,No,Animal,No,Does not play music,No lighting,For sale,FtrBearL_Remake_4_0,4_0,1499,wrJekQhmyFd4a73tb
  pansy table  ,Yellow,Flower color,NA,NA,Yes,Yes,No,2,NFS,,Yellow,Green,1x1,NA,Crafting,,1.0.0,fancy,None,flowers,None,No,Table,No,Does not play music,No lighting,Not for sale,FtrFlowerTableS_Remake_0_0,0_0,7237,gpNCkuzcSeHYfDYyb
  wooden simple bed  ,Black,Paint color,Blue,Bedding,Yes,Yes,Yes,4,,2160,Black,Light blue,2x1,NA,Crafting,,1.0.0,child's room,living room,wooden,None,Yes,Bed,No,Does not play music,No lighting,Not for sale,FtrWoodenBedS_Remake_4_2,4_2,2605,a5hMaTJZE9TcmpGLs
  outdoor table  ,White,NA,Blue,Table,No,No,Yes,1,2200,550,Gray,Blue,2x1,NA,Nook's Cranny,Available in Nook's Cranny (either upgrade tier) in the unique furniture slot,1.0.0,outdoors,None,None,None,No,Table,Yes,Does not play music,No lighting,For sale,FtrOutdoortableM_Remake_0_3,0_3,3946,68M2koGPMivvrrRRY
  folding chair  ,Blue,NA,NA,NA,No,No,No,NA,920,,Blue,Gray,1x1,NA,Nook's Cranny,Available in Nook's Cranny (either upgrade tier) in the unique furniture slot,1.0.0,facility,None,None,None,Yes,Chair,No,Does not play music,No lighting,For sale,FtrPipechair_Remake_0_0,0_0,7529,SWcvBARb258vbt6yL
PAGODA,Red,Variation,NA,NA,No,Yes,No,3,NFS,2030,Green,Red,1.5x1.5,NA,Gulliver,,1.0.0,folk art,zen-style,None,None,No,Japanese Style,Yes,Does not play music,No lighting,Not for sale,FtrGojyu_Remake_0_0,0_0,688,95gTuC89Y9MYRhnGd
pet bed,Natural,NA,White,Cushion,No,No,Yes,1,1100,275,Beige,White,1x1,NA,Nook's Cranny,Available in Nook's Cranny (either upgrade tier) in the unique furniture slot,1.0.0,living room,None,None,pet,Yes,Chair,No,Does not play music,No lighting,For sale,FtrPetBed_Remake_0_0,0_0,7802,AvrmQiGWmbBfSWEob
  changing room  ,Brown,NA,Black,Curtain,No,No,Yes,2,3700,925,Orange,Black,1x1,NA,Nook's Cranny,"Available in Nook's Cranny (upgraded only), in the unique furniture slot",1.0.0,shop,facility,None,None,Wardrobe,Shop,No,Does not play music,No lighting,For sale,FtrFittingroom_Remake_2_2,2_2,1816,k3t55AoYzTC95inHh
poolside bed,Light brown,NA,Black,Bed mat,No,No,Yes,2,,850,Beige,Black,2x1,NA,Nook's Cranny,"Available in Nook's Cranny (upgraded only), in the unique furniture slot",1.0.0,ocean,expensive,None,None,Yes,Bed,Yes,Does not play music,No lighting,For sale,FtrPoolsidebed_Remake_0_1,0_1,4102,t3dTdANHZ3Ewj5PRZ
RETRO FAN,Blue,NA,NA,NA,No,No,No,NA,2100,525,Blue,White,1x1,NA,Nook's Cranny,Season sale item,1.0.0,living room,None,None,None,Yes,Fan,No,Does not play music,No lighting,For sale,FtrFanRetro_Remake_0_0,0_0,2736,cjeGNQ8umeumywKMj
IRON WORKTABLE,Black,Body color,NA,NA,Yes,Yes,No,7,,7500,Black,Black,2x1,NA,Crafting,,1.0.0,garage,None,iron,None,No,Table,No,Does not play music,No lighting,Not for sale,FtrIronTableM_Remake_0_0,0_0,3560,Tebe6Ep2AgLHHbrfY
  simple DIY workbench  ,NA,NA,NA,NA,Yes,No,No,NA,NFS,1350,Brown,Colorful,1.5x1.5,NA,Crafting,,1.0.0,outdoors,garden,None,None,Workbench,Work Bench,Yes,Does not play music,No lighting,Not for sale,FtrWorkbenchStump,NA,7142,o3Jm6psSeRbrkivZ9
stone table,NA,NA,NA,NA,Yes,No,No,NA,NFS,1200,Gray,Gray,1x1,NA,Crafting,,1.0.0,garden,None,None,stone,Yes,Table,Yes,Does not play music,No lighting,Not for sale,FtrStoneTable,NA,3397,a4pKEsQSesLcdmuBP
WOODEN TABLE,Black,Paint color,Orange,Tablecloth,Yes,Yes,Yes,4,,1800,Black,Orange,2x2,NA,Crafting,,1.0.0,child's room,living room,wooden,None,No,Table,No,Does not play music,No lighting,Not for sale,FtrWoodenTableL_Remake_4_1,4_1,3439,EtHAygh4hQQPLuuKa
STALL,Dark brown,Variation,None,Curtain,Yes,Yes,Yes,3,NFS,1440,Brown,Brown,2x1,NA,Crafting,,1.0.0,shop,party,None,None,No,Shop,Yes,Does not play music,No lighting,Not for sale,FtrFloat_Remake_1_0,1_0,3617,XMaJRn7o2f4mEEvFk
imperial bed,Brown,NA,NA,NA,No,No,No,NA,23000,,Brown,Yellow,2x2,NA,Nook's Cranny,"Available in Nook's Cranny (upgraded only), in the third unique furniture slot",1.0.0,zen-style,None,zen,None,Yes,Bed,No,Does not play music,No lighting,For sale,FtrOrientalBedW_Remake_2_0,2_0,3973,dY7DrGHzveJDu4koW
  throwback race-car bed  ,White,NA,NA,NA,No,No,No,NA,3800,950,White,Black,2x1,NA,Nook's Cranny,"Available in Nook's Cranny (upgraded only), in the unique furniture slot",1.0.0,child's room,None,throwback,None,Yes,Bed,No,Does not play music,No lighting,For sale,FtrBoyBedS_Remake_5_0,5_0,4759,ipjQq2gYYtxKXpeK7
brick oven,White,Brick color,NA,NA,Yes,Yes,No,6,NFS,3820,White,Black,1.5x1.5,NA,Crafting,,1.0.0,kitchen,shop,None,None,Yes,Kitchen,Yes,Does not play music,No lighting,Not for sale,FtrStoneoven_Remake_2_0,2_0,1157,xo2RaXeTJQngSoeG8
  golf bag  ,Brown,NA,NA,NA,No,No,No,NA,54000,13500,Brown,Brown,1x1,NA,Nook's Cranny,"Available in Nook's Cranny (upgraded only), in the third unique furniture slot",1.0.0,fitness,None,None,None,No,Sports,No,Does not play music,No lighting,For sale,FtrGolfbag_Remake_4_0,4_0,1632,zeqhGpQWgNHmNHkP3
log bed,White wood,Lumber type,Bears,Bedding,Yes,Yes,Yes,6,NFS,3600,Beige,Brown,2x2,NA,Crafting,,1.0.0,garden,living room,log,None,Yes,Bed,No,Does not play music,No lighting,Not for sale,FtrLogBedW_Remake_2_2,2_2,4041,h2F43bfYWx9EPkkyT
  phone box  ,White,NA,NA,NA,No,No,No,NA,NFS,,White,White,1x1,2400,Nook Miles Shop,,1.0.0,school,facility,None,None,Yes,Facility Decor,Yes,Does not play music,Emission,Not for sale,FtrTelephonebox_Remake_5_0,5_0,1185,sSZEqnQoD9LxBakNS
  iron garden table  ,White,Body color,NA,NA,Yes,Yes,No,5,NFS,3750,White,White,1x1,NA,Crafting,,1.0.0,garden,None,iron,None,No,Table,Yes,Does not play music,No lighting,Not for sale,FtrIrongardenTable_Remake_4_0,4_0,1627,ZAXbvgxA7MyF3CNkF
  ANTIQUE VANITY  ,Black,NA,NA,NA,No,No,No,NA,31000,7750,Black,Light blue,2x1,NA,Nook's Cranny,"Available in Nook's Cranny (upgraded only), in the third unique furniture slot",1.0.0,living room,expensive,antique,None,Yes,Dresser,No,Does not play music,No lighting,For sale,FtrAntiqueDresser_Remake_2_0,2_0,3955,b5MR8PraRhrJzsqYi
LOG BED,Orange wood,Lumber type,Southwestern flair,Bedding,Yes,Yes,Yes,6,NFS,3600,Orange,Colorful,2x2,NA,Crafting,,1.0.0,garden,living room,log,None,Yes,Bed,No,Does not play music,No lighting,Not for sale,FtrLogBedW_Remake_1_0,1_0,4041,jPLXPmDFFZ3ob5Wq3
  popcorn machine  ,Pink,NA,NA,NA,No,No,No,NA,4900,1225,Pink,White,1x1,NA,Nook's Cranny,Available in Nook's Cranny (either upgrade tier) in the unique furniture slot,1.0.0,facility,party,None,None,Yes,Shop,Yes,Does not play music,No lighting,For sale,FtrPopcornmachine_Remake_2_0,2_0,1092,b3xaiBs8vcXKE63MK
floor seat,Black,NA,Pale grass green,Cushion,No,No,Yes,1,,,Black,Green,1x1,NA,Nook's Cranny,Available in Nook's Cranny (either upgrade tier) in the unique furniture slot,1.0.0,zen-style,child's room,None,None,Yes,Chair,No,Does not play music,No lighting,For sale,FtrFloorchair_Remake_3_0,3_0,3622,fuy7uYsthuoTM52to
  THROWBACK HAT TABLE  ,Black & orange,NA,NA,NA,No,No,No,NA,3800,950,Black,Orange,2x2,NA,Nook's Cranny,"Available in Nook's Cranny (upgraded only), in the third unique furniture slot",1.0.0,child's room,fitness,throwback,None,No,Table,No,Does not play music,No lighting,For sale,FtrBoyTableL_Remake_3_0,3_0,4760,7vgDwfRbom5SXa5P5
  mini fridge  ,Gray,NA,NA,NA,No,No,No,NA,1300,325,Gray,Gray,1x1,NA,Nook's Cranny,"Available in Nook's Cranny (upgraded only), in the unique furniture slot",1.0.0,facility,None,None,None,Wardrobe,Home Appliances,No,Does not play music,No lighting,For sale,FtrRefrigeratorMini_Remake_7_0,7_0,9766,ATghPJtD8Rdmvn6FH
  ROCK GUITAR  ,Chic white,NA,Pop logo,Sticker area,No,No,Yes,2,3100,775,White,Colorful,1x1,NA,Nook's Cranny,Available in Nook's Cranny (either upgrade tier) in the unique furniture slot,1.0.0,concert,None,None,None,Yes,Musical Instrument,No,Does not play music,No lighting,For sale,FtrElectricguitar1_Remake_6_6,6_6,1644,7N9qgTits4TrPMSvW
  stall  ,Natural,Variation,Waves,Curtain,Yes,Yes,Yes,3,NFS,1440,Beige,Blue,2x1,NA,Crafting,,1.0.0,shop,party,None,None,No,Shop,Yes,Does not play music,No lighting,Not for sale,FtrFloat_Remake_0_4,0_4,3617,tnKqxJxwnwP7YqnDD
simple panel,Light brown,NA,Plain panel,Panel design,No,No,Yes,1,810,202,Beige,Gray,1x0.5,NA,Nook's Cranny,Available in Nook's Cranny (either upgrade tier) in the unique furniture slot,1.0.0,facility,None,None,None,No,Screen,No,Does not play music,No lighting,For sale,FtrScreenSimple_Remake_4_0,4_0,5338,5KDwFCw3osa8WFD72
iron frame,Black,Coating,NA,NA,Yes,Yes,No,7,,15000,Black,Gray,2x1,NA,Crafting,,1.0.0,garage,None,None,None,No,Vehicle,Yes,Does not play music,No lighting,Not for sale,FtrIronframe_Remake_2_0,2_0,2553,BqFNiG9meYjBy5ZCr
  DIGITAL SCALE  ,White,NA,White,Design,No,No,Yes,1,930,232,White,White,1x1,NA,Nook's Cranny,Available in Nook's Cranny (either upgrade tier) in the unique furniture slot,1.0.0,bathroom,None,None,None,No,Bathroom Things,No,Does not play music,No lighting,For sale,FtrWeightscale_Remake_0_0,0_0,3307,2mNpm4xzP6xHcAPXE
giant teddy bear,Checkered,Fabric,White,Ribbon,Yes,Yes,Yes,8,NFS,,Purple,White,3x3,NA,Crafting,,1.0.0,fancy,child's room,None,bear,No,Animal,No,Does not play music,No lighting,Not for sale,FtrBearXL_Remake_4_1,4_1,1504,MjuLBzwiqPhjto24q
IRONWOOD LOW TABLE,Old,Lumber type,NA,NA,Yes,Yes,No,5,NFS,3720,Brown,Black,2x1,NA,Crafting,,1.0.0,living room,None,ironwood,None,No,Table,No,Does not play music,No lighting,Not for sale,FtrIronwoodTableM_Remake_3_0,3_0,3194,wdQgShDyfy9Dxaa9d
IRONWOOD DRESSER,Teak,Lumber type,NA,NA,Yes,Yes,No,6,NFS,3840,Orange,Black,1x1,NA,Crafting,,1.0.0,living room,None,ironwood,None,Wardrobe,Chest,No,Does not play music,No lighting,Not for sale,FtrIronwoodChest_Remake_1_0,1_0,3196,7tCHuJzQ3wBQ2CSzq
  shell stool  ,Pearl,Shell color,NA,NA,Yes,Yes,No,1,NFS,,White,White,1x1,NA,Crafting,,1.0.0,ocean,None,shell,None,Yes,Chair,Yes,Does not play music,No lighting,Not for sale,FtrShellStoolS_Remake_5_0,5_0,3979,xys7BedTRC9h7TbPb
WOODEN DOUBLE BED,White wood,Paint color,Blue,Bedding,Yes,Yes,Yes,6,NFS,3600,White,Light blue,2x2,NA,Crafting,,1.0.0,child's room,living room,wooden,None,Yes,Bed,No,Does not play music,No lighting,Not for sale,FtrWoodenBedW_Remake_1_2,1_2,7132,TugBAPPZx3LYW4J6W
  ELECTRIC GUITAR  ,Dark red,NA,Rock logo,Sticker area,No,No,Yes,7,71000,,Red,Purple,1x1,NA,Nook's Cranny,"Available in Nook's Cranny (upgraded only), in the third unique furniture slot",1.0.0,concert,None,None,None,Yes,Musical Instrument,No,Does not play music,No lighting,For sale,FtrElectricguitar2_Remake_0_3,0_3,1645,yffi7v9tcqfSQ48kv
illuminated reindeer,White,Light color,NA,NA,Yes,Yes,No,6,NFS,,White,White,2x1,NA,Crafting,,1.0.0,party,fancy,festive,None,Yes,Seasonal Decor,Yes,Does not play music,Fluorescent,Not for sale,FtrIllumiReindeer_Remake_4_0,4_0,4074,hHBhm7xiSchK7cFsP
  HARP  ,Black,NA,NA,NA,No,No,No,NA,130000,32500,Black,Beige,1x1,NA,Nook's Cranny,"Available in Nook's Cranny (upgraded only), in the third unique furniture slot",1.0.0,music,None,None,None,Yes,Musical Instrument,No,Does not play music,No lighting,For sale,FtrHarp_Remake_4_0,4_0,987,b8SHxhT48MwusqTNg
  SHELL BED  ,White,Shell color,NA,NA,Yes,Yes,No,7,NFS,10200,White,White,2x2,NA,Crafting,,1.0.0,ocean,expensive,shell,None,Yes,Bed,Yes,Does not play music,No lighting,Not for sale,FtrShellBedW_Remake_0_0,0_0,3983,wB2bDs5c4CNXdD64T
simple panel,Silver,NA,Pegboard,Panel design,No,No,Yes,1,810,202,Gray,Brown,1x0.5,NA,Nook's Cranny,Available in Nook's Cranny (either upgrade tier) in the unique furniture slot,1.0.0,facility,None,None,None,No,Screen,No,Does not play music,No lighting,For sale,FtrScreenSimple_Remake_6_2,6_2,5338,RNA8NXSLparmGSZgA
cone,Blue,NA,NA,NA,No,No,No,NA,630,157,Blue,Blue,1x1,NA,Nook's Cranny,Available in Nook's Cranny (either upgrade tier) in the unique furniture slot,1.0.0,facility,garage,None,None,No,Vehicle,Yes,Does not play music,No lighting,For sale,FtrPylon_Remake_1_0,1_0,146,KKHLamBNiboMy49fp
wild log bench,White birch,Lumber type,NA,NA,Yes,Yes,No,2,NFS,960,White,Beige,2x1,NA,Crafting,,1.0.0,garden,None,log,None,Yes,Chair,Yes,Does not play music,No lighting,Not for sale,FtrWoodBench_Remake_3_0,3_0,5972,3n75ifAYZfQLoDaHR
tiny library,Natural,Paint color,NA,NA,Yes,Yes,No,2,,1035,Orange,Orange,1x1,NA,Crafting,,1.0.0,garden,None,None,None,No,Garden,Yes,Does not play music,No lighting,Not for sale,FtrMicrolibrary_Remake_0_0,0_0,5635,zX3yGd3fm8sRWQofL
safe,Gold,NA,NA,NA,No,No,No,NA,3600,900,Yellow,Gray,1x1,NA,Nook's Cranny,"Available in Nook's Cranny (upgraded only), in the unique furniture slot",1.0.0,facility,expensive,None,None,Wardrobe,Chest,No,Does not play music,No lighting,For sale,FtrSafebox_Remake_3_0,3_0,839,GCT7bxDSTwvYzwxjm
  changing room  ,Beige,NA,Yellow,Curtain,No,No,Yes,2,3700,925,Yellow,Yellow,1x1,NA,Nook's Cranny,"Available in Nook's Cranny (upgraded only), in the unique furniture slot",1.0.0,shop,facility,None,None,Wardrobe,Shop,No,Does not play music,No lighting,For sale,FtrFittingroom_Remake_1_3,1_3,1816,HHFZSHj9TKwgbyxSZ
  frozen partition  ,Ice green,Illumination,NA,NA,Yes,Yes,No,7,NFS,7400,Green,Green,2x0.5,NA,Crafting,,1.0.0,freezing cold,None,frozen,None,No,Seasonal Decor,Yes,Does not play music,No lighting,Not for sale,FtrIceScreen_Remake_5_0,5_0,3498,xQc4taDXnouRZef2p
  garbage bin  ,Green,NA,NA,NA,No,No,No,NA,1000,250,Green,Green,1x1,NA,Nook's Cranny,Available in Nook's Cranny (either upgrade tier) in the unique furniture slot,1.0.0,garage,facility,None,None,Trash,Supplies,Yes,Does not play music,No lighting,For sale,FtrPaleCaster_Remake_0_0,0_0,9767,TKWgtW6JghNAbp93k
CUTE DIY TABLE,White,NA,NA,NA,No,No,No,NA,7000,,White,Pink,2x1,NA,Nook's Cranny,"Available in Nook's Cranny (upgraded only), in the unique furniture slot",1.0.0,fancy,None,cute,None,Yes,Work Bench,No,Does not play music,Spotlight,For sale,FtrCuteWorkbench_Remake_0_0,0_0,3995,ELzLX57L77astbxHb
  log extra-long sofa  ,White wood,Lumber type,Quilted,Cushions,Yes,Yes,Yes,4,NFS,1920,Beige,Light blue,2x1,NA,Crafting,,1.0.0,garden,living room,log,None,Yes,Sofa,No,Does not play music,No lighting,Not for sale,FtrLogSofaL_Remake_2_4,2_4,4044,N9mDiB9qF5jtftdeX
imperial low table,Black,NA,NA,NA,No,No,No,NA,3700,925,Black,Black,2x1,NA,Nook's Cranny,"Available in Nook's Cranny (upgraded only), in the unique furniture slot",1.0.0,zen-style,None,zen,None,No,Table,No,Does not play music,No lighting,For sale,FtrOrientalTableM_Remake_3_0,3_0,3974,cc2s6L6ne6WtYLsR5
  bunk bed  ,White,NA,Checkered,Bedding,No,No,Yes,2,5000,1250,White,Pink,2x1,NA,Nook's Cranny,Available in Nook's Cranny (either upgrade tier) in the unique furniture slot,1.0.0,facility,None,None,None,Yes,Bed,No,Does not play music,No lighting,For sale,FtrBunkbed_Remake_2_2,2_2,8298,yyT3WFXwaPnCx4xN8
  SIMPLE WELL  ,NA,NA,NA,NA,Yes,No,No,NA,NFS,2850,Gray,Gray,2x2,NA,Crafting,,1.0.0,garden,horror,None,None,No,Garden,Yes,Does not play music,No lighting,Not for sale,FtrWell,NA,2754,cNHnxeghFMfx9dumk
  HAMMOCK  ,Light brown,NA,Camouflage,Cloth,No,No,Yes,1,1300,,Beige,Green,2x1,NA,Nook's Cranny,"Available in all tiers of shops, including Timmy & Tommy before the shop is opened",1.0.0,outdoors,None,None,None,Yes,Bed,Yes,Does not play music,No lighting,For sale,FtrHammock_Remake_1_1,1_1,1620,hqgeXHvPCbLaynMCY
mama bear,Tweed,NA,None,Shirt,No,No,Yes,1,2300,575,Gray,Gray,1x1,NA,Nook's Cranny,Available in Nook's Cranny (either upgrade tier) in the unique furniture slot,1.0.0,fancy,child's room,None,bear,No,Animal,No,Does not play music,No lighting,For sale,FtrBearM_Remake_5_0,5_0,1500,PuXd4tRQNRSpiLkTa
  sleeping bag  ,Purple,NA,NA,NA,No,No,No,NA,1400,,Pink,Purple,2x1,NA,Nook's Cranny,"Available in all tiers of shops, including Timmy & Tommy before the shop is opened",1.0.0,outdoors,None,None,None,Yes,Bed,Yes,Does not play music,No lighting,For sale,FtrSleepingbag_Remake_5_0,5_0,1434,ieBwocmAHz7HFuZG3
diner counter chair,Black,NA,NA,NA,No,No,No,NA,1100,275,Gray,Black,1x1,NA,Nook's Cranny,"Available in Nook's Cranny (upgraded only), in the unique furniture slot",1.0.0,shop,None,diner,None,Yes,Chair,No,Does not play music,No lighting,For sale,FtrAmeretroCounterchair_Remake_6_0,6_0,4138,Ato9uefGRFTCxBoNF
  iron hanger stand  ,White,NA,Shell pink,Shawl,Yes,No,Yes,4,,2250,White,Pink,1x1,NA,Crafting,,1.0.0,living room,None,iron,None,No,Chest,No,Does not play music,No lighting,Not for sale,FtrIronHanger_Remake_1_1,1_1,3561,LDXoMXLyLPFLGGN8Y
cute tea table,Yellow,NA,NA,NA,No,No,No,NA,3000,,Yellow,White,1x1,NA,Nook's Cranny,"Available in Nook's Cranny (upgraded only), in the unique furniture slot",1.0.0,fancy,None,cute,None,No,Table,No,Does not play music,No lighting,For sale,FtrCuteTableS_Remake_2_0,2_0,4000,PXHLJG2iXW5XzpYtK
  ironwood bed  ,Birch,Lumber type,Blue-gray,Bedding,Yes,Yes,Yes,8,,9900,Beige,Light blue,2x1,NA,Crafting,,1.0.0,living room,None,ironwood,None,Yes,Bed,No,Does not play music,No lighting,Not for sale,FtrIronwoodBedS_Remake_0_1,0_1,3200,Nm9jb4sbPg2LnS75A
DINER COUNTER CHAIR,Aquamarine,NA,NA,NA,No,No,No,NA,1100,275,Gray,Light blue,1x1,NA,Nook's Cranny,"Available in Nook's Cranny (upgraded only), in the unique furniture slot",1.0.0,shop,None,diner,None,Yes,Chair,No,Does not play music,No lighting,For sale,FtrAmeretroCounterchair_Remake_3_0,3_0,4138,Whi6TgxJnFad83o2w
  simple panel  ,Light brown,NA,Gold,Panel design,No,No,Yes,1,810,202,Beige,Yellow,1x0.5,NA,Nook's Cranny,Available in Nook's Cranny (either upgrade tier) in the unique furniture slot,1.0.0,facility,None,None,None,No,Screen,No,Does not play music,No lighting,For sale,FtrScreenSimple_Remake_4_7,4_7,5338,zPxcc2Dm2iHEy2Q5M
simple panel,Black,NA,Pegboard,Panel design,No,No,Yes,1,810,202,Black,Brown,1x0.5,NA,Nook's Cranny,Available in Nook's Cranny (either upgrade tier) in the unique furniture slot,1.0.0,facility,None,None,None,No,Screen,No,Does not play music,No lighting,For sale,FtrScreenSimple_Remake_1_2,1_2,5338,QmuKdrTZZzWi7jaGv
WOODEN WASTE BIN,Black,Paint color,NA,NA,Yes,Yes,No,1,NFS,480,Black,Black,1x1,NA,Crafting,,1.0.0,child's room,living room,wooden,None,Yes,Supplies,No,Does not play music,No lighting,Not for sale,FtrTrashboxWood_Remake_4_0,4_0,3490,zX72k8gTnt7nqQae7
park clock,White,NA,NA,NA,No,No,No,NA,NFS,12000,White,White,1x1,2400,Nook Miles Shop,,1.0.0,garden,None,None,None,Yes,Clock,Yes,Does not play music,No lighting,Not for sale,FtrParkclock_Remake_2_0,2_0,3595,fuysbBWBSKBKMj7Fe
  WOODEN SIMPLE BED  ,Pink wood,Paint color,Blue,Bedding,Yes,Yes,Yes,4,NFS,2160,Pink,Light blue,2x1,NA,Crafting,,1.0.0,child's room,living room,wooden,None,Yes,Bed,No,Does not play music,No lighting,Not for sale,FtrWoodenBedS_Remake_7_2,7_2,2605,554r3tt8jMmz2PXJr
illuminated reindeer,Yellow,Light color,NA,NA,Yes,Yes,No,6,NFS,4350,Yellow,Yellow,2x1,NA,Crafting,,1.0.0,party,fancy,festive,None,Yes,Seasonal Decor,Yes,Does not play music,Fluorescent,Not for sale,FtrIllumiReindeer_Remake_0_0,0_0,4074,Fu398t6EcYJrh6Anx
OUTDOOR TABLE,White,NA,Dark wood,Table,No,No,Yes,1,2200,550,Gray,Brown,2x1,NA,Nook's Cranny,Available in Nook's Cranny (either upgrade tier) in the unique furniture slot,1.0.0,outdoors,None,None,None,No,Table,Yes,Does not play music,No lighting,For sale,FtrOutdoortableM_Remake_0_6,0_6,3946,DhA6GbtZoJtsZaSyp
  effects rack  ,Red,NA,Pop logo,Sticker area,No,No,Yes,3,6800,,Red,Red,1x1,NA,Nook's Cranny,"Available in Nook's Cranny (upgraded only), in the unique furniture slot",1.0.0,concert,facility,None,None,No,Musical Instrument,No,Does not play music,No lighting,For sale,FtrEffectorrack_Remake_4_6,4_6,950,LvEZkWY6EckwBKgSr
MUSH PARASOL,Strange mushroom,Mushroom type,NA,NA,Yes,Yes,No,2,NFS,1200,Gray,Brown,2x2,NA,Crafting,,1.0.0,garden,None,mush,None,No,Plants,Yes,Does not play music,No lighting,Not for sale,FtrMushroomParasol_Remake_2_0,2_0,3805,uiHMZyCL9Ad8Fuy4T
KITTY LITTER BOX,Black,NA,NA,NA,No,No,No,NA,1100,275,Black,Light blue,1x1,NA,Nook's Cranny,Available in Nook's Cranny (either upgrade tier) in the unique furniture slot,1.0.0,living room,None,None,pet,No,Bathroom Things,No,Does not play music,No lighting,For sale,FtrPetWC_Remake_6_0,6_0,7803,8KgEuwSkD9xMff8DD
upright vacuum,Orange,NA,NA,NA,No,No,No,NA,,625,Orange,Black,1x1,NA,Nook's Cranny,"Available in Nook's Cranny (upgraded only), in the unique furniture slot",1.0.0,living room,None,None,None,Yes,Home Appliances,No,Does not play music,No lighting,For sale,FtrCleanerStick_Remake_4_0,4_0,908,p94pShH8K3ocBKzcm
simple panel,Gold,NA,Lattice,Panel design,No,No,Yes,1,810,202,Yellow,White,1x0.5,NA,Nook's Cranny,Available in Nook's Cranny (either upgrade tier) in the unique furniture slot,1.0.0,facility,None,None,None,No,Screen,No,Does not play music,No lighting,For sale,FtrScreenSimple_Remake_7_4,7_4,5338,vooiyb6nHrGWiviFt
  wooden-block table  ,Vivid,Block color,NA,NA,Yes,Yes,No,2,NFS,1320,Red,Colorful,2x2,NA,Crafting,,1.0.0,child's room,None,wooden block,None,No,Table,No,Does not play music,No lighting,Not for sale,FtrBlockTableL_Remake_4_0,4_0,1565,8hYurfXnfEfDQ5sWh
  IMPERIAL CHEST  ,Black,NA,NA,NA,No,No,No,NA,9300,,Black,Red,2x1,NA,Nook's Cranny,"Available in Nook's Cranny (upgraded only), in the unique furniture slot",1.0.0,zen-style,None,zen,None,Wardrobe,Chest,No,Does not play music,No lighting,For sale,FtrOrientalChest_Remake_3_0,3_0,3972,AzrqKcPetJix2h3z4
  wooden mini table  ,Light wood,Paint color,Blue,Tablecloth,Yes,Yes,Yes,2,NFS,720,Beige,Blue,1x1,NA,Crafting,,1.0.0,child's room,living room,wooden,None,No,Table,No,Does not play music,No lighting,Not for sale,FtrWoodenTableMini_Remake_0_3,0_3,7133,AZqCwcNbL76zheN3q
pants press,Brown,NA,NA,NA,No,No,No,NA,1900,475,Red,Gray,1x1,NA,Nook's Cranny,"Available in Nook's Cranny (upgraded only), in the unique furniture slot",1.0.0,facility,None,None,None,Yes,Home Appliances,No,Does not play music,No lighting,For sale,FtrPantspresser_Remake_0_0,0_0,4023,SGdxS8csbrivJWfXq
wooden-block stool,Natural,Block color,NA,NA,Yes,Yes,No,1,NFS,600,Brown,Brown,1x1,NA,Crafting,,1.0.0,child's room,None,wooden block,None,Yes,Chair,No,Does not play music,No lighting,Not for sale,FtrBlockStoolS_Remake_0_0,0_0,5543,2ZYB28KdGnYJAxNvz
  exercise bike  ,Red,NA,NA,NA,No,No,No,NA,4800,1200,Red,Black,1x1,NA,Nook's Cranny,"Available in Nook's Cranny (upgraded only), in the unique furniture slot",1.0.0,fitness,None,None,None,Yes,Sports,No,Does not play music,No lighting,For sale,FtrExercisebike_Remake_1_0,1_0,287,pqhhPbR6TyhPgumBp
ELECTRIC GUITAR,Marine emerald,NA,Pop logo,Sticker area,No,No,Yes,7,71000,17750,Light blue,Colorful,1x1,NA,Nook's Cranny,"Available in Nook's Cranny (upgraded only), in the third unique furniture slot",1.0.0,concert,None,None,None,Yes,Musical Instrument,No,Does not play music,No lighting,For sale,FtrElectricguitar2_Remake_4_6,4_6,1645,ka6WxM6xGXadQHzJR
treadmill,Black,NA,NA,NA,No,No,No,NA,64000,,Black,Gray,2x1,NA,Nook's Cranny,"Available in Nook's Cranny (upgraded only), in the third unique furniture slot",1.0.0,fitness,None,None,None,Yes,Sports,No,Does not play music,No lighting,For sale,FtrRunningmachine_Remake_0_0,0_0,290,pRiHLSLwbSHTJE5zd
  retro gas pump  ,Green,NA,Yellow oil,Lamp,No,No,Yes,1,2700,,Green,Red,1x1,NA,Nook's Cranny,Available in Nook's Cranny (either upgrade tier) in the unique furniture slot,1.0.0,garden,shop,diner,None,Yes,Vehicle,Yes,Does not play music,No lighting,For sale,FtrAmeretroGasstand_Remake_1_0,1_0,4140,tphN2nESeScc7X5nm
  upright vacuum  ,White,NA,NA,NA,No,No,No,NA,2500,625,White,Black,1x1,NA,Nook's Cranny,"Available in Nook's Cranny (upgraded only), in the unique furniture slot",1.0.0,living room,None,None,None,Yes,Home Appliances,No,Does not play music,No lighting,For sale,FtrCleanerStick_Remake_1_0,1_0,908,hYT459ggmrPn5z3g3
STALL,Natural,Variation,None,Curtain,Yes,Yes,Yes,3,NFS,1440,Beige,Beige,2x1,NA,Crafting,,1.0.0,shop,party,None,None,No,Shop,Yes,Does not play music,No lighting,Not for sale,FtrFloat_Remake_0_0,0_0,3617,Wmi7kuKaAEJNYWwFR
plain sink,Natural,Design,NA,NA,Yes,Yes,No,4,NFS,2270,Yellow,White,1x1,NA,Crafting,,1.0.0,bathroom,None,None,None,Yes,Bathroom Things,No,Does not play music,No lighting,Not for sale,FtrWashstandBowl_Remake_0_0,0_0,3683,Xc4GCRxyoPLmPnJJd
TOOL CART,Silver,NA,NA,NA,No,No,No,NA,2400,600,Gray,Black,1x1,NA,Nook's Cranny,Available in Nook's Cranny (either upgrade tier) in the unique furniture slot,1.0.0,garage,None,None,None,No,Table,No,Does not play music,No lighting,For sale,FtrToolcart_Remake_7_0,7_0,7528,rNjJfDcqe6uFCopB8
wooden table,Pink wood,Paint color,Pink,Tablecloth,Yes,Yes,Yes,4,NFS,1800,Pink,Pink,2x2,NA,Crafting,,1.0.0,child's room,living room,wooden,None,No,Table,No,Does not play music,No lighting,Not for sale,FtrWoodenTableL_Remake_7_2,7_2,3439,kWb6qniKvSnYdgNLE
LIGHTHOUSE,Black,NA,NA,NA,No,No,No,NA,NFS,25000,White,Black,2x2,5000,Nook Miles Shop,,1.0.0,ocean,garden,None,None,Yes,Seaside,Yes,Does not play music,No lighting,Not for sale,FtrLighthouse_Remake_1_0,1_0,2335,EMc5ZBYFQd8tYfBhL
  ROCK GUITAR  ,Natural wood,NA,Cute logo,Sticker area,No,No,Yes,2,3100,775,Beige,Pink,1x1,NA,Nook's Cranny,Available in Nook's Cranny (either upgrade tier) in the unique furniture slot,1.0.0,concert,None,None,None,Yes,Musical Instrument,No,Does not play music,No lighting,For sale,FtrElectricguitar1_Remake_5_7,5_7,1644,Ek8rdWrFB6GF9QoAf
  diner mini table  ,Cream,NA,NA,NA,No,No,No,NA,1600,400,Gray,White,1x1,NA,Nook's Cranny,"Available in Nook's Cranny (upgraded only), in the unique furniture slot",1.0.0,shop,None,diner,None,No,Table,No,Does not play music,No lighting,For sale,FtrAmeretroTableS_Remake_5_0,5_0,4441,RAc5QG7N7mtcTdTMX
  OUTDOOR AIR CONDITIONER  ,NA,NA,NA,NA,No,No,No,NA,2200,550,White,White,1x1,NA,Nook's Cranny,Available in Nook's Cranny (either upgrade tier) in the unique furniture slot,1.0.0,facility,garden,None,None,Yes,Fan,Yes,Does not play music,No lighting,For sale,FtrOutdoorunit,NA,1131,szRSeEPbooktkpNKr
piano bench,Red,NA,NA,NA,No,No,No,NA,990,247,Red,Black,1x1,NA,Nook's Cranny,Available in Nook's Cranny (either upgrade tier) in the unique furniture slot,1.0.0,music,None,None,None,Yes,Chair,No,Does not play music,No lighting,For sale,FtrPianochair_Remake_1_0,1_0,3681,a4TcHg9EWCgwtBCBF
refrigerator,Red,NA,Fruits,Sticker area,No,No,Yes,2,5100,1275,Red,Green,1x1,NA,Nook's Cranny,"Available in Nook's Cranny (upgraded only), in the unique furniture slot",1.0.0,kitchen,shop,None,None,Wardrobe,Home Appliances,No,Does not play music,No lighting,For sale,FtrRefrigerator_Remake_1_3,1_3,2713,56xk4Qaec6NbBpifj
  drink machine  ,White,NA,Cute,Advertisement panel,No,No,Yes,7,,10000,White,White,1x1,2000,Nook Miles Shop,,1.0.0,shop,facility,None,None,Yes,Facility Decor,Yes,Does not play music,Monitor,Not for sale,FtrDrinkmachine_Remake_2_3,2_3,1802,74P7tLbyEZrpKvApH
LOG DECORATIVE SHELVES,White birch,Lumber type,None,Mat,Yes,Yes,Yes,4,NFS,1560,White,White,2x1,NA,Crafting,,1.0.0,garden,living room,log,None,No,Shelf,No,Does not play music,No lighting,Not for sale,FtrLogShelf_Remake_3_0,3_0,4036,8FapKZva2Rm4H2gya
LOFT BED WITH DESK,Natural,NA,Orange,Bedding,No,No,Yes,3,7700,1925,Beige,Orange,2x1,NA,Nook's Cranny,"Available in Nook's Cranny (upgraded only), in the unique furniture slot",1.0.0,child's room,None,None,None,Yes,Desk,No,Does not play music,No lighting,For sale,FtrBeddesk_Remake_0_3,0_3,3621,53raZ3jiRZKeYoaCC
wooden mini table,Pink wood,Paint color,Green,Tablecloth,Yes,Yes,Yes,2,NFS,720,Pink,Green,1x1,NA,Crafting,,1.0.0,child's room,living room,wooden,None,No,Table,No,Does not play music,No lighting,Not for sale,FtrWoodenTableMini_Remake_7_4,7_4,7133,DZdS7xfKYcTr6YSMa
WOODEN STOOL,Black,Paint color,Green,Seat,Yes,Yes,Yes,2,NFS,480,Black,Green,1x1,NA,Crafting,,1.0.0,child's room,living room,wooden,None,Yes,Chair,No,Does not play music,No lighting,Not for sale,FtrWoodenStoolS_Remake_4_4,4_4,3449,nYiRNwkcYuLiCh6QP
BIRTHDAY TABLE,Colorful,Variation,NA,NA,No,Yes,No,1,,300,White,Colorful,2x2,NA,Birthday,,1.0.0,party,fancy,None,birthday,Yes,Table,No,Does not play music,Candle,Not for sale,FtrBirthdayTable_Remake_0_0,0_0,3593,msQh5KBspLz7bsxih
OUTDOOR GENERATOR,Yellow,NA,NA,NA,No,No,No,NA,4900,1225,Yellow,Black,1x1,NA,Nook's Cranny,"Available in all tiers of shops, including Timmy & Tommy before the shop is opened",1.0.0,outdoors,None,None,None,Yes,Outdoors Decor,Yes,Does not play music,No lighting,For sale,FtrOutdoorgenerator_Remake_2_0,2_0,7526,hy2JMRuy3McgGkvZK
mama bear,Caramel mocha,NA,Red stripes,Shirt,No,No,Yes,1,2300,575,Beige,Red,1x1,NA,Nook's Cranny,Available in Nook's Cranny (either upgrade tier) in the unique furniture slot,1.0.0,fancy,child's room,None,bear,No,Animal,No,Does not play music,No lighting,For sale,FtrBearM_Remake_1_1,1_1,1500,aBDBJ87pxjYnC3Hxt
  tool cart  ,Black,NA,NA,NA,No,No,No,NA,2400,600,Black,Black,1x1,NA,Nook's Cranny,Available in Nook's Cranny (either upgrade tier) in the unique furniture slot,1.0.0,garage,None,None,None,No,Table,No,Does not play music,No lighting,For sale,FtrToolcart_Remake_6_0,6_0,7528,CpWGf9zwePP6cRTJM
  bamboo doll  ,NA,NA,NA,NA,Yes,No,No,NA,NFS,2400,Green,Green,1x1,NA,Crafting,,1.0.0,zen-style,None,bamboo,None,Yes,Toy,No,Does not play music,No lighting,Not for sale,FtrBambooSurprisedbox,NA,3555,bGoF3W3Hv9bpFCb3N
  pet bed  ,Dark brown,NA,Polka dots,Cushion,No,No,Yes,1,1100,275,Brown,Light blue,1x1,NA,Nook's Cranny,Available in Nook's Cranny (either upgrade tier) in the unique furniture slot,1.0.0,living room,None,None,pet,Yes,Chair,No,Does not play music,No lighting,For sale,FtrPetBed_Remake_1_2,1_2,7802,5qGBZpdBXK5HsmRCQ
  zen cushion  ,NA,NA,Indigo,Upholstery,No,No,Yes,1,500,125,Blue,Light blue,1x1,NA,Nook's Cranny,Available in Nook's Cranny (either upgrade tier) in the unique furniture slot,1.0.0,zen-style,living room,None,None,Yes,Chair,No,Does not play music,No lighting,For sale,FtrCushionJapan_Remake_0_1,0_1,7047,Z7AkYQiT66nz89FRc
  NEUTRAL CORNER  ,NA,NA,Yellow,Ring curtain,No,No,Yes,3,6100,1525,White,Yellow,2x2,NA,Nook's Cranny,"Available in Nook's Cranny (upgraded only), in the third unique furniture slot",1.0.0,fitness,None,None,sports ring,Yes,Sports,No,Does not play music,No lighting,For sale,FtrRingcornerNeutral_Remake_0_4,0_4,7152,TXbNqQZrvPhG76rYo
mush low stool,Yellow mushroom,Mushroom type,NA,NA,Yes,Yes,No,2,NFS,800,Yellow,Beige,1x1,NA,Crafting,,1.0.0,garden,None,mush,None,Yes,Chair,Yes,Does not play music,No lighting,Not for sale,FtrMushroomChairS_Remake_4_0,4_0,4708,SBkPJws98vAws76R6
CUTE DIY TABLE,Red,NA,NA,NA,No,No,No,NA,7000,1750,Red,Red,2x1,NA,Nook's Cranny,"Available in Nook's Cranny (upgraded only), in the unique furniture slot",1.0.0,fancy,None,cute,None,Yes,Work Bench,No,Does not play music,Spotlight,For sale,FtrCuteWorkbench_Remake_3_0,3_0,3995,mcMvwCgMoeD4oCst5
  Mama bear  ,Floral,NA,Yellow stripes,Shirt,No,No,Yes,1,2300,,White,Yellow,1x1,NA,Nook's Cranny,Available in Nook's Cranny (either upgrade tier) in the unique furniture slot,1.0.0,fancy,child's room,None,bear,No,Animal,No,Does not play music,No lighting,For sale,FtrBearM_Remake_3_3,3_3,1500,ECFK9SPzPqJYnQ95A
cardboard sofa,Labeled,Cardboard,NA,NA,Yes,Yes,No,1,NFS,120,White,Beige,2x1,NA,Crafting,,1.0.0,garage,None,cardboard,None,Yes,Sofa,No,Does not play music,No lighting,Not for sale,FtrCardboardSofaL_Remake_1_0,1_0,7159,3mRAPxkYPuFFet5Jc
log dining table,Dark wood,Lumber type,Quilted,Placemats,Yes,Yes,Yes,4,NFS,1800,Brown,Light blue,2x2,NA,Crafting,,1.0.0,garden,living room,log,None,No,Table,No,Does not play music,No lighting,Not for sale,FtrLogTableL_Remake_0_4,0_4,4040,6DzbewyBCFbHJGuaF
  log dining table  ,White wood,Lumber type,None,Placemats,Yes,Yes,Yes,4,NFS,1800,Beige,Beige,2x2,NA,Crafting,,1.0.0,garden,living room,log,None,No,Table,No,Does not play music,No lighting,Not for sale,FtrLogTableL_Remake_2_0,2_0,4040,T8gc984bvqfGKoLYH
  SIMPLE PANEL  ,Copper,NA,Horizontal planks,Panel design,No,No,Yes,1,810,202,Brown,Brown,1x0.5,NA,Nook's Cranny,Available in Nook's Cranny (either upgrade tier) in the unique furniture slot,1.0.0,facility,None,None,None,No,Screen,No,Does not play music,No lighting,For sale,FtrScreenSimple_Remake_5_3,5_3,5338,4gYrHZXuFa2MLaCFf
MUSH LAMP,Ordinary mushroom,Mushroom type,NA,NA,Yes,Yes,No,3,NFS,1600,Brown,Brown,1x1,NA,Crafting,,1.0.0,garden,None,mush,None,Yes,Lamp,Yes,Does not play music,Fluorescent,Not for sale,FtrMushroomLamp_Remake_0_0,0_0,805,GKFnaHSs6d9MDNttQ
  drum set  ,Pearl white,NA,Rock logo,Bass drum head,No,No,Yes,2,5600,1400,White,Black,2x1,NA,Nook's Cranny,"Available in Nook's Cranny (upgraded only), in the unique furniture slot",1.0.0,concert,None,None,None,Yes,Musical Instrument,No,Does not play music,No lighting,For sale,FtrDrumSet_Remake_2_4,2_4,1803,YY9DThLxragxuCtsb
  ironwood bed  ,Walnut,Lumber type,Navy,Bedding,Yes,Yes,Yes,8,NFS,9900,Brown,Black,2x1,NA,Crafting,,1.0.0,living room,None,ironwood,None,Yes,Bed,No,Does not play music,No lighting,Not for sale,FtrIronwoodBedS_Remake_2_0,2_0,3200,cD9CjJCC7Zcs8K7We
  music stand  ,Black,Body,NA,NA,Yes,Yes,No,2,NFS,960,Black,White,1x1,NA,Crafting,,1.0.0,music,None,None,None,No,Musical Instrument,No,Does not play music,No lighting,Not for sale,FtrMusicstand_Remake_3_0,3_0,1058,vrCj5LDvrh4LkYvAo
  SHELL FOUNTAIN  ,Pink,Shell color,NA,NA,Yes,Yes,No,7,NFS,,Pink,Pink,1.5x1.5,NA,Crafting,,1.0.0,ocean,expensive,shell,None,Yes,Playground,Yes,Does not play music,No lighting,Not for sale,FtrShellFountain_Remake_2_0,2_0,3982,fCvctLtg9Yzwi2AJo
bunk bed,Yellow,NA,Space,Bedding,No,No,Yes,2,5000,1250,Yellow,Light blue,2x1,NA,Nook's Cranny,Available in Nook's Cranny (either upgrade tier) in the unique furniture slot,1.0.0,facility,None,None,None,Yes,Bed,No,Does not play music,No lighting,For sale,FtrBunkbed_Remake_5_3,5_3,8298,aqWS4NuGQrJyPsrok
FLOOR LAMP,Brown,NA,Green design,Lampshade,No,No,Yes,1,1400,,Brown,Green,1x1,NA,Nook's Cranny,"Available in Nook's Cranny (upgraded only), in the unique furniture slot",1.0.0,living room,None,None,None,Yes,Lamp,No,Does not play music,Fluorescent,For sale,FtrLamp_Remake_1_5,1_5,2561,QfrSHayK8hrApaNWx
LOG DINING TABLE,Orange wood,Lumber type,Geometric print,Placemats,Yes,Yes,Yes,4,NFS,1800,Orange,Colorful,2x2,NA,Crafting,,1.0.0,garden,living room,log,None,No,Table,No,Does not play music,No lighting,Not for sale,FtrLogTableL_Remake_1_2,1_2,4040,QwdE4Z5aBXcbT5DX5
  CUTE VANITY  ,White,NA,NA,NA,No,No,No,NA,5400,1350,White,Pink,1x1,NA,Nook's Cranny,"Available in Nook's Cranny (upgraded only), in the unique furniture slot",1.0.0,fancy,None,cute,None,Yes,Dresser,No,Does not play music,No lighting,For sale,FtrCuteDresser_Remake_0_0,0_0,4001,y2sCDMvPCTJQz6QB3
  western-style stone  ,Mossy,Stone,NA,NA,Yes,Yes,No,6,,4500,Green,Yellow,2x1,NA,Crafting,,1.0.0,garden,horror,None,None,No,Garden,Yes,Does not play music,No lighting,Not for sale,FtrGravestoneEuropean_Remake_4_0,4_0,3446,nJBMWfe54LyySYzYb
loft bed with desk,Black,NA,Black,Bedding,No,No,Yes,3,7700,1925,Black,Black,2x1,NA,Nook's Cranny,"Available in Nook's Cranny (upgraded only), in the unique furniture slot",1.0.0,child's room,None,None,None,Yes,Desk,No,Does not play music,No lighting,For sale,FtrBeddesk_Remake_3_1,3_1,3621,eHGyb2SHFznyGJpdZ
  BABY CHAIR  ,White,NA,Strawberry,Cushion,No,No,Yes,1,1200,300,White,Colorful,1x1,NA,Nook's Cranny,Available in Nook's Cranny (either upgrade tier) in the unique furniture slot,1.0.0,child's room,None,None,None,Yes,Chair,No,Does not play music,No lighting,For sale,FtrBabychair_Remake_5_1,5_1,3305,MExvKfHcM8ieNnr6p
log chair,White birch,Lumber type,Geometric print,Cushion,Yes,No,Yes,3,NFS,960,White,Colorful,1x1,NA,Crafting,,1.0.0,garden,living room,log,None,Yes,Sofa,No,Does not play music,No lighting,Not for sale,FtrLogSofaS_Remake_3_2,3_2,4039,SgzfRLCiAKBN2ZFjp
  wooden bookshelf  ,Light brown,Paint color,NA,NA,Yes,Yes,No,3,NFS,1925,Yellow,Colorful,2x0.5,NA,Crafting,,1.0.0,child's room,living room,wooden,None,No,Shelf,No,Does not play music,No lighting,Not for sale,FtrBookshelf_Remake_0_0,0_0,4125,LkoKthY84aJgeozuc
elephant slide,Blue,NA,NA,NA,No,No,No,NA,4200,1050,Blue,Yellow,2x1,NA,Nook's Cranny,Available in Nook's Cranny (either upgrade tier) in the unique furniture slot,1.0.0,garden,child's room,None,None,No,Playground,No,Does not play music,No lighting,For sale,FtrSlideelephant_Remake_0_0,0_0,86,arXw6Sz99gRb6xwjq
WOODEN CHEST,Dark wood,Paint color,NA,NA,Yes,Yes,No,3,,1920,Brown,Brown,2x1,NA,Crafting,,1.0.0,child's room,living room,wooden,None,Wardrobe,Chest,No,Does not play music,No lighting,Not for sale,FtrWoodenChest_Remake_3_0,3_0,2560,EkHqiuxNG4J7CtySg
outdoor table,Green,NA,Orange,Table,No,No,Yes,1,2200,550,Green,Orange,2x1,NA,Nook's Cranny,Available in Nook's Cranny (either upgrade tier) in the unique furniture slot,1.0.0,outdoors,None,None,None,No,Table,Yes,Does not play music,No lighting,For sale,FtrOutdoortableM_Remake_2_4,2_4,3946,kyfP5Ma93aAsaNzEM
  TATAMI BED  ,Light brown,NA,NA,NA,No,No,No,NA,2800,700,White,Green,2x1,NA,Nook's Cranny,Available in Nook's Cranny (either upgrade tier) in the unique furniture slot,1.0.0,zen-style,None,None,None,Yes,Bed,No,Does not play music,No lighting,For sale,FtrTatamiBedS_Remake_3_0,3_0,7391,PKXEjASeniqoqh8iJ
vintage TV tray,Copper,NA,Black,Tray,No,No,Yes,1,1200,300,Brown,Black,1x1,NA,Nook's Cranny,Available in Nook's Cranny (either upgrade tier) in the unique furniture slot,1.0.0,living room,None,None,None,No,Table,No,Does not play music,No lighting,For sale,FtrTVtray_Remake_2_1,2_1,4445,yThtbc8QQiu5Jcn94
  automatic washer  ,Pink,NA,NA,NA,No,No,No,NA,4500,1125,Red,White,1x1,NA,Nook's Cranny,"Available in Nook's Cranny (upgraded only), in the unique furniture slot",1.0.0,bathroom,None,None,None,Yes,Home Appliances,No,Does not play music,No lighting,For sale,FtrWashingmachine_Remake_1_0,1_0,2740,wdpzZgQz8aJvnkY33
REFRIGERATOR,Blue,NA,Notices,Sticker area,No,No,Yes,2,5100,1275,Blue,Colorful,1x1,NA,Nook's Cranny,"Available in Nook's Cranny (upgraded only), in the unique furniture slot",1.0.0,kitchen,shop,None,None,Wardrobe,Home Appliances,No,Does not play music,No lighting,For sale,FtrRefrigerator_Remake_4_4,4_4,2713,PFhYH672E8uNTXFHB
ROCKET,NA,NA,NA,NA,Yes,No,No,NA,NFS,20000,White,Red,2x1,NA,Crafting,,1.0.0,space,None,None,None,No,Space,Yes,Does not play music,No lighting,Not for sale,FtrRocket,NA,1441,KkcXfWMrSimkgeyAT
wedding chair,Garden,Design,NA,NA,No,Yes,No,2,2000,500,Yellow,Green,1x1,NA,Wedding Season,,1.2.0,party,expensive,wedding,None,Yes,Chair,No,Does not play music,No lighting,Not for sale,FtrWeddingChairS_Remake_2_0,2_0,12405,ixvbmXEgiqfWQSQkc
  small cardboard boxes  ,NA,NA,NA,NA,Yes,No,No,NA,NFS,120,None,None,1x1,NA,Crafting,,1.0.0,garage,None,cardboard,None,No,Supplies,No,Does not play music,No lighting,Not for sale,FtrMovingboxS,NA,3410,HwJGSRRxcaHNGSoku
