Name,Variation,Body Title,Pattern,Pattern Title,DIY,Body Customize,Pattern Customize,Kit Cost,Buy,Sell,Color 1,Color 2,Size,Miles Price,Source,Source Notes,Version,HHA Concept 1,HHA Concept 2,HHA Series,HHA Set,Interact,Tag,Outdoor,Speaker Type,Lighting Type,Catalog,Filename,Variant ID,Internal ID,Unique Entry ID
LIGHTHOUSE,Black,NA,NA,NA,No,No,No,NA,NFS,25000,White,Black,2x2,5000,Nook Miles Shop,,1.0.0,ocean,garden,None,None,Yes,Seaside,Yes,Does not play music,No lighting,Not for sale,FtrLighthouse_Remake_1_0,1_0,2335,EMc5ZBYFQd8tYfBhL
    SERVING CART    ,Black,NA,NA,NA,No,No,No,NA,1300,325,Black,Yellow,1x1,NA,Nook's Cranny,Available in Nook's Cranny (either upgrade tier) in the unique furniture slot,1.0.0,kitchen,shop,None,None,No,Kitchen Things,No,Does not play music,No lighting,For sale,FtrServingcart_Remake_5_0,5_0,1606,zqrFXqZ3FCKquoe8X
    THROWBACK MITT CHAIR    ,Green,NA,NA,NA,No,No,No,NA,1400,,Green,Red,1x1,NA,Nook's Cranny,"Available in Nook's Cranny (upgraded only), in the unique furniture slot",1.0.0,child's room,fitness,throwback,None,Yes,Chair,No,Does not play music,No lighting,For sale,FtrBoyChairS_Remake_4_0,4_0,4758,pFvM2mhWRMHo4bJX3
  wooden-block chair  ,Colorful,Block color,NA,NA,Yes,Yes,No,1,NFS,720,Red,Colorful,1x1,NA,Crafting,,1.0.0,child's room,None,wooden block,None,Yes,Chair,No,Does not play music,No lighting,Not for sale,FtrBlockChairS_Remake_2_0,2_0,2558,wpz37qaP5phjr4Mqr
  mush low stool  ,Yellow mushroom,Mushroom type,NA,NA,Yes,Yes,No,2,NFS,800,Yellow,Beige,1x1,NA,Crafting,,1.0.0,garden,None,mush,None,Yes,Chair,Yes,Does not play music,No lighting,Not for sale,FtrMushroomChairS_Remake_4_0,4_0,4708,SBkPJws98vAws76R6
    loft bed with desk    ,Black,NA,Pink,Bedding,No,No,Yes,3,,1925,Black,Pink,2x1,NA,Nook's Cranny,"Available in Nook's Cranny (upgraded only), in the unique furniture slot",1.0.0,child's room,None,None,None,Yes,Desk,No,Does not play music,No lighting,For sale,FtrBeddesk_Remake_3_5,3_5,3621,RmesQWj4EKt7rDG62
IMPERIAL CHEST,Blue,NA,NA,NA,No,No,No,NA,9300,,Blue,Gray,2x1,NA,Nook's Cranny,"Available in Nook's Cranny (upgraded only), in the unique furniture slot",1.0.0,zen-style,None,zen,None,Wardrobe,Chest,No,Does not play music,No lighting,For sale,FtrOrientalChest_Remake_1_0,1_0,3972,NNhkKWrdaadKjxNG6
  whiteboard  ,Language classroom,NA,NA,NA,No,No,No,NA,2600,650,White,Gray,2x1,NA,Nook's Cranny,"Available in Nook's Cranny (upgraded only), in the unique furniture slot",1.0.0,office,None,None,None,No,Office,No,Does not play music,No lighting,For sale,FtrWhiteboard_Remake_3_0,3_0,4116,6kQ2dnracvr8cXca9
    INFLATABLE SOFA    ,Camouflage,NA,NA,NA,No,No,No,NA,1100,,Beige,Green,2x1,NA,Nook's Cranny,"Available in all tiers of shops, including Timmy & Tommy before the shop is opened",1.0.0,outdoors,None,None,None,Yes,Bed,Yes,Does not play music,No lighting,For sale,FtrAirsofa_Remake_7_0,7_0,3962,v745nKx3Yr5SKq4A3
digital scale,Blue,NA,Polka dots,Design,No,No,Yes,1,930,232,Blue,Green,1x1,NA,Nook's Cranny,Available in Nook's Cranny (either upgrade tier) in the unique furniture slot,1.0.0,bathroom,None,None,None,No,Bathroom Things,No,Does not play music,No lighting,For sale,FtrWeightscale_Remake_3_2,3_2,3307,469XQtDweTA3DmEeZ
  DRINK MACHINE  ,Black,NA,Sports drink,Advertisement panel,No,No,Yes,7,NFS,10000,Brown,Light blue,1x1,2000,Nook Miles Shop,,1.0.0,shop,facility,None,None,Yes,Facility Decor,Yes,Does not play music,Monitor,Not for sale,FtrDrinkmachine_Remake_3_1,3_1,1802,yvNp9WZdDzNapncNW
frozen tree,Ice yellow,Illumination,NA,NA,Yes,Yes,No,7,NFS,8200,Yellow,Yellow,2x2,NA,Crafting,,1.0.0,freezing cold,None,frozen,None,No,Seasonal Decor,Yes,Does not play music,No lighting,Not for sale,FtrIceTree_Remake_3_0,3_0,3504,yejpZBcHL6syRmZYE
clothesline,NA,NA,Well-used,Drying shirt,Yes,No,Yes,2,,100,Brown,Beige,2x0.5,NA,Crafting,,1.0.0,garden,None,None,None,No,Supplies,Yes,Does not play music,No lighting,Not for sale,FtrClothesline_Remake_0_1,0_1,3229,FxWT49hFwfwCs89FZ
FROZEN PILLAR,Ice blue,Illumination,NA,NA,Yes,Yes,No,7,NFS,6200,Blue,Blue,1x1,NA,Crafting,,1.0.0,freezing cold,None,frozen,None,No,Seasonal Decor,Yes,Does not play music,No lighting,Not for sale,FtrIcePillar_Remake_1_0,1_0,3500,HLjXDPitXq9yE4FK6
DJ'S TURNTABLE,Black,NA,Chic logo,Flag,No,No,Yes,4,9300,2325,Black,White,2x1,NA,Nook's Cranny,"Available in Nook's Cranny (upgraded only), in the unique furniture slot",1.0.0,party,concert,None,None,Yes,Musical Instrument,No,Hi-fi,No lighting,For sale,FtrDJbooth_Remake_0_2,0_2,941,khP7TPfWJFziysppy
  pet bed  ,White,NA,White,Cushion,No,No,Yes,1,1100,275,White,White,1x1,NA,Nook's Cranny,Available in Nook's Cranny (either upgrade tier) in the unique furniture slot,1.0.0,living room,None,None,pet,Yes,Chair,No,Does not play music,No lighting,For sale,FtrPetBed_Remake_2_0,2_0,7802,BrwJuRBxXDHrGw8v6
lawn chair,Blue,NA,NA,NA,No,No,No,NA,760,190,Light blue,White,1x1,NA,Nook's Cranny,"Available in all tiers of shops, including Timmy & Tommy before the shop is opened",1.0.0,ocean,None,None,None,Yes,Chair,Yes,Does not play music,No lighting,For sale,FtrVinylchair_Remake_0_0,0_0,1621,cKBDhd9jR55jp3Dv9
  RETRO STEREO  ,Black,NA,NA,NA,No,No,No,NA,6000,1500,Brown,Beige,2x1,NA,Nook's Cranny,Available in Nook's Cranny (either upgrade tier) in the unique furniture slot,1.0.0,living room,None,None,None,Yes,Audio,No,Retro,No lighting,For sale,FtrStereoRetro_Remake_0_0,0_0,796,XrWWmDWwB6x9JvMu5
stall,White,Variation,None,Curtain,Yes,Yes,Yes,3,NFS,1440,White,White,2x1,NA,Crafting,,1.0.0,shop,party,None,None,No,Shop,Yes,Does not play music,No lighting,Not for sale,FtrFloat_Remake_5_0,5_0,3617,mmgfrksD2rww4DRWK
flower stand,Purple,Variation,NA,NA,Yes,Yes,No,4,NFS,2880,Purple,Green,1.5x1.5,NA,Crafting,,1.0.0,party,None,None,None,No,Plants,No,Does not play music,No lighting,Not for sale,FtrStandflower_Remake_4_0,4_0,7527,LuqNCPZ8dHXt77uFL
  diner sofa  ,Yellow,NA,NA,NA,No,No,No,NA,3500,875,Yellow,White,2x1,NA,Nook's Cranny,"Available in Nook's Cranny (upgraded only), in the unique furniture slot",1.0.0,shop,None,diner,None,Yes,Sofa,No,Does not play music,No lighting,For sale,FtrAmeretroChairL_Remake_2_0,2_0,4141,zgWxajp5k6nBRC9pM
leaf stool,Yellow,Color,NA,NA,Yes,Yes,No,3,NFS,,Yellow,Brown,1x1,NA,Crafting,,1.0.0,child's room,fancy,tree's bounty or leaves,None,Yes,Chair,No,Does not play music,No lighting,Not for sale,FtrFallenleavesChairS_Remake_2_0,2_0,7390,vtWGFKZGHTHwWmZep
  digital scale  ,Red,NA,White,Design,No,No,Yes,1,930,232,Red,White,1x1,NA,Nook's Cranny,Available in Nook's Cranny (either upgrade tier) in the unique furniture slot,1.0.0,bathroom,None,None,None,No,Bathroom Things,No,Does not play music,No lighting,For sale,FtrWeightscale_Remake_2_0,2_0,3307,xpPxzxjE4Hi4zDapv
  wedding arch  ,Garden,Design,NA,NA,No,Yes,No,7,20000,,Green,Yellow,3x1,NA,Wedding Season,,1.2.0,party,expensive,wedding,None,No,Arch,No,Does not play music,No lighting,Not for sale,FtrWeddingArch_Remake_2_0,2_0,12402,ferAajPzSvgDvEofk
  MUSIC STAND  ,White,Body,NA,NA,Yes,Yes,No,2,NFS,960,White,White,1x1,NA,Crafting,,1.0.0,music,None,None,None,No,Musical Instrument,No,Does not play music,No lighting,Not for sale,FtrMusicstand_Remake_2_0,2_0,1058,BJeejyasFZSaTgRqQ
FLOOR SEAT,Black,NA,Mustard yellow,Cushion,No,No,Yes,1,,,Black,Yellow,1x1,NA,Nook's Cranny,Available in Nook's Cranny (either upgrade tier) in the unique furniture slot,1.0.0,zen-style,child's room,None,None,Yes,Chair,No,Does not play music,No lighting,For sale,FtrFloorchair_Remake_3_1,3_1,3622,yceSinLhFrqjmQi6L
  shell bed  ,Brown,Shell color,NA,NA,Yes,Yes,No,7,NFS,,Brown,Brown,2x2,NA,Crafting,,1.0.0,ocean,expensive,shell,None,Yes,Bed,Yes,Does not play music,No lighting,Not for sale,FtrShellBedW_Remake_1_0,1_0,3983,rM47wpyGB9LQZ5QP3
jail bars,Silver,Body color,NA,NA,Yes,Yes,No,5,NFS,3750,Gray,Gray,2x0.5,NA,Crafting,,1.0.0,facility,horror,None,None,No,Ranch,Yes,Does not play music,No lighting,Not for sale,FtrScreenCage_Remake_0_0,0_0,5931,A5GnnQ6RYGH974Gto
  wooden double bed  ,Dark wood,Paint color,Blue,Bedding,Yes,Yes,Yes,6,NFS,3600,Brown,Light blue,2x2,NA,Crafting,,1.0.0,child's room,living room,wooden,None,Yes,Bed,No,Does not play music,No lighting,Not for sale,FtrWoodenBedW_Remake_3_2,3_2,7132,a5DwLfLvx5bZhjaG7
YELLOW-LEAF PILE,NA,NA,NA,NA,Yes,No,No,NA,NFS,,Yellow,Yellow,1.5x1.5,NA,Crafting,,1.0.0,garden,None,tree's bounty or leaves,None,Yes,Plants,Yes,Does not play music,No lighting,Not for sale,FtrFallenleavesYellow,NA,4270,ExnEWwupqFYTbJgg9
  monstera  ,Blue,NA,NA,NA,No,No,No,NA,1700,,Blue,Green,1x1,NA,Nook's Cranny,Available in Nook's Cranny (either upgrade tier) in the unique furniture slot,1.0.0,living room,None,None,None,No,Plants,No,Does not play music,No lighting,For sale,FtrPlantMonstera_Remake_4_0,4_0,4129,o87GCEeBgydKktemF
    COLORFUL WHEEL    ,Items,NA,NA,NA,No,No,No,NA,2900,725,Colorful,Colorful,2x1,NA,Nook's Cranny,"Available in Nook's Cranny (upgraded only), in the unique furniture slot",1.0.0,party,None,None,None,Yes,Toy,No,Does not play music,No lighting,For sale,FtrRoulette_Remake_4_0,4_0,1112,njtwJ2XoPgkvdfhuz
    cypress bathtub    ,Light wood,NA,NA,NA,No,No,No,NA,13000,3250,Beige,Beige,2x2,NA,Nook's Cranny,"Available in Nook's Cranny (upgraded only), in the third unique furniture slot",1.0.0,bathroom,None,None,None,No,Bathtub,No,Does not play music,No lighting,For sale,FtrBathHinoki_Remake_0_0,0_0,7153,RZ87yXKzNe2rnjwP4
    FROZEN SCULPTURE    ,Ice blue,Illumination,NA,NA,Yes,Yes,No,7,NFS,6600,Blue,Blue,1.5x1.5,NA,Crafting,,1.0.0,freezing cold,None,frozen,None,No,Seasonal Decor,Yes,Does not play music,No lighting,Not for sale,FtrIceArt_Remake_1_0,1_0,3501,FuAqY2cLbKdfvBK5X
diner counter chair,Pink,NA,NA,NA,No,No,No,NA,1100,,Gray,Pink,1x1,NA,Nook's Cranny,"Available in Nook's Cranny (upgraded only), in the unique furniture slot",1.0.0,shop,None,diner,None,Yes,Chair,No,Does not play music,No lighting,For sale,FtrAmeretroCounterchair_Remake_4_0,4_0,4138,TEbYnqkSufjwXW9Cd
    PLAIN WOODEN SHOP SIGN    ,Dark wood,NA,Warning,Flier,Yes,No,Yes,2,NFS,,Brown,Yellow,1x1,NA,Crafting,,1.0.0,garden,None,None,None,No,Vehicle,Yes,Does not play music,No lighting,Not for sale,FtrSignWood_Remake_2_3,2_3,3692,HQRdgj2TMn3mMfZHi
  dj's turntable  ,Black,NA,Emblem logo,Flag,No,No,Yes,4,9300,2325,Black,Green,2x1,NA,Nook's Cranny,"Available in Nook's Cranny (upgraded only), in the unique furniture slot",1.0.0,party,concert,None,None,Yes,Musical Instrument,No,Hi-fi,No lighting,For sale,FtrDJbooth_Remake_0_4,0_4,941,GXqxMzdK4uSSLgh2r
    RETRO GAS PUMP    ,Yellow,NA,Green with animal,Lamp,No,No,Yes,1,2700,675,Yellow,Green,1x1,NA,Nook's Cranny,Available in Nook's Cranny (either upgrade tier) in the unique furniture slot,1.0.0,garden,shop,diner,None,Yes,Vehicle,Yes,Does not play music,No lighting,For sale,FtrAmeretroGasstand_Remake_2_1,2_1,4140,dKrPjba6bzWeibyRx
  mush lamp  ,Red mushroom,Mushroom type,NA,NA,Yes,Yes,No,3,NFS,1600,Red,Beige,1x1,NA,Crafting,,1.0.0,garden,None,mush,None,Yes,Lamp,Yes,Does not play music,Fluorescent,Not for sale,FtrMushroomLamp_Remake_3_0,3_0,805,cAfehsTrveDSZ6AJ2
  kitty litter box  ,Pink,NA,NA,NA,No,No,No,NA,1100,275,Pink,Yellow,1x1,NA,Nook's Cranny,Available in Nook's Cranny (either upgrade tier) in the unique furniture slot,1.0.0,living room,None,None,pet,No,Bathroom Things,No,Does not play music,No lighting,For sale,FtrPetWC_Remake_4_0,4_0,7803,ABDnqEyb59BvLYeJg
LEAF CAMPFIRE,Roasting marshmallows,Food,NA,NA,Yes,Yes,No,2,,1330,Brown,Orange,1x1,NA,Crafting,,1.0.0,garden,None,tree's bounty or leaves,None,Yes,Plants,Yes,Does not play music,No lighting,Not for sale,FtrFallenleavesfire_Remake_1_0,1_0,7788,nbty5n27sp3sJn4FM
  PAPA BEAR  ,Tweed,NA,Blue,Ribbon,No,No,Yes,3,8500,2125,Brown,Blue,2x2,NA,Nook's Cranny,"Available in Nook's Cranny (upgraded only), in the third unique furniture slot",1.0.0,fancy,child's room,None,bear,No,Animal,No,Does not play music,No lighting,For sale,FtrBearL_Remake_5_2,5_2,1499,ajgxzLda3pYvKZ9yw
  director's chair  ,Dark brown,NA,Chic pleather,Fabric,No,No,Yes,1,1600,,Brown,Brown,1x1,NA,Nook's Cranny,"Available in all tiers of shops, including Timmy & Tommy before the shop is opened",1.0.0,outdoors,None,None,None,Yes,Chair,Yes,Does not play music,No lighting,For sale,FtrDirectorchair_Remake_1_2,1_2,2020,7szEMtzuzPF9LFXWN
  phone box  ,Black,NA,NA,NA,No,No,No,NA,,12000,Black,Black,1x1,2400,Nook Miles Shop,,1.0.0,school,facility,None,None,Yes,Facility Decor,Yes,Does not play music,Emission,Not for sale,FtrTelephonebox_Remake_6_0,6_0,1185,e3wopZ7XmvDo3XpWq
OUTDOOR TABLE,Green,NA,Black,Table,No,No,Yes,1,2200,,Green,Black,2x1,NA,Nook's Cranny,Available in Nook's Cranny (either upgrade tier) in the unique furniture slot,1.0.0,outdoors,None,None,None,No,Table,Yes,Does not play music,No lighting,For sale,FtrOutdoortableM_Remake_2_1,2_1,3946,cwkwC96Roy5h76RZx
CUTE DIY TABLE,Blue,NA,NA,NA,No,No,No,NA,7000,,Blue,Black,2x1,NA,Nook's Cranny,"Available in Nook's Cranny (upgraded only), in the unique furniture slot",1.0.0,fancy,None,cute,None,Yes,Work Bench,No,Does not play music,Spotlight,For sale,FtrCuteWorkbench_Remake_4_0,4_0,3995,WgzffyCcHib4YkRTP
    LOG STOOL    ,Orange wood,Lumber type,NA,NA,Yes,Yes,No,1,,480,Orange,Beige,1x1,NA,Crafting,,1.0.0,garden,None,log,None,Yes,Chair,Yes,Does not play music,No lighting,Not for sale,FtrLogStoolS_Remake_1_0,1_0,4038,wMBLREDHeGaj8rK2A
  TREADMILL  ,Black,NA,NA,NA,No,No,No,NA,,16000,Black,Gray,2x1,NA,Nook's Cranny,"Available in Nook's Cranny (upgraded only), in the third unique furniture slot",1.0.0,fitness,None,None,None,Yes,Sports,No,Does not play music,No lighting,For sale,FtrRunningmachine_Remake_0_0,0_0,290,pRiHLSLwbSHTJE5zd
  PAPA BEAR  ,Cream,NA,Yellow,Ribbon,No,No,Yes,3,8500,,Orange,Yellow,2x2,NA,Nook's Cranny,"Available in Nook's Cranny (upgraded only), in the third unique furniture slot",1.0.0,fancy,child's room,None,bear,No,Animal,No,Does not play music,No lighting,For sale,FtrBearL_Remake_0_3,0_3,1499,iLsZGqDj4K3c5qkPK
ROCK GUITAR,Coral pink,NA,Handwritten logo,Sticker area,No,No,Yes,2,,,Pink,Light blue,1x1,NA,Nook's Cranny,Available in Nook's Cranny (either upgrade tier) in the unique furniture slot,1.0.0,concert,None,None,None,Yes,Musical Instrument,No,Does not play music,No lighting,For sale,FtrElectricguitar1_Remake_1_5,1_5,1644,safh9vG3CzqnZznib
  portable toilet  ,Red,NA,NA,NA,No,No,No,NA,NFS,5000,Red,White,1x1,1000,Nook Miles Shop,,1.0.0,bathroom,facility,None,None,No,Toilet,Yes,Does not play music,No lighting,Not for sale,FtrWCPortable_Remake_1_0,1_0,1234,CvSB6K2EET89uMQaY
oil-barrel bathtub,Red,Barrel color,NA,NA,Yes,Yes,No,1,NFS,655,Red,Red,1x1,NA,Crafting,,1.0.0,bathroom,None,None,None,Yes,Bathtub,Yes,Does not play music,No lighting,Not for sale,FtrDrumcanbath_Remake_3_0,3_0,3819,ifTe8BgBQRHLZFAiQ
electric guitar,Cherry,NA,Handwritten logo,Sticker area,No,No,Yes,7,,,Red,Light blue,1x1,NA,Nook's Cranny,"Available in Nook's Cranny (upgraded only), in the third unique furniture slot",1.0.0,concert,None,None,None,Yes,Musical Instrument,No,Does not play music,No lighting,For sale,FtrElectricguitar2_Remake_2_5,2_5,1645,Gb3Lt9tPsg8dpXjY7
  log decorative shelves  ,Orange wood,Lumber type,Bears,Mat,Yes,Yes,Yes,4,,1560,Orange,Brown,2x1,NA,Crafting,,1.0.0,garden,living room,log,None,No,Shelf,No,Does not play music,No lighting,Not for sale,FtrLogShelf_Remake_1_3,1_3,4036,w4XLoYzr2fQdfXAyo
  DEN CHAIR  ,Green,NA,NA,NA,No,No,No,NA,,,Green,Green,1x1,NA,Nook's Cranny,"Available in Nook's Cranny (upgraded only), in the unique furniture slot",1.0.0,den,None,None,den,Yes,Chair,No,Does not play music,No lighting,For sale,FtrDrawingChair_Remake_4_0,4_0,3784,x5GwXq5LzjiubcqM4
  red corner  ,NA,NA,Black,Ring curtain,No,No,Yes,3,6100,1525,White,Black,2x2,NA,Nook's Cranny,"Available in Nook's Cranny (upgraded only), in the third unique furniture slot",1.0.0,fitness,None,None,sports ring,Yes,Sports,No,Does not play music,No lighting,For sale,FtrRingcornerRed_Remake_0_3,0_3,7151,SnBsrpHyigDnzpwmN
  ANTIQUE VANITY  ,Brown,NA,NA,NA,No,No,No,NA,31000,7750,Brown,Light blue,2x1,NA,Nook's Cranny,"Available in Nook's Cranny (upgraded only), in the third unique furniture slot",1.0.0,living room,expensive,antique,None,Yes,Dresser,No,Does not play music,No lighting,For sale,FtrAntiqueDresser_Remake_0_0,0_0,3955,qLtWDehmX53gwgha7
    electric guitar    ,Cherry,NA,Cute logo,Sticker area,No,No,Yes,7,,17750,Red,Pink,1x1,NA,Nook's Cranny,"Available in Nook's Cranny (upgraded only), in the third unique furniture slot",1.0.0,concert,None,None,None,Yes,Musical Instrument,No,Does not play music,No lighting,For sale,FtrElectricguitar2_Remake_2_7,2_7,1645,L6csvQxNJc623sW6y
frozen chair,Ice blue,Illumination,NA,NA,Yes,Yes,No,7,,,Blue,Blue,1x1,NA,Crafting,,1.0.0,freezing cold,None,frozen,None,Yes,Chair,Yes,Does not play music,No lighting,Not for sale,FtrIceChairS_Remake_1_0,1_0,3503,E4ZvjHYQh8ntbbq6K
    drinking fountain    ,Gray,Color,NA,NA,Yes,Yes,No,4,NFS,,Gray,Gray,1x1,NA,Crafting,,1.0.0,garden,None,None,None,Yes,Playground,Yes,Does not play music,No lighting,Not for sale,FtrDrinkingfountain_Remake_1_0,1_0,2319,WPBvK3psRSd7LnPHA
  KITCHEN ISLAND  ,Dark brown,NA,NA,NA,No,No,No,NA,170000,42500,Brown,White,2x2,NA,Nook's Cranny,"Available in Nook's Cranny (upgraded only), in the third unique furniture slot",1.0.0,kitchen,expensive,None,None,No,Kitchen,No,Does not play music,No lighting,For sale,FtrKitchenIsland_Remake_4_0,4_0,998,rGNcarQcwAMmXGpAc
    log bench    ,Dark wood,Lumber type,NA,NA,Yes,Yes,No,1,NFS,600,Brown,Beige,2x1,NA,Crafting,,1.0.0,garden,None,log,None,Yes,Sofa,Yes,Does not play music,No lighting,Not for sale,FtrLogStoolL_Remake_0_0,0_0,4042,KpHAa8CESiKWtadT7
  silo  ,Aqua roof,Roof color,NA,NA,Yes,Yes,No,7,NFS,13920,Light blue,Beige,2x2,NA,Crafting,,1.0.0,garden,None,None,None,No,Ranch,Yes,Does not play music,No lighting,Not for sale,FtrSilo_Remake_4_0,4_0,7247,zRfSGAmwwFeE9GMar
  mossy garden rock  ,NA,NA,NA,NA,Yes,No,No,NA,NFS,2550,Gray,Green,1x1,NA,Crafting,,1.0.0,zen-style,garden,None,None,No,Japanese Style,Yes,Does not play music,No lighting,Not for sale,FtrGardenrockMoss,NA,12208,Mib5YvhMCH9yJKgie
  MODERN OFFICE CHAIR  ,Red,NA,NA,NA,No,No,No,NA,2200,550,Red,Black,1x1,NA,Nook's Cranny,"Available in Nook's Cranny (upgraded only), in the unique furniture slot",1.0.0,office,None,None,office,Yes,Chair,No,Does not play music,No lighting,For sale,FtrOfficeChair_Remake_3_0,3_0,832,FqPRhLddrYrW6zbHX
  WEDDING BENCH  ,Chic,Design,NA,NA,No,Yes,No,2,3500,875,Brown,Brown,2x1,NA,Wedding Season,,1.2.0,party,expensive,wedding,None,Yes,Sofa,No,Does not play music,No lighting,Not for sale,FtrWeddingChairL_Remake_1_0,1_0,12401,caQtgWN978SbmbwwE
  LOG CHAIR  ,Orange wood,Lumber type,None,Cushion,Yes,Yes,Yes,3,NFS,960,Orange,Orange,1x1,NA,Crafting,,1.0.0,garden,living room,log,None,Yes,Sofa,No,Does not play music,No lighting,Not for sale,FtrLogSofaS_Remake_1_0,1_0,4039,xDuAdsB7LEf4jBBrh
  shell table  ,Yellow,Shell color,NA,NA,Yes,Yes,No,4,NFS,2280,Yellow,Yellow,2x2,NA,Crafting,,1.0.0,ocean,None,shell,None,No,Table,Yes,Does not play music,No lighting,Not for sale,FtrShellTableL_Remake_3_0,3_0,3980,vSyz5vxGYFam6MBHS
  LOG CHAIR  ,Dark wood,Lumber type,Geometric print,Cushion,Yes,Yes,Yes,3,NFS,960,Brown,Colorful,1x1,NA,Crafting,,1.0.0,garden,living room,log,None,Yes,Sofa,No,Does not play music,No lighting,Not for sale,FtrLogSofaS_Remake_0_2,0_2,4039,tQfDkxG7Jdxj7pN7c
    WOODEN-BLOCK BED    ,Pastel,Block color,NA,NA,Yes,Yes,No,4,NFS,2400,Pink,Colorful,2x1,NA,Crafting,,1.0.0,child's room,None,wooden block,None,Yes,Bed,No,Does not play music,No lighting,Not for sale,FtrBlockBedS_Remake_3_0,3_0,1557,RZHjEax22zyRLiNA2
    wooden mini table    ,Green,Paint color,Blue,Tablecloth,Yes,Yes,Yes,2,NFS,,Green,Blue,1x1,NA,Crafting,,1.0.0,child's room,living room,wooden,None,No,Table,No,Does not play music,No lighting,Not for sale,FtrWoodenTableMini_Remake_5_3,5_3,7133,6ZDc5t9mufnZ3S3aL
simple panel,Black,NA,Plain panel,Panel design,No,No,Yes,1,810,,Black,Gray,1x0.5,NA,Nook's Cranny,Available in Nook's Cranny (either upgrade tier) in the unique furniture slot,1.0.0,facility,None,None,None,No,Screen,No,Does not play music,No lighting,For sale,FtrScreenSimple_Remake_1_0,1_0,5338,8KvKH9YNK8KoBLaGX
  SYSTEM KITCHEN  ,Yellow,NA,NA,NA,No,No,No,NA,130000,,Yellow,Black,2x1,NA,Nook's Cranny,"Available in Nook's Cranny (upgraded only), in the third unique furniture slot",1.0.0,kitchen,expensive,None,None,No,Kitchen,No,Does not play music,No lighting,For sale,FtrKitchenSystem_Remake_3_0,3_0,3616,Cs8G82yJScLedwdQv
  ROCKING CHAIR  ,Light wood,Lumber type,NA,NA,Yes,Yes,No,2,NFS,960,Beige,Beige,1x1,NA,Crafting,,1.0.0,living room,None,None,None,Yes,Chair,No,Does not play music,No lighting,Not for sale,FtrRockingchair_Remake_0_0,0_0,1103,WZoiuhf5z3YxrSsrH
IRONWOOD CUPBOARD,Oak,Lumber type,NA,NA,Yes,Yes,No,7,NFS,,Orange,White,2x1,NA,Crafting,,1.0.0,kitchen,None,ironwood,None,No,Shelf,No,Does not play music,No lighting,Not for sale,FtrIronwoodCupboard_Remake_4_0,4_0,3271,pXMERdtLKTF6P87ja
    WIND TURBINE    ,Red,NA,NA,NA,No,No,No,NA,NFS,20000,White,Red,2x1,4000,Nook Miles Shop,,1.0.0,garden,None,None,None,No,Ranch,Yes,Does not play music,No lighting,Not for sale,FtrWindturbine_Remake_1_0,1_0,7379,6EcE8xCL9fpLuq3Tc
MOUNTAIN BIKE,Blue,NA,NA,NA,No,No,No,NA,5100,,Purple,Black,2x1,NA,Nook's Cranny,Available in Nook's Cranny (either upgrade tier) in the unique furniture slot,1.0.0,fitness,garden,None,None,No,Sports,Yes,Does not play music,No lighting,For sale,FtrMountainbike_Remake_3_0,3_0,2614,smiuovJsk4NsJiwZd
    camping cot    ,Pop pattern,NA,NA,NA,No,No,No,NA,,450,Light blue,Yellow,2x1,NA,Starting items,,1.0.0,outdoors,None,None,None,Yes,Bed,Yes,Does not play music,No lighting,For sale,FtrCampbed_Remake_7_0,7_0,4081,narbLwb9zabr92qD3
  LAWN CHAIR  ,Yellow,NA,NA,NA,No,No,No,NA,760,,Colorful,White,1x1,NA,Nook's Cranny,"Available in all tiers of shops, including Timmy & Tommy before the shop is opened",1.0.0,ocean,None,None,None,Yes,Chair,Yes,Does not play music,No lighting,For sale,FtrVinylchair_Remake_3_0,3_0,1621,Fi2tKRJm2KW2w47XG
WOODEN DOUBLE BED,Black,Paint color,Orange,Bedding,Yes,Yes,Yes,6,NFS,3600,Black,Orange,2x2,NA,Crafting,,1.0.0,child's room,living room,wooden,None,Yes,Bed,No,Does not play music,No lighting,Not for sale,FtrWoodenBedW_Remake_4_0,4_0,7132,xcLBG9dkBoHNqCrW4
  floor lamp  ,Brown,NA,Green design,Lampshade,No,No,Yes,1,1400,350,Brown,Green,1x1,NA,Nook's Cranny,"Available in Nook's Cranny (upgraded only), in the unique furniture slot",1.0.0,living room,None,None,None,Yes,Lamp,No,Does not play music,Fluorescent,For sale,FtrLamp_Remake_1_5,1_5,2561,QfrSHayK8hrApaNWx
  kotatsu  ,NA,NA,Flowers,Blanket,No,No,Yes,2,,925,Brown,Pink,2x2,NA,Nook's Cranny,"Available in Nook's Cranny (upgraded only), in the third unique furniture slot",1.0.0,zen-style,None,None,None,No,Table,No,Does not play music,No lighting,For sale,FtrKotatsu_Remake_0_1,0_1,1849,goThJb5CZjarmAs36
  LIFEGUARD CHAIR  ,Green,NA,NA,NA,No,No,No,NA,,5000,Green,Gray,1x1,1000,Nook Miles Shop,,1.0.0,ocean,None,None,None,No,Seaside,Yes,Does not play music,No lighting,Not for sale,FtrMonitoringchair_Remake_3_0,3_0,3345,bRhFpyBTHPWqY9r8d
screen,Bamboo,NA,NA,NA,No,No,No,NA,,35000,Yellow,Green,2x1,NA,Nook's Cranny,"Available in Nook's Cranny (upgraded only), in the third unique furniture slot",1.0.0,zen-style,expensive,None,None,No,Japanese Style,No,Does not play music,No lighting,For sale,FtrScreenByoubu_Remake_0_0,0_0,716,BAwK7aGJs85NoNhus
    ROCK GUITAR    ,Orange-yellow,NA,Cute logo,Sticker area,No,No,Yes,2,3100,775,Yellow,Pink,1x1,NA,Nook's Cranny,Available in Nook's Cranny (either upgrade tier) in the unique furniture slot,1.0.0,concert,None,None,None,Yes,Musical Instrument,No,Does not play music,No lighting,For sale,FtrElectricguitar1_Remake_4_7,4_7,1644,5yFhS4oEHHFa9GaCN
  changing room  ,Brown,NA,White,Curtain,No,No,Yes,2,3700,925,Orange,White,1x1,NA,Nook's Cranny,"Available in Nook's Cranny (upgraded only), in the unique furniture slot",1.0.0,shop,facility,None,None,Wardrobe,Shop,No,Does not play music,No lighting,For sale,FtrFittingroom_Remake_2_0,2_0,1816,s3rtd7w4a4ky6JkAe
  outdoor table  ,Red,NA,Black,Table,No,No,Yes,1,,,Red,Black,2x1,NA,Nook's Cranny,Available in Nook's Cranny (either upgrade tier) in the unique furniture slot,1.0.0,outdoors,None,None,None,No,Table,Yes,Does not play music,No lighting,For sale,FtrOutdoortableM_Remake_4_1,4_1,3946,3DAy5HwCpzvMGsjsS
  diy workbench  ,Yellow,Paint color,NA,NA,Yes,Yes,No,7,,6630,Yellow,Colorful,2x1,NA,Crafting,,1.0.0,garage,None,None,None,Workbench,Work Bench,No,Does not play music,No lighting,Not for sale,FtrWorkbench_Remake_6_0,6_0,1241,pdCa4xsX39Kn4wkuz
    WOODEN MINI TABLE    ,Blue,Paint color,Blue,Tablecloth,Yes,Yes,Yes,2,NFS,720,Blue,Blue,1x1,NA,Crafting,,1.0.0,child's room,living room,wooden,None,No,Table,No,Does not play music,No lighting,Not for sale,FtrWoodenTableMini_Remake_6_3,6_3,7133,LrtuahZmKYuemsM8n
    STANDARD UMBRELLA STAND    ,Green,NA,Red & white & blue,Favorite umbrella,Yes,No,Yes,4,NFS,2250,Green,Colorful,1x1,NA,Crafting,,1.0.0,school,office,None,None,No,Supplies,No,Does not play music,No lighting,Not for sale,FtrUmbrellastand_Remake_3_3,3_3,3445,bPc2wKoyfWf5RAuKT
  dj's turntable  ,Pink,NA,None,Flag,No,No,Yes,4,9300,2325,Pink,Gray,2x1,NA,Nook's Cranny,"Available in Nook's Cranny (upgraded only), in the unique furniture slot",1.0.0,party,concert,None,None,Yes,Musical Instrument,No,Hi-fi,No lighting,For sale,FtrDJbooth_Remake_3_0,3_0,941,oZnezDJoMgZsmtYAE
  wooden chair  ,Light wood,Paint color,NA,NA,Yes,Yes,No,1,NFS,,Yellow,Yellow,1x1,NA,Crafting,,1.0.0,child's room,living room,wooden,None,Yes,Chair,No,Does not play music,No lighting,Not for sale,FtrWoodenChairS_Remake_0_0,0_0,1913,rNPL7HcEzzH8i5eXp
  table with cloth  ,NA,NA,White,Tablecloth,No,No,Yes,2,,1275,White,White,2x2,NA,Nook's Cranny,"Available in Nook's Cranny (upgraded only), in the third unique furniture slot",1.0.0,shop,party,None,None,No,Table,No,Does not play music,No lighting,For sale,FtrTableCloth_Remake_0_0,0_0,1779,rTjh3r5abiPtkWt6W
    HANDCART    ,Blue,NA,NA,NA,No,No,No,NA,,475,Blue,White,1x1,NA,Nook's Cranny,Available in Nook's Cranny (either upgrade tier) in the unique furniture slot,1.0.0,garden,None,None,None,No,Ranch,Yes,Does not play music,No lighting,For sale,FtrHandcart_Remake_1_0,1_0,7229,THhaio62Y6oHfWcvn
  GIANT TEDDY BEAR  ,Tweed,NA,White,Ribbon,Yes,No,Yes,8,NFS,6300,Purple,White,3x3,NA,Crafting,,1.0.0,fancy,child's room,None,bear,No,Animal,No,Does not play music,No lighting,Not for sale,FtrBearXL_Remake_5_1,5_1,1504,sMQJyZ8gyP3naSbJR
  ROCKET LAMP  ,Pink,NA,NA,NA,No,No,No,NA,1500,375,Pink,Pink,1x1,NA,Nook's Cranny,Available in Nook's Cranny (either upgrade tier) in the unique furniture slot,1.0.0,facility,None,None,None,Yes,Lamp,No,Does not play music,Fluorescent,For sale,FtrLavalamp_Remake_6_0,6_0,1851,5vLFXPiq4goDBwqxx
    studio spotlight    ,Red,NA,NA,NA,No,No,No,NA,2100,525,Black,Red,1x1,NA,Nook's Cranny,Available in Nook's Cranny (either upgrade tier) in the unique furniture slot,1.0.0,facility,concert,None,None,Yes,Lamp,No,Does not play music,Spotlight,For sale,FtrLampSpot_Remake_3_0,3_0,7189,u9HXy5jJAnwsFzC9B
stall,Green,Variation,Red stripes,Curtain,Yes,Yes,Yes,3,NFS,1440,Green,Red,2x1,NA,Crafting,,1.0.0,shop,party,None,None,No,Shop,Yes,Does not play music,No lighting,Not for sale,FtrFloat_Remake_3_2,3_2,3617,AFkBG4Dd2iwE9pbPS
  PAPA BEAR  ,Choco,NA,Blue,Ribbon,No,No,Yes,3,8500,,Brown,Blue,2x2,NA,Nook's Cranny,"Available in Nook's Cranny (upgraded only), in the third unique furniture slot",1.0.0,fancy,child's room,None,bear,No,Animal,No,Does not play music,No lighting,For sale,FtrBearL_Remake_2_2,2_2,1499,ZWbimLsd6nRoDfhPM
  refrigerator  ,Yellow,NA,Fruits,Sticker area,No,No,Yes,2,5100,1275,Yellow,Green,1x1,NA,Nook's Cranny,"Available in Nook's Cranny (upgraded only), in the unique furniture slot",1.0.0,kitchen,shop,None,None,Wardrobe,Home Appliances,No,Does not play music,No lighting,For sale,FtrRefrigerator_Remake_3_3,3_3,2713,bFQb4Sgpn3u88DmZo
  EFFECTS RACK  ,White,NA,Emblem logo,Sticker area,No,No,Yes,3,,1700,White,Green,1x1,NA,Nook's Cranny,"Available in Nook's Cranny (upgraded only), in the unique furniture slot",1.0.0,concert,facility,None,None,No,Musical Instrument,No,Does not play music,No lighting,For sale,FtrEffectorrack_Remake_1_4,1_4,950,oGeqpX5bBoRx8sHxT
  wheelchair  ,NA,NA,Blue,Seat,No,No,Yes,1,2700,675,Black,Blue,1x1,NA,Nook's Cranny,Available in Nook's Cranny (either upgrade tier) in the unique furniture slot,1.0.0,facility,None,None,None,Yes,Chair,No,Does not play music,No lighting,For sale,FtrWheelchair_Remake_0_0,0_0,3444,cvfxt5EFidrZWLkMc
barbell,Black,Plate color,NA,NA,Yes,Yes,No,7,NFS,7500,Black,Gray,2x1,NA,Crafting,,1.0.0,fitness,None,None,None,No,Sports,No,Does not play music,No lighting,Not for sale,FtrBarbell_Remake_0_0,0_0,4078,LWrHznT5ZyCtF2vjQ
    EFFECTS RACK    ,White,NA,Pop logo,Sticker area,No,No,Yes,3,6800,1700,White,Red,1x1,NA,Nook's Cranny,"Available in Nook's Cranny (upgraded only), in the unique furniture slot",1.0.0,concert,facility,None,None,No,Musical Instrument,No,Does not play music,No lighting,For sale,FtrEffectorrack_Remake_1_6,1_6,950,SbMSjd49hgRZuYrPQ
  THREE-TIERED SNOWPERSON  ,Yellow,Knit-cap color,NA,NA,Yes,Yes,No,7,NFS,7420,Yellow,White,1x1,NA,Snowman,Reward for making a perfect snow-person,1.0.0,freezing cold,garden,frozen,None,No,Seasonal Decor,Yes,Does not play music,No lighting,Not for sale,FtrSnowman_Remake_3_0,3_0,5337,thtb8Hw5ndroYNozb
  refrigerator  ,Blue,NA,Notices,Sticker area,No,No,Yes,2,5100,1275,Blue,Colorful,1x1,NA,Nook's Cranny,"Available in Nook's Cranny (upgraded only), in the unique furniture slot",1.0.0,kitchen,shop,None,None,Wardrobe,Home Appliances,No,Does not play music,No lighting,For sale,FtrRefrigerator_Remake_4_4,4_4,2713,PFhYH672E8uNTXFHB
DRINK MACHINE,Pink,NA,Orange juice,Advertisement panel,No,No,Yes,7,,10000,Pink,Orange,1x1,2000,Nook Miles Shop,,1.0.0,shop,facility,None,None,Yes,Facility Decor,Yes,Does not play music,Monitor,Not for sale,FtrDrinkmachine_Remake_5_0,5_0,1802,BvaZkCoaQaetN8Ne7
    LOG DECORATIVE SHELVES    ,White birch,Lumber type,None,Mat,Yes,Yes,Yes,4,NFS,1560,White,White,2x1,NA,Crafting,,1.0.0,garden,living room,log,None,No,Shelf,No,Does not play music,No lighting,Not for sale,FtrLogShelf_Remake_3_0,3_0,4036,8FapKZva2Rm4H2gya
    retro gas pump    ,Retro,NA,Green with animal,Lamp,No,No,Yes,1,2700,675,Brown,Green,1x1,NA,Nook's Cranny,Available in Nook's Cranny (either upgrade tier) in the unique furniture slot,1.0.0,garden,shop,diner,None,Yes,Vehicle,Yes,Does not play music,No lighting,For sale,FtrAmeretroGasstand_Remake_5_1,5_1,4140,qagTFskbGjBHLTRhg
  modern office chair  ,Yellow,NA,NA,NA,No,No,No,NA,2200,550,Yellow,Black,1x1,NA,Nook's Cranny,"Available in Nook's Cranny (upgraded only), in the unique furniture slot",1.0.0,office,None,None,office,Yes,Chair,No,Does not play music,No lighting,For sale,FtrOfficeChair_Remake_2_0,2_0,832,weufqeuGfXyock3sT
  POOLSIDE BED  ,Dark brown,NA,Red,Bed mat,No,No,Yes,2,3400,850,Brown,Red,2x1,NA,Nook's Cranny,"Available in Nook's Cranny (upgraded only), in the unique furniture slot",1.0.0,ocean,expensive,None,None,Yes,Bed,Yes,Does not play music,No lighting,For sale,FtrPoolsidebed_Remake_2_3,2_3,4102,8HAaXW4PoMeFKproX
    manhole cover    ,Mountain,Cover design,NA,NA,Yes,Yes,No,3,,2250,Green,Orange,1x1,NA,Crafting,,1.0.0,garden,None,None,None,Yes,Vehicle,Yes,Does not play music,No lighting,Not for sale,FtrManhole_Remake_2_0,2_0,144,7G4hdunLfhGYT3yZK
  mountain bike  ,Black,NA,NA,NA,No,No,No,NA,,1275,Black,Black,2x1,NA,Nook's Cranny,Available in Nook's Cranny (either upgrade tier) in the unique furniture slot,1.0.0,fitness,garden,None,None,No,Sports,Yes,Does not play music,No lighting,For sale,FtrMountainbike_Remake_5_0,5_0,2614,cGKAZ6SBsPtmdeZoQ
diner sofa,Red,NA,NA,NA,No,No,No,NA,3500,875,Red,White,2x1,NA,Nook's Cranny,"Available in Nook's Cranny (upgraded only), in the unique furniture slot",1.0.0,shop,None,diner,None,Yes,Sofa,No,Does not play music,No lighting,For sale,FtrAmeretroChairL_Remake_0_0,0_0,4141,yM9vAb8ETiHRsfdiB
claw-foot tub,White,NA,NA,NA,No,No,No,NA,63000,15750,White,White,2x1,NA,Nook's Cranny,"Available in Nook's Cranny (upgraded only), in the third unique furniture slot",1.0.0,bathroom,expensive,None,None,No,Bathtub,No,Does not play music,No lighting,For sale,FtrBathtubCabriole_Remake_0_0,0_0,1757,w7j9E86xNNQ5kSnrM
  ironwood table  ,Teak,Lumber type,NA,NA,Yes,Yes,No,7,NFS,5940,Orange,Black,2x2,NA,Crafting,,1.0.0,living room,None,ironwood,None,No,Table,No,Does not play music,No lighting,Not for sale,FtrIronwoodTableL_Remake_1_0,1_0,3191,f8FAwnfbepoKcZswB
  mountain standee  ,Cherry blossoms,Season,NA,NA,Yes,Yes,No,2,NFS,,Pink,Pink,2x1,NA,Crafting,,1.0.0,school,None,None,standee,No,School,No,Does not play music,No lighting,Not for sale,FtrHariboteMountain_Remake_1_0,1_0,532,dv3ZuzJYHRyJquk42
  LOW SCREEN  ,Dark brown,NA,Winter,Screen,No,No,Yes,1,,217,Brown,Gray,1x0.5,NA,Nook's Cranny,Available in Nook's Cranny (either upgrade tier) in the unique furniture slot,1.0.0,zen-style,None,None,None,No,Japanese Style,No,Does not play music,No lighting,For sale,FtrScreenJapanLow_Remake_1_4,1_4,1029,f92P5xqCxtqLGPFec
tulip surprise box,Red,Flower color,NA,NA,Yes,Yes,No,2,NFS,760,Red,Green,1x1,NA,Crafting,,1.0.0,child's room,fancy,flowers,None,Yes,Toy,No,Does not play music,No lighting,Not for sale,FtrFlowerSurprisedbox_Remake_0_0,0_0,7231,WyNAXPnDxQYBexRkX
  wooden stool  ,Light wood,Paint color,Blue,Seat,Yes,Yes,Yes,2,,480,Beige,Light blue,1x1,NA,Crafting,,1.0.0,child's room,living room,wooden,None,Yes,Chair,No,Does not play music,No lighting,Not for sale,FtrWoodenStoolS_Remake_0_3,0_3,3449,fdFGhx9StHizpm5jK
    CUTE TEA TABLE    ,Blue,NA,NA,NA,No,No,No,NA,3000,750,Blue,Purple,1x1,NA,Nook's Cranny,"Available in Nook's Cranny (upgraded only), in the unique furniture slot",1.0.0,fancy,None,cute,None,No,Table,No,Does not play music,No lighting,For sale,FtrCuteTableS_Remake_4_0,4_0,4000,vDBt83QLRMk4AdkPT
changing room,Beige,NA,Purple,Curtain,No,No,Yes,2,3700,925,Yellow,Purple,1x1,NA,Nook's Cranny,"Available in Nook's Cranny (upgraded only), in the unique furniture slot",1.0.0,shop,facility,None,None,Wardrobe,Shop,No,Does not play music,No lighting,For sale,FtrFittingroom_Remake_1_1,1_1,1816,9TyMiWTo8XgkRbipQ
public bench,Red,NA,NA,NA,No,No,No,NA,NFS,10000,Orange,Orange,2x1,2000,Nook Miles Shop,,1.0.0,facility,None,None,None,Yes,Sofa,Yes,Does not play music,No lighting,Not for sale,FtrPublicbench_Remake_2_0,2_0,3346,ZE2zfb6Tw4SwTHHJa
  tool cart  ,Black,NA,NA,NA,No,No,No,NA,2400,600,Black,Black,1x1,NA,Nook's Cranny,Available in Nook's Cranny (either upgrade tier) in the unique furniture slot,1.0.0,garage,None,None,None,No,Table,No,Does not play music,No lighting,For sale,FtrToolcart_Remake_6_0,6_0,7528,CpWGf9zwePP6cRTJM
    effects rack    ,White,NA,None,Sticker area,No,No,Yes,3,6800,,White,Black,1x1,NA,Nook's Cranny,"Available in Nook's Cranny (upgraded only), in the unique furniture slot",1.0.0,concert,facility,None,None,No,Musical Instrument,No,Does not play music,No lighting,For sale,FtrEffectorrack_Remake_1_0,1_0,950,GabiAaN63GHgkyLAG
MODERN OFFICE CHAIR,Green,NA,NA,NA,No,No,No,NA,,,Green,Black,1x1,NA,Nook's Cranny,"Available in Nook's Cranny (upgraded only), in the unique furniture slot",1.0.0,office,None,None,office,Yes,Chair,No,Does not play music,No lighting,For sale,FtrOfficeChair_Remake_1_0,1_0,832,P4dwjbRarcEpAqwC3
    candy machine    ,Pink,NA,NA,NA,No,No,No,NA,2800,,Pink,Colorful,1x1,NA,Nook's Cranny,Available in Nook's Cranny (either upgrade tier) in the unique furniture slot,1.0.0,shop,facility,None,None,Yes,Shop,No,Does not play music,No lighting,For sale,FtrCandymachine_Remake_3_0,3_0,7392,MqMKRFefjKay7ggQt
    wooden simple bed    ,Light wood,Paint color,Green,Bedding,Yes,Yes,Yes,4,NFS,2160,Beige,Green,2x1,NA,Crafting,,1.0.0,child's room,living room,wooden,None,Yes,Bed,No,Does not play music,No lighting,Not for sale,FtrWoodenBedS_Remake_0_3,0_3,2605,nav6Cip6v5Ek6SSv7
wooden stool,Light wood,Paint color,None,Seat,Yes,Yes,Yes,2,NFS,480,Beige,Beige,1x1,NA,Crafting,,1.0.0,child's room,living room,wooden,None,Yes,Chair,No,Does not play music,No lighting,Not for sale,FtrWoodenStoolS_Remake_0_0,0_0,3449,i8NyG9EWfGFx46EuA
  dj's turntable  ,Brown,NA,Rock logo,Flag,No,No,Yes,4,9300,2325,Orange,Purple,2x1,NA,Nook's Cranny,"Available in Nook's Cranny (upgraded only), in the unique furniture slot",1.0.0,party,concert,None,None,Yes,Musical Instrument,No,Hi-fi,No lighting,For sale,FtrDJbooth_Remake_2_3,2_3,941,uLRRxQ9bd9KmP9gXG
GIANT TEDDY BEAR,Checkered,Fabric,Giant stripes,Ribbon,Yes,Yes,Yes,8,NFS,6300,Purple,Yellow,3x3,NA,Crafting,,1.0.0,fancy,child's room,None,bear,No,Animal,No,Does not play music,No lighting,Not for sale,FtrBearXL_Remake_4_3,4_3,1504,WAuMWYMB6dHqWGGG9
  wooden-block stool  ,Colorful,Block color,NA,NA,Yes,Yes,No,1,NFS,600,Red,Red,1x1,NA,Crafting,,1.0.0,child's room,None,wooden block,None,Yes,Chair,No,Does not play music,No lighting,Not for sale,FtrBlockStoolS_Remake_2_0,2_0,5543,qjp48A6gcqhksiEKM
  MINI FRIDGE  ,Yellow,NA,NA,NA,No,No,No,NA,1300,325,Yellow,Yellow,1x1,NA,Nook's Cranny,"Available in Nook's Cranny (upgraded only), in the unique furniture slot",1.0.0,facility,None,None,None,Wardrobe,Home Appliances,No,Does not play music,No lighting,For sale,FtrRefrigeratorMini_Remake_3_0,3_0,9766,FR7reZdhtjJhCuzjD
  mama bear  ,Tweed,NA,Red stripes,Shirt,No,No,Yes,1,2300,,Gray,Red,1x1,NA,Nook's Cranny,Available in Nook's Cranny (either upgrade tier) in the unique furniture slot,1.0.0,fancy,child's room,None,bear,No,Animal,No,Does not play music,No lighting,For sale,FtrBearM_Remake_5_1,5_1,1500,3XQYi2MrZcapT9XMe
  studio spotlight  ,Green,NA,NA,NA,No,No,No,NA,2100,525,Black,Green,1x1,NA,Nook's Cranny,Available in Nook's Cranny (either upgrade tier) in the unique furniture slot,1.0.0,facility,concert,None,None,Yes,Lamp,No,Does not play music,Spotlight,For sale,FtrLampSpot_Remake_7_0,7_0,7189,a6F7aawDPGykTt4iy
  baby chair  ,Yellow,NA,Bear,Cushion,No,No,Yes,1,1200,300,Yellow,Colorful,1x1,NA,Nook's Cranny,Available in Nook's Cranny (either upgrade tier) in the unique furniture slot,1.0.0,child's room,None,None,None,Yes,Chair,No,Does not play music,No lighting,For sale,FtrBabychair_Remake_2_0,2_0,3305,SrYrGG6KFSsL2t44t
    shell fountain    ,Brown,Shell color,NA,NA,Yes,Yes,No,7,NFS,9450,Brown,Brown,1.5x1.5,NA,Crafting,,1.0.0,ocean,expensive,shell,None,Yes,Playground,Yes,Does not play music,No lighting,Not for sale,FtrShellFountain_Remake_1_0,1_0,3982,roZwMxoBbx7ijmvhn
flashy-flower sign,Pop,NA,NA,NA,No,No,No,NA,1800,450,Red,Colorful,1x1,NA,Nook's Cranny,"Available in Nook's Cranny (upgraded only), in the unique furniture slot",1.0.0,party,None,None,None,No,Shop,Yes,Does not play music,No lighting,For sale,FtrWreath_Remake_0_0,0_0,1243,DYY8kcxGMJsDCtxHx
  floor lamp  ,White,NA,White,Lampshade,No,No,Yes,1,1400,350,White,White,1x1,NA,Nook's Cranny,"Available in Nook's Cranny (upgraded only), in the unique furniture slot",1.0.0,living room,None,None,None,Yes,Lamp,No,Does not play music,Fluorescent,For sale,FtrLamp_Remake_2_0,2_0,2561,Cwjhn45cgsWdw7E44
  electric guitar  ,Dark red,NA,Pop logo,Sticker area,No,No,Yes,7,,17750,Red,Colorful,1x1,NA,Nook's Cranny,"Available in Nook's Cranny (upgraded only), in the third unique furniture slot",1.0.0,concert,None,None,None,Yes,Musical Instrument,No,Does not play music,No lighting,For sale,FtrElectricguitar2_Remake_0_6,0_6,1645,wKpaWQiD6t2m6bbvj
  log dining table  ,White birch,Lumber type,Quilted,Placemats,Yes,No,Yes,4,NFS,1800,White,Light blue,2x2,NA,Crafting,,1.0.0,garden,living room,log,None,No,Table,No,Does not play music,No lighting,Not for sale,FtrLogTableL_Remake_3_4,3_4,4040,29qrKahcSX9ixqX5d
  stall  ,Pink,Variation,None,Curtain,Yes,Yes,Yes,3,NFS,1440,Pink,Pink,2x1,NA,Crafting,,1.0.0,shop,party,None,None,No,Shop,Yes,Does not play music,No lighting,Not for sale,FtrFloat_Remake_4_0,4_0,3617,TFpNBupSfhK5BXuzx
  loft bed with desk  ,White,NA,Light blue,Bedding,No,No,Yes,3,7700,1925,White,Light blue,2x1,NA,Nook's Cranny,"Available in Nook's Cranny (upgraded only), in the unique furniture slot",1.0.0,child's room,None,None,None,Yes,Desk,No,Does not play music,No lighting,For sale,FtrBeddesk_Remake_2_2,2_2,3621,DTMpxHX9e7WxEdhsb
utility sink,NA,NA,NA,NA,No,No,No,NA,3500,875,Gray,Gray,1x1,NA,Nook's Cranny,Available in Nook's Cranny (either upgrade tier) in the unique furniture slot,1.0.0,school,shop,None,None,Yes,Bathroom Things,Yes,Does not play music,No lighting,For sale,FtrSlopsink,NA,4026,N6LFBnnHtwdbutzEB
camping cot,Green,NA,NA,NA,No,No,No,NA,,450,Green,Green,2x1,NA,Starting items,,1.0.0,outdoors,None,None,None,Yes,Bed,Yes,Does not play music,No lighting,For sale,FtrCampbed_Remake_0_0,0_0,4081,sfsBgF9jsrzPj8hg4
pond stone,Mossy,Stone,NA,NA,Yes,Yes,No,2,NFS,1500,Green,Black,2x1,NA,Crafting,,1.0.0,zen-style,garden,None,None,No,Japanese Style,Yes,Does not play music,No lighting,Not for sale,FtrStonewaterbowl_Remake_1_0,1_0,7393,ZxLfYtwoxJD6T2GGw
  IRON WORKTABLE  ,White,Body color,NA,NA,Yes,Yes,No,7,NFS,7500,White,White,2x1,NA,Crafting,,1.0.0,garage,None,iron,None,No,Table,No,Does not play music,No lighting,Not for sale,FtrIronTableM_Remake_1_0,1_0,3560,a8HjB3fcbQrqnNHTf
  diner dining table  ,Cream,NA,NA,NA,No,No,No,NA,6400,1600,Gray,White,2x2,NA,Nook's Cranny,"Available in Nook's Cranny (upgraded only), in the third unique furniture slot",1.0.0,shop,None,diner,None,No,Table,No,Does not play music,No lighting,For sale,FtrAmeretroTableM_Remake_5_0,5_0,4142,8yhT2tAkGzZSGB6ht
  refrigerator  ,Black,NA,Rock,Sticker area,No,No,Yes,2,5100,,Black,Colorful,1x1,NA,Nook's Cranny,"Available in Nook's Cranny (upgraded only), in the unique furniture slot",1.0.0,kitchen,shop,None,None,Wardrobe,Home Appliances,No,Does not play music,No lighting,For sale,FtrRefrigerator_Remake_6_2,6_2,2713,moNLtSERfZ7sgjhuX
  fan  ,Light blue,NA,NA,NA,No,No,No,NA,1700,425,Light blue,Light blue,1x1,NA,Nook's Cranny,Available in Nook's Cranny (either upgrade tier) in the unique furniture slot,1.0.0,living room,child's room,None,None,Yes,Fan,No,Does not play music,No lighting,For sale,FtrFan_Remake_2_0,2_0,3820,4MyPEGAZ74Cp5TmtH
    loft bed with desk    ,Blue,NA,Black,Bedding,No,No,Yes,3,7700,1925,Blue,Black,2x1,NA,Nook's Cranny,"Available in Nook's Cranny (upgraded only), in the unique furniture slot",1.0.0,child's room,None,None,None,Yes,Desk,No,Does not play music,No lighting,For sale,FtrBeddesk_Remake_4_1,4_1,3621,qXXLSxzMN8ry2HubW
ROCK GUITAR,Natural wood,NA,Familiar logo,Sticker area,No,No,Yes,2,3100,775,Beige,Black,1x1,NA,Nook's Cranny,Available in Nook's Cranny (either upgrade tier) in the unique furniture slot,1.0.0,concert,None,None,None,Yes,Musical Instrument,No,Does not play music,No lighting,For sale,FtrElectricguitar1_Remake_5_1,5_1,1644,Ec3mAeZre73JHkmra
  FROZEN SCULPTURE  ,Ice,Illumination,NA,NA,Yes,Yes,No,7,NFS,,Light blue,Light blue,1.5x1.5,NA,Crafting,,1.0.0,freezing cold,None,frozen,None,No,Seasonal Decor,Yes,Does not play music,No lighting,Not for sale,FtrIceArt_Remake_0_0,0_0,3501,4C6gez6R7kMG8T758
  FROZEN PARTITION  ,Ice yellow,Illumination,NA,NA,Yes,Yes,No,7,,7400,Yellow,Yellow,2x0.5,NA,Crafting,,1.0.0,freezing cold,None,frozen,None,No,Seasonal Decor,Yes,Does not play music,No lighting,Not for sale,FtrIceScreen_Remake_3_0,3_0,3498,MyD6TcXbn8w9HpsJa
    rock guitar    ,Fire red,NA,Emblem logo,Sticker area,No,No,Yes,2,,,Red,Green,1x1,NA,Nook's Cranny,Available in Nook's Cranny (either upgrade tier) in the unique furniture slot,1.0.0,concert,None,None,None,Yes,Musical Instrument,No,Does not play music,No lighting,For sale,FtrElectricguitar1_Remake_3_4,3_4,1644,gaQjct3qrLTXAswQq
  log chair  ,Orange wood,Lumber type,Bears,Cushion,Yes,Yes,Yes,3,NFS,960,Orange,Brown,1x1,NA,Crafting,,1.0.0,garden,living room,log,None,Yes,Sofa,No,Does not play music,No lighting,Not for sale,FtrLogSofaS_Remake_1_3,1_3,4039,P56uXpAQg5Mc9Jt3R
  effects rack  ,Pink,NA,Cute logo,Sticker area,No,No,Yes,3,,1700,Pink,Pink,1x1,NA,Nook's Cranny,"Available in Nook's Cranny (upgraded only), in the unique furniture slot",1.0.0,concert,facility,None,None,No,Musical Instrument,No,Does not play music,No lighting,For sale,FtrEffectorrack_Remake_5_7,5_7,950,4oihyYu8CAN5piuQf
  TABLE WITH CLOTH  ,NA,NA,Light green,Tablecloth,No,No,Yes,2,5100,1275,Green,Green,2x2,NA,Nook's Cranny,"Available in Nook's Cranny (upgraded only), in the third unique furniture slot",1.0.0,shop,party,None,None,No,Table,No,Does not play music,No lighting,For sale,FtrTableCloth_Remake_0_6,0_6,1779,4iaiPzAGYW8x9kP9N
  floor seat  ,Black,NA,Deep blue,Cushion,No,No,Yes,1,,,Black,Blue,1x1,NA,Nook's Cranny,Available in Nook's Cranny (either upgrade tier) in the unique furniture slot,1.0.0,zen-style,child's room,None,None,Yes,Chair,No,Does not play music,No lighting,For sale,FtrFloorchair_Remake_3_3,3_3,3622,cwJyrho47yLvta8vc
  log extra-long sofa  ,Orange wood,Lumber type,Quilted,Cushions,Yes,Yes,Yes,4,NFS,,Orange,Light blue,2x1,NA,Crafting,,1.0.0,garden,living room,log,None,Yes,Sofa,No,Does not play music,No lighting,Not for sale,FtrLogSofaL_Remake_1_4,1_4,4044,JDyKgchRrPCqv8rEC
anchor statue,Blue,Color,NA,NA,No,Yes,No,2,NFS,1400,Blue,White,1x1,NA,Fishing Tourney,,1.0.0,ocean,None,None,None,No,Seaside,Yes,Does not play music,No lighting,Not for sale,FtrShipanchor_Remake_4_0,4_0,7238,vRhn2x3vj2mii4AKH
    CUTE TEA TABLE    ,White,NA,NA,NA,No,No,No,NA,3000,,White,Pink,1x1,NA,Nook's Cranny,"Available in Nook's Cranny (upgraded only), in the unique furniture slot",1.0.0,fancy,None,cute,None,No,Table,No,Does not play music,No lighting,For sale,FtrCuteTableS_Remake_0_0,0_0,4000,FuzPgbonXH2BjR6dk
    GARBAGE BIN    ,Yellow,NA,NA,NA,No,No,No,NA,1000,250,Yellow,Yellow,1x1,NA,Nook's Cranny,Available in Nook's Cranny (either upgrade tier) in the unique furniture slot,1.0.0,garage,facility,None,None,Trash,Supplies,Yes,Does not play music,No lighting,For sale,FtrPaleCaster_Remake_1_0,1_0,9767,wHriWqPSv5xoPuyuq
  LIGHTHOUSE  ,White,NA,NA,NA,No,No,No,NA,,,White,White,2x2,5000,Nook Miles Shop,,1.0.0,ocean,garden,None,None,Yes,Seaside,Yes,Does not play music,No lighting,Not for sale,FtrLighthouse_Remake_3_0,3_0,2335,TmgsFnKy67xy2NKdk
    SHELL ARCH    ,White,Shell color,NA,NA,Yes,Yes,No,7,NFS,12360,White,Colorful,3x1,NA,Crafting,,1.0.0,ocean,expensive,shell,None,No,Arch,Yes,Does not play music,No lighting,Not for sale,FtrShellArch_Remake_0_0,0_0,3977,hijSDaBKCs7eiu8Xv
  outdoor table  ,Green,NA,Green,Table,No,No,Yes,1,2200,550,Green,Green,2x1,NA,Nook's Cranny,Available in Nook's Cranny (either upgrade tier) in the unique furniture slot,1.0.0,outdoors,None,None,None,No,Table,Yes,Does not play music,No lighting,For sale,FtrOutdoortableM_Remake_2_2,2_2,3946,LeFhXpAtGJfzGkBSo
LOFT BED WITH DESK,Orange,NA,Light blue,Bedding,No,No,Yes,3,7700,,Orange,Light blue,2x1,NA,Nook's Cranny,"Available in Nook's Cranny (upgraded only), in the unique furniture slot",1.0.0,child's room,None,None,None,Yes,Desk,No,Does not play music,No lighting,For sale,FtrBeddesk_Remake_5_2,5_2,3621,jAnx35xw25yvvnRs6
  tennis table  ,NA,NA,NA,NA,No,No,No,NA,,,Green,Red,2x1,NA,Nook's Cranny,"Available in Nook's Cranny (upgraded only), in the third unique furniture slot",1.0.0,shop,school,None,None,No,Sports,No,Does not play music,No lighting,For sale,FtrTakkyu,NA,1181,QE6Z4bMvkPEyYFzpd
rattan vanity,Light brown,NA,NA,NA,No,No,No,NA,5900,1475,Yellow,Yellow,1x1,NA,Nook's Cranny,"Available in Nook's Cranny (upgraded only), in the unique furniture slot",1.0.0,living room,None,rattan,None,Yes,Dresser,No,Does not play music,No lighting,For sale,FtrRattanDresser_Remake_2_0,2_0,4051,5q5eyYKysYESMBdrL
RETRO GAS PUMP,Green,NA,Green with animal,Lamp,No,No,Yes,1,,675,Green,Green,1x1,NA,Nook's Cranny,Available in Nook's Cranny (either upgrade tier) in the unique furniture slot,1.0.0,garden,shop,diner,None,Yes,Vehicle,Yes,Does not play music,No lighting,For sale,FtrAmeretroGasstand_Remake_1_1,1_1,4140,SdgwnoxzWRuejsP5M
  mountain standee  ,Fall,Season,NA,NA,Yes,Yes,No,2,NFS,,Orange,Brown,2x1,NA,Crafting,,1.0.0,school,None,None,standee,No,School,No,Does not play music,No lighting,Not for sale,FtrHariboteMountain_Remake_4_0,4_0,532,CAuRbPEw2oWtBqfrY
rock guitar,Chic white,NA,Handwritten logo,Sticker area,No,No,Yes,2,3100,775,White,Light blue,1x1,NA,Nook's Cranny,Available in Nook's Cranny (either upgrade tier) in the unique furniture slot,1.0.0,concert,None,None,None,Yes,Musical Instrument,No,Does not play music,No lighting,For sale,FtrElectricguitar1_Remake_6_5,6_5,1644,FHsfWrGHanE39532b
REFRIGERATOR,Pink,NA,None,Sticker area,No,No,Yes,2,,1275,Pink,Pink,1x1,NA,Nook's Cranny,"Available in Nook's Cranny (upgraded only), in the unique furniture slot",1.0.0,kitchen,shop,None,None,Wardrobe,Home Appliances,No,Does not play music,No lighting,For sale,FtrRefrigerator_Remake_2_0,2_0,2713,q9Aju8Y95pfRiTPsi
  WOODEN SIMPLE BED  ,Dark wood,Paint color,Green,Bedding,Yes,Yes,Yes,4,NFS,2160,Brown,Green,2x1,NA,Crafting,,1.0.0,child's room,living room,wooden,None,Yes,Bed,No,Does not play music,No lighting,Not for sale,FtrWoodenBedS_Remake_3_3,3_3,2605,riExfbzSMxPgSL6fz
  FOLDING CHAIR  ,Blue,NA,NA,NA,No,No,No,NA,920,,Blue,Gray,1x1,NA,Nook's Cranny,Available in Nook's Cranny (either upgrade tier) in the unique furniture slot,1.0.0,facility,None,None,None,Yes,Chair,No,Does not play music,No lighting,For sale,FtrPipechair_Remake_0_0,0_0,7529,SWcvBARb258vbt6yL
  STONE LION-DOG  ,Mossy,Color,NA,NA,Yes,Yes,No,3,NFS,,Green,Gray,1x1,NA,Crafting,,1.0.0,folk art,garden,None,None,No,Folk Craft Decor,Yes,Does not play music,No lighting,Not for sale,FtrSekishishi_Remake_2_0,2_0,7795,9GSvFSgPYcyfEsbF5
  changing room  ,Dark brown,NA,Yellow,Curtain,No,No,Yes,2,,925,Brown,Yellow,1x1,NA,Nook's Cranny,"Available in Nook's Cranny (upgraded only), in the unique furniture slot",1.0.0,shop,facility,None,None,Wardrobe,Shop,No,Does not play music,No lighting,For sale,FtrFittingroom_Remake_3_3,3_3,1816,JPviijww3dMcTiSqv
  tourist telescope  ,Gray,NA,NA,NA,No,No,No,NA,NFS,10000,Gray,Gray,1x1,2000,Nook Miles Shop,,1.0.0,space,facility,None,None,No,Space,Yes,Does not play music,No lighting,Not for sale,FtrTelescopeSightseeing_Remake_3_0,3_0,3078,qmYhD3vBLTepEBLn9
  STANDARD UMBRELLA STAND  ,Black,Body color,Dots,Favorite umbrella,Yes,Yes,Yes,4,,,Black,Green,1x1,NA,Crafting,,1.0.0,school,office,None,None,No,Supplies,No,Does not play music,No lighting,Not for sale,FtrUmbrellastand_Remake_0_1,0_1,3445,Pr4PyJek4kLytuzjg
lecture-hall desk,White,NA,NA,NA,No,No,No,NA,,625,White,Black,2x1,NA,Nook's Cranny,"Available in Nook's Cranny (upgraded only), in the unique furniture slot",1.0.0,school,None,None,lecture hall,No,Desk,No,Does not play music,No lighting,For sale,FtrTableCollage_Remake_2_0,2_0,2014,B2T89AGjxASHfT6fk
    ironwood cart    ,Teak,Lumber type,NA,NA,Yes,Yes,No,5,,,Orange,Black,1x1,NA,Crafting,,1.0.0,living room,None,ironwood,None,No,Desk,No,Does not play music,No lighting,Not for sale,FtrIronwoodServingcart_Remake_1_0,1_0,3195,ca8ZEmr9HCDu4b3vi
PAPA BEAR,Checkered,NA,Yellow,Ribbon,No,No,Yes,3,8500,2125,Red,Yellow,2x2,NA,Nook's Cranny,"Available in Nook's Cranny (upgraded only), in the third unique furniture slot",1.0.0,fancy,child's room,None,bear,No,Animal,No,Does not play music,No lighting,For sale,FtrBearL_Remake_4_3,4_3,1499,eucCLnyikRcrBzxeC
outdoor bench,Black,NA,Light wood,Seat,No,No,Yes,1,1300,325,Black,Beige,2x1,NA,Nook's Cranny,Available in Nook's Cranny (either upgrade tier) in the unique furniture slot,1.0.0,outdoors,None,None,None,Yes,Sofa,Yes,Does not play music,No lighting,For sale,FtrOutdoorchairM_Remake_1_5,1_5,3947,j8miaCXwvuH3kuvfD
    changing room    ,Beige,NA,Yellow,Curtain,No,No,Yes,2,,925,Yellow,Yellow,1x1,NA,Nook's Cranny,"Available in Nook's Cranny (upgraded only), in the unique furniture slot",1.0.0,shop,facility,None,None,Wardrobe,Shop,No,Does not play music,No lighting,For sale,FtrFittingroom_Remake_1_3,1_3,1816,HHFZSHj9TKwgbyxSZ
    floor seat    ,Natural,NA,Mustard yellow,Cushion,No,No,Yes,1,730,182,Brown,Yellow,1x1,NA,Nook's Cranny,Available in Nook's Cranny (either upgrade tier) in the unique furniture slot,1.0.0,zen-style,child's room,None,None,Yes,Chair,No,Does not play music,No lighting,For sale,FtrFloorchair_Remake_0_1,0_1,3622,yDyjiXQdBs3X3uKrq
    wooden table    ,Cherry wood,Paint color,Pink,Tablecloth,Yes,Yes,Yes,4,NFS,1800,Orange,Pink,2x2,NA,Crafting,,1.0.0,child's room,living room,wooden,None,No,Table,No,Does not play music,No lighting,Not for sale,FtrWoodenTableL_Remake_2_2,2_2,3439,LtcFjBKi8rHJLoRnv
  DRUM SET  ,Natural wood,NA,White with logo,Bass drum head,No,No,Yes,2,5600,1400,Brown,White,2x1,NA,Nook's Cranny,"Available in Nook's Cranny (upgraded only), in the unique furniture slot",1.0.0,concert,None,None,None,Yes,Musical Instrument,No,Does not play music,No lighting,For sale,FtrDrumSet_Remake_3_3,3_3,1803,ztDHbywWyAMugQw9a
    WOODEN SIMPLE BED    ,Green,Paint color,Orange,Bedding,Yes,Yes,Yes,4,NFS,2160,Green,Orange,2x1,NA,Crafting,,1.0.0,child's room,living room,wooden,None,Yes,Bed,No,Does not play music,No lighting,Not for sale,FtrWoodenBedS_Remake_5_0,5_0,2605,MuHQo9n2meTp9H7kE
  ironwood cupboard  ,Teak,Lumber type,NA,NA,Yes,Yes,No,7,NFS,9780,Orange,Black,2x1,NA,Crafting,,1.0.0,kitchen,None,ironwood,None,No,Shelf,No,Does not play music,No lighting,Not for sale,FtrIronwoodCupboard_Remake_1_0,1_0,3271,QicyaqvM22Huy5SuC
  BAMBOO BENCH  ,Dried bamboo,Bamboo,NA,NA,Yes,Yes,No,2,NFS,1280,Yellow,Yellow,2x1,NA,Crafting,,1.0.0,zen-style,None,bamboo,None,Yes,Sofa,Yes,Does not play music,No lighting,Not for sale,FtrBambooChairL_Remake_1_0,1_0,710,zZwxBNb8kENP7Bbun
  playground gym  ,Red,NA,NA,NA,No,No,No,NA,,15000,Red,Yellow,2x2,3000,Nook Miles Shop,,1.0.0,garden,child's room,None,None,Yes,Playground,Yes,Does not play music,No lighting,Not for sale,FtrJunglegym_Remake_2_0,2_0,3430,S8JMKB7zQvsuuvaHW
  harp  ,Light brown,NA,NA,NA,No,No,No,NA,,,Beige,Beige,1x1,NA,Nook's Cranny,"Available in Nook's Cranny (upgraded only), in the third unique furniture slot",1.0.0,music,None,None,None,Yes,Musical Instrument,No,Does not play music,No lighting,For sale,FtrHarp_Remake_1_0,1_0,987,qY3ZYbY5te3xysrHm
garden faucet,Concrete,NA,NA,NA,No,No,No,NA,1900,475,Beige,Beige,1x1,NA,Nook's Cranny,Available in Nook's Cranny (either upgrade tier) in the unique furniture slot,1.0.0,garden,None,None,None,Yes,Garden,Yes,Does not play music,No lighting,For sale,FtrWaterview_Remake_3_0,3_0,1631,ofWhffL2iRmqNkZhb
    outdoor bench    ,Blue,NA,Light wood,Seat,No,No,Yes,1,1300,325,Blue,Beige,2x1,NA,Nook's Cranny,Available in Nook's Cranny (either upgrade tier) in the unique furniture slot,1.0.0,outdoors,None,None,None,Yes,Sofa,Yes,Does not play music,No lighting,For sale,FtrOutdoorchairM_Remake_3_5,3_5,3947,Xk8FE3H8HjQNibRJg
hammock,Yellow,NA,Hibiscus flowers,Cloth,No,No,Yes,1,,,Yellow,Light blue,2x1,NA,Nook's Cranny,"Available in all tiers of shops, including Timmy & Tommy before the shop is opened",1.0.0,outdoors,None,None,None,Yes,Bed,Yes,Does not play music,No lighting,For sale,FtrHammock_Remake_2_2,2_2,1620,4KQLvEGsK2KHQnq6k
    GRAND PIANO    ,Walnut,NA,NA,NA,No,No,No,NA,260000,65000,Brown,White,2x2,NA,Nook's Cranny,"Available in Nook's Cranny (upgraded only), in the third unique furniture slot",1.0.0,music,expensive,None,None,Yes,Musical Instrument,No,Does not play music,No lighting,For sale,FtrPianoGrand_Remake_2_0,2_0,1875,JgydzQT2vBcZtuisM
baby chair,Yellow,NA,Strawberry,Cushion,No,No,Yes,1,,300,Yellow,Colorful,1x1,NA,Nook's Cranny,Available in Nook's Cranny (either upgrade tier) in the unique furniture slot,1.0.0,child's room,None,None,None,Yes,Chair,No,Does not play music,No lighting,For sale,FtrBabychair_Remake_2_1,2_1,3305,BpCJtM8aCQG4npCgi
    RETRO GAS PUMP    ,Retro,NA,Yellow oil,Lamp,No,No,Yes,1,2700,,Brown,Red,1x1,NA,Nook's Cranny,Available in Nook's Cranny (either upgrade tier) in the unique furniture slot,1.0.0,garden,shop,diner,None,Yes,Vehicle,Yes,Does not play music,No lighting,For sale,FtrAmeretroGasstand_Remake_5_0,5_0,4140,u3r2EvyDfxRQcmLg6
    DJ'S TURNTABLE    ,Brown,NA,Cute logo,Flag,No,No,Yes,4,9300,,Orange,Pink,2x1,NA,Nook's Cranny,"Available in Nook's Cranny (upgraded only), in the unique furniture slot",1.0.0,party,concert,None,None,Yes,Musical Instrument,No,Hi-fi,No lighting,For sale,FtrDJbooth_Remake_2_7,2_7,941,3u6rWaG4i8SHTGLC7
  folding chair  ,White,NA,NA,NA,No,No,No,NA,920,,White,Gray,1x1,NA,Nook's Cranny,Available in Nook's Cranny (either upgrade tier) in the unique furniture slot,1.0.0,facility,None,None,None,Yes,Chair,No,Does not play music,No lighting,For sale,FtrPipechair_Remake_5_0,5_0,7529,LCc3TcnL62PjBdFmY
bamboo speaker,Smoke-cured bamboo,Bamboo,NA,NA,Yes,Yes,No,2,NFS,,Brown,Beige,1x1,NA,Crafting,,1.0.0,zen-style,None,bamboo,None,Yes,Audio,No,Retro,No lighting,Not for sale,FtrBambooMusic_Remake_2_0,2_0,10743,94FEDXAad9ELWiCTL
STALL,Green,Variation,Green stripes,Curtain,Yes,Yes,Yes,3,,1440,Green,Green,2x1,NA,Crafting,,1.0.0,shop,party,None,None,No,Shop,Yes,Does not play music,No lighting,Not for sale,FtrFloat_Remake_3_1,3_1,3617,J2XXr5QhaE4cnfWZ5
    rattan vanity    ,Reddish brown,NA,NA,NA,No,No,No,NA,5900,1475,Orange,Orange,1x1,NA,Nook's Cranny,"Available in Nook's Cranny (upgraded only), in the unique furniture slot",1.0.0,living room,None,rattan,None,Yes,Dresser,No,Does not play music,No lighting,For sale,FtrRattanDresser_Remake_1_0,1_0,4051,zAnkc5iXSPrxPKG5A
  ELECTRIC KICK SCOOTER  ,Red,NA,NA,NA,No,No,No,NA,,1100,Red,Black,1x1,NA,Nook's Cranny,"Available in Nook's Cranny (upgraded only), in the unique furniture slot",1.0.0,child's room,garden,None,None,Yes,Sports,Yes,Does not play music,Spotlight,For sale,FtrKickboardElectric_Remake_0_0,0_0,7654,6tY6iuj88WmP9SY73
retro gas pump,Red,NA,Green with animal,Lamp,No,No,Yes,1,2700,,Red,Green,1x1,NA,Nook's Cranny,Available in Nook's Cranny (either upgrade tier) in the unique furniture slot,1.0.0,garden,shop,diner,None,Yes,Vehicle,Yes,Does not play music,No lighting,For sale,FtrAmeretroGasstand_Remake_0_1,0_1,4140,o7GLApjneHjaweKpL
cardboard chair,Plain,Cardboard,NA,NA,Yes,Yes,No,1,NFS,60,Beige,Beige,1x1,NA,Crafting,,1.0.0,garage,None,cardboard,None,Yes,Chair,No,Does not play music,No lighting,Not for sale,FtrCardboardChairS_Remake_0_0,0_0,7163,mqca3DbkPwWjjamD3
changing room,Pink,NA,Black,Curtain,No,No,Yes,2,3700,925,Pink,Black,1x1,NA,Nook's Cranny,"Available in Nook's Cranny (upgraded only), in the unique furniture slot",1.0.0,shop,facility,None,None,Wardrobe,Shop,No,Does not play music,No lighting,For sale,FtrFittingroom_Remake_6_2,6_2,1816,khYcTbLxFCNyQW6NY
  basketball hoop  ,Black,NA,NA,NA,No,No,No,NA,11000,2750,Black,White,2x2,NA,Nook's Cranny,"Available in Nook's Cranny (upgraded only), in the third unique furniture slot",1.0.0,fitness,school,None,None,No,Sports,Yes,Does not play music,No lighting,For sale,FtrBasketgoal_Remake_2_0,2_0,4226,9KMogwX2SoozrdjAk
    ironwood cart    ,Walnut,Lumber type,NA,NA,Yes,Yes,No,5,NFS,3720,Brown,Black,1x1,NA,Crafting,,1.0.0,living room,None,ironwood,None,No,Desk,No,Does not play music,No lighting,Not for sale,FtrIronwoodServingcart_Remake_2_0,2_0,3195,M3v7PqaPpXpxAfub2
wooden double bed,Pink wood,Paint color,Green,Bedding,Yes,Yes,Yes,6,,3600,Pink,Green,2x2,NA,Crafting,,1.0.0,child's room,living room,wooden,None,Yes,Bed,No,Does not play music,No lighting,Not for sale,FtrWoodenBedW_Remake_7_3,7_3,7132,ZLd4g4wj6vmz4KzBu
  CLOTHESLINE  ,NA,NA,Red plaid,Drying shirt,Yes,No,Yes,2,NFS,,Brown,Red,2x0.5,NA,Crafting,,1.0.0,garden,None,None,None,No,Supplies,Yes,Does not play music,No lighting,Not for sale,FtrClothesline_Remake_0_3,0_3,3229,9uFNQPxDzpG3fSqkK
  CUTE TEA TABLE  ,Sky blue,NA,NA,NA,No,No,No,NA,3000,750,Light blue,White,1x1,NA,Nook's Cranny,"Available in Nook's Cranny (upgraded only), in the unique furniture slot",1.0.0,fancy,None,cute,None,No,Table,No,Does not play music,No lighting,For sale,FtrCuteTableS_Remake_1_0,1_0,4000,kPoFsiCopPMetatPx
  hammock  ,Brown,NA,Camouflage,Cloth,No,No,Yes,1,1300,,Brown,Green,2x1,NA,Nook's Cranny,"Available in all tiers of shops, including Timmy & Tommy before the shop is opened",1.0.0,outdoors,None,None,None,Yes,Bed,Yes,Does not play music,No lighting,For sale,FtrHammock_Remake_0_1,0_1,1620,W9NiSsri6G7a22tyD
yucca,White,NA,NA,NA,No,No,No,NA,2100,,White,Green,1x1,NA,Nook's Cranny,Available in Nook's Cranny (either upgrade tier) in the unique furniture slot,1.0.0,living room,None,None,None,No,Plants,No,Does not play music,No lighting,For sale,FtrPlantYucca_Remake_0_0,0_0,4132,36hpiRHD9piTWAMMK
  THROWBACK HAT TABLE  ,Red,NA,NA,NA,No,No,No,NA,3800,950,Red,Red,2x2,NA,Nook's Cranny,"Available in Nook's Cranny (upgraded only), in the third unique furniture slot",1.0.0,child's room,fitness,throwback,None,No,Table,No,Does not play music,No lighting,For sale,FtrBoyTableL_Remake_0_0,0_0,4760,ykP7Q5ZpyCjEL58Af
  HAMMOCK  ,Brown,NA,Hibiscus flowers,Cloth,No,No,Yes,1,,325,Brown,Light blue,2x1,NA,Nook's Cranny,"Available in all tiers of shops, including Timmy & Tommy before the shop is opened",1.0.0,outdoors,None,None,None,Yes,Bed,Yes,Does not play music,No lighting,For sale,FtrHammock_Remake_0_2,0_2,1620,urN5hSHe3XPCcrnYi
  streetlamp  ,Black,NA,NA,NA,No,No,No,NA,,5000,Black,Black,1x1,1000,Nook Miles Shop,,1.0.0,garden,None,None,None,Yes,Lamp,Yes,Does not play music,Fluorescent,Not for sale,FtrStreetlamp_Remake_3_0,3_0,3816,r3aJGmk7dnCp9SnkN
  SHADED FLOOR LAMP  ,Lime,NA,NA,NA,No,No,No,NA,1700,425,Green,Black,1x1,NA,Nook's Cranny,"Available in Nook's Cranny (upgraded only), in the unique furniture slot",1.0.0,living room,None,None,None,Yes,Lamp,No,Does not play music,Fluorescent,For sale,FtrLampMount_Remake_4_0,4_0,4572,DnNit9WY77gSp2p8h
  shell fountain  ,Purple,Shell color,NA,NA,Yes,Yes,No,7,NFS,9450,Purple,Purple,1.5x1.5,NA,Crafting,,1.0.0,ocean,expensive,shell,None,Yes,Playground,Yes,Does not play music,No lighting,Not for sale,FtrShellFountain_Remake_4_0,4_0,3982,tL4Bkd2LH4u4qX6pY
  HANDCART  ,Black,NA,NA,NA,No,No,No,NA,1900,475,Black,Brown,1x1,NA,Nook's Cranny,Available in Nook's Cranny (either upgrade tier) in the unique furniture slot,1.0.0,garden,None,None,None,No,Ranch,Yes,Does not play music,No lighting,For sale,FtrHandcart_Remake_5_0,5_0,7229,PzsTvXpB2icaq2XaP
    LOFT BED WITH DESK    ,Orange,NA,Green stripes,Bedding,No,No,Yes,3,7700,1925,Orange,Colorful,2x1,NA,Nook's Cranny,"Available in Nook's Cranny (upgraded only), in the unique furniture slot",1.0.0,child's room,None,None,None,Yes,Desk,No,Does not play music,No lighting,For sale,FtrBeddesk_Remake_5_6,5_6,3621,ZnDfSHfpmSAg6oDzW
LOG CHAIR,White birch,Lumber type,Geometric print,Cushion,Yes,No,Yes,3,NFS,,White,Colorful,1x1,NA,Crafting,,1.0.0,garden,living room,log,None,Yes,Sofa,No,Does not play music,No lighting,Not for sale,FtrLogSofaS_Remake_3_2,3_2,4039,SgzfRLCiAKBN2ZFjp
BUNK BED,Pink,NA,Space,Bedding,No,No,Yes,2,5000,1250,Pink,Light blue,2x1,NA,Nook's Cranny,Available in Nook's Cranny (either upgrade tier) in the unique furniture slot,1.0.0,facility,None,None,None,Yes,Bed,No,Does not play music,No lighting,For sale,FtrBunkbed_Remake_6_3,6_3,8298,LsgS3hRmP7Zs25cqq
  CUTE SOFA  ,Sky blue,NA,NA,NA,No,No,No,NA,9600,2400,Light blue,Blue,2x1,NA,Nook's Cranny,"Available in Nook's Cranny (upgraded only), in the unique furniture slot",1.0.0,fancy,None,cute,None,Yes,Sofa,No,Does not play music,No lighting,For sale,FtrCuteChairL_Remake_1_0,1_0,3998,cRNoeh9pN7JAk8wLJ
  LIGHTHOUSE  ,Red,NA,NA,NA,No,No,No,NA,NFS,25000,Red,White,2x2,5000,Nook Miles Shop,,1.0.0,ocean,garden,None,None,Yes,Seaside,Yes,Does not play music,No lighting,Not for sale,FtrLighthouse_Remake_0_0,0_0,2335,cbhaxbJ2B6emG9ESy
  hammock  ,White,NA,White,Cloth,No,No,Yes,1,1300,325,White,White,2x1,NA,Nook's Cranny,"Available in all tiers of shops, including Timmy & Tommy before the shop is opened",1.0.0,outdoors,None,None,None,Yes,Bed,Yes,Does not play music,No lighting,For sale,FtrHammock_Remake_5_3,5_3,1620,Z5yBwbvX2qJBXbuya
double-door refrigerator,Silver,NA,NA,NA,No,No,No,NA,60000,,Gray,Gray,1x1,NA,Nook's Cranny,"Available in Nook's Cranny (upgraded only), in the third unique furniture slot",1.0.0,kitchen,expensive,None,None,Wardrobe,Home Appliances,No,Does not play music,No lighting,For sale,FtrRefrigeratorDoubledoor_Remake_0_0,0_0,4109,KKtvkcrumjDTNKZzB
wooden-block bed,Natural,Block color,NA,NA,Yes,Yes,No,4,NFS,,White,Beige,2x1,NA,Crafting,,1.0.0,child's room,None,wooden block,None,Yes,Bed,No,Does not play music,No lighting,Not for sale,FtrBlockBedS_Remake_0_0,0_0,1557,K4pv4asqzPpjqQkzd
  OUTDOOR BENCH  ,Red,NA,Light wood,Seat,No,No,Yes,1,1300,325,Red,Beige,2x1,NA,Nook's Cranny,Available in Nook's Cranny (either upgrade tier) in the unique furniture slot,1.0.0,outdoors,None,None,None,Yes,Sofa,Yes,Does not play music,No lighting,For sale,FtrOutdoorchairM_Remake_4_5,4_5,3947,uDWWvRqRrPDnW2Rph
  IRONWOOD DRESSER  ,Walnut,Lumber type,NA,NA,Yes,Yes,No,6,NFS,3840,Brown,Black,1x1,NA,Crafting,,1.0.0,living room,None,ironwood,None,Wardrobe,Chest,No,Does not play music,No lighting,Not for sale,FtrIronwoodChest_Remake_2_0,2_0,3196,Ysqa7ASFgy2GrtdhJ
    lawn mower    ,Orange,NA,NA,NA,No,No,No,NA,2900,,Orange,Black,1x1,NA,Nook's Cranny,Available in Nook's Cranny (either upgrade tier) in the unique furniture slot,1.0.0,garden,None,None,None,No,Garden,Yes,Does not play music,No lighting,For sale,FtrLawnmower_Remake_1_0,1_0,338,mhSYZHy389gYdNEhr
    SHELL ARCH    ,Purple,Shell color,NA,NA,Yes,Yes,No,7,NFS,,Purple,Purple,3x1,NA,Crafting,,1.0.0,ocean,expensive,shell,None,No,Arch,Yes,Does not play music,No lighting,Not for sale,FtrShellArch_Remake_4_0,4_0,3977,xazwr82AExanNHxRB
    rock guitar    ,Sunburst,NA,Handwritten logo,Sticker area,No,No,Yes,2,3100,,Orange,Light blue,1x1,NA,Nook's Cranny,Available in Nook's Cranny (either upgrade tier) in the unique furniture slot,1.0.0,concert,None,None,None,Yes,Musical Instrument,No,Does not play music,No lighting,For sale,FtrElectricguitar1_Remake_0_5,0_5,1644,5FYnneKsSa2QnKbGA
    FROZEN BED    ,Ice yellow,Illumination,Dark brown,Bedding,Yes,Yes,Yes,8,NFS,9000,Yellow,Brown,2x2,NA,Crafting,,1.0.0,freezing cold,None,frozen,None,Yes,Bed,Yes,Does not play music,No lighting,Not for sale,FtrIceBedW_Remake_3_3,3_3,3502,nQRRdAhYnjd3nvLwF
  BAMBOO FLOOR LAMP  ,Smoke-cured bamboo,Bamboo,NA,NA,Yes,Yes,No,2,NFS,1280,Brown,Brown,1x1,NA,Crafting,,1.0.0,zen-style,None,bamboo,None,Yes,Lamp,No,Does not play music,Fluorescent,Not for sale,FtrBambooLamp_Remake_2_0,2_0,3557,ydijPPy8uTsqMp5Xr
  FOOSBALL TABLE  ,Dark brown,NA,NA,NA,No,No,No,NA,,,Brown,Green,2x1,NA,Nook's Cranny,"Available in Nook's Cranny (upgraded only), in the unique furniture slot",1.0.0,facility,shop,None,None,Yes,Toy,No,Does not play music,No lighting,For sale,FtrTablesoccer_Remake_1_0,1_0,1177,LoYefEQbabXap6FsP
log extra-long sofa,Dark wood,Lumber type,Quilted,Cushions,Yes,Yes,Yes,4,NFS,1920,Brown,Light blue,2x1,NA,Crafting,,1.0.0,garden,living room,log,None,Yes,Sofa,No,Does not play music,No lighting,Not for sale,FtrLogSofaL_Remake_0_4,0_4,4044,4iF5MDtH7YEEkb5es
bunny day stool,NA,NA,NA,NA,Yes,No,No,NA,NFS,1200,Purple,Colorful,1x1,NA,Crafting,,1.1.0a,fancy,None,Bunny Day,None,Yes,Chair,No,Does not play music,No lighting,Not for sale,FtrEggStool,NA,12415,rXjtgzQMjqeucPQc3
  MUSH LOG  ,Strange mushroom,Mushroom type,NA,NA,Yes,Yes,No,3,NFS,,Brown,Purple,1x1,NA,Crafting,,1.0.0,facility,garden,mush,None,No,Desk,Yes,Does not play music,No lighting,Not for sale,FtrMushroomPulpwood_Remake_2_0,2_0,3808,CLNnMiDbC5azqYFAZ
IRON GARDEN BENCH,Green,Body color,NA,NA,Yes,Yes,No,7,NFS,6000,Green,Green,2x1,NA,Crafting,,1.0.0,garden,None,iron,None,Yes,Sofa,Yes,Does not play music,No lighting,Not for sale,FtrIrongardenBench_Remake_0_0,0_0,1625,oQ8zB3JKwZk4AADy3
    soft-serve lamp    ,Mango,NA,NA,NA,No,No,No,NA,,750,Orange,Beige,1x1,NA,Nook's Cranny,"Available in Nook's Cranny (upgraded only), in the unique furniture slot",1.0.0,shop,fancy,None,None,Yes,Lamp,Yes,Does not play music,Fluorescent,For sale,FtrLampSoftcream_Remake_2_0,2_0,3416,Za47FuhQPhwk4SxGH
  floor lamp  ,White,NA,Navy design,Lampshade,No,No,Yes,1,,350,White,Blue,1x1,NA,Nook's Cranny,"Available in Nook's Cranny (upgraded only), in the unique furniture slot",1.0.0,living room,None,None,None,Yes,Lamp,No,Does not play music,Fluorescent,For sale,FtrLamp_Remake_2_7,2_7,2561,57PCaKv4GzREmotab
ironwood kitchenette,Teak,Lumber type,NA,NA,Yes,Yes,No,7,NFS,7560,Orange,Gray,2x1,NA,Crafting,,1.0.0,kitchen,None,ironwood,None,No,Kitchen,No,Does not play music,No lighting,Not for sale,FtrIronwoodKitchen_Remake_1_0,1_0,3270,59TQ7mB6eW672xAz6
  kotatsu  ,NA,NA,Tic-tac-toe pattern,Blanket,No,No,Yes,2,3700,925,Brown,Blue,2x2,NA,Nook's Cranny,"Available in Nook's Cranny (upgraded only), in the third unique furniture slot",1.0.0,zen-style,None,None,None,No,Table,No,Does not play music,No lighting,For sale,FtrKotatsu_Remake_0_0,0_0,1849,t7j2L56ZZ7XjTbWqJ
mini fridge,Gray,NA,NA,NA,No,No,No,NA,,325,Gray,Gray,1x1,NA,Nook's Cranny,"Available in Nook's Cranny (upgraded only), in the unique furniture slot",1.0.0,facility,None,None,None,Wardrobe,Home Appliances,No,Does not play music,No lighting,For sale,FtrRefrigeratorMini_Remake_7_0,7_0,9766,ATghPJtD8Rdmvn6FH
    refrigerator    ,Yellow,NA,None,Sticker area,No,No,Yes,2,5100,1275,Yellow,Yellow,1x1,NA,Nook's Cranny,"Available in Nook's Cranny (upgraded only), in the unique furniture slot",1.0.0,kitchen,shop,None,None,Wardrobe,Home Appliances,No,Does not play music,No lighting,For sale,FtrRefrigerator_Remake_3_0,3_0,2713,3Na4aML5oFoxrKJjc
beach chair,Black,NA,NA,NA,No,No,No,NA,920,230,Black,Black,2x1,NA,Nook's Cranny,Available in Nook's Cranny (either upgrade tier) in the unique furniture slot,1.0.0,ocean,None,None,None,Yes,Bed,Yes,Does not play music,No lighting,For sale,FtrBeachbed_Remake_1_0,1_0,664,8RBCg487RN7ZshRww
CAPRICORN ORNAMENT,NA,NA,NA,NA,Yes,No,No,NA,,22650,White,Yellow,2x1,NA,Crafting,,1.0.0,expensive,None,stars,None,Wardrobe,Chest,No,Does not play music,No lighting,Not for sale,FtrZodiacCapricornus,NA,5957,FGgfk92foabkrsPhm
    shaded floor lamp    ,Pink,NA,NA,NA,No,No,No,NA,1700,425,Pink,Black,1x1,NA,Nook's Cranny,"Available in Nook's Cranny (upgraded only), in the unique furniture slot",1.0.0,living room,None,None,None,Yes,Lamp,No,Does not play music,Fluorescent,For sale,FtrLampMount_Remake_5_0,5_0,4572,qGdex2CAvzdhQacoX
  tool shelf  ,Green,NA,NA,NA,No,No,No,NA,7300,1825,Green,Colorful,2x1,NA,Nook's Cranny,Available in Nook's Cranny (either upgrade tier) in the unique furniture slot,1.0.0,garage,facility,None,None,No,Table,No,Does not play music,No lighting,For sale,FtrToolshelf_Remake_1_0,1_0,7525,8Jy8Swcw6Wx3kmapF
  log garden lounge  ,White wood,Lumber type,Bears,Pillow,Yes,Yes,Yes,3,NFS,1440,Beige,Brown,2x1,NA,Crafting,,1.0.0,garden,None,log,None,Yes,Bed,Yes,Does not play music,No lighting,Not for sale,FtrLogBedS_Remake_2_3,2_3,4035,6zYZHc9PocC2W5B5Z
    WEDDING CHAIR    ,Garden,Design,NA,NA,No,Yes,No,2,2000,500,Yellow,Green,1x1,NA,Wedding Season,,1.2.0,party,expensive,wedding,None,Yes,Chair,No,Does not play music,No lighting,Not for sale,FtrWeddingChairS_Remake_2_0,2_0,12405,ixvbmXEgiqfWQSQkc
  SIMPLE PANEL  ,Silver,NA,Pegboard,Panel design,No,No,Yes,1,810,202,Gray,Brown,1x0.5,NA,Nook's Cranny,Available in Nook's Cranny (either upgrade tier) in the unique furniture slot,1.0.0,facility,None,None,None,No,Screen,No,Does not play music,No lighting,For sale,FtrScreenSimple_Remake_6_2,6_2,5338,RNA8NXSLparmGSZgA
    INFLATABLE SOFA    ,Lime,NA,NA,NA,No,No,No,NA,,,Yellow,Yellow,2x1,NA,Nook's Cranny,"Available in all tiers of shops, including Timmy & Tommy before the shop is opened",1.0.0,outdoors,None,None,None,Yes,Bed,Yes,Does not play music,No lighting,For sale,FtrAirsofa_Remake_4_0,4_0,3962,gARKoZfArjvjoawZn
  log round table  ,Dark wood,Lumber type,Geometric print,Tablecloth,Yes,Yes,Yes,4,,1800,Brown,Colorful,2x2,NA,Crafting,,1.0.0,garden,living room,log,None,No,Table,Yes,Does not play music,No lighting,Not for sale,FtrLogTableLRound_Remake_0_2,0_2,4043,vaKmbhGZiwxvv92sL
  digital scale  ,Brown,NA,Polka dots,Design,No,No,Yes,1,930,232,Brown,Green,1x1,NA,Nook's Cranny,Available in Nook's Cranny (either upgrade tier) in the unique furniture slot,1.0.0,bathroom,None,None,None,No,Bathroom Things,No,Does not play music,No lighting,For sale,FtrWeightscale_Remake_6_2,6_2,3307,SMHfJheiweAjeNRvy
  RATTAN ARMCHAIR  ,Brown,NA,NA,NA,No,No,No,NA,3200,800,White,Brown,1x1,NA,Nook's Cranny,"Available in Nook's Cranny (upgraded only), in the unique furniture slot",1.0.0,living room,None,rattan,None,Yes,Sofa,No,Does not play music,No lighting,For sale,FtrRattanChairS_Remake_0_0,0_0,4053,rLjWdJa2oJwzkgxFb
  TREE'S BOUNTY ARCH  ,Brown,Nut color,NA,NA,Yes,Yes,No,7,NFS,5750,Brown,Colorful,3x1,NA,Crafting,,1.0.0,fancy,garden,tree's bounty or leaves,None,No,Arch,Yes,Does not play music,No lighting,Not for sale,FtrNutArch_Remake_0_0,0_0,6081,bLcJ2QHreNK3Z9ndc
    UPRIGHT VACUUM    ,White,NA,NA,NA,No,No,No,NA,,,White,Black,1x1,NA,Nook's Cranny,"Available in Nook's Cranny (upgraded only), in the unique furniture slot",1.0.0,living room,None,None,None,Yes,Home Appliances,No,Does not play music,No lighting,For sale,FtrCleanerStick_Remake_1_0,1_0,908,hYT459ggmrPn5z3g3
    IMPERIAL PARTITION    ,Red,NA,NA,NA,No,No,No,NA,5000,1250,Red,Red,2x1,NA,Nook's Cranny,"Available in Nook's Cranny (upgraded only), in the unique furniture slot",1.0.0,zen-style,None,zen,None,No,Screen,No,Does not play music,No lighting,For sale,FtrOrientalScreen_Remake_0_0,0_0,3971,mJDAaQMtCpSZc2dD2
open-frame kitchen,NA,NA,NA,NA,No,No,No,NA,140000,35000,Gray,Gray,2x1,NA,Nook's Cranny,"Available in Nook's Cranny (upgraded only), in the third unique furniture slot",1.0.0,kitchen,shop,None,None,Yes,Kitchen,No,Does not play music,No lighting,For sale,FtrKitchenFlame,NA,3615,NABKM3664RRxZyyu8
  menu chalkboard  ,Natural,NA,NA,NA,No,No,No,NA,1800,450,Orange,Green,1x1,NA,Nook's Cranny,Available in Nook's Cranny (either upgrade tier) in the unique furniture slot,1.0.0,shop,None,None,None,No,Shop,Yes,Does not play music,No lighting,For sale,FtrMenuboard_Remake_0_0,0_0,1866,hZsxBiQ6uaGiL6nDr
  KOTATSU  ,NA,NA,Checkered,Blanket,No,No,Yes,2,3700,925,Brown,Yellow,2x2,NA,Nook's Cranny,"Available in Nook's Cranny (upgraded only), in the third unique furniture slot",1.0.0,zen-style,None,None,None,No,Table,No,Does not play music,No lighting,For sale,FtrKotatsu_Remake_0_2,0_2,1849,tW6fxiBFTMGH4p4CY
  ELECTRIC GUITAR  ,Natural wood,NA,None,Sticker area,No,No,Yes,7,71000,,Beige,Beige,1x1,NA,Nook's Cranny,"Available in Nook's Cranny (upgraded only), in the third unique furniture slot",1.0.0,concert,None,None,None,Yes,Musical Instrument,No,Does not play music,No lighting,For sale,FtrElectricguitar2_Remake_1_0,1_0,1645,5fTXwhFvDydrv8v4u
  log bed  ,Orange wood,Lumber type,Quilted,Bedding,Yes,Yes,Yes,6,NFS,,Orange,Light blue,2x2,NA,Crafting,,1.0.0,garden,living room,log,None,Yes,Bed,No,Does not play music,No lighting,Not for sale,FtrLogBedW_Remake_1_3,1_3,4041,Saxh7Rr79JdBHjpxE
  BUNK BED  ,Yellow,NA,Checkered,Bedding,No,No,Yes,2,5000,,Yellow,Pink,2x1,NA,Nook's Cranny,Available in Nook's Cranny (either upgrade tier) in the unique furniture slot,1.0.0,facility,None,None,None,Yes,Bed,No,Does not play music,No lighting,For sale,FtrBunkbed_Remake_5_2,5_2,8298,kHFSZCts3uja7tbZC
  director's chair  ,Dark brown,NA,Director black,Fabric,No,No,Yes,1,1600,400,Brown,Black,1x1,NA,Nook's Cranny,"Available in all tiers of shops, including Timmy & Tommy before the shop is opened",1.0.0,outdoors,None,None,None,Yes,Chair,Yes,Does not play music,No lighting,For sale,FtrDirectorchair_Remake_1_1,1_1,2020,hk2w8Qs5zg2C2pZKT
    FREEZER    ,Beige,NA,NA,NA,No,No,No,NA,3500,,Beige,Beige,2x1,NA,Nook's Cranny,Available in Nook's Cranny (either upgrade tier) in the unique furniture slot,1.0.0,kitchen,shop,None,None,Wardrobe,Home Appliances,No,Does not play music,No lighting,For sale,FtrFreezer_Remake_2_0,2_0,4135,Y4Yn5HRh7FS3DxHKj
    BUTTER CHURN    ,Natural wood,Lumber type,NA,NA,Yes,Yes,No,3,NFS,1980,Yellow,Black,1x1,NA,Crafting,,1.0.0,facility,garden,None,None,No,Ranch,Yes,Does not play music,No lighting,Not for sale,FtrButtermixer_Remake_1_0,1_0,7805,oyTG42KGJhge3Toc4
  IRON GARDEN TABLE  ,Green,Body color,NA,NA,Yes,Yes,No,5,NFS,3750,Green,Green,1x1,NA,Crafting,,1.0.0,garden,None,iron,None,No,Table,Yes,Does not play music,No lighting,Not for sale,FtrIrongardenTable_Remake_0_0,0_0,1627,4nS5tFWWCNYiZHG93
  shell bed  ,Pearl,Shell color,NA,NA,Yes,Yes,No,7,,10200,White,White,2x2,NA,Crafting,,1.0.0,ocean,expensive,shell,None,Yes,Bed,Yes,Does not play music,No lighting,Not for sale,FtrShellBedW_Remake_5_0,5_0,3983,cJ2KGFGJfXX6sgu6G
candy machine,Red,NA,NA,NA,No,No,No,NA,2800,700,Red,Colorful,1x1,NA,Nook's Cranny,Available in Nook's Cranny (either upgrade tier) in the unique furniture slot,1.0.0,shop,facility,None,None,Yes,Shop,No,Does not play music,No lighting,For sale,FtrCandymachine_Remake_0_0,0_0,7392,osj9ufcCHK5KMtiHM
tankless toilet,Pink,NA,NA,NA,No,No,No,NA,4100,1025,Pink,Pink,1x1,NA,Nook's Cranny,"Available in Nook's Cranny (upgraded only), in the unique furniture slot",1.0.0,bathroom,None,None,None,Yes,Toilet,No,Does not play music,No lighting,For sale,FtrWCTankless_Remake_2_0,2_0,2776,zaABQRMjcmpnuqFug
    teacup ride    ,Colorful,NA,NA,NA,No,No,No,NA,NFS,25000,Colorful,Colorful,3x3,5000,Nook Miles Shop,,1.0.0,facility,fancy,None,None,Yes,Playground,Yes,Does not play music,No lighting,Not for sale,FtrTurncup_Remake_0_0,0_0,1507,KYvNFE6s6D4ygQihu
simple panel,Light brown,NA,Mud wall,Panel design,No,No,Yes,1,,202,Beige,Beige,1x0.5,NA,Nook's Cranny,Available in Nook's Cranny (either upgrade tier) in the unique furniture slot,1.0.0,facility,None,None,None,No,Screen,No,Does not play music,No lighting,For sale,FtrScreenSimple_Remake_4_5,4_5,5338,dP2hs98gaFE8tSjSa
log decorative shelves,White birch,Lumber type,Geometric print,Mat,Yes,No,Yes,4,,1560,White,Colorful,2x1,NA,Crafting,,1.0.0,garden,living room,log,None,No,Shelf,No,Does not play music,No lighting,Not for sale,FtrLogShelf_Remake_3_2,3_2,4036,wSMN6RC9wkbm9wcSu
artisanal bug cage,NA,NA,NA,NA,No,No,No,NA,NFS,450,Brown,Brown,2x1,NA,Bug-Off,,1.0.0,garden,facility,None,None,Wardrobe,Ranch,Yes,Does not play music,No lighting,Not for sale,FtrEventobjInsectBox,NA,7839,GsEBBC4JpEgwjgv6e
  tiny library  ,Red,Paint color,NA,NA,Yes,Yes,No,2,NFS,1035,Red,White,1x1,NA,Crafting,,1.0.0,garden,None,None,None,No,Garden,Yes,Does not play music,No lighting,Not for sale,FtrMicrolibrary_Remake_1_0,1_0,5635,qDsBZNwCTjxarDyHw
  electric guitar  ,Cosmo black,NA,Cute logo,Sticker area,No,No,Yes,7,71000,17750,Black,Pink,1x1,NA,Nook's Cranny,"Available in Nook's Cranny (upgraded only), in the third unique furniture slot",1.0.0,concert,None,None,None,Yes,Musical Instrument,No,Does not play music,No lighting,For sale,FtrElectricguitar2_Remake_6_7,6_7,1645,kCvAv2oPDckwP4LqT
papa bear,Tweed,NA,Yellow,Ribbon,No,No,Yes,3,8500,2125,Brown,Yellow,2x2,NA,Nook's Cranny,"Available in Nook's Cranny (upgraded only), in the third unique furniture slot",1.0.0,fancy,child's room,None,bear,No,Animal,No,Does not play music,No lighting,For sale,FtrBearL_Remake_5_3,5_3,1499,kDzaHhxpsmKoofNcm
  UPRIGHT LOCKER  ,Blue,NA,Cool,Sticker area,No,No,Yes,2,3700,925,Blue,Black,1x1,NA,Nook's Cranny,Available in Nook's Cranny (either upgrade tier) in the unique furniture slot,1.0.0,school,facility,None,None,Wardrobe,Chest,No,Does not play music,No lighting,For sale,FtrLocker_Remake_4_1,4_1,833,deDyRACSmQwNFpqeF
WOODEN-BLOCK CHEST,Vivid,Block color,NA,NA,Yes,Yes,No,3,NFS,1800,Red,Colorful,2x1,NA,Crafting,,1.0.0,child's room,None,wooden block,None,Wardrobe,Chest,No,Does not play music,No lighting,Not for sale,FtrBlockChest_Remake_4_0,4_0,1561,rHKc4uFZFvxx5jcJm
    loft bed with desk    ,Natural,NA,Red stripes,Bedding,No,No,Yes,3,,1925,Beige,Colorful,2x1,NA,Nook's Cranny,"Available in Nook's Cranny (upgraded only), in the unique furniture slot",1.0.0,child's room,None,None,None,Yes,Desk,No,Does not play music,No lighting,For sale,FtrBeddesk_Remake_0_7,0_7,3621,NYMaAikFyeEH7xyZ2
  box sofa  ,Yellow,NA,NA,NA,No,No,No,NA,,675,Yellow,Black,1x1,NA,Nook's Cranny,"Available in Nook's Cranny (upgraded only), in the unique furniture slot",1.0.0,shop,facility,None,None,Yes,Chair,No,Does not play music,No lighting,For sale,FtrBoxsofa_Remake_4_0,4_0,1852,xSotk3RMPHoiLajGu
    CUTE WARDROBE    ,White,NA,NA,NA,No,No,No,NA,,1825,White,Pink,1x1,NA,Nook's Cranny,"Available in Nook's Cranny (upgraded only), in the unique furniture slot",1.0.0,fancy,None,cute,None,Wardrobe,Chest,No,Does not play music,No lighting,For sale,FtrCuteClosetLR_Remake_0_0,0_0,3997,wHaafZ5eGnuiMD3ad
  LOW SCREEN  ,Brown,NA,Winter,Screen,No,No,Yes,1,,,Orange,Gray,1x0.5,NA,Nook's Cranny,Available in Nook's Cranny (either upgrade tier) in the unique furniture slot,1.0.0,zen-style,None,None,None,No,Japanese Style,No,Does not play music,No lighting,For sale,FtrScreenJapanLow_Remake_2_4,2_4,1029,NYQ3u5MCEAXBsqQ8o
  PAPER LANTERN  ,Orange wood,NA,Winter,Paper,No,No,Yes,1,780,,Orange,Gray,1x1,NA,Nook's Cranny,Available in Nook's Cranny (either upgrade tier) in the unique furniture slot,1.0.0,zen-style,None,None,None,Yes,Lamp,No,Does not play music,Candle,For sale,FtrLampJapan_Remake_2_4,2_4,725,KMsbiom6vnWXPNGG6
  mic stand  ,NA,NA,NA,NA,No,No,No,NA,1000,250,Gray,Black,1x1,NA,Nook's Cranny,"Available in Nook's Cranny (upgraded only), in the unique furniture slot",1.0.0,music,party,None,None,No,Musical Instrument,No,Does not play music,No lighting,For sale,FtrMikeStand,NA,9503,7TwBRkuerxTkoHQAf
  soft-serve lamp  ,Chocolate swirl,NA,NA,NA,No,No,No,NA,3000,750,Colorful,Beige,1x1,NA,Nook's Cranny,"Available in Nook's Cranny (upgraded only), in the unique furniture slot",1.0.0,shop,fancy,None,None,Yes,Lamp,Yes,Does not play music,Fluorescent,For sale,FtrLampSoftcream_Remake_5_0,5_0,3416,Mqp9e4F6gCq4WmbKb
flower stand,Yellow,Variation,NA,NA,Yes,Yes,No,4,NFS,,Yellow,Green,1.5x1.5,NA,Crafting,,1.0.0,party,None,None,None,No,Plants,No,Does not play music,No lighting,Not for sale,FtrStandflower_Remake_3_0,3_0,7527,zBGNqqy3fYyGdtwdg
  electric guitar  ,Dark red,NA,Familiar logo,Sticker area,No,No,Yes,7,71000,17750,Red,Black,1x1,NA,Nook's Cranny,"Available in Nook's Cranny (upgraded only), in the third unique furniture slot",1.0.0,concert,None,None,None,Yes,Musical Instrument,No,Does not play music,No lighting,For sale,FtrElectricguitar2_Remake_0_1,0_1,1645,sNa7CwWLoSxMs4PeJ
OUTDOOR TABLE,Red,NA,Light wood,Table,No,No,Yes,1,2200,550,Red,Beige,2x1,NA,Nook's Cranny,Available in Nook's Cranny (either upgrade tier) in the unique furniture slot,1.0.0,outdoors,None,None,None,No,Table,Yes,Does not play music,No lighting,For sale,FtrOutdoortableM_Remake_4_5,4_5,3946,xE4b5prAZNMXZ4bv9
  changing room  ,Blue,NA,Purple,Curtain,No,No,Yes,2,3700,925,Blue,Purple,1x1,NA,Nook's Cranny,"Available in Nook's Cranny (upgraded only), in the unique furniture slot",1.0.0,shop,facility,None,None,Wardrobe,Shop,No,Does not play music,No lighting,For sale,FtrFittingroom_Remake_5_1,5_1,1816,PFDKfsfZvHBWmR4rh
    LOFT BED WITH DESK    ,Orange,NA,Pink,Bedding,No,No,Yes,3,7700,,Orange,Pink,2x1,NA,Nook's Cranny,"Available in Nook's Cranny (upgraded only), in the unique furniture slot",1.0.0,child's room,None,None,None,Yes,Desk,No,Does not play music,No lighting,For sale,FtrBeddesk_Remake_5_5,5_5,3621,cmqDsjmaXgf2xetn7
  rock guitar  ,Natural wood,NA,None,Sticker area,No,No,Yes,2,3100,,Beige,Black,1x1,NA,Nook's Cranny,Available in Nook's Cranny (either upgrade tier) in the unique furniture slot,1.0.0,concert,None,None,None,Yes,Musical Instrument,No,Does not play music,No lighting,For sale,FtrElectricguitar1_Remake_5_0,5_0,1644,pfJsSCdjHxYqTAjnv
    SHELL FOUNTAIN    ,Pearl,Shell color,NA,NA,Yes,Yes,No,7,NFS,,White,White,1.5x1.5,NA,Crafting,,1.0.0,ocean,expensive,shell,None,Yes,Playground,Yes,Does not play music,No lighting,Not for sale,FtrShellFountain_Remake_5_0,5_0,3982,EXSGgdnN9a4E6P878
  fishing-rod stand  ,White,Variation,NA,NA,No,Yes,No,1,NFS,,Yellow,Black,1x1,NA,Fishing Tourney,,1.0.0,ocean,living room,None,None,No,Supplies,No,Does not play music,No lighting,Not for sale,FtrRodstand_Remake_1_0,1_0,3587,QbhL3eAgGGgTSiS6h
  iron garden chair  ,Green,Body color,NA,NA,Yes,Yes,No,3,NFS,,Green,Green,1x1,NA,Crafting,,1.0.0,garden,None,iron,None,Yes,Chair,Yes,Does not play music,No lighting,Not for sale,FtrIrongardenChair_Remake_0_0,0_0,1626,8XSMwbGg2vfFAdXYu
  ROBOT HERO  ,White,Coating,NA,NA,Yes,Yes,No,50,,250000,White,Black,3x3,NA,Crafting,,1.0.0,child's room,facility,None,None,Yes,Toy,Yes,Does not play music,No lighting,Not for sale,FtrHerorobot_Remake_5_0,5_0,1509,6GwjvSBhWyZMoRcef
  DRUM SET  ,Marine blue,NA,Vintage logo,Bass drum head,No,No,Yes,2,5600,1400,Blue,Beige,2x1,NA,Nook's Cranny,"Available in Nook's Cranny (upgraded only), in the unique furniture slot",1.0.0,concert,None,None,None,Yes,Musical Instrument,No,Does not play music,No lighting,For sale,FtrDrumSet_Remake_4_5,4_5,1803,NS7HtPaNX7v7XkKub
  BABY CHAIR  ,White,NA,Bear,Cushion,No,No,Yes,1,1200,300,White,Colorful,1x1,NA,Nook's Cranny,Available in Nook's Cranny (either upgrade tier) in the unique furniture slot,1.0.0,child's room,None,None,None,Yes,Chair,No,Does not play music,No lighting,For sale,FtrBabychair_Remake_5_0,5_0,3305,LyPzknPf7igr4LEEk
    pinball machine    ,Blue,NA,NA,NA,No,No,No,NA,2700,,Purple,Colorful,1x1,NA,Nook's Cranny,"Available in Nook's Cranny (upgraded only), in the unique furniture slot",1.0.0,facility,shop,None,None,Yes,Toy,No,Does not play music,No lighting,For sale,FtrPinball_Remake_2_0,2_0,1087,ivgZaL72gJj2XkMGA
ELECTRIC GUITAR,Sunburst,NA,Cute logo,Sticker area,No,No,Yes,7,,17750,Brown,Pink,1x1,NA,Nook's Cranny,"Available in Nook's Cranny (upgraded only), in the third unique furniture slot",1.0.0,concert,None,None,None,Yes,Musical Instrument,No,Does not play music,No lighting,For sale,FtrElectricguitar2_Remake_3_7,3_7,1645,HeAdaaEWBxzRvYPc2
  EXERCISE BIKE  ,Black,NA,NA,NA,No,No,No,NA,,,Black,Gray,1x1,NA,Nook's Cranny,"Available in Nook's Cranny (upgraded only), in the unique furniture slot",1.0.0,fitness,None,None,None,Yes,Sports,No,Does not play music,No lighting,For sale,FtrExercisebike_Remake_0_0,0_0,287,kjJ4GJHbFhd2nXjiL
MUSIC STAND,Natural,Body,NA,NA,Yes,Yes,No,2,NFS,960,Yellow,White,1x1,NA,Crafting,,1.0.0,music,None,None,None,No,Musical Instrument,No,Does not play music,No lighting,Not for sale,FtrMusicstand_Remake_1_0,1_0,1058,zC3LpGg2p2q9fx68e
  den chair  ,Brown,NA,NA,NA,No,No,No,NA,8700,2175,Brown,Brown,1x1,NA,Nook's Cranny,"Available in Nook's Cranny (upgraded only), in the unique furniture slot",1.0.0,den,None,None,den,Yes,Chair,No,Does not play music,No lighting,For sale,FtrDrawingChair_Remake_3_0,3_0,3784,srRpFxWJFygKXRrdR
  hose reel  ,Red,NA,NA,NA,No,No,No,NA,1400,350,Red,Blue,1x1,NA,Nook's Cranny,Available in Nook's Cranny (either upgrade tier) in the unique furniture slot,1.0.0,garden,None,None,None,No,Garden,Yes,Does not play music,No lighting,For sale,FtrHosereel_Remake_2_0,2_0,4113,RvXk527wFoYioBTNx
papa bear,Choco,NA,Yellow,Ribbon,No,No,Yes,3,,2125,Brown,Yellow,2x2,NA,Nook's Cranny,"Available in Nook's Cranny (upgraded only), in the third unique furniture slot",1.0.0,fancy,child's room,None,bear,No,Animal,No,Does not play music,No lighting,For sale,FtrBearL_Remake_2_3,2_3,1499,wWQS93Sjad36ZmP6z
  director's chair  ,Black,NA,Chic pleather,Fabric,No,No,Yes,1,,400,Black,Brown,1x1,NA,Nook's Cranny,"Available in all tiers of shops, including Timmy & Tommy before the shop is opened",1.0.0,outdoors,None,None,None,Yes,Chair,Yes,Does not play music,No lighting,For sale,FtrDirectorchair_Remake_3_2,3_2,2020,XXGLvLi2qFdXwdims
  ILLUMINATED REINDEER  ,Pink,Light color,NA,NA,Yes,Yes,No,6,NFS,4350,Pink,Pink,2x1,NA,Crafting,,1.0.0,party,fancy,festive,None,Yes,Seasonal Decor,Yes,Does not play music,Fluorescent,Not for sale,FtrIllumiReindeer_Remake_1_0,1_0,4074,6RiM37yoSiesiGqti
  BIRDBATH  ,Black,Body color,NA,NA,Yes,Yes,No,2,NFS,900,Black,Black,1x1,NA,Crafting,,1.0.0,garden,None,None,None,No,Garden,Yes,Does not play music,No lighting,Not for sale,FtrBirdbus_Remake_3_0,3_0,331,4XJn7d83suudw2HGX
    PINBALL MACHINE    ,Black,NA,NA,NA,No,No,No,NA,2700,,Black,Colorful,1x1,NA,Nook's Cranny,"Available in Nook's Cranny (upgraded only), in the unique furniture slot",1.0.0,facility,shop,None,None,Yes,Toy,No,Does not play music,No lighting,For sale,FtrPinball_Remake_3_0,3_0,1087,cjLThB9arkpfcJXWF
  WOODEN MINI TABLE  ,Pink wood,Paint color,Orange,Tablecloth,Yes,Yes,Yes,2,NFS,720,Pink,Orange,1x1,NA,Crafting,,1.0.0,child's room,living room,wooden,None,No,Table,No,Does not play music,No lighting,Not for sale,FtrWoodenTableMini_Remake_7_1,7_1,7133,5WidcG9ta5LKYzc6G
  LOW SCREEN  ,Dark brown,NA,Spring,Screen,No,No,Yes,1,,217,Brown,Red,1x0.5,NA,Nook's Cranny,Available in Nook's Cranny (either upgrade tier) in the unique furniture slot,1.0.0,zen-style,None,None,None,No,Japanese Style,No,Does not play music,No lighting,For sale,FtrScreenJapanLow_Remake_1_1,1_1,1029,fLJYqaAbALE8BqQuP
  FIREPLACE  ,Red,NA,NA,NA,No,No,No,NA,5900,1475,Orange,Brown,2x1,NA,Nook's Cranny,Available in Nook's Cranny (either upgrade tier) in the unique furniture slot,1.0.0,living room,expensive,None,None,Yes,Fireplace,No,Does not play music,No lighting,For sale,FtrFireplace_Remake_0_0,0_0,742,F3ahpcpD4AwZGwkQr
log round table,White birch,Lumber type,Bears,Tablecloth,Yes,No,Yes,4,NFS,1800,White,Brown,2x2,NA,Crafting,,1.0.0,garden,living room,log,None,No,Table,Yes,Does not play music,No lighting,Not for sale,FtrLogTableLRound_Remake_3_3,3_3,4043,TpTrAGz86iusQakyC
  SIMPLE PANEL  ,Copper,NA,Gold,Panel design,No,No,Yes,1,810,202,Brown,Yellow,1x0.5,NA,Nook's Cranny,Available in Nook's Cranny (either upgrade tier) in the unique furniture slot,1.0.0,facility,None,None,None,No,Screen,No,Does not play music,No lighting,For sale,FtrScreenSimple_Remake_5_7,5_7,5338,27QZyS2xvtXAC5xWj
  loom  ,NA,NA,Checkered,Knitting,No,No,Yes,5,13000,3250,Brown,Red,2x2,NA,Nook's Cranny,"Available in Nook's Cranny (upgraded only), in the third unique furniture slot",1.0.0,zen-style,None,None,None,Yes,Japanese Style,No,Does not play music,No lighting,For sale,FtrLoom_Remake_0_0,0_0,7681,y3D4YvZaqKFbmucLS
STANDARD UMBRELLA STAND,Black,Body color,Red & white & blue,Favorite umbrella,Yes,Yes,Yes,4,NFS,,Black,Colorful,1x1,NA,Crafting,,1.0.0,school,office,None,None,No,Supplies,No,Does not play music,No lighting,Not for sale,FtrUmbrellastand_Remake_0_3,0_3,3445,G34abYhfYQLQhY4yC
  ILLUMINATED SNOWFLAKES  ,White,Light color,NA,NA,Yes,Yes,No,5,NFS,,Light blue,Light blue,2x1,NA,Crafting,,1.0.0,freezing cold,fancy,festive,None,Yes,Seasonal Decor,Yes,Does not play music,Fluorescent,Not for sale,FtrIllumiSnow_Remake_0_0,0_0,4131,3QBagNHKo6jgjk97w
  ROBOT HERO  ,Yellow,Coating,NA,NA,Yes,Yes,No,50,,250000,Yellow,Black,3x3,NA,Crafting,,1.0.0,child's room,facility,None,None,Yes,Toy,Yes,Does not play music,No lighting,Not for sale,FtrHerorobot_Remake_2_0,2_0,1509,ek5Pm8kfYWNkMobuS
  DINER MINI TABLE  ,Blue,NA,NA,NA,No,No,No,NA,,,Gray,Blue,1x1,NA,Nook's Cranny,"Available in Nook's Cranny (upgraded only), in the unique furniture slot",1.0.0,shop,None,diner,None,No,Table,No,Does not play music,No lighting,For sale,FtrAmeretroTableS_Remake_1_0,1_0,4441,ZWEKxPnrbWG7vsDky
  log extra-long sofa  ,White birch,Lumber type,Quilted,Cushions,Yes,No,Yes,4,NFS,,White,Light blue,2x1,NA,Crafting,,1.0.0,garden,living room,log,None,Yes,Sofa,No,Does not play music,No lighting,Not for sale,FtrLogSofaL_Remake_3_4,3_4,4044,G4GfK5Gj6gdZqmaRF
  bathroom sink  ,White,NA,NA,NA,No,No,No,NA,3300,825,White,White,1x1,NA,Nook's Cranny,Available in Nook's Cranny (either upgrade tier) in the unique furniture slot,1.0.0,bathroom,None,None,None,Yes,Bathroom Things,No,Does not play music,No lighting,For sale,FtrWashstand_Remake_0_0,0_0,1229,XsomNbeiyXXsDYs9m
log chair,Dark wood,Lumber type,Bears,Cushion,Yes,Yes,Yes,3,NFS,960,Brown,Brown,1x1,NA,Crafting,,1.0.0,garden,living room,log,None,Yes,Sofa,No,Does not play music,No lighting,Not for sale,FtrLogSofaS_Remake_0_3,0_3,4039,PxYggFoTTtkcL326g
    rocking chair    ,White,Lumber type,NA,NA,Yes,Yes,No,2,NFS,960,White,White,1x1,NA,Crafting,,1.0.0,living room,None,None,None,Yes,Chair,No,Does not play music,No lighting,Not for sale,FtrRockingchair_Remake_3_0,3_0,1103,itm2ysqveinM3g6Nb
    log dining table    ,White wood,Lumber type,Bears,Placemats,Yes,Yes,Yes,4,NFS,1800,Beige,Brown,2x2,NA,Crafting,,1.0.0,garden,living room,log,None,No,Table,No,Does not play music,No lighting,Not for sale,FtrLogTableL_Remake_2_3,2_3,4040,hfMfYDgJKWzqHCThz
  poolside bed  ,Light brown,NA,White,Bed mat,No,No,Yes,2,3400,,Beige,White,2x1,NA,Nook's Cranny,"Available in Nook's Cranny (upgraded only), in the unique furniture slot",1.0.0,ocean,expensive,None,None,Yes,Bed,Yes,Does not play music,No lighting,For sale,FtrPoolsidebed_Remake_0_0,0_0,4102,Kr6dRhAqBbPFbD5qf
    drum set    ,Cosmo black,NA,White with logo,Bass drum head,No,No,Yes,2,5600,1400,Black,White,2x1,NA,Nook's Cranny,"Available in Nook's Cranny (upgraded only), in the unique furniture slot",1.0.0,concert,None,None,None,Yes,Musical Instrument,No,Does not play music,No lighting,For sale,FtrDrumSet_Remake_1_3,1_3,1803,EyJABze6ajWPuNnFW
log extra-long sofa,White wood,Lumber type,Southwestern flair,Cushions,Yes,Yes,Yes,4,,1920,Beige,Colorful,2x1,NA,Crafting,,1.0.0,garden,living room,log,None,Yes,Sofa,No,Does not play music,No lighting,Not for sale,FtrLogSofaL_Remake_2_1,2_1,4044,McGWpiAkNdAWotQKX
  OUTDOOR TABLE  ,Black,NA,Black,Table,No,No,Yes,1,,550,Black,Black,2x1,NA,Nook's Cranny,Available in Nook's Cranny (either upgrade tier) in the unique furniture slot,1.0.0,outdoors,None,None,None,No,Table,Yes,Does not play music,No lighting,For sale,FtrOutdoortableM_Remake_1_1,1_1,3946,bMFpm9na53ktxfMJK
WOODEN CHEST,Black,Paint color,NA,NA,Yes,Yes,No,3,NFS,1920,Black,Black,2x1,NA,Crafting,,1.0.0,child's room,living room,wooden,None,Wardrobe,Chest,No,Does not play music,No lighting,Not for sale,FtrWoodenChest_Remake_4_0,4_0,2560,fZ7ha4M3KShWJNzvg
    angled signpost    ,Resident Services,Navigation,NA,NA,Yes,Yes,No,1,NFS,600,Beige,Brown,1x1,NA,Crafting,,1.0.0,garden,None,None,None,No,Vehicle,Yes,Does not play music,No lighting,Not for sale,FtrSignpostTilt_Remake_3_0,3_0,7867,D2bHBoj8ZotiBiahp
    paper lantern    ,Orange wood,NA,Plain,Paper,No,No,Yes,1,,195,Orange,White,1x1,NA,Nook's Cranny,Available in Nook's Cranny (either upgrade tier) in the unique furniture slot,1.0.0,zen-style,None,None,None,Yes,Lamp,No,Does not play music,Candle,For sale,FtrLampJapan_Remake_2_0,2_0,725,88wjSt6CEYKFSJRRy
  beach chair  ,Yellow,NA,NA,NA,No,No,No,NA,920,230,Yellow,Green,2x1,NA,Nook's Cranny,Available in Nook's Cranny (either upgrade tier) in the unique furniture slot,1.0.0,ocean,None,None,None,Yes,Bed,Yes,Does not play music,No lighting,For sale,FtrBeachbed_Remake_4_0,4_0,664,54w6Zog7Jq2mBydMr
  electric guitar  ,Sunburst,NA,Chic logo,Sticker area,No,No,Yes,7,71000,,Brown,White,1x1,NA,Nook's Cranny,"Available in Nook's Cranny (upgraded only), in the third unique furniture slot",1.0.0,concert,None,None,None,Yes,Musical Instrument,No,Does not play music,No lighting,For sale,FtrElectricguitar2_Remake_3_2,3_2,1645,5AQpmXqGKaZCaeEbJ
  monstera  ,Red,NA,NA,NA,No,No,No,NA,1700,425,Red,Green,1x1,NA,Nook's Cranny,Available in Nook's Cranny (either upgrade tier) in the unique furniture slot,1.0.0,living room,None,None,None,No,Plants,No,Does not play music,No lighting,For sale,FtrPlantMonstera_Remake_2_0,2_0,4129,F5Ju8GEjoPDy2vuot
    elephant slide    ,White,NA,NA,NA,No,No,No,NA,,1050,White,Pink,2x1,NA,Nook's Cranny,Available in Nook's Cranny (either upgrade tier) in the unique furniture slot,1.0.0,garden,child's room,None,None,No,Playground,No,Does not play music,No lighting,For sale,FtrSlideelephant_Remake_5_0,5_0,86,QArKWvNfMKAFsTzq4
Mama panda,NA,NA,NA,NA,No,No,No,NA,3500,875,Black,White,1x1,NA,Nook's Cranny,Available in Nook's Cranny (either upgrade tier) in the unique furniture slot,1.0.0,fancy,child's room,None,panda,No,Animal,No,Does not play music,No lighting,For sale,FtrPandaM,NA,9699,YBwCfHZkmrAaMyNBj
hammock,Black,NA,Colorful,Cloth,No,No,Yes,1,1300,325,Black,Colorful,2x1,NA,Nook's Cranny,"Available in all tiers of shops, including Timmy & Tommy before the shop is opened",1.0.0,outdoors,None,None,None,Yes,Bed,Yes,Does not play music,No lighting,For sale,FtrHammock_Remake_6_0,6_0,1620,A8mxFXPpYRQ3nMF62
    SIMPLE PANEL    ,Light gray,NA,Lattice,Panel design,No,No,Yes,1,810,202,Gray,White,1x0.5,NA,Nook's Cranny,Available in Nook's Cranny (either upgrade tier) in the unique furniture slot,1.0.0,facility,None,None,None,No,Screen,No,Does not play music,No lighting,For sale,FtrScreenSimple_Remake_0_4,0_4,5338,WZW2QKM2pTtb7w8jM
  CONE  ,White,NA,NA,NA,No,No,No,NA,630,157,White,White,1x1,NA,Nook's Cranny,Available in Nook's Cranny (either upgrade tier) in the unique furniture slot,1.0.0,facility,garage,None,None,No,Vehicle,Yes,Does not play music,No lighting,For sale,FtrPylon_Remake_3_0,3_0,146,2fvMZtzN6vw4sHxSK
    wooden-block bed    ,Vivid,Block color,NA,NA,Yes,Yes,No,4,NFS,2400,Yellow,Colorful,2x1,NA,Crafting,,1.0.0,child's room,None,wooden block,None,Yes,Bed,No,Does not play music,No lighting,Not for sale,FtrBlockBedS_Remake_4_0,4_0,1557,E7HztcoYcDX8ah6pG
  drum set  ,Rose pink,NA,Black with logo,Bass drum head,No,No,Yes,2,5600,1400,Red,Black,2x1,NA,Nook's Cranny,"Available in Nook's Cranny (upgraded only), in the unique furniture slot",1.0.0,concert,None,None,None,Yes,Musical Instrument,No,Does not play music,No lighting,For sale,FtrDrumSet_Remake_5_2,5_2,1803,PJJjEasBWCceAzg38
  FAN PALM  ,Red,NA,NA,NA,No,No,No,NA,,300,Red,Green,1x1,NA,Nook's Cranny,Available in Nook's Cranny (either upgrade tier) in the unique furniture slot,1.0.0,living room,None,None,None,No,Plants,No,Does not play music,No lighting,For sale,FtrPlantYamadoriyashi_Remake_5_0,5_0,1288,PTHJBNrYLxPZMZxSz
WRITING CHAIR,Natural,NA,Blue,Seat,No,No,Yes,1,1700,425,Beige,Blue,1x1,NA,Nook's Cranny,Available in Nook's Cranny (either upgrade tier) in the unique furniture slot,1.0.0,child's room,None,None,writing,Yes,Chair,No,Does not play music,No lighting,For sale,FtrStudyChair_Remake_0_1,0_1,3702,qGBH4DWTjBzHHJL5q
  WOODEN DOUBLE BED  ,White wood,Paint color,Orange,Bedding,Yes,Yes,Yes,6,NFS,3600,White,Orange,2x2,NA,Crafting,,1.0.0,child's room,living room,wooden,None,Yes,Bed,No,Does not play music,No lighting,Not for sale,FtrWoodenBedW_Remake_1_0,1_0,7132,bKST8vi5KZfEniuiv
  CARDBOARD TABLE  ,Plain,Cardboard,NA,NA,Yes,Yes,No,1,NFS,,Yellow,Yellow,2x2,NA,Crafting,,1.0.0,garage,None,cardboard,None,No,Table,No,Does not play music,No lighting,Not for sale,FtrCardboardTableL_Remake_0_0,0_0,7160,oWfyQn9HBFh79uJpZ
  IRONWOOD DIY WORKBENCH  ,Teak,Lumber type,NA,NA,Yes,Yes,No,7,NFS,8520,Orange,Black,2x1,NA,Crafting,,1.0.0,garage,None,ironwood,None,Workbench,Work Bench,No,Does not play music,No lighting,Not for sale,FtrWorkbenchIronwood_Remake_1_0,1_0,3943,FsoLHNwh7gnz2iZPJ
  digital scale  ,Black,NA,White,Design,No,No,Yes,1,,232,Black,White,1x1,NA,Nook's Cranny,Available in Nook's Cranny (either upgrade tier) in the unique furniture slot,1.0.0,bathroom,None,None,None,No,Bathroom Things,No,Does not play music,No lighting,For sale,FtrWeightscale_Remake_1_0,1_0,3307,DEzrDq45gQo6yhZma
  rattan wardrobe  ,Black,NA,NA,NA,No,No,No,NA,,1725,Black,Black,1x1,NA,Nook's Cranny,"Available in Nook's Cranny (upgraded only), in the unique furniture slot",1.0.0,living room,None,rattan,None,Wardrobe,Chest,No,Does not play music,No lighting,For sale,FtrRattanClosetLR_Remake_5_0,5_0,4049,qLwCCZr989agy46vJ
    poolside bed    ,Brown,NA,White,Bed mat,No,No,Yes,2,3400,850,Orange,White,2x1,NA,Nook's Cranny,"Available in Nook's Cranny (upgraded only), in the unique furniture slot",1.0.0,ocean,expensive,None,None,Yes,Bed,Yes,Does not play music,No lighting,For sale,FtrPoolsidebed_Remake_1_0,1_0,4102,xxamAMS8PfEciTwur
    cardboard bed    ,Labeled,Cardboard,NA,NA,Yes,Yes,No,1,NFS,,Yellow,Yellow,2x1,NA,Crafting,,1.0.0,garage,None,cardboard,None,Yes,Bed,No,Does not play music,No lighting,Not for sale,FtrCardboardBedS_Remake_1_0,1_0,7161,aBGNMfGmbvq5XLarF
  cacao tree  ,NA,NA,NA,NA,No,No,No,NA,2300,575,Green,Brown,1x1,NA,Nook's Cranny,"Available in Nook's Cranny (upgraded only), in the unique furniture slot",1.0.0,living room,None,None,None,No,Plants,No,Does not play music,No lighting,For sale,FtrPlantCacao,NA,1277,ZSqvuvwvkno5cSRbj
  drink machine  ,Red,NA,Orange juice,Advertisement panel,No,No,Yes,7,NFS,10000,Red,Orange,1x1,2000,Nook Miles Shop,,1.0.0,shop,facility,None,None,Yes,Facility Decor,Yes,Does not play music,Monitor,Not for sale,FtrDrinkmachine_Remake_0_0,0_0,1802,QRoa6WtcrPAcJSr8n
CARDBOARD CHAIR,Labeled,Cardboard,NA,NA,Yes,Yes,No,1,NFS,,Beige,Beige,1x1,NA,Crafting,,1.0.0,garage,None,cardboard,None,Yes,Chair,No,Does not play music,No lighting,Not for sale,FtrCardboardChairS_Remake_1_0,1_0,7163,ByPDFJS9MpsPS2zfu
  SLEEPING BAG  ,Red,NA,NA,NA,No,No,No,NA,1400,350,Red,Blue,2x1,NA,Nook's Cranny,"Available in all tiers of shops, including Timmy & Tommy before the shop is opened",1.0.0,outdoors,None,None,None,Yes,Bed,Yes,Does not play music,No lighting,For sale,FtrSleepingbag_Remake_7_0,7_0,1434,gySoF6o3E2dBzfjL9
PLASTIC POOL,Green,NA,NA,NA,No,No,No,NA,,775,Green,Red,2x2,NA,Nook's Cranny,"Available in Nook's Cranny (upgraded only), in the third unique furniture slot",1.0.0,garden,None,None,None,Yes,Garden,Yes,Does not play music,No lighting,For sale,FtrGardenpool_Remake_2_0,2_0,3348,T7Wgna3LXbxvTG98F
  DRUM SET  ,Marine blue,NA,White with logo,Bass drum head,No,No,Yes,2,,,Blue,White,2x1,NA,Nook's Cranny,"Available in Nook's Cranny (upgraded only), in the unique furniture slot",1.0.0,concert,None,None,None,Yes,Musical Instrument,No,Does not play music,No lighting,For sale,FtrDrumSet_Remake_4_3,4_3,1803,kR5HhLdsuKKyZb6FX
  SCHOOL CHAIR  ,White & red,NA,NA,NA,No,No,No,NA,,245,White,Red,1x1,NA,Nook's Cranny,Available in Nook's Cranny (either upgrade tier) in the unique furniture slot,1.0.0,school,None,None,school,Yes,Chair,No,Does not play music,No lighting,For sale,FtrSchoolChairS_Remake_3_0,3_0,1308,ZvwHXgonhNnHJMH6q
LOFT BED WITH DESK,Blue,NA,Light blue,Bedding,No,No,Yes,3,7700,1925,Blue,Light blue,2x1,NA,Nook's Cranny,"Available in Nook's Cranny (upgraded only), in the unique furniture slot",1.0.0,child's room,None,None,None,Yes,Desk,No,Does not play music,No lighting,For sale,FtrBeddesk_Remake_4_2,4_2,3621,dzRAzyEPRvD8XRGtG
  rock guitar  ,Fire red,NA,Pop logo,Sticker area,No,No,Yes,2,,775,Red,Colorful,1x1,NA,Nook's Cranny,Available in Nook's Cranny (either upgrade tier) in the unique furniture slot,1.0.0,concert,None,None,None,Yes,Musical Instrument,No,Does not play music,No lighting,For sale,FtrElectricguitar1_Remake_3_6,3_6,1644,Ag9sqsKT4jw968Aeq
  LOG BED  ,Dark wood,Lumber type,Quilted,Bedding,Yes,Yes,Yes,6,NFS,3600,Brown,Light blue,2x2,NA,Crafting,,1.0.0,garden,living room,log,None,Yes,Bed,No,Does not play music,No lighting,Not for sale,FtrLogBedW_Remake_0_3,0_3,4041,GX5ppDoiytQkgXipG
exercise ball,Black,NA,NA,NA,No,No,No,NA,,,Black,Black,1x1,NA,Nook's Cranny,Available in Nook's Cranny (either upgrade tier) in the unique furniture slot,1.0.0,fitness,office,None,None,Yes,Sports,No,Does not play music,No lighting,For sale,FtrBalanceball_Remake_3_0,3_0,1598,g4AHhkiygXAY4KFgo
    BABY CHAIR    ,Yellow,NA,Butterfly,Cushion,No,No,Yes,1,,300,Yellow,Orange,1x1,NA,Nook's Cranny,Available in Nook's Cranny (either upgrade tier) in the unique furniture slot,1.0.0,child's room,None,None,None,Yes,Chair,No,Does not play music,No lighting,For sale,FtrBabychair_Remake_2_2,2_2,3305,2viSrxqmyLaJvzTCN
  stall  ,Pink,Variation,Red stripes,Curtain,Yes,Yes,Yes,3,NFS,1440,Pink,Red,2x1,NA,Crafting,,1.0.0,shop,party,None,None,No,Shop,Yes,Does not play music,No lighting,Not for sale,FtrFloat_Remake_4_2,4_2,3617,FpXB8JS8T45xgreWt
  log decorative shelves  ,White birch,Lumber type,Quilted,Mat,Yes,No,Yes,4,NFS,1560,White,Light blue,2x1,NA,Crafting,,1.0.0,garden,living room,log,None,No,Shelf,No,Does not play music,No lighting,Not for sale,FtrLogShelf_Remake_3_4,3_4,4036,cg3EH7zYuZPi7jhzW
  three-tiered snowperson  ,Blue,Knit-cap color,NA,NA,Yes,Yes,No,7,NFS,7420,Blue,White,1x1,NA,Snowman,Reward for making a perfect snow-person,1.0.0,freezing cold,garden,frozen,None,No,Seasonal Decor,Yes,Does not play music,No lighting,Not for sale,FtrSnowman_Remake_0_0,0_0,5337,ctnJAyfZZ39QEnK5G
  FLOOR LAMP  ,Black,NA,Gray,Lampshade,No,No,Yes,1,1400,350,Black,Gray,1x1,NA,Nook's Cranny,"Available in Nook's Cranny (upgraded only), in the unique furniture slot",1.0.0,living room,None,None,None,Yes,Lamp,No,Does not play music,Fluorescent,For sale,FtrLamp_Remake_3_1,3_1,2561,M42csmHrejKRmFoG7
    anatomical model    ,NA,NA,NA,NA,No,No,No,NA,,875,Colorful,Beige,1x1,NA,Nook's Cranny,Available in Nook's Cranny (either upgrade tier) in the unique furniture slot,1.0.0,school,expensive,None,None,No,Hospital,No,Does not play music,No lighting,For sale,FtrAnatomicalmodel,NA,1317,t2LzAKDofAZYyqZ6r
  electric guitar  ,Marine emerald,NA,Pop logo,Sticker area,No,No,Yes,7,71000,,Light blue,Colorful,1x1,NA,Nook's Cranny,"Available in Nook's Cranny (upgraded only), in the third unique furniture slot",1.0.0,concert,None,None,None,Yes,Musical Instrument,No,Does not play music,No lighting,For sale,FtrElectricguitar2_Remake_4_6,4_6,1645,ka6WxM6xGXadQHzJR
  EFFECTS RACK  ,Red,NA,Chic logo,Sticker area,No,No,Yes,3,6800,1700,Red,White,1x1,NA,Nook's Cranny,"Available in Nook's Cranny (upgraded only), in the unique furniture slot",1.0.0,concert,facility,None,None,No,Musical Instrument,No,Does not play music,No lighting,For sale,FtrEffectorrack_Remake_4_2,4_2,950,pLmtKXJQhpyf6wpMf
  TRICYCLE  ,Blue,NA,NA,NA,No,No,No,NA,1600,400,Blue,Green,1x1,NA,Nook's Cranny,Available in Nook's Cranny (either upgrade tier) in the unique furniture slot,1.0.0,garden,child's room,None,None,No,Playground,Yes,Does not play music,No lighting,For sale,FtrTricycle_Remake_2_0,2_0,1199,5jhutEzFeoRcyYbDf
  CYPRESS PLANT  ,Black,NA,NA,NA,No,No,No,NA,1000,250,Green,Black,1x1,NA,Nook's Cranny,Available in Nook's Cranny (either upgrade tier) in the unique furniture slot,1.0.0,living room,None,None,None,No,Plants,Yes,Does not play music,No lighting,For sale,FtrPlantGoldcrest_Remake_3_0,3_0,1829,vZfjrbssxQJhN7roR
  standing toilet  ,NA,NA,NA,NA,No,No,No,NA,,475,White,White,1x1,NA,Nook's Cranny,Available in Nook's Cranny (either upgrade tier) in the unique furniture slot,1.0.0,bathroom,None,None,None,Yes,Toilet,No,Does not play music,No lighting,For sale,FtrWCUrinal,NA,1217,ub9ET6HqmoHDwc4Pu
  claw-foot tub  ,Blue,NA,NA,NA,No,No,No,NA,63000,15750,Light blue,White,2x1,NA,Nook's Cranny,"Available in Nook's Cranny (upgraded only), in the third unique furniture slot",1.0.0,bathroom,expensive,None,None,No,Bathtub,No,Does not play music,No lighting,For sale,FtrBathtubCabriole_Remake_3_0,3_0,1757,FfwsgEDa7yWqDMztz
    throwback hat table    ,White & blue,NA,NA,NA,No,No,No,NA,,,White,Blue,2x2,NA,Nook's Cranny,"Available in Nook's Cranny (upgraded only), in the third unique furniture slot",1.0.0,child's room,fitness,throwback,None,No,Table,No,Does not play music,No lighting,For sale,FtrBoyTableL_Remake_5_0,5_0,4760,tpDRyQ5v4kbLRMHWC
  iron worktable  ,Black,Body color,NA,NA,Yes,Yes,No,7,NFS,,Black,Black,2x1,NA,Crafting,,1.0.0,garage,None,iron,None,No,Table,No,Does not play music,No lighting,Not for sale,FtrIronTableM_Remake_0_0,0_0,3560,Tebe6Ep2AgLHHbrfY
  KITCHEN ISLAND  ,Light brown,NA,NA,NA,No,No,No,NA,,,Beige,White,2x2,NA,Nook's Cranny,"Available in Nook's Cranny (upgraded only), in the third unique furniture slot",1.0.0,kitchen,expensive,None,None,No,Kitchen,No,Does not play music,No lighting,For sale,FtrKitchenIsland_Remake_3_0,3_0,998,cRTus3fqsvu2mrXfG
    SIMPLE PANEL    ,Black,NA,Pegboard,Panel design,No,No,Yes,1,810,202,Black,Brown,1x0.5,NA,Nook's Cranny,Available in Nook's Cranny (either upgrade tier) in the unique furniture slot,1.0.0,facility,None,None,None,No,Screen,No,Does not play music,No lighting,For sale,FtrScreenSimple_Remake_1_2,1_2,5338,QmuKdrTZZzWi7jaGv
  wooden wardrobe  ,Green,Paint color,NA,NA,Yes,Yes,No,2,NFS,1440,Green,Green,1x1,NA,Crafting,,1.0.0,child's room,living room,wooden,None,Wardrobe,Chest,No,Does not play music,No lighting,Not for sale,FtrWoodenCloset_Remake_5_0,5_0,3436,ypqaqu6czep9KhWf9
  wooden mini table  ,Pink wood,Paint color,Pink,Tablecloth,Yes,Yes,Yes,2,,720,Pink,Pink,1x1,NA,Crafting,,1.0.0,child's room,living room,wooden,None,No,Table,No,Does not play music,No lighting,Not for sale,FtrWoodenTableMini_Remake_7_2,7_2,7133,o4QnTdb74Xzsvsh8C
  log extra-long sofa  ,White birch,Lumber type,Bears,Cushions,Yes,No,Yes,4,NFS,1920,White,Brown,2x1,NA,Crafting,,1.0.0,garden,living room,log,None,Yes,Sofa,No,Does not play music,No lighting,Not for sale,FtrLogSofaL_Remake_3_3,3_3,4044,ojpRY6w8WA6R58fr4
  mama bear  ,Choco,NA,None,Shirt,No,No,Yes,1,2300,,Brown,Brown,1x1,NA,Nook's Cranny,Available in Nook's Cranny (either upgrade tier) in the unique furniture slot,1.0.0,fancy,child's room,None,bear,No,Animal,No,Does not play music,No lighting,For sale,FtrBearM_Remake_2_0,2_0,1500,sAHp3mdsQNBr6dFQc
  changing room  ,Pink,NA,Purple,Curtain,No,No,Yes,2,,,Pink,Purple,1x1,NA,Nook's Cranny,"Available in Nook's Cranny (upgraded only), in the unique furniture slot",1.0.0,shop,facility,None,None,Wardrobe,Shop,No,Does not play music,No lighting,For sale,FtrFittingroom_Remake_6_1,6_1,1816,CTDPimSvents862wR
  WOODEN END TABLE  ,Blue,Paint color,NA,NA,Yes,Yes,No,2,NFS,960,Blue,Colorful,1x1,NA,Crafting,,1.0.0,child's room,living room,wooden,None,No,Table,No,Does not play music,No lighting,Not for sale,FtrWoodenTableS_Remake_6_0,6_0,3438,fnjMyqMBsQNDbTdjJ
SERVER,NA,NA,NA,NA,No,No,No,NA,100000,25000,Black,Black,1x1,NA,Nook's Cranny,"Available in Nook's Cranny (upgraded only), in the third unique furniture slot",1.0.0,office,facility,None,None,Yes,Office,No,Does not play music,No lighting,For sale,FtrServer,NA,1126,7qaEQgzjaGm7XAep9
    LOFT BED WITH DESK    ,Brown,NA,Red stripes,Bedding,No,No,Yes,3,7700,1925,Red,Colorful,2x1,NA,Nook's Cranny,"Available in Nook's Cranny (upgraded only), in the unique furniture slot",1.0.0,child's room,None,None,None,Yes,Desk,No,Does not play music,No lighting,For sale,FtrBeddesk_Remake_1_7,1_7,3621,dcPdLnFTXivKp4XZ7
  MUSIC STAND  ,Black,Body,NA,NA,Yes,Yes,No,2,NFS,960,Black,White,1x1,NA,Crafting,,1.0.0,music,None,None,None,No,Musical Instrument,No,Does not play music,No lighting,Not for sale,FtrMusicstand_Remake_3_0,3_0,1058,vrCj5LDvrh4LkYvAo
  STANDARD UMBRELLA STAND  ,Green,Body color,Stripes,Favorite umbrella,Yes,Yes,Yes,4,NFS,2250,Green,Colorful,1x1,NA,Crafting,,1.0.0,school,office,None,None,No,Supplies,No,Does not play music,No lighting,Not for sale,FtrUmbrellastand_Remake_3_0,3_0,3445,gQGXZNreHmyAqh5hH
pull-up-bar stand,Blue,NA,NA,NA,No,No,No,NA,,1200,Blue,Black,1x1,NA,Nook's Cranny,"Available in Nook's Cranny (upgraded only), in the unique furniture slot",1.0.0,fitness,None,None,None,No,Sports,No,Does not play music,No lighting,For sale,FtrPullupstand_Remake_3_0,3_0,7845,8KFoZy6QdCtjkLfmZ
  wooden double bed  ,White wood,Paint color,Green,Bedding,Yes,Yes,Yes,6,NFS,3600,White,Green,2x2,NA,Crafting,,1.0.0,child's room,living room,wooden,None,Yes,Bed,No,Does not play music,No lighting,Not for sale,FtrWoodenBedW_Remake_1_3,1_3,7132,RMk8TS86ARZgaSXcZ
  ironwood low table  ,Oak,Lumber type,NA,NA,Yes,Yes,No,5,,3720,Orange,White,2x1,NA,Crafting,,1.0.0,living room,None,ironwood,None,No,Table,No,Does not play music,No lighting,Not for sale,FtrIronwoodTableM_Remake_4_0,4_0,3194,imxGnbxAEpuK2MaqR
    DIGITAL SCALE    ,Black,NA,Wood,Design,No,No,Yes,1,,,Black,Yellow,1x1,NA,Nook's Cranny,Available in Nook's Cranny (either upgrade tier) in the unique furniture slot,1.0.0,bathroom,None,None,None,No,Bathroom Things,No,Does not play music,No lighting,For sale,FtrWeightscale_Remake_1_4,1_4,3307,HhkuSM9FphmuNYuYA
  wooden-block chest  ,Pastel,Block color,NA,NA,Yes,Yes,No,3,,1800,Light blue,Colorful,2x1,NA,Crafting,,1.0.0,child's room,None,wooden block,None,Wardrobe,Chest,No,Does not play music,No lighting,Not for sale,FtrBlockChest_Remake_3_0,3_0,1561,FW9CuwKQWM2EyY62K
box corner sofa,Yellow,NA,NA,NA,No,No,No,NA,,675,Yellow,Black,1x1,NA,Nook's Cranny,"Available in Nook's Cranny (upgraded only), in the unique furniture slot",1.0.0,shop,facility,None,None,Yes,Chair,No,Does not play music,No lighting,For sale,FtrBoxsofaCorner_Remake_4_0,4_0,1853,LotMmnhHt8mbf9LpL
  WEDDING WELCOME BOARD  ,Garden,Easel,Reese & Cyrus,Board,No,Yes,Yes,2,1500,375,Yellow,White,1x1,NA,Wedding Season,,1.2.0,party,expensive,wedding,None,No,Shop,No,Does not play music,No lighting,Not for sale,FtrWeddingBoard_Remake_2_1,2_1,12410,qdJYrzsqca4dQqMbJ
  frozen pillar  ,Ice orange,Illumination,NA,NA,Yes,Yes,No,7,,,Orange,Orange,1x1,NA,Crafting,,1.0.0,freezing cold,None,frozen,None,No,Seasonal Decor,Yes,Does not play music,No lighting,Not for sale,FtrIcePillar_Remake_4_0,4_0,3500,9CXf3G9FFM5B4FXqE
  upright locker  ,Black,NA,Cute,Sticker area,No,No,Yes,2,,925,Black,Pink,1x1,NA,Nook's Cranny,Available in Nook's Cranny (either upgrade tier) in the unique furniture slot,1.0.0,school,facility,None,None,Wardrobe,Chest,No,Does not play music,No lighting,For sale,FtrLocker_Remake_2_2,2_2,833,Ain5vZCdHsEJfdkuZ
air circulator,Black,NA,NA,NA,No,No,No,NA,1100,275,Black,Gray,1x1,NA,Nook's Cranny,Available in Nook's Cranny (either upgrade tier) in the unique furniture slot,1.0.0,living room,office,None,None,Yes,Fan,Yes,Does not play music,No lighting,For sale,FtrCirculator_Remake_1_0,1_0,3821,E2dZPSD94isFZWd2F
    tire toy    ,Black,Tire color,NA,NA,Yes,Yes,No,1,NFS,20,Black,Black,1x1,NA,Crafting,,1.0.0,garden,None,None,None,Yes,Playground,Yes,Does not play music,No lighting,Not for sale,FtrPlayingtire_Remake_0_0,0_0,2329,34HvtXukuSGxCKdr5
  cat tower  ,Gray,NA,NA,NA,No,No,No,NA,3000,,Gray,Yellow,1x1,NA,Nook's Cranny,Available in Nook's Cranny (either upgrade tier) in the unique furniture slot,1.0.0,living room,None,None,None,Yes,Animal,No,Does not play music,No lighting,For sale,FtrCattower_Remake_3_0,3_0,896,Y953xJRFab2fkLDLt
iron garden table,Brown,Body color,NA,NA,Yes,Yes,No,5,,3750,Brown,Brown,1x1,NA,Crafting,,1.0.0,garden,None,iron,None,No,Table,Yes,Does not play music,No lighting,Not for sale,FtrIrongardenTable_Remake_2_0,2_0,1627,JioJ8kboekh2siw8D
clothesline,NA,NA,Green plaid,Drying shirt,Yes,No,Yes,2,,100,Brown,Green,2x0.5,NA,Crafting,,1.0.0,garden,None,None,None,No,Supplies,Yes,Does not play music,No lighting,Not for sale,FtrClothesline_Remake_0_4,0_4,3229,Fk5H349YAQ4tmo7wi
  log extra-long sofa  ,Orange wood,Lumber type,None,Cushions,Yes,Yes,Yes,4,,,Orange,Orange,2x1,NA,Crafting,,1.0.0,garden,living room,log,None,Yes,Sofa,No,Does not play music,No lighting,Not for sale,FtrLogSofaL_Remake_1_0,1_0,4044,EkQmWrsrupAmLtjiF
  baby chair  ,Black,NA,Strawberry,Cushion,No,No,Yes,1,1200,,Black,Colorful,1x1,NA,Nook's Cranny,Available in Nook's Cranny (either upgrade tier) in the unique furniture slot,1.0.0,child's room,None,None,None,Yes,Chair,No,Does not play music,No lighting,For sale,FtrBabychair_Remake_6_1,6_1,3305,n37p2mDFJtcuqd3rs
  LOG STAKES  ,Orange wood,Lumber type,NA,NA,Yes,Yes,No,1,NFS,,Orange,Beige,1x1,NA,Crafting,,1.0.0,garden,None,log,None,No,Ranch,Yes,Does not play music,No lighting,Not for sale,FtrWoodPile_Remake_1_0,1_0,5973,KoevBbX2ipYx9EpcX
barbell,Red,Plate color,NA,NA,Yes,Yes,No,7,,,Red,Gray,2x1,NA,Crafting,,1.0.0,fitness,None,None,None,No,Sports,No,Does not play music,No lighting,Not for sale,FtrBarbell_Remake_2_0,2_0,4078,x6rceFML9W22FHmbE
  BAMBOO PARTITION  ,Dried bamboo,Bamboo,NA,NA,Yes,Yes,No,3,NFS,2020,Yellow,White,2x0.5,NA,Crafting,,1.0.0,zen-style,None,bamboo,None,No,Screen,No,Does not play music,No lighting,Not for sale,FtrBambooScreen_Remake_1_0,1_0,3553,o455mYY5evSrec8gu
  STALL  ,Light brown,Variation,Colorful,Curtain,Yes,Yes,Yes,3,NFS,,Yellow,Colorful,2x1,NA,Crafting,,1.0.0,shop,party,None,None,No,Shop,Yes,Does not play music,No lighting,Not for sale,FtrFloat_Remake_2_3,2_3,3617,EjP2ucXsshbK5sLhj
  wooden stool  ,Dark wood,Paint color,Orange,Seat,Yes,Yes,Yes,2,,480,Brown,Orange,1x1,NA,Crafting,,1.0.0,child's room,living room,wooden,None,Yes,Chair,No,Does not play music,No lighting,Not for sale,FtrWoodenStoolS_Remake_3_1,3_1,3449,WaqS8XXYS4e8cKevr
  GOLF BAG  ,Multicolor,NA,NA,NA,No,No,No,NA,54000,,Colorful,Colorful,1x1,NA,Nook's Cranny,"Available in Nook's Cranny (upgraded only), in the third unique furniture slot",1.0.0,fitness,None,None,None,No,Sports,No,Does not play music,No lighting,For sale,FtrGolfbag_Remake_3_0,3_0,1632,s6Ga7qeku4As3gJQ2
    RATTAN END TABLE    ,Black,NA,NA,NA,No,No,No,NA,4300,1075,Black,Black,1x1,NA,Nook's Cranny,"Available in Nook's Cranny (upgraded only), in the unique furniture slot",1.0.0,living room,None,rattan,None,No,Table,No,Does not play music,No lighting,For sale,FtrRattanTableS_Remake_5_0,5_0,4046,9XgYqBdadrpvAcsPF
upright locker,Black,NA,Notes,Sticker area,No,No,Yes,2,3700,925,Black,Pink,1x1,NA,Nook's Cranny,Available in Nook's Cranny (either upgrade tier) in the unique furniture slot,1.0.0,school,facility,None,None,Wardrobe,Chest,No,Does not play music,No lighting,For sale,FtrLocker_Remake_2_4,2_4,833,SsNxfnovutoRqEndt
    log round table    ,Dark wood,Lumber type,Quilted,Tablecloth,Yes,Yes,Yes,4,,1800,Brown,Light blue,2x2,NA,Crafting,,1.0.0,garden,living room,log,None,No,Table,Yes,Does not play music,No lighting,Not for sale,FtrLogTableLRound_Remake_0_4,0_4,4043,5ufbAg5bgvaEvaKFb
  BAMBOO DOLL  ,NA,NA,NA,NA,Yes,No,No,NA,,2400,Green,Green,1x1,NA,Crafting,,1.0.0,zen-style,None,bamboo,None,Yes,Toy,No,Does not play music,No lighting,Not for sale,FtrBambooSurprisedbox,NA,3555,bGoF3W3Hv9bpFCb3N
  WOODEN CHEST  ,White wood,Paint color,NA,NA,Yes,Yes,No,3,,1920,Beige,Beige,2x1,NA,Crafting,,1.0.0,child's room,living room,wooden,None,Wardrobe,Chest,No,Does not play music,No lighting,Not for sale,FtrWoodenChest_Remake_1_0,1_0,2560,WGNu96owTxSxCbAKc
    UPRIGHT LOCKER    ,Red,NA,Notes,Sticker area,No,No,Yes,2,3700,925,Red,Pink,1x1,NA,Nook's Cranny,Available in Nook's Cranny (either upgrade tier) in the unique furniture slot,1.0.0,school,facility,None,None,Wardrobe,Chest,No,Does not play music,No lighting,For sale,FtrLocker_Remake_3_4,3_4,833,kqk7vXZR3j5TZ27r7
  rocking chair  ,Black,Lumber type,NA,NA,Yes,Yes,No,2,NFS,,Black,Black,1x1,NA,Crafting,,1.0.0,living room,None,None,None,Yes,Chair,No,Does not play music,No lighting,Not for sale,FtrRockingchair_Remake_4_0,4_0,1103,8K2rL8yxTQJ377G2t
wooden mini table,Dark wood,Paint color,Pink,Tablecloth,Yes,Yes,Yes,2,,720,Brown,Pink,1x1,NA,Crafting,,1.0.0,child's room,living room,wooden,None,No,Table,No,Does not play music,No lighting,Not for sale,FtrWoodenTableMini_Remake_3_2,3_2,7133,3YtFhN5XvHijBg3PM
wooden-block chair,Mixed wood,Block color,NA,NA,Yes,Yes,No,1,NFS,720,Brown,Black,1x1,NA,Crafting,,1.0.0,child's room,None,wooden block,None,Yes,Chair,No,Does not play music,No lighting,Not for sale,FtrBlockChairS_Remake_1_0,1_0,2558,hP9f8LDnGTGKpZSeN
    outdoor table    ,White,NA,Dark wood,Table,No,No,Yes,1,2200,,Gray,Brown,2x1,NA,Nook's Cranny,Available in Nook's Cranny (either upgrade tier) in the unique furniture slot,1.0.0,outdoors,None,None,None,No,Table,Yes,Does not play music,No lighting,For sale,FtrOutdoortableM_Remake_0_6,0_6,3946,DhA6GbtZoJtsZaSyp
shell arch,Pink,Shell color,NA,NA,Yes,Yes,No,7,NFS,,Pink,Pink,3x1,NA,Crafting,,1.0.0,ocean,expensive,shell,None,No,Arch,Yes,Does not play music,No lighting,Not for sale,FtrShellArch_Remake_2_0,2_0,3977,h595SqiyMd6S8yeNW
    dj's turntable    ,Pink,NA,Rock logo,Flag,No,No,Yes,4,9300,,Pink,Purple,2x1,NA,Nook's Cranny,"Available in Nook's Cranny (upgraded only), in the unique furniture slot",1.0.0,party,concert,None,None,Yes,Musical Instrument,No,Hi-fi,No lighting,For sale,FtrDJbooth_Remake_3_3,3_3,941,WAjTZNn9zWNeAEmkF
  manhole cover  ,Silver,Cover design,NA,NA,Yes,Yes,No,3,NFS,2250,Black,Black,1x1,NA,Crafting,,1.0.0,garden,None,None,None,Yes,Vehicle,Yes,Does not play music,No lighting,Not for sale,FtrManhole_Remake_0_0,0_0,144,BNf6CCMc2wbnKedp5
    PANSY TABLE    ,Red,Flower color,NA,NA,Yes,Yes,No,2,NFS,,Red,Green,1x1,NA,Crafting,,1.0.0,fancy,None,flowers,None,No,Table,No,Does not play music,No lighting,Not for sale,FtrFlowerTableS_Remake_1_0,1_0,7237,ChGiCDZ53KeJR8XPN
  music stand  ,Brown,Body,NA,NA,Yes,Yes,No,2,NFS,960,Brown,White,1x1,NA,Crafting,,1.0.0,music,None,None,None,No,Musical Instrument,No,Does not play music,No lighting,Not for sale,FtrMusicstand_Remake_0_0,0_0,1058,B7YreGpDtQNqjXuLX
  diner counter chair  ,Black,NA,NA,NA,No,No,No,NA,1100,,Gray,Black,1x1,NA,Nook's Cranny,"Available in Nook's Cranny (upgraded only), in the unique furniture slot",1.0.0,shop,None,diner,None,Yes,Chair,No,Does not play music,No lighting,For sale,FtrAmeretroCounterchair_Remake_6_0,6_0,4138,Ato9uefGRFTCxBoNF
  rattan stool  ,Brown,NA,NA,NA,No,No,No,NA,2900,725,White,Brown,1x1,NA,Nook's Cranny,"Available in Nook's Cranny (upgraded only), in the unique furniture slot",1.0.0,living room,None,rattan,None,Yes,Chair,No,Does not play music,No lighting,For sale,FtrRattanStool_Remake_0_0,0_0,4047,bkb9tRJhMHonAWYjn
low screen,Light brown,NA,Fall,Screen,No,No,Yes,1,870,,Beige,Orange,1x0.5,NA,Nook's Cranny,Available in Nook's Cranny (either upgrade tier) in the unique furniture slot,1.0.0,zen-style,None,None,None,No,Japanese Style,No,Does not play music,No lighting,For sale,FtrScreenJapanLow_Remake_0_3,0_3,1029,hGMk2vQcirmh2yAGA
  ELECTRIC GUITAR  ,Cosmo black,NA,Handwritten logo,Sticker area,No,No,Yes,7,,17750,Black,Light blue,1x1,NA,Nook's Cranny,"Available in Nook's Cranny (upgraded only), in the third unique furniture slot",1.0.0,concert,None,None,None,Yes,Musical Instrument,No,Does not play music,No lighting,For sale,FtrElectricguitar2_Remake_6_5,6_5,1645,5tzcAkfuuNwNczjrE
throwback race-car bed,Red,NA,NA,NA,No,No,No,NA,3800,950,Red,Black,2x1,NA,Nook's Cranny,"Available in Nook's Cranny (upgraded only), in the unique furniture slot",1.0.0,child's room,None,throwback,None,Yes,Bed,No,Does not play music,No lighting,For sale,FtrBoyBedS_Remake_0_0,0_0,4759,EmHpbheMrJbYkvcwd
    log round table    ,Dark wood,Lumber type,Bears,Tablecloth,Yes,Yes,Yes,4,NFS,,Brown,Brown,2x2,NA,Crafting,,1.0.0,garden,living room,log,None,No,Table,Yes,Does not play music,No lighting,Not for sale,FtrLogTableLRound_Remake_0_3,0_3,4043,4CKmQcifEFppwSgBG
  rocket lamp  ,Green,NA,NA,NA,No,No,No,NA,,,Green,Yellow,1x1,NA,Nook's Cranny,Available in Nook's Cranny (either upgrade tier) in the unique furniture slot,1.0.0,facility,None,None,None,Yes,Lamp,No,Does not play music,Fluorescent,For sale,FtrLavalamp_Remake_5_0,5_0,1851,i2XSzh44EjNae6qhw
  blue corner  ,NA,NA,Blue,Ring curtain,No,No,Yes,3,6100,1525,White,Blue,2x2,NA,Nook's Cranny,"Available in Nook's Cranny (upgraded only), in the third unique furniture slot",1.0.0,fitness,None,None,sports ring,Yes,Sports,No,Does not play music,No lighting,For sale,FtrRingcornerBlue_Remake_0_2,0_2,7150,XYEQ3TERfDnkS5DTM
  EFFECTS RACK  ,Black,NA,Emblem logo,Sticker area,No,No,Yes,3,6800,,Black,Green,1x1,NA,Nook's Cranny,"Available in Nook's Cranny (upgraded only), in the unique furniture slot",1.0.0,concert,facility,None,None,No,Musical Instrument,No,Does not play music,No lighting,For sale,FtrEffectorrack_Remake_0_4,0_4,950,nzecjzwRrer4zWn7D
  ROSE BED  ,Purple,Flower color,NA,NA,Yes,Yes,No,2,,1400,Purple,Green,2x2,NA,Crafting,,1.0.0,fancy,None,flowers,None,Yes,Bed,No,Does not play music,No lighting,Not for sale,FtrFlowerBedW_Remake_1_0,1_0,7235,dbPk29BrZrPQriAJv
LECTURE-HALL DESK,Light brown,NA,NA,NA,No,No,No,NA,,625,Orange,Beige,2x1,NA,Nook's Cranny,"Available in Nook's Cranny (upgraded only), in the unique furniture slot",1.0.0,school,None,None,lecture hall,No,Desk,No,Does not play music,No lighting,For sale,FtrTableCollage_Remake_0_0,0_0,2014,tDCo7u5vYpnPAY2f8
PARK CLOCK,Black,NA,NA,NA,No,No,No,NA,NFS,,Black,White,1x1,2400,Nook Miles Shop,,1.0.0,garden,None,None,None,Yes,Clock,Yes,Does not play music,No lighting,Not for sale,FtrParkclock_Remake_0_0,0_0,3595,unRZE27FptDXu3sMg
effects rack,Blue,NA,Chic logo,Sticker area,No,No,Yes,3,6800,1700,Blue,White,1x1,NA,Nook's Cranny,"Available in Nook's Cranny (upgraded only), in the unique furniture slot",1.0.0,concert,facility,None,None,No,Musical Instrument,No,Does not play music,No lighting,For sale,FtrEffectorrack_Remake_3_2,3_2,950,arNJ4hFF7YQ8oxuKw
    tatami bed    ,Black,NA,NA,NA,No,No,No,NA,2800,,Black,Green,2x1,NA,Nook's Cranny,Available in Nook's Cranny (either upgrade tier) in the unique furniture slot,1.0.0,zen-style,None,None,None,Yes,Bed,No,Does not play music,No lighting,For sale,FtrTatamiBedS_Remake_2_0,2_0,7391,C5GRaFrfRvcfseFff
  mini diy workbench  ,Brown,Paint color,NA,NA,Yes,Yes,No,4,NFS,2580,Orange,White,1x1,NA,Crafting,,1.0.0,garage,None,None,None,Workbench,Work Bench,No,Does not play music,No lighting,Not for sale,FtrWorkbenchS_Remake_1_0,1_0,3122,DEqvZYgF3AgSrHj4j
  vacuum cleaner  ,Gray,NA,NA,NA,No,No,No,NA,3800,,Gray,Gray,1x1,NA,Nook's Cranny,Available in Nook's Cranny (either upgrade tier) in the unique furniture slot,1.0.0,living room,None,None,None,Yes,Home Appliances,No,Does not play music,No lighting,For sale,FtrCleaner_Remake_3_0,3_0,907,NpiHgQSzBzsu4nTnT
    simple panel    ,Light brown,NA,Pegboard,Panel design,No,No,Yes,1,,202,Beige,Brown,1x0.5,NA,Nook's Cranny,Available in Nook's Cranny (either upgrade tier) in the unique furniture slot,1.0.0,facility,None,None,None,No,Screen,No,Does not play music,No lighting,For sale,FtrScreenSimple_Remake_4_2,4_2,5338,mJ8aLSC6t7ANj6NZi
    WRITING CHAIR    ,Light brown,NA,Yellow,Seat,No,No,Yes,1,1700,425,Yellow,Yellow,1x1,NA,Nook's Cranny,Available in Nook's Cranny (either upgrade tier) in the unique furniture slot,1.0.0,child's room,None,None,writing,Yes,Chair,No,Does not play music,No lighting,For sale,FtrStudyChair_Remake_1_0,1_0,3702,RHYcctdowY3uC5nJF
    loft bed with desk    ,Light blue,NA,Pink,Bedding,No,No,Yes,3,7700,1925,Light blue,Pink,2x1,NA,Nook's Cranny,"Available in Nook's Cranny (upgraded only), in the unique furniture slot",1.0.0,child's room,None,None,None,Yes,Desk,No,Does not play music,No lighting,For sale,FtrBeddesk_Remake_6_5,6_5,3621,eHJHZ9mfJ9L8o7AdK
  pear wardrobe  ,La France,Fruit type,NA,NA,Yes,Yes,No,4,NFS,2600,Green,Beige,1x1,NA,Crafting,,1.0.0,fancy,None,fruits,pear,Wardrobe,Chest,No,Does not play music,No lighting,Not for sale,FtrFruitsClosetLR_Remake_0_0,0_0,1263,ZzP7ZkSRd8MLfRSYG
    wood-burning stove    ,NA,NA,NA,NA,No,No,No,NA,2100,525,Black,Black,1x1,NA,Nook's Cranny,"Available in Nook's Cranny (upgraded only), in the unique furniture slot",1.0.0,shop,None,None,None,Yes,Fireplace,No,Does not play music,No lighting,For sale,FtrStoveWood,NA,4117,9khrP3gpYB3chn7ei
  ironing board  ,NA,NA,Triangles,Ironing board,No,No,Yes,1,2300,575,Black,Gray,1x1,NA,Nook's Cranny,Available in Nook's Cranny (either upgrade tier) in the unique furniture slot,1.0.0,living room,None,None,None,No,Home Appliances,No,Does not play music,No lighting,For sale,FtrIronstand_Remake_0_4,0_4,7531,RBZLQJeKar2LsGMaa
bunk bed,Pink,NA,Striped,Bedding,No,No,Yes,2,,1250,Pink,Blue,2x1,NA,Nook's Cranny,Available in Nook's Cranny (either upgrade tier) in the unique furniture slot,1.0.0,facility,None,None,None,Yes,Bed,No,Does not play music,No lighting,For sale,FtrBunkbed_Remake_6_1,6_1,8298,LhF9LuiXrLa375CWc
    automatic washer    ,Green,NA,NA,NA,No,No,No,NA,4500,,Green,White,1x1,NA,Nook's Cranny,"Available in Nook's Cranny (upgraded only), in the unique furniture slot",1.0.0,bathroom,None,None,None,Yes,Home Appliances,No,Does not play music,No lighting,For sale,FtrWashingmachine_Remake_3_0,3_0,2740,xwWJ4q9SvKAkwKAf9
  drinking fountain  ,Brown,Color,NA,NA,Yes,Yes,No,4,,2700,Brown,Brown,1x1,NA,Crafting,,1.0.0,garden,None,None,None,Yes,Playground,Yes,Does not play music,No lighting,Not for sale,FtrDrinkingfountain_Remake_2_0,2_0,2319,S8ToJeHk95jjQKr4z
  frozen partition  ,Ice pink,Illumination,NA,NA,Yes,Yes,No,7,,7400,Pink,Pink,2x0.5,NA,Crafting,,1.0.0,freezing cold,None,frozen,None,No,Seasonal Decor,Yes,Does not play music,No lighting,Not for sale,FtrIceScreen_Remake_2_0,2_0,3498,BQtxTLcQz2BFraSf4
  CHANGING ROOM  ,Green,NA,Red,Curtain,No,No,Yes,2,3700,925,Light blue,Red,1x1,NA,Nook's Cranny,"Available in Nook's Cranny (upgraded only), in the unique furniture slot",1.0.0,shop,facility,None,None,Wardrobe,Shop,No,Does not play music,No lighting,For sale,FtrFittingroom_Remake_7_5,7_5,1816,QAtdxb27ZvSBLs6r3
  diner chair  ,Cream,NA,NA,NA,No,No,No,NA,,400,Beige,White,1x1,NA,Nook's Cranny,"Available in Nook's Cranny (upgraded only), in the unique furniture slot",1.0.0,shop,None,diner,None,Yes,Chair,No,Does not play music,No lighting,For sale,FtrAmeretroChairS_Remake_5_0,5_0,4137,TeEgWEsjdwrNCWGrL
natural square table,Shabby,Tabletop,NA,NA,Yes,Yes,No,3,NFS,1980,White,Gray,1x1,NA,Crafting,,1.0.0,garden,None,None,natural,No,Table,Yes,Does not play music,No lighting,Not for sale,FtrGardenTableSNatural_Remake_2_0,2_0,12332,RPinQLoLDsfvJFqM3
    ROBOT HERO    ,Blue,Coating,NA,NA,Yes,Yes,No,50,NFS,,Blue,Black,3x3,NA,Crafting,,1.0.0,child's room,facility,None,None,Yes,Toy,Yes,Does not play music,No lighting,Not for sale,FtrHerorobot_Remake_1_0,1_0,1509,5ATHWvuQh5zTw5j57
    REFRIGERATOR    ,Pink,NA,Rock,Sticker area,No,No,Yes,2,,,Pink,Colorful,1x1,NA,Nook's Cranny,"Available in Nook's Cranny (upgraded only), in the unique furniture slot",1.0.0,kitchen,shop,None,None,Wardrobe,Home Appliances,No,Does not play music,No lighting,For sale,FtrRefrigerator_Remake_2_2,2_2,2713,FDwqgsdKDjmD7K7C6
cute vanity,Yellow,NA,NA,NA,No,No,No,NA,5400,1350,Yellow,Orange,1x1,NA,Nook's Cranny,"Available in Nook's Cranny (upgraded only), in the unique furniture slot",1.0.0,fancy,None,cute,None,Yes,Dresser,No,Does not play music,No lighting,For sale,FtrCuteDresser_Remake_2_0,2_0,4001,djiF4M7fGjwE6XLTf
  REFRIGERATOR  ,Brown,NA,None,Sticker area,No,No,Yes,2,5100,,Brown,Brown,1x1,NA,Nook's Cranny,"Available in Nook's Cranny (upgraded only), in the unique furniture slot",1.0.0,kitchen,shop,None,None,Wardrobe,Home Appliances,No,Does not play music,No lighting,For sale,FtrRefrigerator_Remake_5_0,5_0,2713,v8rxsJ2zYK26u9LoW
shell partition,Pearl,Shell color,NA,NA,Yes,Yes,No,7,NFS,8000,White,White,2x1,NA,Crafting,,1.0.0,ocean,None,shell,None,No,Screen,Yes,Does not play music,No lighting,Not for sale,FtrShellScreen_Remake_5_0,5_0,3978,fgiY5nhqYcHHaYzLD
  writing chair  ,White,NA,Blue,Seat,No,No,Yes,1,1700,425,White,Blue,1x1,NA,Nook's Cranny,Available in Nook's Cranny (either upgrade tier) in the unique furniture slot,1.0.0,child's room,None,None,writing,Yes,Chair,No,Does not play music,No lighting,For sale,FtrStudyChair_Remake_3_1,3_1,3702,MwH3ShvMsd5cK4WYN
wooden double bed,Cherry wood,Paint color,Pink,Bedding,Yes,Yes,Yes,6,NFS,,Orange,Pink,2x2,NA,Crafting,,1.0.0,child's room,living room,wooden,None,Yes,Bed,No,Does not play music,No lighting,Not for sale,FtrWoodenBedW_Remake_2_1,2_1,7132,3GbKBy8wsQfK7Feqc
  tourist telescope  ,Green,NA,NA,NA,No,No,No,NA,NFS,10000,Green,Green,1x1,2000,Nook Miles Shop,,1.0.0,space,facility,None,None,No,Space,Yes,Does not play music,No lighting,Not for sale,FtrTelescopeSightseeing_Remake_0_0,0_0,3078,vgHf4HHXRwLZubQFx
  HOSE REEL  ,Yellow,NA,NA,NA,No,No,No,NA,1400,350,Yellow,Green,1x1,NA,Nook's Cranny,Available in Nook's Cranny (either upgrade tier) in the unique furniture slot,1.0.0,garden,None,None,None,No,Garden,Yes,Does not play music,No lighting,For sale,FtrHosereel_Remake_1_0,1_0,4113,H9eiQQw7WetkqitJg
  popcorn machine  ,Red,NA,NA,NA,No,No,No,NA,,,Red,Yellow,1x1,NA,Nook's Cranny,Available in Nook's Cranny (either upgrade tier) in the unique furniture slot,1.0.0,facility,party,None,None,Yes,Shop,Yes,Does not play music,No lighting,For sale,FtrPopcornmachine_Remake_0_0,0_0,1092,xWztdKgqwdpLMsBmE
SHADED FLOOR LAMP,Blue,NA,NA,NA,No,No,No,NA,1700,425,Blue,Gray,1x1,NA,Nook's Cranny,"Available in Nook's Cranny (upgraded only), in the unique furniture slot",1.0.0,living room,None,None,None,Yes,Lamp,No,Does not play music,Fluorescent,For sale,FtrLampMount_Remake_1_0,1_0,4572,qbzKhkEheCZTKoude
  birthday table  ,Blue,Variation,NA,NA,No,Yes,No,1,,300,Light blue,Colorful,2x2,NA,Birthday,,1.0.0,party,fancy,None,birthday,Yes,Table,No,Does not play music,Candle,Not for sale,FtrBirthdayTable_Remake_2_0,2_0,3593,MAp95imwPmSqwnFe9
    DRUM SET    ,Cosmo black,NA,Vintage logo,Bass drum head,No,No,Yes,2,5600,1400,Black,Beige,2x1,NA,Nook's Cranny,"Available in Nook's Cranny (upgraded only), in the unique furniture slot",1.0.0,concert,None,None,None,Yes,Musical Instrument,No,Does not play music,No lighting,For sale,FtrDrumSet_Remake_1_5,1_5,1803,yBe4uerAv5uHww8XB
  WOODEN TABLE  ,Light wood,Paint color,Blue,Tablecloth,Yes,Yes,Yes,4,NFS,,Beige,Light blue,2x2,NA,Crafting,,1.0.0,child's room,living room,wooden,None,No,Table,No,Does not play music,No lighting,Not for sale,FtrWoodenTableL_Remake_0_3,0_3,3439,DeGcjmd3Thuv3edLn
  DEN CHAIR  ,Black,NA,NA,NA,No,No,No,NA,,,Black,Black,1x1,NA,Nook's Cranny,"Available in Nook's Cranny (upgraded only), in the unique furniture slot",1.0.0,den,None,None,den,Yes,Chair,No,Does not play music,No lighting,For sale,FtrDrawingChair_Remake_0_0,0_0,3784,m6Me3BvsHzRzR5upL
    WOODEN MINI TABLE    ,Cherry wood,Paint color,None,Tablecloth,Yes,Yes,Yes,2,NFS,720,Orange,Orange,1x1,NA,Crafting,,1.0.0,child's room,living room,wooden,None,No,Table,No,Does not play music,No lighting,Not for sale,FtrWoodenTableMini_Remake_2_0,2_0,7133,G5PCa6MSpudHb5nWS
    elephant slide    ,Pink,NA,NA,NA,No,No,No,NA,4200,,Pink,Pink,2x1,NA,Nook's Cranny,Available in Nook's Cranny (either upgrade tier) in the unique furniture slot,1.0.0,garden,child's room,None,None,No,Playground,No,Does not play music,No lighting,For sale,FtrSlideelephant_Remake_1_0,1_0,86,zLM6uEEcFYyyKJefe
  changing room  ,Blue,NA,Pink,Curtain,No,No,Yes,2,,925,Blue,Pink,1x1,NA,Nook's Cranny,"Available in Nook's Cranny (upgraded only), in the unique furniture slot",1.0.0,shop,facility,None,None,Wardrobe,Shop,No,Does not play music,No lighting,For sale,FtrFittingroom_Remake_5_4,5_4,1816,RGoKqruNBwP9ptwhD
  log chair  ,White wood,Lumber type,None,Cushion,Yes,Yes,Yes,3,NFS,,Beige,Beige,1x1,NA,Crafting,,1.0.0,garden,living room,log,None,Yes,Sofa,No,Does not play music,No lighting,Not for sale,FtrLogSofaS_Remake_2_0,2_0,4039,QrTc74doPhxhHWyqj
rattan low table,Light brown,NA,NA,NA,No,No,No,NA,,725,Yellow,Yellow,2x1,NA,Nook's Cranny,"Available in Nook's Cranny (upgraded only), in the unique furniture slot",1.0.0,living room,None,rattan,None,No,Table,No,Does not play music,No lighting,For sale,FtrRattanTableM_Remake_2_0,2_0,4054,g6adSuSRWcySnx2qp
    wedding table    ,Garden,Design,NA,NA,No,Yes,No,2,,1500,Green,Yellow,2x2,NA,Wedding Season,,1.2.0,party,expensive,wedding,None,Yes,Table,No,Does not play music,Candle,Not for sale,FtrWeddingTableL_Remake_2_0,2_0,12406,BzqYYaxr344dH9QmD
  menu chalkboard  ,Red,NA,NA,NA,No,No,No,NA,1800,,Red,Green,1x1,NA,Nook's Cranny,Available in Nook's Cranny (either upgrade tier) in the unique furniture slot,1.0.0,shop,None,None,None,No,Shop,Yes,Does not play music,No lighting,For sale,FtrMenuboard_Remake_4_0,4_0,1866,vuknAcmcvWrxQsiYd
  changing room  ,Pink,NA,Red,Curtain,No,No,Yes,2,3700,,Pink,Red,1x1,NA,Nook's Cranny,"Available in Nook's Cranny (upgraded only), in the unique furniture slot",1.0.0,shop,facility,None,None,Wardrobe,Shop,No,Does not play music,No lighting,For sale,FtrFittingroom_Remake_6_5,6_5,1816,dt9Xyquyvv5hDKkva
  birthday sign  ,Pink,Variation,NA,NA,No,Yes,No,1,NFS,,Colorful,Pink,2x1,NA,Birthday,,1.0.0,party,fancy,None,birthday,No,Seasonal Decor,No,Does not play music,No lighting,Not for sale,FtrBirthdayBoard_Remake_1_0,1_0,3594,Z6jMmv4a4STw3byZA
  FROZEN BED  ,Ice blue,Illumination,Dark brown,Bedding,Yes,Yes,Yes,8,NFS,9000,Blue,Brown,2x2,NA,Crafting,,1.0.0,freezing cold,None,frozen,None,Yes,Bed,Yes,Does not play music,No lighting,Not for sale,FtrIceBedW_Remake_1_3,1_3,3502,yEj8m7XRz52P88Gk9
    DINER COUNTER CHAIR    ,Cream,NA,NA,NA,No,No,No,NA,1100,275,Gray,White,1x1,NA,Nook's Cranny,"Available in Nook's Cranny (upgraded only), in the unique furniture slot",1.0.0,shop,None,diner,None,Yes,Chair,No,Does not play music,No lighting,For sale,FtrAmeretroCounterchair_Remake_5_0,5_0,4138,gXvtXfk54dwMvwrmo
  DEER SCARE  ,Smoke-cured bamboo,Bamboo,NA,NA,Yes,Yes,No,3,NFS,,Brown,Black,1x1,NA,Crafting,,1.0.0,zen-style,garden,bamboo,None,Yes,Japanese Style,Yes,Does not play music,No lighting,Not for sale,FtrShishiodoshi_Remake_2_0,2_0,677,o7hMYnmEGrGCPg5Rv
  REFRIGERATOR  ,Pink,NA,Notices,Sticker area,No,No,Yes,2,5100,,Pink,Colorful,1x1,NA,Nook's Cranny,"Available in Nook's Cranny (upgraded only), in the unique furniture slot",1.0.0,kitchen,shop,None,None,Wardrobe,Home Appliances,No,Does not play music,No lighting,For sale,FtrRefrigerator_Remake_2_4,2_4,2713,5kr9wF8ktj7oozFLn
  refrigerator  ,Black,NA,Notices,Sticker area,No,No,Yes,2,5100,1275,Black,Colorful,1x1,NA,Nook's Cranny,"Available in Nook's Cranny (upgraded only), in the unique furniture slot",1.0.0,kitchen,shop,None,None,Wardrobe,Home Appliances,No,Does not play music,No lighting,For sale,FtrRefrigerator_Remake_6_4,6_4,2713,rMMbJAfo9JLuXMEq3
    clothesline pole    ,Silver,NA,PE shirt,Drying shirt,No,No,Yes,1,,275,Gray,Beige,2x0.5,NA,Nook's Cranny,Available in Nook's Cranny (either upgrade tier) in the unique furniture slot,1.0.0,garden,bathroom,None,None,No,Supplies,Yes,Does not play music,No lighting,For sale,FtrClotheshorse_Remake_0_1,0_1,1778,MddTaK2Fp5EEi2JRx
    frozen counter    ,Ice green,Illumination,NA,NA,Yes,Yes,No,7,NFS,7000,Green,Green,2x1,NA,Crafting,,1.0.0,freezing cold,None,frozen,None,No,Table,Yes,Does not play music,No lighting,Not for sale,FtrIceCounter_Remake_5_0,5_0,3505,baENx9PwEPZCsh4DY
ROCK GUITAR,Natural wood,NA,Rock logo,Sticker area,No,No,Yes,2,3100,,Beige,Purple,1x1,NA,Nook's Cranny,Available in Nook's Cranny (either upgrade tier) in the unique furniture slot,1.0.0,concert,None,None,None,Yes,Musical Instrument,No,Does not play music,No lighting,For sale,FtrElectricguitar1_Remake_5_3,5_3,1644,kFe3w9fYgzDRJa5BM
  BIRTHDAY TABLE  ,Orange,Variation,NA,NA,No,Yes,No,1,NFS,300,Orange,Colorful,2x2,NA,Birthday,,1.0.0,party,fancy,None,birthday,Yes,Table,No,Does not play music,Candle,Not for sale,FtrBirthdayTable_Remake_4_0,4_0,3593,xiwgvKyYbZCPJFYe4
cute sofa,Red,NA,NA,NA,No,No,No,NA,,2400,Red,White,2x1,NA,Nook's Cranny,"Available in Nook's Cranny (upgraded only), in the unique furniture slot",1.0.0,fancy,None,cute,None,Yes,Sofa,No,Does not play music,No lighting,For sale,FtrCuteChairL_Remake_3_0,3_0,3998,M2TTTAJWjYfRb62Nt
  PAPER LANTERN  ,Natural wood,NA,Spring,Paper,No,No,Yes,1,780,195,Beige,Pink,1x1,NA,Nook's Cranny,Available in Nook's Cranny (either upgrade tier) in the unique furniture slot,1.0.0,zen-style,None,None,None,Yes,Lamp,No,Does not play music,Candle,For sale,FtrLampJapan_Remake_0_1,0_1,725,iBoem6PeGa9QAtguD
    wooden mini table    ,White wood,Paint color,None,Tablecloth,Yes,Yes,Yes,2,NFS,,White,White,1x1,NA,Crafting,,1.0.0,child's room,living room,wooden,None,No,Table,No,Does not play music,No lighting,Not for sale,FtrWoodenTableMini_Remake_1_0,1_0,7133,vS5bFXK89ZkYyRgGb
    WOODEN TABLE    ,Blue,Paint color,None,Tablecloth,Yes,Yes,Yes,4,NFS,1800,Blue,Blue,2x2,NA,Crafting,,1.0.0,child's room,living room,wooden,None,No,Table,No,Does not play music,No lighting,Not for sale,FtrWoodenTableL_Remake_6_0,6_0,3439,yWS3E9EWH9Pj2fJdZ
EFFECTS RACK,Orange,NA,Chic logo,Sticker area,No,No,Yes,3,6800,1700,Yellow,White,1x1,NA,Nook's Cranny,"Available in Nook's Cranny (upgraded only), in the unique furniture slot",1.0.0,concert,facility,None,None,No,Musical Instrument,No,Does not play music,No lighting,For sale,FtrEffectorrack_Remake_2_2,2_2,950,G4e7HDAZe5FRwgqDM
termite mound,NA,NA,NA,NA,No,No,No,NA,NFS,,Beige,Beige,1x1,NA,Bug-Off,,1.0.0,garden,facility,None,None,No,Ranch,Yes,Does not play music,No lighting,Not for sale,FtrAnthill,NA,3415,eoK3quTFZgJxoxoJH
golf bag,Red,NA,NA,NA,No,No,No,NA,54000,13500,Red,Red,1x1,NA,Nook's Cranny,"Available in Nook's Cranny (upgraded only), in the third unique furniture slot",1.0.0,fitness,None,None,None,No,Sports,No,Does not play music,No lighting,For sale,FtrGolfbag_Remake_0_0,0_0,1632,pz7BTNdScQ5rkmLge
    GOLDEN TOILET    ,NA,NA,NA,NA,Yes,No,No,NA,NFS,60000,Yellow,Yellow,1x1,NA,Crafting,,1.0.0,bathroom,expensive,golden,None,Yes,Toilet,No,Does not play music,No lighting,Not for sale,FtrGoldWC,NA,3472,sFf2dJ75yEnnh4iwQ
OUTDOOR TABLE,White,NA,White,Table,No,No,Yes,1,2200,550,Gray,White,2x1,NA,Nook's Cranny,Available in Nook's Cranny (either upgrade tier) in the unique furniture slot,1.0.0,outdoors,None,None,None,No,Table,Yes,Does not play music,No lighting,For sale,FtrOutdoortableM_Remake_0_0,0_0,3946,qprLkJLPDewsSEtaj
  teacup ride  ,Cool,NA,NA,NA,No,No,No,NA,NFS,,Black,Red,3x3,5000,Nook Miles Shop,,1.0.0,facility,fancy,None,None,Yes,Playground,Yes,Does not play music,No lighting,Not for sale,FtrTurncup_Remake_3_0,3_0,1507,cgYtT3mXX5hBc4vPf
  log extra-long sofa  ,White birch,Lumber type,Geometric print,Cushions,Yes,No,Yes,4,NFS,,White,Colorful,2x1,NA,Crafting,,1.0.0,garden,living room,log,None,Yes,Sofa,No,Does not play music,No lighting,Not for sale,FtrLogSofaL_Remake_3_2,3_2,4044,zAwKEyDMN8NtC9mpG
SHELL TABLE,Pink,Shell color,NA,NA,Yes,Yes,No,4,NFS,2280,Pink,Pink,2x2,NA,Crafting,,1.0.0,ocean,None,shell,None,No,Table,Yes,Does not play music,No lighting,Not for sale,FtrShellTableL_Remake_2_0,2_0,3980,KamLStHNFkjDxyvwD
  plain wooden shop sign  ,Natural,Sign,Pet,Flier,Yes,Yes,Yes,2,NFS,720,Beige,White,1x1,NA,Crafting,,1.0.0,garden,None,None,None,No,Vehicle,Yes,Does not play music,No lighting,Not for sale,FtrSignWood_Remake_0_0,0_0,3692,qFZwvxgs8i49iGyvi
KITCHEN ISLAND,White,NA,NA,NA,No,No,No,NA,170000,42500,White,White,2x2,NA,Nook's Cranny,"Available in Nook's Cranny (upgraded only), in the third unique furniture slot",1.0.0,kitchen,expensive,None,None,No,Kitchen,No,Does not play music,No lighting,For sale,FtrKitchenIsland_Remake_0_0,0_0,998,rtLTfrfyEncyvRroG
  loft bed with desk  ,Brown,NA,Orange,Bedding,No,No,Yes,3,7700,1925,Red,Orange,2x1,NA,Nook's Cranny,"Available in Nook's Cranny (upgraded only), in the unique furniture slot",1.0.0,child's room,None,None,None,Yes,Desk,No,Does not play music,No lighting,For sale,FtrBeddesk_Remake_1_3,1_3,3621,QRJgM4hEM6ZgAKYAo
  BABY CHAIR  ,Pink,NA,Paw print,Cushion,No,No,Yes,1,1200,,Pink,Colorful,1x1,NA,Nook's Cranny,Available in Nook's Cranny (either upgrade tier) in the unique furniture slot,1.0.0,child's room,None,None,None,Yes,Chair,No,Does not play music,No lighting,For sale,FtrBabychair_Remake_1_4,1_4,3305,ihucEvtrsesPCYZB2
    stall    ,Light brown,Variation,Green stripes,Curtain,Yes,Yes,Yes,3,,1440,Yellow,Green,2x1,NA,Crafting,,1.0.0,shop,party,None,None,No,Shop,Yes,Does not play music,No lighting,Not for sale,FtrFloat_Remake_2_1,2_1,3617,kZXFrJuasrY23dnPq
  writing desk  ,Natural,NA,NA,NA,No,No,No,NA,,,Beige,Beige,2x1,NA,Nook's Cranny,Available in Nook's Cranny (either upgrade tier) in the unique furniture slot,1.0.0,child's room,None,None,writing,Yes,Desk,No,Does not play music,Monitor,For sale,FtrStudyDesk_Remake_0_0,0_0,3701,FxaQnCYS8aKJpPduB
angled signpost,Home,Navigation,NA,NA,Yes,Yes,No,1,NFS,,Beige,Brown,1x1,NA,Crafting,,1.0.0,garden,None,None,None,No,Vehicle,Yes,Does not play music,No lighting,Not for sale,FtrSignpostTilt_Remake_0_0,0_0,7867,kzirasu23o7Xwz8Cg
  PET BED  ,Dark brown,NA,Moss green,Cushion,No,No,Yes,1,1100,275,Brown,Green,1x1,NA,Nook's Cranny,Available in Nook's Cranny (either upgrade tier) in the unique furniture slot,1.0.0,living room,None,None,pet,Yes,Chair,No,Does not play music,No lighting,For sale,FtrPetBed_Remake_1_1,1_1,7802,JJHeTfa2hpBBRZbnR
    PLAIN SINK    ,Natural,Design,NA,NA,Yes,Yes,No,4,NFS,2270,Yellow,White,1x1,NA,Crafting,,1.0.0,bathroom,None,None,None,Yes,Bathroom Things,No,Does not play music,No lighting,Not for sale,FtrWashstandBowl_Remake_0_0,0_0,3683,Xc4GCRxyoPLmPnJJd
outdoor bench,White,NA,Dark wood,Seat,No,No,Yes,1,,325,Gray,Brown,2x1,NA,Nook's Cranny,Available in Nook's Cranny (either upgrade tier) in the unique furniture slot,1.0.0,outdoors,None,None,None,Yes,Sofa,Yes,Does not play music,No lighting,For sale,FtrOutdoorchairM_Remake_0_6,0_6,3947,vMhBcGC3GutWtEkTz
kettle bathtub,NA,NA,NA,NA,Yes,No,No,NA,,6270,Black,Gray,1.5x1.5,NA,Crafting,,1.0.0,zen-style,bathroom,None,None,Yes,Bathtub,Yes,Does not play music,No lighting,Not for sale,FtrGoemonburo,NA,4008,zYaneqiibuFWu96uc
  wooden table  ,Light wood,Paint color,None,Tablecloth,Yes,Yes,Yes,4,NFS,1800,Beige,Beige,2x2,NA,Crafting,,1.0.0,child's room,living room,wooden,None,No,Table,No,Does not play music,No lighting,Not for sale,FtrWoodenTableL_Remake_0_0,0_0,3439,bbA5qfeqXhMpcdfuc
  LOG CHAIR  ,White wood,Lumber type,Bears,Cushion,Yes,Yes,Yes,3,NFS,960,Beige,Brown,1x1,NA,Crafting,,1.0.0,garden,living room,log,None,Yes,Sofa,No,Does not play music,No lighting,Not for sale,FtrLogSofaS_Remake_2_3,2_3,4039,Sm2H2LGfXSwcy2igK
ZEN CUSHION,NA,NA,Deep blue,Upholstery,No,No,Yes,1,500,125,Blue,Blue,1x1,NA,Nook's Cranny,Available in Nook's Cranny (either upgrade tier) in the unique furniture slot,1.0.0,zen-style,living room,None,None,Yes,Chair,No,Does not play music,No lighting,For sale,FtrCushionJapan_Remake_0_0,0_0,7047,GkfQgQzsy4JM4ifnR
    western-style stone    ,Mossy,Stone,NA,NA,Yes,Yes,No,6,NFS,4500,Green,Yellow,2x1,NA,Crafting,,1.0.0,garden,horror,None,None,No,Garden,Yes,Does not play music,No lighting,Not for sale,FtrGravestoneEuropean_Remake_4_0,4_0,3446,nJBMWfe54LyySYzYb
  rattan wardrobe  ,Reddish brown,NA,NA,NA,No,No,No,NA,6900,,Orange,Orange,1x1,NA,Nook's Cranny,"Available in Nook's Cranny (upgraded only), in the unique furniture slot",1.0.0,living room,None,rattan,None,Wardrobe,Chest,No,Does not play music,No lighting,For sale,FtrRattanClosetLR_Remake_1_0,1_0,4049,5hduGdnzzF57SAS3E
  floor lamp  ,Black,NA,Yellow design,Lampshade,No,No,Yes,1,1400,350,Black,Yellow,1x1,NA,Nook's Cranny,"Available in Nook's Cranny (upgraded only), in the unique furniture slot",1.0.0,living room,None,None,None,Yes,Lamp,No,Does not play music,Fluorescent,For sale,FtrLamp_Remake_3_4,3_4,2561,QbwcjMPQScifahyGf
  WOODEN MINI TABLE  ,White wood,Paint color,Green,Tablecloth,Yes,Yes,Yes,2,NFS,,White,Green,1x1,NA,Crafting,,1.0.0,child's room,living room,wooden,None,No,Table,No,Does not play music,No lighting,Not for sale,FtrWoodenTableMini_Remake_1_4,1_4,7133,GBG9bJv3yW29PDHfp
electric guitar,Cosmo black,NA,None,Sticker area,No,No,Yes,7,71000,17750,Black,Black,1x1,NA,Nook's Cranny,"Available in Nook's Cranny (upgraded only), in the third unique furniture slot",1.0.0,concert,None,None,None,Yes,Musical Instrument,No,Does not play music,No lighting,For sale,FtrElectricguitar2_Remake_6_0,6_0,1645,QpaiuQrifw8iSfG7C
FROZEN PILLAR,Ice purple,Illumination,NA,NA,Yes,Yes,No,7,NFS,6200,Purple,Purple,1x1,NA,Crafting,,1.0.0,freezing cold,None,frozen,None,No,Seasonal Decor,Yes,Does not play music,No lighting,Not for sale,FtrIcePillar_Remake_6_0,6_0,3500,fxM9GtAAMr7CvFpfo
  beach chair  ,Blue,NA,NA,NA,No,No,No,NA,,230,Blue,Light blue,2x1,NA,Nook's Cranny,Available in Nook's Cranny (either upgrade tier) in the unique furniture slot,1.0.0,ocean,None,None,None,Yes,Bed,Yes,Does not play music,No lighting,For sale,FtrBeachbed_Remake_2_0,2_0,664,FPtBiEinuz7h58TDJ
    TOILET    ,White,NA,NA,NA,No,No,No,NA,,1100,White,White,1x1,NA,Nook's Cranny,"Available in Nook's Cranny (upgraded only), in the unique furniture slot",1.0.0,bathroom,None,None,None,Yes,Toilet,No,Does not play music,No lighting,For sale,FtrWC_Remake_0_0,0_0,1929,ZAQcPCPQmFNopT7Wi
electric guitar,Cosmo black,NA,Rock logo,Sticker area,No,No,Yes,7,71000,17750,Black,Purple,1x1,NA,Nook's Cranny,"Available in Nook's Cranny (upgraded only), in the third unique furniture slot",1.0.0,concert,None,None,None,Yes,Musical Instrument,No,Does not play music,No lighting,For sale,FtrElectricguitar2_Remake_6_3,6_3,1645,F8CSXAsSw7fPgCPs5
  ZEN-STYLE STONE  ,Black granite,Stone,NA,NA,Yes,Yes,No,6,NFS,4500,Black,Black,1x1,NA,Crafting,,1.0.0,zen-style,horror,None,None,No,Japanese Style,Yes,Does not play music,No lighting,Not for sale,FtrGravestoneJapan_Remake_2_0,2_0,7317,nrzjikKKpni7sAMir
  outdoor table  ,White,NA,Black,Table,No,No,Yes,1,2200,550,Gray,Black,2x1,NA,Nook's Cranny,Available in Nook's Cranny (either upgrade tier) in the unique furniture slot,1.0.0,outdoors,None,None,None,No,Table,Yes,Does not play music,No lighting,For sale,FtrOutdoortableM_Remake_0_1,0_1,3946,LQnoGSeFctApeYMQo
  loft bed with desk  ,Orange,NA,Red stripes,Bedding,No,No,Yes,3,7700,,Orange,Colorful,2x1,NA,Nook's Cranny,"Available in Nook's Cranny (upgraded only), in the unique furniture slot",1.0.0,child's room,None,None,None,Yes,Desk,No,Does not play music,No lighting,For sale,FtrBeddesk_Remake_5_7,5_7,3621,Re4cZMLEj7d6Y84X4
  TATAMI BED  ,Dark brown,NA,NA,NA,No,No,No,NA,2800,700,Brown,Green,2x1,NA,Nook's Cranny,Available in Nook's Cranny (either upgrade tier) in the unique furniture slot,1.0.0,zen-style,None,None,None,Yes,Bed,No,Does not play music,No lighting,For sale,FtrTatamiBedS_Remake_0_0,0_0,7391,6uhkRREixQMvuKsnH
  MUSH LOG  ,Red mushroom,Mushroom type,NA,NA,Yes,Yes,No,3,NFS,1680,Brown,Red,1x1,NA,Crafting,,1.0.0,facility,garden,mush,None,No,Desk,Yes,Does not play music,No lighting,Not for sale,FtrMushroomPulpwood_Remake_3_0,3_0,3808,aFRu4hJzbNMTaihGk
  WOODEN TABLE  ,Blue,Paint color,Green,Tablecloth,Yes,Yes,Yes,4,NFS,1800,Blue,Green,2x2,NA,Crafting,,1.0.0,child's room,living room,wooden,None,No,Table,No,Does not play music,No lighting,Not for sale,FtrWoodenTableL_Remake_6_4,6_4,3439,gF2HXcoWF4hRmT757
  POPCORN MACHINE  ,Black,NA,NA,NA,No,No,No,NA,4900,,Black,Yellow,1x1,NA,Nook's Cranny,Available in Nook's Cranny (either upgrade tier) in the unique furniture slot,1.0.0,facility,party,None,None,Yes,Shop,Yes,Does not play music,No lighting,For sale,FtrPopcornmachine_Remake_4_0,4_0,1092,KPJuYBPEiZ7ypPQ7y
WOODEN-BLOCK TABLE,Mixed wood,Block color,NA,NA,Yes,Yes,No,2,,1320,Brown,Black,2x2,NA,Crafting,,1.0.0,child's room,None,wooden block,None,No,Table,No,Does not play music,No lighting,Not for sale,FtrBlockTableL_Remake_1_0,1_0,1565,7W3h5KyvJyQpba4jL
lifeguard chair,Yellow,NA,NA,NA,No,No,No,NA,NFS,5000,Yellow,White,1x1,1000,Nook Miles Shop,,1.0.0,ocean,None,None,None,No,Seaside,Yes,Does not play music,No lighting,Not for sale,FtrMonitoringchair_Remake_2_0,2_0,3345,4o9f3CQayxswGrYhG
    LOFT BED WITH DESK    ,Orange,NA,White,Bedding,No,No,Yes,3,,,Orange,White,2x1,NA,Nook's Cranny,"Available in Nook's Cranny (upgraded only), in the unique furniture slot",1.0.0,child's room,None,None,None,Yes,Desk,No,Does not play music,No lighting,For sale,FtrBeddesk_Remake_5_0,5_0,3621,zZzagJQFd7wfQPWQB
tulip surprise box,White,Flower color,NA,NA,Yes,Yes,No,2,,760,White,Green,1x1,NA,Crafting,,1.0.0,child's room,fancy,flowers,None,Yes,Toy,No,Does not play music,No lighting,Not for sale,FtrFlowerSurprisedbox_Remake_1_0,1_0,7231,TPjTKeedynrRv9rGk
vintage tv tray,Copper,NA,White,Tray,No,No,Yes,1,1200,,Brown,White,1x1,NA,Nook's Cranny,Available in Nook's Cranny (either upgrade tier) in the unique furniture slot,1.0.0,living room,None,None,None,No,Table,No,Does not play music,No lighting,For sale,FtrTVtray_Remake_2_2,2_2,4445,Z7PtuTsgX3ZSoPShF
    COTTON-CANDY STALL    ,Blue,NA,NA,NA,No,No,No,NA,,,White,Blue,2x1,3000,Nook Miles Shop,,1.0.0,fancy,party,None,None,Yes,Shop,Yes,Does not play music,No lighting,Not for sale,FtrCottoncandymachine_Remake_1_0,1_0,4412,f9hTzDcwC4RX9xPxZ
rattan end table,Reddish brown,NA,NA,NA,No,No,No,NA,4300,,Orange,Orange,1x1,NA,Nook's Cranny,"Available in Nook's Cranny (upgraded only), in the unique furniture slot",1.0.0,living room,None,rattan,None,No,Table,No,Does not play music,No lighting,For sale,FtrRattanTableS_Remake_1_0,1_0,4046,X9FBQb689T2kqB4xC
  baby chair  ,Red,NA,Paw print,Cushion,No,No,Yes,1,1200,300,Red,Colorful,1x1,NA,Nook's Cranny,Available in Nook's Cranny (either upgrade tier) in the unique furniture slot,1.0.0,child's room,None,None,None,Yes,Chair,No,Does not play music,No lighting,For sale,FtrBabychair_Remake_0_4,0_4,3305,imMXebxofRWTiDB2y
  WOODEN TABLE  ,Blue,Paint color,Pink,Tablecloth,Yes,Yes,Yes,4,NFS,,Blue,Pink,2x2,NA,Crafting,,1.0.0,child's room,living room,wooden,None,No,Table,No,Does not play music,No lighting,Not for sale,FtrWoodenTableL_Remake_6_2,6_2,3439,aw5enrNA6SqDC97Mz
    frozen bed    ,Ice yellow,Illumination,White,Bedding,Yes,Yes,Yes,8,NFS,9000,Yellow,White,2x2,NA,Crafting,,1.0.0,freezing cold,None,frozen,None,Yes,Bed,Yes,Does not play music,No lighting,Not for sale,FtrIceBedW_Remake_3_1,3_1,3502,HWedFbsABpYeHcDK4
  EXERCISE BALL  ,Pink,NA,NA,NA,No,No,No,NA,,275,Pink,Pink,1x1,NA,Nook's Cranny,Available in Nook's Cranny (either upgrade tier) in the unique furniture slot,1.0.0,fitness,office,None,None,Yes,Sports,No,Does not play music,No lighting,For sale,FtrBalanceball_Remake_1_0,1_0,1598,62diNzf8rHWRxoutE
    poolside bed    ,Light brown,NA,Blue,Bed mat,No,No,Yes,2,3400,,Beige,Blue,2x1,NA,Nook's Cranny,"Available in Nook's Cranny (upgraded only), in the unique furniture slot",1.0.0,ocean,expensive,None,None,Yes,Bed,Yes,Does not play music,No lighting,For sale,FtrPoolsidebed_Remake_0_2,0_2,4102,yPCxbFziEK7FjwqTz
  SHELL FOUNTAIN  ,Pink,Shell color,NA,NA,Yes,Yes,No,7,NFS,9450,Pink,Pink,1.5x1.5,NA,Crafting,,1.0.0,ocean,expensive,shell,None,Yes,Playground,Yes,Does not play music,No lighting,Not for sale,FtrShellFountain_Remake_2_0,2_0,3982,fCvctLtg9Yzwi2AJo
  WOODEN STOOL  ,Cherry wood,Paint color,None,Seat,Yes,Yes,Yes,2,NFS,480,Orange,Orange,1x1,NA,Crafting,,1.0.0,child's room,living room,wooden,None,Yes,Chair,No,Does not play music,No lighting,Not for sale,FtrWoodenStoolS_Remake_2_0,2_0,3449,Lsm4hiEMEZjxY4hSQ
    changing room    ,Blue,NA,Blue,Curtain,No,No,Yes,2,,,Blue,Light blue,1x1,NA,Nook's Cranny,"Available in Nook's Cranny (upgraded only), in the unique furniture slot",1.0.0,shop,facility,None,None,Wardrobe,Shop,No,Does not play music,No lighting,For sale,FtrFittingroom_Remake_5_7,5_7,1816,AnJMEYY3Sq8ztgZLr
floor lamp,Natural,NA,Pink,Lampshade,No,No,Yes,1,,350,Beige,Pink,1x1,NA,Nook's Cranny,"Available in Nook's Cranny (upgraded only), in the unique furniture slot",1.0.0,living room,None,None,None,Yes,Lamp,No,Does not play music,Fluorescent,For sale,FtrLamp_Remake_0_2,0_2,2561,FXvypZuTSERWKgQjD
wooden double bed,Light wood,Paint color,Pink,Bedding,Yes,Yes,Yes,6,NFS,3600,Beige,Pink,2x2,NA,Crafting,,1.0.0,child's room,living room,wooden,None,Yes,Bed,No,Does not play music,No lighting,Not for sale,FtrWoodenBedW_Remake_0_1,0_1,7132,o7zB6xZoegog77DjS
    WOODEN DOUBLE BED    ,Black,Paint color,Pink,Bedding,Yes,Yes,Yes,6,NFS,,Black,Pink,2x2,NA,Crafting,,1.0.0,child's room,living room,wooden,None,Yes,Bed,No,Does not play music,No lighting,Not for sale,FtrWoodenBedW_Remake_4_1,4_1,7132,ntFt8vLgQTz4nkMwr
    drink machine    ,Pink,NA,Sports drink,Advertisement panel,No,No,Yes,7,,10000,Pink,Light blue,1x1,2000,Nook Miles Shop,,1.0.0,shop,facility,None,None,Yes,Facility Decor,Yes,Does not play music,Monitor,Not for sale,FtrDrinkmachine_Remake_5_1,5_1,1802,KKNbtA4LAciMe2hB8
    refrigerator    ,Silver,NA,None,Sticker area,No,No,Yes,2,5100,1275,Gray,Gray,1x1,NA,Nook's Cranny,"Available in Nook's Cranny (upgraded only), in the unique furniture slot",1.0.0,kitchen,shop,None,None,Wardrobe,Home Appliances,No,Does not play music,No lighting,For sale,FtrRefrigerator_Remake_7_0,7_0,2713,CpzMv6HyXRh8SLftm
    DOUBLE SOFA    ,White,NA,NA,NA,No,No,No,NA,4300,1075,White,White,2x1,NA,Nook's Cranny,Available in Nook's Cranny (either upgrade tier) in the unique furniture slot,1.0.0,living room,None,None,None,Yes,Sofa,No,Does not play music,No lighting,For sale,FtrSofaL_Remake_4_0,4_0,2554,DrPRBrfarLR5Dg3hn
  TREADMILL  ,Blue,NA,NA,NA,No,No,No,NA,64000,16000,Blue,Black,2x1,NA,Nook's Cranny,"Available in Nook's Cranny (upgraded only), in the third unique furniture slot",1.0.0,fitness,None,None,None,Yes,Sports,No,Does not play music,No lighting,For sale,FtrRunningmachine_Remake_2_0,2_0,290,9W4nececNgDoAAcSa
    imperial dining table    ,Red,NA,NA,NA,No,No,No,NA,73000,,Red,Colorful,2x2,NA,Nook's Cranny,"Available in Nook's Cranny (upgraded only), in the third unique furniture slot",1.0.0,shop,zen-style,None,imperial dining,Yes,Table,No,Does not play music,No lighting,For sale,FtrLazysusan_Remake_0_0,0_0,7796,dc6hbmqv3dysCfYCk
CARDBOARD BED,Plain,Cardboard,NA,NA,Yes,Yes,No,1,NFS,240,Yellow,Yellow,2x1,NA,Crafting,,1.0.0,garage,None,cardboard,None,Yes,Bed,No,Does not play music,No lighting,Not for sale,FtrCardboardBedS_Remake_0_0,0_0,7161,kmCyzX6mPQaGfXMtN
    BLOSSOM-VIEWING LANTERN    ,Dark wood,Body color,NA,NA,Yes,Yes,No,4,,2880,Brown,Pink,1x1,NA,Crafting,,1.0.0,zen-style,None,cherry blossoms,None,Yes,Lamp,Yes,Does not play music,Fluorescent,Not for sale,FtrSakuraLantern_Remake_0_0,0_0,6831,JdhjW3iq3t4P54BFe
  Mr. Flamingo  ,Natural,NA,NA,NA,No,No,No,NA,,750,Pink,Pink,1x1,NA,Nook's Cranny,Available in Nook's Cranny (either upgrade tier) in the unique furniture slot,1.0.0,garden,fancy,None,None,No,Animal,Yes,Does not play music,No lighting,For sale,FtrFlamingoMale_Remake_0_0,0_0,335,FgWdsFovNtHJWtzwY
SHELL PARTITION,Yellow,Shell color,NA,NA,Yes,Yes,No,7,NFS,,Yellow,Yellow,2x1,NA,Crafting,,1.0.0,ocean,None,shell,None,No,Screen,Yes,Does not play music,No lighting,Not for sale,FtrShellScreen_Remake_3_0,3_0,3978,pmmiQ5oDwsfYQRtyx
    writing chair    ,Dark brown,NA,Yellow,Seat,No,No,Yes,1,1700,425,Brown,Yellow,1x1,NA,Nook's Cranny,Available in Nook's Cranny (either upgrade tier) in the unique furniture slot,1.0.0,child's room,None,None,writing,Yes,Chair,No,Does not play music,No lighting,For sale,FtrStudyChair_Remake_2_0,2_0,3702,8PnmhmrrdNXJ6H4wC
    oil barrel    ,Damaged,NA,NA,NA,No,No,No,NA,650,,Brown,Brown,1x1,NA,Nook's Cranny,"Available in all tiers of shops, including Timmy & Tommy before the shop is opened",1.0.0,garage,None,None,None,No,Vehicle,Yes,Does not play music,No lighting,For sale,FtrDrumcan_Remake_7_0,7_0,1567,iBH8Y2jpScJXkbdpc
    ELECTRIC GUITAR    ,Cosmo black,NA,Chic logo,Sticker area,No,No,Yes,7,71000,17750,Black,White,1x1,NA,Nook's Cranny,"Available in Nook's Cranny (upgraded only), in the third unique furniture slot",1.0.0,concert,None,None,None,Yes,Musical Instrument,No,Does not play music,No lighting,For sale,FtrElectricguitar2_Remake_6_2,6_2,1645,fDZZ3NpNk4rz6fcza
  WOODEN STOOL  ,Blue,Paint color,Pink,Seat,Yes,Yes,Yes,2,NFS,,Blue,Pink,1x1,NA,Crafting,,1.0.0,child's room,living room,wooden,None,Yes,Chair,No,Does not play music,No lighting,Not for sale,FtrWoodenStoolS_Remake_6_2,6_2,3449,p9Ksb3eQEzuiW9p6E
  FAN  ,Pink,NA,NA,NA,No,No,No,NA,1700,,Red,Red,1x1,NA,Nook's Cranny,Available in Nook's Cranny (either upgrade tier) in the unique furniture slot,1.0.0,living room,child's room,None,None,Yes,Fan,No,Does not play music,No lighting,For sale,FtrFan_Remake_3_0,3_0,3820,xeYmGE26Cmkq9EYfp
    parabolic antenna    ,Red logo,NA,NA,NA,No,No,No,NA,,,White,Red,3x3,4000,Nook Miles Shop,,1.0.0,facility,None,None,None,Yes,Outdoors Decor,Yes,Does not play music,No lighting,Not for sale,FtrParabolicantenna_Remake_1_0,1_0,2352,XoR378pNimPKhmskR
    paper lantern    ,Dark wood,NA,Winter,Paper,No,No,Yes,1,780,195,Brown,Gray,1x1,NA,Nook's Cranny,Available in Nook's Cranny (either upgrade tier) in the unique furniture slot,1.0.0,zen-style,None,None,None,Yes,Lamp,No,Does not play music,Candle,For sale,FtrLampJapan_Remake_1_4,1_4,725,2KGsDZaMzdLF8cAF4
    birdhouse    ,Natural,Paint color,NA,NA,Yes,Yes,No,2,,840,Brown,Yellow,1x1,NA,Crafting,,1.0.0,garden,None,None,None,No,Animal,Yes,Does not play music,No lighting,Not for sale,FtrBirdhouse_Remake_0_0,0_0,333,mGicBAvZMQ4x4aeyh
  plain wooden shop sign  ,White,Sign,Pet,Flier,Yes,Yes,Yes,2,NFS,720,White,White,1x1,NA,Crafting,,1.0.0,garden,None,None,None,No,Vehicle,Yes,Does not play music,No lighting,Not for sale,FtrSignWood_Remake_1_0,1_0,3692,ksm5Chgd9za9XYboi
    refrigerator    ,Black,NA,None,Sticker area,No,No,Yes,2,5100,,Black,Black,1x1,NA,Nook's Cranny,"Available in Nook's Cranny (upgraded only), in the unique furniture slot",1.0.0,kitchen,shop,None,None,Wardrobe,Home Appliances,No,Does not play music,No lighting,For sale,FtrRefrigerator_Remake_6_0,6_0,2713,6BFrWuGktGFRNToJz
  ILLUMINATED PRESENT  ,Pink with green ribbon,Light color,NA,NA,Yes,Yes,No,4,,2950,Pink,Green,1x1,NA,Crafting,,1.0.0,party,fancy,festive,None,Yes,Seasonal Decor,Yes,Does not play music,Fluorescent,Not for sale,FtrIllumiPresent_Remake_1_0,1_0,4108,BvDE932P46wPWRT7j
  cute floor lamp  ,White,NA,NA,NA,No,No,No,NA,,875,White,Pink,1x1,NA,Nook's Cranny,"Available in Nook's Cranny (upgraded only), in the unique furniture slot",1.0.0,fancy,None,cute,None,Yes,Lamp,No,Does not play music,Fluorescent,For sale,FtrCuteLamp_Remake_0_0,0_0,4002,a5RzgbET6vvZauvgt
  fan  ,Black,NA,NA,NA,No,No,No,NA,1700,425,Black,Black,1x1,NA,Nook's Cranny,Available in Nook's Cranny (either upgrade tier) in the unique furniture slot,1.0.0,living room,child's room,None,None,Yes,Fan,No,Does not play music,No lighting,For sale,FtrFan_Remake_1_0,1_0,3820,PsQbLrRXNv9r94CZ5
    upright locker    ,Black,NA,Pop,Sticker area,No,No,Yes,2,,925,Black,Colorful,1x1,NA,Nook's Cranny,Available in Nook's Cranny (either upgrade tier) in the unique furniture slot,1.0.0,school,facility,None,None,Wardrobe,Chest,No,Does not play music,No lighting,For sale,FtrLocker_Remake_2_3,2_3,833,8qsAqRbma7FbcXcxF
  BUNNY DAY ARCH  ,NA,NA,NA,NA,Yes,No,No,NA,NFS,,Colorful,Colorful,3x1,NA,Crafting,,1.1.0a,fancy,party,Bunny Day,None,No,Arch,No,Does not play music,No lighting,Not for sale,FtrEggArch,NA,12398,akQ7LJZftZ5ogRJqe
    FLOOR SEAT    ,Natural,NA,Deep blue,Cushion,No,No,Yes,1,,182,Brown,Blue,1x1,NA,Nook's Cranny,Available in Nook's Cranny (either upgrade tier) in the unique furniture slot,1.0.0,zen-style,child's room,None,None,Yes,Chair,No,Does not play music,No lighting,For sale,FtrFloorchair_Remake_0_3,0_3,3622,KD9tGwfbJNqSJK64b
  sand castle  ,Natural sand,NA,NA,NA,No,No,No,NA,,525,Orange,Red,1x1,NA,Nook's Cranny,Available in Nook's Cranny (either upgrade tier) in the unique furniture slot,1.0.0,ocean,garden,None,None,No,Seaside,Yes,Does not play music,No lighting,For sale,FtrSandcastle_Remake_0_0,0_0,1117,i7RJv2qPab5Pucaz2
    hay bed    ,Brown,Hay condition,NA,NA,Yes,Yes,No,1,NFS,400,Yellow,Yellow,2x1,NA,Crafting,,1.0.0,garden,None,None,None,Yes,Bed,Yes,Does not play music,No lighting,Not for sale,FtrHaybed_Remake_0_0,0_0,3675,xsuzxFctY9Aqr55ck
    palm-tree lamp    ,Tropical,Variation,NA,NA,Yes,Yes,No,5,,3280,Yellow,Green,1.5x1.5,NA,Crafting,,1.0.0,ocean,None,None,None,Yes,Lamp,Yes,Does not play music,Fluorescent,Not for sale,FtrPalmtreelamp_Remake_1_0,1_0,7259,JAgNduw4XizKA2M2j
  digital scale  ,Green,NA,Black stripes,Design,No,No,Yes,1,930,,Green,Gray,1x1,NA,Nook's Cranny,Available in Nook's Cranny (either upgrade tier) in the unique furniture slot,1.0.0,bathroom,None,None,None,No,Bathroom Things,No,Does not play music,No lighting,For sale,FtrWeightscale_Remake_5_3,5_3,3307,89WRQ5pEBoJXrCJvr
  lawn mower  ,Red,NA,NA,NA,No,No,No,NA,2900,725,Red,White,1x1,NA,Nook's Cranny,Available in Nook's Cranny (either upgrade tier) in the unique furniture slot,1.0.0,garden,None,None,None,No,Garden,Yes,Does not play music,No lighting,For sale,FtrLawnmower_Remake_0_0,0_0,338,eun7RrZhpSYkNrdfB
  floor seat  ,Dark wood,NA,Pale grass green,Cushion,No,No,Yes,1,,182,Red,Green,1x1,NA,Nook's Cranny,Available in Nook's Cranny (either upgrade tier) in the unique furniture slot,1.0.0,zen-style,child's room,None,None,Yes,Chair,No,Does not play music,No lighting,For sale,FtrFloorchair_Remake_2_0,2_0,3622,FAcxLtbtKSERoDjHP
    SERVING CART    ,Brown,NA,NA,NA,No,No,No,NA,,325,Brown,Brown,1x1,NA,Nook's Cranny,Available in Nook's Cranny (either upgrade tier) in the unique furniture slot,1.0.0,kitchen,shop,None,None,No,Kitchen Things,No,Does not play music,No lighting,For sale,FtrServingcart_Remake_1_0,1_0,1606,YJY35LRvtezzx7edn
  oil-barrel bathtub  ,Green,Barrel color,NA,NA,Yes,Yes,No,1,,,Green,Green,1x1,NA,Crafting,,1.0.0,bathroom,None,None,None,Yes,Bathtub,Yes,Does not play music,No lighting,Not for sale,FtrDrumcanbath_Remake_1_0,1_0,3819,MGiqeTxYM6pPPFsYw
  diner counter chair  ,Red,NA,NA,NA,No,No,No,NA,1100,,Gray,Red,1x1,NA,Nook's Cranny,"Available in Nook's Cranny (upgraded only), in the unique furniture slot",1.0.0,shop,None,diner,None,Yes,Chair,No,Does not play music,No lighting,For sale,FtrAmeretroCounterchair_Remake_0_0,0_0,4138,u7mxp2iojhAh5eTfq
    WOODEN-BLOCK BENCH    ,Colorful,Block color,NA,NA,Yes,Yes,No,2,NFS,840,Yellow,Colorful,2x1,NA,Crafting,,1.0.0,child's room,None,wooden block,None,Yes,Sofa,No,Does not play music,No lighting,Not for sale,FtrBlockChairL_Remake_2_0,2_0,1559,Cr6BYFDtEJZFd99Jh
simple panel,Copper,NA,Lattice,Panel design,No,No,Yes,1,,202,Brown,White,1x0.5,NA,Nook's Cranny,Available in Nook's Cranny (either upgrade tier) in the unique furniture slot,1.0.0,facility,None,None,None,No,Screen,No,Does not play music,No lighting,For sale,FtrScreenSimple_Remake_5_4,5_4,5338,FqNKL8TTL3rN6LcS9
    zen cushion    ,NA,NA,Deep green,Upholstery,No,No,Yes,1,,,Green,Green,1x1,NA,Nook's Cranny,Available in Nook's Cranny (either upgrade tier) in the unique furniture slot,1.0.0,zen-style,living room,None,None,Yes,Chair,No,Does not play music,No lighting,For sale,FtrCushionJapan_Remake_0_3,0_3,7047,AtezcjgkcyTANyfPu
  ironwood bed  ,Teak,Lumber type,Brown,Bedding,Yes,Yes,Yes,8,NFS,9900,Orange,Brown,2x1,NA,Crafting,,1.0.0,living room,None,ironwood,None,Yes,Bed,No,Does not play music,No lighting,Not for sale,FtrIronwoodBedS_Remake_1_2,1_2,3200,H8uw4eh7Qzqc4CFMS
  FLOWER STAND  ,White,Variation,NA,NA,Yes,Yes,No,4,NFS,2880,White,Green,1.5x1.5,NA,Crafting,,1.0.0,party,None,None,None,No,Plants,No,Does not play music,No lighting,Not for sale,FtrStandflower_Remake_6_0,6_0,7527,PMaHt86wJE9MtfKhB
  dj's turntable  ,Pink,NA,Handwritten logo,Flag,No,No,Yes,4,9300,,Pink,Light blue,2x1,NA,Nook's Cranny,"Available in Nook's Cranny (upgraded only), in the unique furniture slot",1.0.0,party,concert,None,None,Yes,Musical Instrument,No,Hi-fi,No lighting,For sale,FtrDJbooth_Remake_3_5,3_5,941,fDurnLfo99gTz4Mec
ROCK GUITAR,Cool blue,NA,Rock logo,Sticker area,No,No,Yes,2,3100,775,Blue,Purple,1x1,NA,Nook's Cranny,Available in Nook's Cranny (either upgrade tier) in the unique furniture slot,1.0.0,concert,None,None,None,Yes,Musical Instrument,No,Does not play music,No lighting,For sale,FtrElectricguitar1_Remake_7_3,7_3,1644,NveNGKWiTkPpHDJyK
  electric guitar  ,Cherry,NA,Emblem logo,Sticker area,No,No,Yes,7,,,Red,Green,1x1,NA,Nook's Cranny,"Available in Nook's Cranny (upgraded only), in the third unique furniture slot",1.0.0,concert,None,None,None,Yes,Musical Instrument,No,Does not play music,No lighting,For sale,FtrElectricguitar2_Remake_2_4,2_4,1645,5QJHByKWvdLJHyZDq
  cone  ,Reflective stripes,NA,NA,NA,No,No,No,NA,630,157,Red,White,1x1,NA,Nook's Cranny,Available in Nook's Cranny (either upgrade tier) in the unique furniture slot,1.0.0,facility,garage,None,None,No,Vehicle,Yes,Does not play music,No lighting,For sale,FtrPylon_Remake_6_0,6_0,146,P3c6RxCHxY96HbG93
mama bear,Choco,NA,Red stripes,Shirt,No,No,Yes,1,2300,,Brown,Red,1x1,NA,Nook's Cranny,Available in Nook's Cranny (either upgrade tier) in the unique furniture slot,1.0.0,fancy,child's room,None,bear,No,Animal,No,Does not play music,No lighting,For sale,FtrBearM_Remake_2_1,2_1,1500,SuvHqJo69uRSMjysi
    PARABOLIC ANTENNA    ,Green logo,NA,NA,NA,No,No,No,NA,NFS,20000,White,Green,3x3,4000,Nook Miles Shop,,1.0.0,facility,None,None,None,Yes,Outdoors Decor,Yes,Does not play music,No lighting,Not for sale,FtrParabolicantenna_Remake_2_0,2_0,2352,SjcMvuwygWbaubxJm
OUTDOOR TABLE,Blue,NA,Dark wood,Table,No,No,Yes,1,2200,,Blue,Brown,2x1,NA,Nook's Cranny,Available in Nook's Cranny (either upgrade tier) in the unique furniture slot,1.0.0,outdoors,None,None,None,No,Table,Yes,Does not play music,No lighting,For sale,FtrOutdoortableM_Remake_3_6,3_6,3946,deNb5KcsLXcY9wmMo
    SIMPLE PANEL    ,Black,NA,Lined panel,Panel design,No,No,Yes,1,810,202,Black,White,1x0.5,NA,Nook's Cranny,Available in Nook's Cranny (either upgrade tier) in the unique furniture slot,1.0.0,facility,None,None,None,No,Screen,No,Does not play music,No lighting,For sale,FtrScreenSimple_Remake_1_1,1_1,5338,EoTWNbECs76ZkdncC
    wedding head table    ,Chic,Design,NA,NA,No,Yes,No,1,3000,750,Beige,White,2x1,NA,Wedding Season,,1.2.0,party,expensive,wedding,None,No,Table,No,Does not play music,No lighting,Not for sale,FtrWeddingTableM_Remake_1_0,1_0,12404,87WEZHegNXS3Zk4Ag
WOODEN SIMPLE BED,Green,Paint color,Pink,Bedding,Yes,Yes,Yes,4,,2160,Green,Pink,2x1,NA,Crafting,,1.0.0,child's room,living room,wooden,None,Yes,Bed,No,Does not play music,No lighting,Not for sale,FtrWoodenBedS_Remake_5_1,5_1,2605,bMG9YRN3E6AdTKu9w
  pile of zen cushions  ,NA,NA,Crane,Upholstery,Yes,No,Yes,2,NFS,,Red,Red,1x1,NA,Crafting,,1.0.0,zen-style,living room,None,None,Yes,Chair,No,Does not play music,No lighting,Not for sale,FtrCushionJapanPile_Remake_0_5,0_5,7048,SfpFEbHmYvidcoiKY
  Mama bear  ,Floral,NA,Yellow stripes,Shirt,No,No,Yes,1,,575,White,Yellow,1x1,NA,Nook's Cranny,Available in Nook's Cranny (either upgrade tier) in the unique furniture slot,1.0.0,fancy,child's room,None,bear,No,Animal,No,Does not play music,No lighting,For sale,FtrBearM_Remake_3_3,3_3,1500,ECFK9SPzPqJYnQ95A
    wedding flower stand    ,Cute,Design,NA,NA,No,Yes,No,2,4000,,Pink,White,1x1,NA,Wedding Season,,1.2.0,party,expensive,wedding,None,No,Plants,No,Does not play music,No lighting,Not for sale,FtrWeddingFlower_Remake_0_0,0_0,12411,u3qMDdrk4XLZu2BMm
  TEACUP RIDE  ,Gorgeous,NA,NA,NA,No,No,No,NA,NFS,25000,Colorful,Yellow,3x3,5000,Nook Miles Shop,,1.0.0,facility,fancy,None,None,Yes,Playground,Yes,Does not play music,No lighting,Not for sale,FtrTurncup_Remake_1_0,1_0,1507,foL22mYM7e9PnSxqg
HAY BED,Green,Hay condition,NA,NA,Yes,Yes,No,1,NFS,400,Green,Green,2x1,NA,Crafting,,1.0.0,garden,None,None,None,Yes,Bed,Yes,Does not play music,No lighting,Not for sale,FtrHaybed_Remake_2_0,2_0,3675,SWZu5H2iyt3QQkHYW
camping cot,Snow camouflage,NA,NA,NA,No,No,No,NA,1800,450,Gray,Black,2x1,NA,Starting items,,1.0.0,outdoors,None,None,None,Yes,Bed,Yes,Does not play music,No lighting,For sale,FtrCampbed_Remake_4_0,4_0,4081,2eHwvk2KGEn5yiwbK
  LOG BENCH  ,White wood,Lumber type,NA,NA,Yes,Yes,No,1,NFS,600,Beige,Beige,2x1,NA,Crafting,,1.0.0,garden,None,log,None,Yes,Sofa,Yes,Does not play music,No lighting,Not for sale,FtrLogStoolL_Remake_2_0,2_0,4042,YkfgE6cbA7qwEWqjB
  diner counter chair  ,Aquamarine,NA,NA,NA,No,No,No,NA,,275,Gray,Light blue,1x1,NA,Nook's Cranny,"Available in Nook's Cranny (upgraded only), in the unique furniture slot",1.0.0,shop,None,diner,None,Yes,Chair,No,Does not play music,No lighting,For sale,FtrAmeretroCounterchair_Remake_3_0,3_0,4138,Whi6TgxJnFad83o2w
illuminated tree,White,Light color,NA,NA,Yes,Yes,No,7,NFS,6700,White,White,2x2,NA,Crafting,,1.0.0,party,fancy,festive,None,Yes,Seasonal Decor,Yes,Does not play music,Fluorescent,Not for sale,FtrIllumiTree_Remake_4_0,4_0,4066,x4yeHmoPA4sHKCaMw
  mama bear  ,Floral,NA,Red stripes,Shirt,No,No,Yes,1,,575,White,Red,1x1,NA,Nook's Cranny,Available in Nook's Cranny (either upgrade tier) in the unique furniture slot,1.0.0,fancy,child's room,None,bear,No,Animal,No,Does not play music,No lighting,For sale,FtrBearM_Remake_3_1,3_1,1500,vXQhgeXwCPnBgqF9p
  POPCORN MACHINE  ,Blue,NA,NA,NA,No,No,No,NA,4900,,Blue,Light blue,1x1,NA,Nook's Cranny,Available in Nook's Cranny (either upgrade tier) in the unique furniture slot,1.0.0,facility,party,None,None,Yes,Shop,Yes,Does not play music,No lighting,For sale,FtrPopcornmachine_Remake_3_0,3_0,1092,TDsrhY9xPFWtyez4Z
simple well,NA,NA,NA,NA,Yes,No,No,NA,NFS,2850,Gray,Gray,2x2,NA,Crafting,,1.0.0,garden,horror,None,None,No,Garden,Yes,Does not play music,No lighting,Not for sale,FtrWell,NA,2754,cNHnxeghFMfx9dumk
  OIL-BARREL BATHTUB  ,Retro,Barrel color,NA,NA,Yes,Yes,No,1,NFS,,Brown,Brown,1x1,NA,Crafting,,1.0.0,bathroom,None,None,None,Yes,Bathtub,Yes,Does not play music,No lighting,Not for sale,FtrDrumcanbath_Remake_5_0,5_0,3819,qpXCEohLo8gBMxprh
    SCHOOL CHAIR    ,Beige & green,NA,NA,NA,No,No,No,NA,980,245,Beige,Green,1x1,NA,Nook's Cranny,Available in Nook's Cranny (either upgrade tier) in the unique furniture slot,1.0.0,school,None,None,school,Yes,Chair,No,Does not play music,No lighting,For sale,FtrSchoolChairS_Remake_5_0,5_0,1308,pEr6cDMn37RijGCXW
MAMA BEAR,Checkered,NA,Blue stripes,Shirt,No,No,Yes,1,,,Gray,Blue,1x1,NA,Nook's Cranny,Available in Nook's Cranny (either upgrade tier) in the unique furniture slot,1.0.0,fancy,child's room,None,bear,No,Animal,No,Does not play music,No lighting,For sale,FtrBearM_Remake_4_2,4_2,1500,EZTJGq95kRKLgEwvA
  simple panel  ,Light gray,NA,Horizontal planks,Panel design,No,No,Yes,1,,202,Gray,Brown,1x0.5,NA,Nook's Cranny,Available in Nook's Cranny (either upgrade tier) in the unique furniture slot,1.0.0,facility,None,None,None,No,Screen,No,Does not play music,No lighting,For sale,FtrScreenSimple_Remake_0_3,0_3,5338,eYqmLG3yZjJGc2Gvz
  kitty litter box  ,White,NA,NA,NA,No,No,No,NA,1100,275,White,Orange,1x1,NA,Nook's Cranny,Available in Nook's Cranny (either upgrade tier) in the unique furniture slot,1.0.0,living room,None,None,pet,No,Bathroom Things,No,Does not play music,No lighting,For sale,FtrPetWC_Remake_0_0,0_0,7803,ptbiTGQkPKiSAYECu
clothesline,NA,NA,Blue stripes,Drying shirt,Yes,No,Yes,2,NFS,100,Brown,Blue,2x0.5,NA,Crafting,,1.0.0,garden,None,None,None,No,Supplies,Yes,Does not play music,No lighting,Not for sale,FtrClothesline_Remake_0_2,0_2,3229,5ijmxpyyoHK8QGdFn
  DEN DESK  ,Red wood,NA,NA,NA,No,No,No,NA,10000,2500,Brown,Brown,2x1,NA,Nook's Cranny,"Available in Nook's Cranny (upgraded only), in the unique furniture slot",1.0.0,den,None,None,den,No,Desk,No,Does not play music,No lighting,For sale,FtrDrawingTable_Remake_2_0,2_0,3783,CZNCDitwhehpnBbTw
    frozen bed    ,Ice pink,Illumination,Dark brown,Bedding,Yes,Yes,Yes,8,NFS,,Pink,Brown,2x2,NA,Crafting,,1.0.0,freezing cold,None,frozen,None,Yes,Bed,Yes,Does not play music,No lighting,Not for sale,FtrIceBedW_Remake_2_3,2_3,3502,2mhsQTiaiafJ5zzfq
    SIMPLE PANEL    ,Black,NA,Concrete,Panel design,No,No,Yes,1,,202,Black,Gray,1x0.5,NA,Nook's Cranny,Available in Nook's Cranny (either upgrade tier) in the unique furniture slot,1.0.0,facility,None,None,None,No,Screen,No,Does not play music,No lighting,For sale,FtrScreenSimple_Remake_1_6,1_6,5338,eQFJ8ZwWgbvpESf5k
  vintage tv tray  ,Silver,NA,Natural wood,Tray,No,No,Yes,1,,,Gray,Brown,1x1,NA,Nook's Cranny,Available in Nook's Cranny (either upgrade tier) in the unique furniture slot,1.0.0,living room,None,None,None,No,Table,No,Does not play music,No lighting,For sale,FtrTVtray_Remake_1_3,1_3,4445,bjyKq8gozXb94bfks
  wooden simple bed  ,Blue,Paint color,Pink,Bedding,Yes,Yes,Yes,4,NFS,2160,Blue,Pink,2x1,NA,Crafting,,1.0.0,child's room,living room,wooden,None,Yes,Bed,No,Does not play music,No lighting,Not for sale,FtrWoodenBedS_Remake_6_1,6_1,2605,2ibrMXMG5sns4BKaN
  bamboo stopblock  ,Green bamboo,Bamboo,NA,NA,Yes,Yes,No,1,,480,Green,Black,1x0.5,NA,Crafting,,1.0.0,zen-style,None,bamboo,None,No,Vehicle,Yes,Does not play music,No lighting,Not for sale,FtrBambooCarstop_Remake_0_0,0_0,3556,evenswKam93cbDeao
  ACOUSTIC GUITAR  ,Pink,Body,NA,NA,Yes,Yes,No,5,NFS,,Pink,White,1x1,NA,Crafting,,1.0.0,music,None,None,None,Yes,Musical Instrument,No,Does not play music,No lighting,Not for sale,FtrAcorsticguitar_Remake_6_0,6_0,383,NWv9CJfSPtBTKoL4B
wave breaker,NA,NA,NA,NA,Yes,No,No,NA,NFS,3500,Gray,Gray,2x2,NA,Crafting,,1.0.0,ocean,None,None,None,No,Seaside,Yes,Does not play music,No lighting,Not for sale,FtrTetrapod,NA,665,uLNLT63X3S5kEC8nB
    clothes closet    ,Pink,NA,NA,NA,No,No,No,NA,3100,,Pink,Pink,1x1,NA,Nook's Cranny,Available in Nook's Cranny (either upgrade tier) in the unique furniture slot,1.0.0,living room,None,None,None,Wardrobe,Chest,No,Does not play music,No lighting,For sale,FtrFashioncase_Remake_4_0,4_0,9502,pZAx76tduTmLH7mZw
LOW SCREEN,Light brown,NA,Summer,Screen,No,No,Yes,1,870,217,Beige,Blue,1x0.5,NA,Nook's Cranny,Available in Nook's Cranny (either upgrade tier) in the unique furniture slot,1.0.0,zen-style,None,None,None,No,Japanese Style,No,Does not play music,No lighting,For sale,FtrScreenJapanLow_Remake_0_2,0_2,1029,YndT2v92edTr4EY3w
    WATER PUMP    ,Black,Body color,NA,NA,Yes,Yes,No,4,NFS,2700,Black,Beige,1x1,NA,Crafting,,1.0.0,garden,None,None,None,Yes,Garden,Yes,Does not play music,No lighting,Not for sale,FtrHandpump_Remake_1_0,1_0,2326,fjtkzJ5rekjFro5iW
REFRIGERATOR,Black,NA,Cute,Sticker area,No,No,Yes,2,5100,1275,Black,Pink,1x1,NA,Nook's Cranny,"Available in Nook's Cranny (upgraded only), in the unique furniture slot",1.0.0,kitchen,shop,None,None,Wardrobe,Home Appliances,No,Does not play music,No lighting,For sale,FtrRefrigerator_Remake_6_1,6_1,2713,K73KeKMxSEvBkWJAx
    tatami bed    ,Light brown,NA,NA,NA,No,No,No,NA,2800,,White,Green,2x1,NA,Nook's Cranny,Available in Nook's Cranny (either upgrade tier) in the unique furniture slot,1.0.0,zen-style,None,None,None,Yes,Bed,No,Does not play music,No lighting,For sale,FtrTatamiBedS_Remake_3_0,3_0,7391,PKXEjASeniqoqh8iJ
  mama bear  ,Choco,NA,Yellow stripes,Shirt,No,No,Yes,1,,575,Brown,Yellow,1x1,NA,Nook's Cranny,Available in Nook's Cranny (either upgrade tier) in the unique furniture slot,1.0.0,fancy,child's room,None,bear,No,Animal,No,Does not play music,No lighting,For sale,FtrBearM_Remake_2_3,2_3,1500,hKAKqsecmEToav7Sg
  ironwood chair  ,Oak,Lumber type,NA,NA,Yes,Yes,No,3,,1860,Orange,White,1x1,NA,Crafting,,1.0.0,living room,None,ironwood,None,Yes,Chair,No,Does not play music,No lighting,Not for sale,FtrIronwoodChairS_Remake_4_0,4_0,3193,G9f3sQw8RbYSq9NjW
digital scale,Red,NA,Black stripes,Design,No,No,Yes,1,930,232,Red,Gray,1x1,NA,Nook's Cranny,Available in Nook's Cranny (either upgrade tier) in the unique furniture slot,1.0.0,bathroom,None,None,None,No,Bathroom Things,No,Does not play music,No lighting,For sale,FtrWeightscale_Remake_2_3,2_3,3307,nuqvkq2qjJxZqTJuC
  REFRIGERATOR  ,Silver,NA,Cute,Sticker area,No,No,Yes,2,5100,,Gray,Pink,1x1,NA,Nook's Cranny,"Available in Nook's Cranny (upgraded only), in the unique furniture slot",1.0.0,kitchen,shop,None,None,Wardrobe,Home Appliances,No,Does not play music,No lighting,For sale,FtrRefrigerator_Remake_7_1,7_1,2713,bo7CKWWkjE7PHSQNA
  WOODEN FULL-LENGTH MIRROR  ,White wood,Paint color,NA,NA,Yes,Yes,No,2,NFS,,Beige,Beige,1x1,NA,Crafting,,1.0.0,child's room,living room,wooden,None,Yes,Dresser,No,Does not play music,No lighting,Not for sale,FtrWoodenMirror_Remake_1_0,1_0,7137,79erXazMRLR8xNeGc
WILD LOG BENCH,White birch,Lumber type,NA,NA,Yes,Yes,No,2,NFS,960,White,Beige,2x1,NA,Crafting,,1.0.0,garden,None,log,None,Yes,Chair,Yes,Does not play music,No lighting,Not for sale,FtrWoodBench_Remake_3_0,3_0,5972,3n75ifAYZfQLoDaHR
  wedding pipe organ  ,Natural,Body color,NA,NA,No,Yes,No,7,100000,25000,Yellow,Black,2x1,NA,Wedding Season,,1.2.0,party,expensive,wedding,None,Yes,Musical Instrument,No,Does not play music,No lighting,Not for sale,FtrWeddingOrgan_Remake_2_0,2_0,12409,XjdXEoGhmTDvoqbXd
  retro gas pump  ,Retro,NA,Black retro,Lamp,No,No,Yes,1,,,Brown,Yellow,1x1,NA,Nook's Cranny,Available in Nook's Cranny (either upgrade tier) in the unique furniture slot,1.0.0,garden,shop,diner,None,Yes,Vehicle,Yes,Does not play music,No lighting,For sale,FtrAmeretroGasstand_Remake_5_2,5_2,4140,yHAAxQb6RobbQMnEy
  digital scale  ,Green,NA,Polka dots,Design,No,No,Yes,1,,232,Green,Green,1x1,NA,Nook's Cranny,Available in Nook's Cranny (either upgrade tier) in the unique furniture slot,1.0.0,bathroom,None,None,None,No,Bathroom Things,No,Does not play music,No lighting,For sale,FtrWeightscale_Remake_5_2,5_2,3307,dcHRcHCpuR5D4JK4J
CHANGING ROOM,Brown,NA,Yellow,Curtain,No,No,Yes,2,3700,,Orange,Yellow,1x1,NA,Nook's Cranny,"Available in Nook's Cranny (upgraded only), in the unique furniture slot",1.0.0,shop,facility,None,None,Wardrobe,Shop,No,Does not play music,No lighting,For sale,FtrFittingroom_Remake_2_3,2_3,1816,jtW7atCYG4MFzjjoH
  baby chair  ,Green,NA,Butterfly,Cushion,No,No,Yes,1,1200,300,Green,Orange,1x1,NA,Nook's Cranny,Available in Nook's Cranny (either upgrade tier) in the unique furniture slot,1.0.0,child's room,None,None,None,Yes,Chair,No,Does not play music,No lighting,For sale,FtrBabychair_Remake_3_2,3_2,3305,AAvLv8NDKAbmDAn5n
  rock guitar  ,Chic white,NA,Emblem logo,Sticker area,No,No,Yes,2,3100,775,White,Green,1x1,NA,Nook's Cranny,Available in Nook's Cranny (either upgrade tier) in the unique furniture slot,1.0.0,concert,None,None,None,Yes,Musical Instrument,No,Does not play music,No lighting,For sale,FtrElectricguitar1_Remake_6_4,6_4,1644,qvhLpMK9cqEpfeXTx
  tire toy  ,Red,Tire color,NA,NA,Yes,Yes,No,1,NFS,,Red,Red,1x1,NA,Crafting,,1.0.0,garden,None,None,None,Yes,Playground,Yes,Does not play music,No lighting,Not for sale,FtrPlayingtire_Remake_1_0,1_0,2329,iXK9Ptsw7x9cPBnL8
GIANT TEDDY BEAR,Floral,Fabric,None,Ribbon,Yes,Yes,Yes,8,,6300,Yellow,Colorful,3x3,NA,Crafting,,1.0.0,fancy,child's room,None,bear,No,Animal,No,Does not play music,No lighting,Not for sale,FtrBearXL_Remake_3_0,3_0,1504,abAGTkzf2wsWsJEHu
  mum cushion  ,Red,Flower color,NA,NA,Yes,Yes,No,1,NFS,440,Red,Red,1x1,NA,Crafting,,1.0.0,fancy,None,flowers,None,Yes,Chair,No,Does not play music,No lighting,Not for sale,FtrFlowerStoolS_Remake_1_0,1_0,7232,AF8vTNyRftjx8K28Z
  imperial bed  ,Brown,NA,NA,NA,No,No,No,NA,,5750,Brown,Yellow,2x2,NA,Nook's Cranny,"Available in Nook's Cranny (upgraded only), in the third unique furniture slot",1.0.0,zen-style,None,zen,None,Yes,Bed,No,Does not play music,No lighting,For sale,FtrOrientalBedW_Remake_2_0,2_0,3973,dY7DrGHzveJDu4koW
  PIANO BENCH  ,Green,NA,NA,NA,No,No,No,NA,990,247,Green,Brown,1x1,NA,Nook's Cranny,Available in Nook's Cranny (either upgrade tier) in the unique furniture slot,1.0.0,music,None,None,None,Yes,Chair,No,Does not play music,No lighting,For sale,FtrPianochair_Remake_5_0,5_0,3681,FW4ZawMehjh7Dyoxq
STONEHENGE,NA,NA,NA,NA,No,No,No,NA,NFS,2300,Gray,Gray,3x3,NA,Gulliver,,1.0.0,folk art,garden,None,None,No,Folk Craft Decor,Yes,Does not play music,No lighting,Not for sale,FtrStonehenge,NA,7043,FoenEijjZjiHZxsag
  MINI DIY WORKBENCH  ,Ash brown,Paint color,NA,NA,Yes,Yes,No,4,NFS,,Brown,White,1x1,NA,Crafting,,1.0.0,garage,None,None,None,Workbench,Work Bench,No,Does not play music,No lighting,Not for sale,FtrWorkbenchS_Remake_2_0,2_0,3122,ppwPAvtvaauBQ8Pcx
  log dining table  ,Dark wood,Lumber type,Geometric print,Placemats,Yes,Yes,Yes,4,NFS,1800,Brown,Colorful,2x2,NA,Crafting,,1.0.0,garden,living room,log,None,No,Table,No,Does not play music,No lighting,Not for sale,FtrLogTableL_Remake_0_2,0_2,4040,rTgtiQugyiTEgEr88
  mountain bike  ,Pink,NA,NA,NA,No,No,No,NA,5100,1275,Pink,Black,2x1,NA,Nook's Cranny,Available in Nook's Cranny (either upgrade tier) in the unique furniture slot,1.0.0,fitness,garden,None,None,No,Sports,Yes,Does not play music,No lighting,For sale,FtrMountainbike_Remake_2_0,2_0,2614,DuZc4BLoNC5qHbDpt
    DRINK MACHINE    ,Red,NA,Cute,Advertisement panel,No,No,Yes,7,NFS,10000,Red,White,1x1,2000,Nook Miles Shop,,1.0.0,shop,facility,None,None,Yes,Facility Decor,Yes,Does not play music,Monitor,Not for sale,FtrDrinkmachine_Remake_0_3,0_3,1802,Rs5vhnfy6FfMnfafs
    WHEELCHAIR    ,NA,NA,Beige,Seat,No,No,Yes,1,2700,675,Black,Beige,1x1,NA,Nook's Cranny,Available in Nook's Cranny (either upgrade tier) in the unique furniture slot,1.0.0,facility,None,None,None,Yes,Chair,No,Does not play music,No lighting,For sale,FtrWheelchair_Remake_0_3,0_3,3444,No4Jj34YGBjtHv2Bg
  CHANGING ROOM  ,Beige,NA,Blue,Curtain,No,No,Yes,2,3700,925,Yellow,Light blue,1x1,NA,Nook's Cranny,"Available in Nook's Cranny (upgraded only), in the unique furniture slot",1.0.0,shop,facility,None,None,Wardrobe,Shop,No,Does not play music,No lighting,For sale,FtrFittingroom_Remake_1_7,1_7,1816,8oWjcCYKdLuAmDkNX
    simple panel    ,Light gray,NA,Concrete,Panel design,No,No,Yes,1,810,,Gray,Gray,1x0.5,NA,Nook's Cranny,Available in Nook's Cranny (either upgrade tier) in the unique furniture slot,1.0.0,facility,None,None,None,No,Screen,No,Does not play music,No lighting,For sale,FtrScreenSimple_Remake_0_6,0_6,5338,2idHE6oTm6kQuYcnx
    speed bag    ,Blue,NA,NA,NA,No,No,No,NA,3500,875,Blue,White,1x1,NA,Nook's Cranny,Available in Nook's Cranny (either upgrade tier) in the unique furniture slot,1.0.0,fitness,None,None,None,Yes,Sports,No,Does not play music,No lighting,For sale,FtrSpeedbag_Remake_1_0,1_0,7653,nBKoHEFk2mcNfomPM
    streetlamp    ,White,NA,NA,NA,No,No,No,NA,NFS,5000,White,White,1x1,1000,Nook Miles Shop,,1.0.0,garden,None,None,None,Yes,Lamp,Yes,Does not play music,Fluorescent,Not for sale,FtrStreetlamp_Remake_2_0,2_0,3816,rMoBvjBx8Zao7HGnc
  scattered papers  ,NA,NA,Essays,Writing,Yes,No,Yes,2,,400,White,Green,1.5x1.5,NA,Crafting,,1.0.0,den,office,None,None,Yes,Study,No,Does not play music,No lighting,Not for sale,FtrFloorpapers_Remake_0_0,0_0,4034,vfQBFJrut86FQKEX8
    GARDEN BENCH    ,Silver,Variation,NA,NA,Yes,Yes,No,6,NFS,4440,Brown,Gray,2x1,NA,Crafting,,1.0.0,garden,None,None,None,Yes,Sofa,Yes,Does not play music,No lighting,Not for sale,FtrParkbenche_Remake_4_0,4_0,3509,w8GTsqxwKwhF3YZTu
simple panel,White,NA,Mud wall,Panel design,No,No,Yes,1,810,,White,Beige,1x0.5,NA,Nook's Cranny,Available in Nook's Cranny (either upgrade tier) in the unique furniture slot,1.0.0,facility,None,None,None,No,Screen,No,Does not play music,No lighting,For sale,FtrScreenSimple_Remake_2_5,2_5,5338,BJbrC3oALSzqabL3Q
  MINI DIY WORKBENCH  ,Pink,Paint color,NA,NA,Yes,Yes,No,4,NFS,2580,Pink,White,1x1,NA,Crafting,,1.0.0,garage,None,None,None,Workbench,Work Bench,No,Does not play music,No lighting,Not for sale,FtrWorkbenchS_Remake_7_0,7_0,3122,QMkbq6NeFTcdKrFJR
  zen cushion  ,NA,NA,Gold,Upholstery,No,No,Yes,1,500,125,Yellow,Purple,1x1,NA,Nook's Cranny,Available in Nook's Cranny (either upgrade tier) in the unique furniture slot,1.0.0,zen-style,living room,None,None,Yes,Chair,No,Does not play music,No lighting,For sale,FtrCushionJapan_Remake_0_6,0_6,7047,X3nR3rYjXqpKSKRQN
  wooden simple bed  ,Light wood,Paint color,Pink,Bedding,Yes,Yes,Yes,4,NFS,2160,Beige,Pink,2x1,NA,Crafting,,1.0.0,child's room,living room,wooden,None,Yes,Bed,No,Does not play music,No lighting,Not for sale,FtrWoodenBedS_Remake_0_1,0_1,2605,APBR89XQzDaRvwXPj
    MAMA BEAR    ,Caramel mocha,NA,Blue stripes,Shirt,No,No,Yes,1,2300,575,Beige,Blue,1x1,NA,Nook's Cranny,Available in Nook's Cranny (either upgrade tier) in the unique furniture slot,1.0.0,fancy,child's room,None,bear,No,Animal,No,Does not play music,No lighting,For sale,FtrBearM_Remake_1_2,1_2,1500,EcBCAxJy7hreYrxCf
  ironing board  ,NA,NA,Stripes,Ironing board,No,No,Yes,1,2300,575,Black,Light blue,1x1,NA,Nook's Cranny,Available in Nook's Cranny (either upgrade tier) in the unique furniture slot,1.0.0,living room,None,None,None,No,Home Appliances,No,Does not play music,No lighting,For sale,FtrIronstand_Remake_0_0,0_0,7531,uPXasx6qobz3jSzdo
  TEACUP RIDE  ,Pastel,NA,NA,NA,No,No,No,NA,,25000,Colorful,White,3x3,5000,Nook Miles Shop,,1.0.0,facility,fancy,None,None,Yes,Playground,Yes,Does not play music,No lighting,Not for sale,FtrTurncup_Remake_2_0,2_0,1507,Ma5NMvSX6ATgwNuDn
  construction sign  ,Construction warning,NA,NA,NA,No,No,No,NA,,5000,Orange,Black,1x1,1000,Nook Miles Shop,,1.0.0,garage,facility,None,None,No,Vehicle,Yes,Does not play music,No lighting,Not for sale,FtrSignConstruction_Remake_4_0,4_0,9568,JrCEBHapHgPh4ftpm
exercise bike,White,NA,NA,NA,No,No,No,NA,,1200,White,Black,1x1,NA,Nook's Cranny,"Available in Nook's Cranny (upgraded only), in the unique furniture slot",1.0.0,fitness,None,None,None,Yes,Sports,No,Does not play music,No lighting,For sale,FtrExercisebike_Remake_3_0,3_0,287,xjsA3eQfqPZmkTmc9
REFRIGERATOR,Red,NA,Fruits,Sticker area,No,No,Yes,2,5100,1275,Red,Green,1x1,NA,Nook's Cranny,"Available in Nook's Cranny (upgraded only), in the unique furniture slot",1.0.0,kitchen,shop,None,None,Wardrobe,Home Appliances,No,Does not play music,No lighting,For sale,FtrRefrigerator_Remake_1_3,1_3,2713,56xk4Qaec6NbBpifj
GRAND PIANO,Cherry,NA,NA,NA,No,No,No,NA,260000,,Orange,White,2x2,NA,Nook's Cranny,"Available in Nook's Cranny (upgraded only), in the third unique furniture slot",1.0.0,music,expensive,None,None,Yes,Musical Instrument,No,Does not play music,No lighting,For sale,FtrPianoGrand_Remake_3_0,3_0,1875,3psFACfNNmkMSRY8u
  illuminated snowflakes  ,Pink,Light color,NA,NA,Yes,Yes,No,5,,3150,Pink,Pink,2x1,NA,Crafting,,1.0.0,freezing cold,fancy,festive,None,Yes,Seasonal Decor,Yes,Does not play music,Fluorescent,Not for sale,FtrIllumiSnow_Remake_1_0,1_0,4131,f7bPjwYuj6JSpKKFx
wooden-block bookshelf,Natural,Block color,NA,NA,Yes,Yes,No,1,NFS,720,Beige,Brown,1x1,NA,Crafting,,1.0.0,child's room,None,wooden block,None,No,Shelf,No,Does not play music,No lighting,Not for sale,FtrBlockShelf_Remake_0_0,0_0,1558,xMjzs5ndAuJzdGT9E
antique clock,Brown,NA,NA,NA,No,No,No,NA,44000,11000,Brown,Yellow,1x1,NA,Nook's Cranny,"Available in Nook's Cranny (upgraded only), in the third unique furniture slot",1.0.0,living room,expensive,antique,None,Yes,Clock,No,Does not play music,No lighting,For sale,FtrAntiqueClock_Remake_0_0,0_0,3954,54WzSWz3bv4j4279w
    FLOOR LAMP    ,Black,NA,Green design,Lampshade,No,No,Yes,1,1400,350,Black,Green,1x1,NA,Nook's Cranny,"Available in Nook's Cranny (upgraded only), in the unique furniture slot",1.0.0,living room,None,None,None,Yes,Lamp,No,Does not play music,Fluorescent,For sale,FtrLamp_Remake_3_5,3_5,2561,NvYNMiTSgb4Njh3RA
WOODEN FULL-LENGTH MIRROR,Black,Paint color,NA,NA,Yes,Yes,No,2,NFS,1350,Black,Black,1x1,NA,Crafting,,1.0.0,child's room,living room,wooden,None,Yes,Dresser,No,Does not play music,No lighting,Not for sale,FtrWoodenMirror_Remake_4_0,4_0,7137,BcDQAGJ5GFMsyDaRi
    floor light    ,Light blue,NA,NA,NA,No,No,No,NA,2200,550,Light blue,Light blue,1x1,NA,Nook's Cranny,"Available in Nook's Cranny (upgraded only), in the unique furniture slot",1.0.0,facility,concert,None,None,Yes,Lamp,Yes,Does not play music,Spotlight,For sale,FtrGrandlight_Remake_6_0,6_0,7135,jCyKGDete64CteGDB
HEDGE STANDEE,Spring,Season,NA,NA,Yes,Yes,No,1,NFS,600,Green,Green,1x0.5,NA,Crafting,,1.0.0,school,None,None,standee,No,School,No,Does not play music,No lighting,Not for sale,FtrHariboteHedge_Remake_0_0,0_0,531,jG7qWJZzsPBcjGwCs
  WOODEN BOOKSHELF  ,White,Paint color,NA,NA,Yes,Yes,No,3,NFS,1925,White,Colorful,2x0.5,NA,Crafting,,1.0.0,child's room,living room,wooden,None,No,Shelf,No,Does not play music,No lighting,Not for sale,FtrBookshelf_Remake_3_0,3_0,4125,EQxkbhfngFQjHs4oy
  KITTY LITTER BOX  ,Orange,NA,NA,NA,No,No,No,NA,,275,Yellow,Brown,1x1,NA,Nook's Cranny,Available in Nook's Cranny (either upgrade tier) in the unique furniture slot,1.0.0,living room,None,None,pet,No,Bathroom Things,No,Does not play music,No lighting,For sale,FtrPetWC_Remake_1_0,1_0,7803,38LwzjXQCzqc8yqNj
    imperial bed    ,Blue,NA,NA,NA,No,No,No,NA,23000,5750,Blue,Blue,2x2,NA,Nook's Cranny,"Available in Nook's Cranny (upgraded only), in the third unique furniture slot",1.0.0,zen-style,None,zen,None,Yes,Bed,No,Does not play music,No lighting,For sale,FtrOrientalBedW_Remake_1_0,1_0,3973,7yopgnzGfhrKWgHH3
  papa bear  ,Floral,NA,Blue,Ribbon,No,No,Yes,3,,2125,Green,Blue,2x2,NA,Nook's Cranny,"Available in Nook's Cranny (upgraded only), in the third unique furniture slot",1.0.0,fancy,child's room,None,bear,No,Animal,No,Does not play music,No lighting,For sale,FtrBearL_Remake_3_2,3_2,1499,HBRowb2CRnvJd6T3B
    antique clock    ,Black,NA,NA,NA,No,No,No,NA,44000,11000,Black,Yellow,1x1,NA,Nook's Cranny,"Available in Nook's Cranny (upgraded only), in the third unique furniture slot",1.0.0,living room,expensive,antique,None,Yes,Clock,No,Does not play music,No lighting,For sale,FtrAntiqueClock_Remake_2_0,2_0,3954,prDor5kTcy7ahzz5c
    LOFT BED WITH DESK    ,White,NA,Pink,Bedding,No,No,Yes,3,7700,1925,White,Pink,2x1,NA,Nook's Cranny,"Available in Nook's Cranny (upgraded only), in the unique furniture slot",1.0.0,child's room,None,None,None,Yes,Desk,No,Does not play music,No lighting,For sale,FtrBeddesk_Remake_2_5,2_5,3621,nhpP8Dxt5PDaLctbh
pond stone,White,Stone,NA,NA,Yes,Yes,No,2,,1500,Gray,Gray,2x1,NA,Crafting,,1.0.0,zen-style,garden,None,None,No,Japanese Style,Yes,Does not play music,No lighting,Not for sale,FtrStonewaterbowl_Remake_0_0,0_0,7393,8TXgaq3fZswMDzvRn
  BEEKEEPER'S HIVE  ,Red,Paint color,NA,NA,Yes,Yes,No,4,NFS,2400,Red,Green,1x1,NA,Crafting,,1.0.0,garden,None,None,None,No,Ranch,Yes,Does not play music,No lighting,Not for sale,FtrBeekeepingbox_Remake_2_0,2_0,3406,4zSjZY5RQo9GZpvyB
ironwood bed,Old,Lumber type,Brown,Bedding,Yes,Yes,Yes,8,,9900,Brown,Brown,2x1,NA,Crafting,,1.0.0,living room,None,ironwood,None,Yes,Bed,No,Does not play music,No lighting,Not for sale,FtrIronwoodBedS_Remake_3_2,3_2,3200,FD9MwNcSAxsgZB9qj
DRUM SET,Pearl white,NA,White with logo,Bass drum head,No,No,Yes,2,5600,1400,White,White,2x1,NA,Nook's Cranny,"Available in Nook's Cranny (upgraded only), in the unique furniture slot",1.0.0,concert,None,None,None,Yes,Musical Instrument,No,Does not play music,No lighting,For sale,FtrDrumSet_Remake_2_3,2_3,1803,PDpGfn6RT7k2TBvfn
outdoor bath,Black,Stone,NA,NA,Yes,Yes,No,6,NFS,,Black,Black,3x3,NA,Crafting,,1.0.0,garden,zen-style,None,None,Yes,Bathtub,Yes,Does not play music,Fluorescent,Not for sale,FtrOpenairbath_Remake_1_0,1_0,1111,gpozg9DypkRoLMeeC
WHIRLPOOL BATH,Black,NA,NA,NA,No,No,No,NA,130000,32500,Black,Black,2x2,NA,Nook's Cranny,"Available in Nook's Cranny (upgraded only), in the third unique furniture slot",1.0.0,bathroom,expensive,None,None,Yes,Bathtub,No,Does not play music,No lighting,For sale,FtrJacuzzi_Remake_1_0,1_0,1840,2P9YCGjGojZ3QKYfk
  LOG STAKES  ,White birch,Lumber type,NA,NA,Yes,Yes,No,1,NFS,,White,Beige,1x1,NA,Crafting,,1.0.0,garden,None,log,None,No,Ranch,Yes,Does not play music,No lighting,Not for sale,FtrWoodPile_Remake_3_0,3_0,5973,ithj4YHbPRvB6LngQ
  log chair  ,White birch,Lumber type,None,Cushion,Yes,Yes,Yes,3,NFS,960,White,White,1x1,NA,Crafting,,1.0.0,garden,living room,log,None,Yes,Sofa,No,Does not play music,No lighting,Not for sale,FtrLogSofaS_Remake_3_0,3_0,4039,x9xhkzs3MoT4ZkvG8
wooden mini table,Dark wood,Paint color,Blue,Tablecloth,Yes,Yes,Yes,2,,720,Brown,Blue,1x1,NA,Crafting,,1.0.0,child's room,living room,wooden,None,No,Table,No,Does not play music,No lighting,Not for sale,FtrWoodenTableMini_Remake_3_3,3_3,7133,HdwrNrMF9ScTMbDcT
  director's chair  ,Black,NA,Natural white,Fabric,No,No,Yes,1,1600,400,Black,White,1x1,NA,Nook's Cranny,"Available in all tiers of shops, including Timmy & Tommy before the shop is opened",1.0.0,outdoors,None,None,None,Yes,Chair,Yes,Does not play music,No lighting,For sale,FtrDirectorchair_Remake_3_0,3_0,2020,AdCNZE7Xc7pQvcyuT
  vintage tv tray  ,Copper,NA,Black,Tray,No,No,Yes,1,1200,300,Brown,Black,1x1,NA,Nook's Cranny,Available in Nook's Cranny (either upgrade tier) in the unique furniture slot,1.0.0,living room,None,None,None,No,Table,No,Does not play music,No lighting,For sale,FtrTVtray_Remake_2_1,2_1,4445,yThtbc8QQiu5Jcn94
  rattan stool  ,Light brown,NA,NA,NA,No,No,No,NA,2900,,Blue,Yellow,1x1,NA,Nook's Cranny,"Available in Nook's Cranny (upgraded only), in the unique furniture slot",1.0.0,living room,None,rattan,None,Yes,Chair,No,Does not play music,No lighting,For sale,FtrRattanStool_Remake_2_0,2_0,4047,uyTm2qETBkTLR9g74
  LOG GARDEN LOUNGE  ,White wood,Lumber type,Southwestern flair,Pillow,Yes,Yes,Yes,3,NFS,,Beige,Colorful,2x1,NA,Crafting,,1.0.0,garden,None,log,None,Yes,Bed,Yes,Does not play music,No lighting,Not for sale,FtrLogBedS_Remake_2_1,2_1,4035,Pr7eo68gXFp4k2HQC
imperial chest,Black,NA,NA,NA,No,No,No,NA,9300,2325,Black,Red,2x1,NA,Nook's Cranny,"Available in Nook's Cranny (upgraded only), in the unique furniture slot",1.0.0,zen-style,None,zen,None,Wardrobe,Chest,No,Does not play music,No lighting,For sale,FtrOrientalChest_Remake_3_0,3_0,3972,AzrqKcPetJix2h3z4
  soft-serve lamp  ,Green tea,NA,NA,NA,No,No,No,NA,,750,Green,Beige,1x1,NA,Nook's Cranny,"Available in Nook's Cranny (upgraded only), in the unique furniture slot",1.0.0,shop,fancy,None,None,Yes,Lamp,Yes,Does not play music,Fluorescent,For sale,FtrLampSoftcream_Remake_4_0,4_0,3416,6fAMxYg6FY998kY7K
  IRONWOOD DRESSER  ,Teak,Lumber type,NA,NA,Yes,Yes,No,6,NFS,3840,Orange,Black,1x1,NA,Crafting,,1.0.0,living room,None,ironwood,None,Wardrobe,Chest,No,Does not play music,No lighting,Not for sale,FtrIronwoodChest_Remake_1_0,1_0,3196,7tCHuJzQ3wBQ2CSzq
  DINER CHAIR  ,Blue,NA,NA,NA,No,No,No,NA,1600,400,Blue,White,1x1,NA,Nook's Cranny,"Available in Nook's Cranny (upgraded only), in the unique furniture slot",1.0.0,shop,None,diner,None,Yes,Chair,No,Does not play music,No lighting,For sale,FtrAmeretroChairS_Remake_1_0,1_0,4137,sbrwJSaHracDn3eDy
  chalkboard  ,Art,NA,NA,NA,No,No,No,NA,2600,650,Green,Gray,2x1,NA,Nook's Cranny,"Available in Nook's Cranny (upgraded only), in the unique furniture slot",1.0.0,school,None,None,None,No,School,No,Does not play music,No lighting,For sale,FtrBlackboard_Remake_6_0,6_0,2012,rArZv7hcaCo4hC9hz
  WOODEN SIMPLE BED  ,Dark wood,Paint color,Pink,Bedding,Yes,Yes,Yes,4,NFS,2160,Brown,Pink,2x1,NA,Crafting,,1.0.0,child's room,living room,wooden,None,Yes,Bed,No,Does not play music,No lighting,Not for sale,FtrWoodenBedS_Remake_3_1,3_1,2605,WXHzAvPhwPCs4wwCh
  ELECTRIC KICK SCOOTER  ,White,NA,NA,NA,No,No,No,NA,4400,1100,White,Gray,1x1,NA,Nook's Cranny,"Available in Nook's Cranny (upgraded only), in the unique furniture slot",1.0.0,child's room,garden,None,None,Yes,Sports,Yes,Does not play music,Spotlight,For sale,FtrKickboardElectric_Remake_1_0,1_0,7654,NuyYng7FC6MtpJfFM
GARDEN FAUCET,Stainless,NA,NA,NA,No,No,No,NA,1900,,Gray,Gray,1x1,NA,Nook's Cranny,Available in Nook's Cranny (either upgrade tier) in the unique furniture slot,1.0.0,garden,None,None,None,Yes,Garden,Yes,Does not play music,No lighting,For sale,FtrWaterview_Remake_4_0,4_0,1631,jeSXLTWfqmBBHL3yd
  effects rack  ,Black,NA,Pop logo,Sticker area,No,No,Yes,3,6800,1700,Black,Red,1x1,NA,Nook's Cranny,"Available in Nook's Cranny (upgraded only), in the unique furniture slot",1.0.0,concert,facility,None,None,No,Musical Instrument,No,Does not play music,No lighting,For sale,FtrEffectorrack_Remake_0_6,0_6,950,P7nmtm9SBa68zFAa7
    WEDDING BENCH    ,Cute,Design,NA,NA,No,Yes,No,2,3500,875,White,Pink,2x1,NA,Wedding Season,,1.2.0,party,expensive,wedding,None,Yes,Sofa,No,Does not play music,No lighting,Not for sale,FtrWeddingChairL_Remake_0_0,0_0,12401,fsufqtDeXFMBgFFqp
    BEACH CHAIR    ,Pink,NA,NA,NA,No,No,No,NA,920,230,Pink,Purple,2x1,NA,Nook's Cranny,Available in Nook's Cranny (either upgrade tier) in the unique furniture slot,1.0.0,ocean,None,None,None,Yes,Bed,Yes,Does not play music,No lighting,For sale,FtrBeachbed_Remake_5_0,5_0,664,u3JFdCmcCrMxKqGDx
SCHOOL DESK,White & red,NA,NA,NA,No,No,No,NA,1100,275,White,Red,1x1,NA,Nook's Cranny,Available in Nook's Cranny (either upgrade tier) in the unique furniture slot,1.0.0,school,None,None,school,No,Desk,No,Does not play music,No lighting,For sale,FtrSchoolTableS_Remake_3_0,3_0,1328,pbR8h7okiYCT9jyzq
  rock guitar  ,Natural wood,NA,Cute logo,Sticker area,No,No,Yes,2,3100,775,Beige,Pink,1x1,NA,Nook's Cranny,Available in Nook's Cranny (either upgrade tier) in the unique furniture slot,1.0.0,concert,None,None,None,Yes,Musical Instrument,No,Does not play music,No lighting,For sale,FtrElectricguitar1_Remake_5_7,5_7,1644,Ek8rdWrFB6GF9QoAf
small cardboard boxes,NA,NA,NA,NA,Yes,No,No,NA,NFS,120,None,None,1x1,NA,Crafting,,1.0.0,garage,None,cardboard,None,No,Supplies,No,Does not play music,No lighting,Not for sale,FtrMovingboxS,NA,3410,HwJGSRRxcaHNGSoku
  arcade seat  ,Red,NA,NA,NA,No,No,No,NA,1300,325,Red,Gray,1x1,NA,Nook's Cranny,"Available in Nook's Cranny (upgraded only), in the unique furniture slot",1.0.0,facility,shop,None,None,Yes,Chair,No,Does not play music,No lighting,For sale,FtrGameChair_Remake_0_0,0_0,12207,BHxt8Xrz3RxHAq45c
    electric guitar    ,Natural wood,NA,Pop logo,Sticker area,No,No,Yes,7,71000,17750,Beige,Colorful,1x1,NA,Nook's Cranny,"Available in Nook's Cranny (upgraded only), in the third unique furniture slot",1.0.0,concert,None,None,None,Yes,Musical Instrument,No,Does not play music,No lighting,For sale,FtrElectricguitar2_Remake_1_6,1_6,1645,sjMYYrxuYCdHmuiuM
rock guitar,Cool blue,NA,Emblem logo,Sticker area,No,No,Yes,2,3100,775,Blue,Green,1x1,NA,Nook's Cranny,Available in Nook's Cranny (either upgrade tier) in the unique furniture slot,1.0.0,concert,None,None,None,Yes,Musical Instrument,No,Does not play music,No lighting,For sale,FtrElectricguitar1_Remake_7_4,7_4,1644,chzcvicZfo4obQCnm
    wooden table    ,White wood,Paint color,Blue,Tablecloth,Yes,Yes,Yes,4,NFS,1800,White,Light blue,2x2,NA,Crafting,,1.0.0,child's room,living room,wooden,None,No,Table,No,Does not play music,No lighting,Not for sale,FtrWoodenTableL_Remake_1_3,1_3,3439,APPFWCmjygycHmrAQ
    outdoor table    ,Green,NA,Dark wood,Table,No,No,Yes,1,2200,550,Green,Brown,2x1,NA,Nook's Cranny,Available in Nook's Cranny (either upgrade tier) in the unique furniture slot,1.0.0,outdoors,None,None,None,No,Table,Yes,Does not play music,No lighting,For sale,FtrOutdoortableM_Remake_2_6,2_6,3946,RHjTwTxmpSghiJJ2C
log dining table,Orange wood,Lumber type,Geometric print,Placemats,Yes,Yes,Yes,4,NFS,1800,Orange,Colorful,2x2,NA,Crafting,,1.0.0,garden,living room,log,None,No,Table,No,Does not play music,No lighting,Not for sale,FtrLogTableL_Remake_1_2,1_2,4040,QwdE4Z5aBXcbT5DX5
  monstera  ,Yellow,NA,NA,NA,No,No,No,NA,,,Yellow,Green,1x1,NA,Nook's Cranny,Available in Nook's Cranny (either upgrade tier) in the unique furniture slot,1.0.0,living room,None,None,None,No,Plants,No,Does not play music,No lighting,For sale,FtrPlantMonstera_Remake_3_0,3_0,4129,QmRyMChkXM5kafcqE
  frozen bed  ,Ice,Illumination,Brown,Bedding,Yes,Yes,Yes,8,,9000,Light blue,Brown,2x2,NA,Crafting,,1.0.0,freezing cold,None,frozen,None,Yes,Bed,Yes,Does not play music,No lighting,Not for sale,FtrIceBedW_Remake_0_0,0_0,3502,FrLaS54HNqePzNQSA
    three-tiered snowperson    ,Light blue,Knit-cap color,NA,NA,Yes,Yes,No,7,NFS,7420,Light blue,White,1x1,NA,Snowman,Reward for making a perfect snow-person,1.0.0,freezing cold,garden,frozen,None,No,Seasonal Decor,Yes,Does not play music,No lighting,Not for sale,FtrSnowman_Remake_2_0,2_0,5337,XpEppBGTQaucqF9vG
LOG BED,White birch,Lumber type,Quilted,Bedding,Yes,No,Yes,6,NFS,,White,Light blue,2x2,NA,Crafting,,1.0.0,garden,living room,log,None,Yes,Bed,No,Does not play music,No lighting,Not for sale,FtrLogBedW_Remake_3_3,3_3,4041,bfYegZnABpDmgSjer
  simple panel  ,Brown,NA,Lattice,Panel design,No,No,Yes,1,810,,Orange,White,1x0.5,NA,Nook's Cranny,Available in Nook's Cranny (either upgrade tier) in the unique furniture slot,1.0.0,facility,None,None,None,No,Screen,No,Does not play music,No lighting,For sale,FtrScreenSimple_Remake_3_4,3_4,5338,i8HYdLL8Zb4TFBtMk
  outdoor table  ,Red,NA,Green,Table,No,No,Yes,1,,550,Red,Green,2x1,NA,Nook's Cranny,Available in Nook's Cranny (either upgrade tier) in the unique furniture slot,1.0.0,outdoors,None,None,None,No,Table,Yes,Does not play music,No lighting,For sale,FtrOutdoortableM_Remake_4_2,4_2,3946,n8tSdhTBebfpYwkHx
frozen bed,Ice purple,Illumination,Dark brown,Bedding,Yes,No,Yes,8,NFS,9000,Purple,Brown,2x2,NA,Crafting,,1.0.0,freezing cold,None,frozen,None,Yes,Bed,Yes,Does not play music,No lighting,Not for sale,FtrIceBedW_Remake_6_3,6_3,3502,dpKahfYQBFcqcwmy5
  ANTIQUE WARDROBE  ,Natural,NA,NA,NA,No,No,No,NA,37000,9250,Beige,Beige,2x1,NA,Nook's Cranny,"Available in Nook's Cranny (upgraded only), in the third unique furniture slot",1.0.0,living room,expensive,antique,None,Wardrobe,Chest,No,Does not play music,No lighting,For sale,FtrAntiqueChest_Remake_1_0,1_0,3959,yBtLh6CtFrGD4qTTF
    wooden-block bed    ,Colorful,Block color,NA,NA,Yes,Yes,No,4,NFS,2400,Blue,Colorful,2x1,NA,Crafting,,1.0.0,child's room,None,wooden block,None,Yes,Bed,No,Does not play music,No lighting,Not for sale,FtrBlockBedS_Remake_2_0,2_0,1557,kfwyYQRpZ4SJXf8hS
surfboard,Hibiscus flowers,NA,NA,NA,No,No,No,NA,4100,1025,Beige,Colorful,1x1,NA,Nook's Cranny,Season sale item,1.0.0,ocean,None,None,None,No,Seaside,Yes,Does not play music,No lighting,For sale,FtrSurfboard_Remake_2_0,2_0,7868,yEEimmHNK5REojQHx
MUM CUSHION,Yellow,Flower color,NA,NA,Yes,Yes,No,1,NFS,440,Yellow,Yellow,1x1,NA,Crafting,,1.0.0,fancy,None,flowers,None,Yes,Chair,No,Does not play music,No lighting,Not for sale,FtrFlowerStoolS_Remake_0_0,0_0,7232,p6tfqj4HNCbaNihhL
  bunk bed  ,Red,NA,Striped,Bedding,No,No,Yes,2,5000,,Red,Blue,2x1,NA,Nook's Cranny,Available in Nook's Cranny (either upgrade tier) in the unique furniture slot,1.0.0,facility,None,None,None,Yes,Bed,No,Does not play music,No lighting,For sale,FtrBunkbed_Remake_3_1,3_1,8298,Y3GL8derY7nsxtnvM
cute wardrobe,Yellow,NA,NA,NA,No,No,No,NA,,1825,Yellow,Orange,1x1,NA,Nook's Cranny,"Available in Nook's Cranny (upgraded only), in the unique furniture slot",1.0.0,fancy,None,cute,None,Wardrobe,Chest,No,Does not play music,No lighting,For sale,FtrCuteClosetLR_Remake_2_0,2_0,3997,N2jvtPa6kEdTW9zqH
    drum set    ,Rose pink,NA,Smooth white,Bass drum head,No,No,Yes,2,5600,1400,Red,White,2x1,NA,Nook's Cranny,"Available in Nook's Cranny (upgraded only), in the unique furniture slot",1.0.0,concert,None,None,None,Yes,Musical Instrument,No,Does not play music,No lighting,For sale,FtrDrumSet_Remake_5_0,5_0,1803,6uFGF5enNQrNQ9v88
    REFRIGERATOR    ,Pink,NA,Cute,Sticker area,No,No,Yes,2,5100,1275,Pink,Pink,1x1,NA,Nook's Cranny,"Available in Nook's Cranny (upgraded only), in the unique furniture slot",1.0.0,kitchen,shop,None,None,Wardrobe,Home Appliances,No,Does not play music,No lighting,For sale,FtrRefrigerator_Remake_2_1,2_1,2713,6t6qTQGDc8Tn95ZPt
  bonsai shelf  ,NA,NA,NA,NA,Yes,No,No,NA,NFS,8460,Green,Brown,2x1,NA,Crafting,,1.0.0,zen-style,garden,None,None,No,Plants,Yes,Does not play music,No lighting,Not for sale,FtrBonsaiShelf,NA,3580,LxJLFw3BMEnPL6h66
elaborate kimono stand,Wisteria,NA,NA,NA,No,No,No,NA,,55000,Purple,Black,2x1,NA,Nook's Cranny,"Available in Nook's Cranny (upgraded only), in the third unique furniture slot",1.0.0,zen-style,expensive,None,None,No,Japanese Style,No,Does not play music,No lighting,For sale,FtrKimonostandRich_Remake_2_0,2_0,7865,fQA3bpkY5cMkpRp94
  NATURAL GARDEN TABLE  ,Shabby,Tabletop,NA,NA,Yes,Yes,No,5,,,White,Gray,2x2,NA,Crafting,,1.0.0,garden,None,None,natural,No,Table,Yes,Does not play music,No lighting,Not for sale,FtrGardenTableNatural_Remake_2_0,2_0,3396,Hb7HbZEvLXErkLuw8
    ZEN-STYLE STONE    ,Andesite,Stone,NA,NA,Yes,Yes,No,6,,,Gray,Gray,1x1,NA,Crafting,,1.0.0,zen-style,horror,None,None,No,Japanese Style,Yes,Does not play music,No lighting,Not for sale,FtrGravestoneJapan_Remake_1_0,1_0,7317,YfpPverX5Q2iEwRF2
simple panel,Brown,NA,Plain panel,Panel design,No,No,Yes,1,810,202,Orange,Gray,1x0.5,NA,Nook's Cranny,Available in Nook's Cranny (either upgrade tier) in the unique furniture slot,1.0.0,facility,None,None,None,No,Screen,No,Does not play music,No lighting,For sale,FtrScreenSimple_Remake_3_0,3_0,5338,nq75Ad4g68qA5JDeT
  IRONWOOD LOW TABLE  ,Birch,Lumber type,NA,NA,Yes,Yes,No,5,NFS,,Beige,Black,2x1,NA,Crafting,,1.0.0,living room,None,ironwood,None,No,Table,No,Does not play music,No lighting,Not for sale,FtrIronwoodTableM_Remake_0_0,0_0,3194,JdNbdG6Lm9JRpQWrr
  wooden stool  ,Green,Paint color,Blue,Seat,Yes,Yes,Yes,2,,480,Green,Light blue,1x1,NA,Crafting,,1.0.0,child's room,living room,wooden,None,Yes,Chair,No,Does not play music,No lighting,Not for sale,FtrWoodenStoolS_Remake_5_3,5_3,3449,EE9zzcpn9jzfgNJZB
illuminated present,Blue with yellow ribbon,Light color,NA,NA,Yes,Yes,No,4,,,Blue,Orange,1x1,NA,Crafting,,1.0.0,party,fancy,festive,None,Yes,Seasonal Decor,Yes,Does not play music,Fluorescent,Not for sale,FtrIllumiPresent_Remake_2_0,2_0,4108,qCBFDhStjRLhtiyaC
  table with cloth  ,NA,NA,Red,Tablecloth,No,No,Yes,2,5100,,Red,Red,2x2,NA,Nook's Cranny,"Available in Nook's Cranny (upgraded only), in the third unique furniture slot",1.0.0,shop,party,None,None,No,Table,No,Does not play music,No lighting,For sale,FtrTableCloth_Remake_0_3,0_3,1779,MjLyp762ynpvoM7HH
  shell table  ,Brown,Shell color,NA,NA,Yes,Yes,No,4,NFS,2280,Brown,Brown,2x2,NA,Crafting,,1.0.0,ocean,None,shell,None,No,Table,Yes,Does not play music,No lighting,Not for sale,FtrShellTableL_Remake_1_0,1_0,3980,XN9xnxSAb9TEJMABk
  LOG DINING TABLE  ,Orange wood,Lumber type,Quilted,Placemats,Yes,Yes,Yes,4,,1800,Orange,Light blue,2x2,NA,Crafting,,1.0.0,garden,living room,log,None,No,Table,No,Does not play music,No lighting,Not for sale,FtrLogTableL_Remake_1_4,1_4,4040,rSRTYkXudBS6Crxb7
retro gas pump,Red,NA,Yellow oil,Lamp,No,No,Yes,1,2700,,Red,Red,1x1,NA,Nook's Cranny,Available in Nook's Cranny (either upgrade tier) in the unique furniture slot,1.0.0,garden,shop,diner,None,Yes,Vehicle,Yes,Does not play music,No lighting,For sale,FtrAmeretroGasstand_Remake_0_0,0_0,4140,PwxjRKu5RjpRwwmHa
  log dining table  ,White birch,Lumber type,Bears,Placemats,Yes,No,Yes,4,,1800,White,Brown,2x2,NA,Crafting,,1.0.0,garden,living room,log,None,No,Table,No,Does not play music,No lighting,Not for sale,FtrLogTableL_Remake_3_3,3_3,4040,dzxi5Pihxi8iuJ2dB
  TOURIST TELESCOPE  ,Blue,NA,NA,NA,No,No,No,NA,NFS,10000,Blue,Blue,1x1,2000,Nook Miles Shop,,1.0.0,space,facility,None,None,No,Space,Yes,Does not play music,No lighting,Not for sale,FtrTelescopeSightseeing_Remake_1_0,1_0,3078,v3mqxsFnydTDpoMqj
  drying rack  ,Ivory,NA,NA,NA,No,No,No,NA,,,Beige,Colorful,2x1,NA,Nook's Cranny,Available in Nook's Cranny (either upgrade tier) in the unique furniture slot,1.0.0,garden,bathroom,None,None,No,Supplies,Yes,Does not play music,No lighting,For sale,FtrClothesstand_Remake_1_0,1_0,7789,8jkg7xAy54vJYkBTS
  WOODEN MINI TABLE  ,Black,Paint color,Blue,Tablecloth,Yes,Yes,Yes,2,,720,Black,Blue,1x1,NA,Crafting,,1.0.0,child's room,living room,wooden,None,No,Table,No,Does not play music,No lighting,Not for sale,FtrWoodenTableMini_Remake_4_3,4_3,7133,smZTYwxv36fLaLeHD
    WOODEN DOUBLE BED    ,Pink wood,Paint color,Blue,Bedding,Yes,Yes,Yes,6,,,Pink,Light blue,2x2,NA,Crafting,,1.0.0,child's room,living room,wooden,None,Yes,Bed,No,Does not play music,No lighting,Not for sale,FtrWoodenBedW_Remake_7_2,7_2,7132,vinC9aGqFqZZpssDo
  giant teddy bear  ,Checkered,Fabric,Giant dots,Ribbon,Yes,Yes,Yes,8,,6300,Purple,Blue,3x3,NA,Crafting,,1.0.0,fancy,child's room,None,bear,No,Animal,No,Does not play music,No lighting,Not for sale,FtrBearXL_Remake_4_2,4_2,1504,NTH4xcAyWZoh2JcA2
    wedding welcome board    ,Chic,Easel,Message,Board,No,Yes,Yes,2,1500,375,Brown,Pink,1x1,NA,Wedding Season,,1.2.0,party,expensive,wedding,None,No,Shop,No,Does not play music,No lighting,Not for sale,FtrWeddingBoard_Remake_1_0,1_0,12410,rruzNLF7YavCLzxwf
  FROZEN PARTITION  ,Ice,Illumination,NA,NA,Yes,Yes,No,7,NFS,,Light blue,Light blue,2x0.5,NA,Crafting,,1.0.0,freezing cold,None,frozen,None,No,Seasonal Decor,Yes,Does not play music,No lighting,Not for sale,FtrIceScreen_Remake_0_0,0_0,3498,nkkEGKwqHQEepWqeM
  RETRO FAN  ,Orange,NA,NA,NA,No,No,No,NA,2100,525,Orange,White,1x1,NA,Nook's Cranny,Season sale item,1.0.0,living room,None,None,None,Yes,Fan,No,Does not play music,No lighting,For sale,FtrFanRetro_Remake_2_0,2_0,2736,mCL9TZXN9dhRPvrXK
  ROCK GUITAR  ,Orange-yellow,NA,Chic logo,Sticker area,No,No,Yes,2,,775,Yellow,White,1x1,NA,Nook's Cranny,Available in Nook's Cranny (either upgrade tier) in the unique furniture slot,1.0.0,concert,None,None,None,Yes,Musical Instrument,No,Does not play music,No lighting,For sale,FtrElectricguitar1_Remake_4_2,4_2,1644,uFwpFLSPLpjzysJwy
    iron garden chair    ,White,Body color,NA,NA,Yes,Yes,No,3,NFS,2250,White,White,1x1,NA,Crafting,,1.0.0,garden,None,iron,None,Yes,Chair,Yes,Does not play music,No lighting,Not for sale,FtrIrongardenChair_Remake_4_0,4_0,1626,qZcADQ4PMgdMY2wAT
    rock guitar    ,Chic white,NA,Familiar logo,Sticker area,No,No,Yes,2,3100,775,White,Black,1x1,NA,Nook's Cranny,Available in Nook's Cranny (either upgrade tier) in the unique furniture slot,1.0.0,concert,None,None,None,Yes,Musical Instrument,No,Does not play music,No lighting,For sale,FtrElectricguitar1_Remake_6_1,6_1,1644,vfFDZSWiRkCosrF5i
  OUTDOOR BENCH  ,White,NA,Blue,Seat,No,No,Yes,1,1300,325,Gray,Blue,2x1,NA,Nook's Cranny,Available in Nook's Cranny (either upgrade tier) in the unique furniture slot,1.0.0,outdoors,None,None,None,Yes,Sofa,Yes,Does not play music,No lighting,For sale,FtrOutdoorchairM_Remake_0_3,0_3,3947,xHjHcuzbnZhAmEXEm
  EFFECTS RACK  ,Red,NA,None,Sticker area,No,No,Yes,3,,,Red,Black,1x1,NA,Nook's Cranny,"Available in Nook's Cranny (upgraded only), in the unique furniture slot",1.0.0,concert,facility,None,None,No,Musical Instrument,No,Does not play music,No lighting,For sale,FtrEffectorrack_Remake_4_0,4_0,950,X4MmM2ZfH8SaQDgJs
    PAPA BEAR    ,Checkered,NA,None,Ribbon,No,No,Yes,3,8500,2125,Red,White,2x2,NA,Nook's Cranny,"Available in Nook's Cranny (upgraded only), in the third unique furniture slot",1.0.0,fancy,child's room,None,bear,No,Animal,No,Does not play music,No lighting,For sale,FtrBearL_Remake_4_0,4_0,1499,wrJekQhmyFd4a73tb
JUICY-APPLE TV,Green apple,Fruit type,NA,NA,Yes,Yes,No,5,NFS,3500,Green,Yellow,1x1,NA,Crafting,,1.0.0,fancy,None,fruits,apple,Yes,TV,No,Does not play music,Monitor,Not for sale,FtrFruitsTV_Remake_1_0,1_0,2596,fQY4s2gFf8t2YfqdS
    pet bed    ,Natural,NA,Checkered,Cushion,No,No,Yes,1,1100,275,Beige,Red,1x1,NA,Nook's Cranny,Available in Nook's Cranny (either upgrade tier) in the unique furniture slot,1.0.0,living room,None,None,pet,Yes,Chair,No,Does not play music,No lighting,For sale,FtrPetBed_Remake_0_3,0_3,7802,EXZjtPeK8p7LvNcXs
    rock guitar    ,Natural wood,NA,Handwritten logo,Sticker area,No,No,Yes,2,,775,Beige,Light blue,1x1,NA,Nook's Cranny,Available in Nook's Cranny (either upgrade tier) in the unique furniture slot,1.0.0,concert,None,None,None,Yes,Musical Instrument,No,Does not play music,No lighting,For sale,FtrElectricguitar1_Remake_5_5,5_5,1644,W8N2sac32cyTWPZkg
  rocket lamp  ,Red,NA,NA,NA,No,No,No,NA,1500,,Red,White,1x1,NA,Nook's Cranny,Available in Nook's Cranny (either upgrade tier) in the unique furniture slot,1.0.0,facility,None,None,None,Yes,Lamp,No,Does not play music,Fluorescent,For sale,FtrLavalamp_Remake_1_0,1_0,1851,xtPb2cDfnj4wHQCbp
    PILE OF ZEN CUSHIONS    ,NA,NA,Deep green,Upholstery,Yes,No,Yes,2,NFS,,Green,Green,1x1,NA,Crafting,,1.0.0,zen-style,living room,None,None,Yes,Chair,No,Does not play music,No lighting,Not for sale,FtrCushionJapanPile_Remake_0_3,0_3,7048,e3Svvk2ZgqhuwNAee
  GIANT TEDDY BEAR  ,Caramel mocha,Fabric,White,Ribbon,Yes,Yes,Yes,8,NFS,6300,Beige,White,3x3,NA,Crafting,,1.0.0,fancy,child's room,None,bear,No,Animal,No,Does not play music,No lighting,Not for sale,FtrBearXL_Remake_1_1,1_1,1504,WMhnLpMkHG6TFKTmr
    floor lamp    ,White,NA,Pink,Lampshade,No,No,Yes,1,1400,,White,Pink,1x1,NA,Nook's Cranny,"Available in Nook's Cranny (upgraded only), in the unique furniture slot",1.0.0,living room,None,None,None,Yes,Lamp,No,Does not play music,Fluorescent,For sale,FtrLamp_Remake_2_2,2_2,2561,AStdC6KAzxAqYej68
    WOODEN TABLE    ,Dark wood,Paint color,Green,Tablecloth,Yes,Yes,Yes,4,NFS,,Brown,Green,2x2,NA,Crafting,,1.0.0,child's room,living room,wooden,None,No,Table,No,Does not play music,No lighting,Not for sale,FtrWoodenTableL_Remake_3_4,3_4,3439,4PrYZmuc2LFsRSTGc
  paper lantern  ,Orange wood,NA,Spring,Paper,No,No,Yes,1,780,,Orange,Pink,1x1,NA,Nook's Cranny,Available in Nook's Cranny (either upgrade tier) in the unique furniture slot,1.0.0,zen-style,None,None,None,Yes,Lamp,No,Does not play music,Candle,For sale,FtrLampJapan_Remake_2_1,2_1,725,fZWBtPdsL5RfRmW7E
  cherry-blossom pond stone  ,NA,NA,NA,NA,Yes,No,No,NA,NFS,2700,Gray,Pink,2x1,NA,Crafting,,1.0.0,zen-style,garden,cherry blossoms,None,No,Japanese Style,Yes,Does not play music,No lighting,Not for sale,FtrStonewaterbowlSakura,NA,7409,9rZRT4JCgiWjhcKro
diner chair,Black,NA,NA,NA,No,No,No,NA,1600,,Black,White,1x1,NA,Nook's Cranny,"Available in Nook's Cranny (upgraded only), in the unique furniture slot",1.0.0,shop,None,diner,None,Yes,Chair,No,Does not play music,No lighting,For sale,FtrAmeretroChairS_Remake_6_0,6_0,4137,zh7KHtJAWp7n7gFKh
  FLOOR LAMP  ,Natural,NA,Light blue,Lampshade,No,No,Yes,1,1400,350,Beige,Light blue,1x1,NA,Nook's Cranny,"Available in Nook's Cranny (upgraded only), in the unique furniture slot",1.0.0,living room,None,None,None,Yes,Lamp,No,Does not play music,Fluorescent,For sale,FtrLamp_Remake_0_3,0_3,2561,9LXXxjrgxfgFzdLzv
DRINK MACHINE,White,NA,Sale,Advertisement panel,No,No,Yes,7,NFS,10000,White,Green,1x1,2000,Nook Miles Shop,,1.0.0,shop,facility,None,None,Yes,Facility Decor,Yes,Does not play music,Monitor,Not for sale,FtrDrinkmachine_Remake_2_2,2_2,1802,3P2tspJyPSwG6QcFQ
  CLOTHESLINE POLE  ,Silver,NA,Carrot,Drying shirt,No,No,Yes,1,1100,275,Gray,Yellow,2x0.5,NA,Nook's Cranny,Available in Nook's Cranny (either upgrade tier) in the unique furniture slot,1.0.0,garden,bathroom,None,None,No,Supplies,Yes,Does not play music,No lighting,For sale,FtrClotheshorse_Remake_0_3,0_3,1778,wAqJ6dPrpZjkas5DQ
low screen,Light brown,NA,Plain,Screen,No,No,Yes,1,870,217,Beige,White,1x0.5,NA,Nook's Cranny,Available in Nook's Cranny (either upgrade tier) in the unique furniture slot,1.0.0,zen-style,None,None,None,No,Japanese Style,No,Does not play music,No lighting,For sale,FtrScreenJapanLow_Remake_0_0,0_0,1029,GdddgngycnMu3krY3
  camping cot  ,Red,NA,NA,NA,No,No,No,NA,1800,450,Red,Red,2x1,NA,Starting items,,1.0.0,outdoors,None,None,None,Yes,Bed,Yes,Does not play music,No lighting,For sale,FtrCampbed_Remake_2_0,2_0,4081,2gThSCsx2x2wpHhu5
    basic teacher's desk    ,Standard,NA,NA,NA,No,No,No,NA,2000,500,Orange,Gray,2x1,NA,Nook's Cranny,"Available in Nook's Cranny (upgraded only), in the unique furniture slot",1.0.0,school,None,None,None,No,Desk,No,Does not play music,No lighting,For sale,FtrSchoolTeachertable_Remake_0_0,0_0,1330,9N5CyjzJXCRqMBuS3
    chalkboard    ,After school,NA,NA,NA,No,No,No,NA,2600,650,Green,Gray,2x1,NA,Nook's Cranny,"Available in Nook's Cranny (upgraded only), in the unique furniture slot",1.0.0,school,None,None,None,No,School,No,Does not play music,No lighting,For sale,FtrBlackboard_Remake_1_0,1_0,2012,Gd8RWYX24zAm3w6pR
  upright locker  ,Silver,NA,Pop,Sticker area,No,No,Yes,2,3700,925,Gray,Colorful,1x1,NA,Nook's Cranny,Available in Nook's Cranny (either upgrade tier) in the unique furniture slot,1.0.0,school,facility,None,None,Wardrobe,Chest,No,Does not play music,No lighting,For sale,FtrLocker_Remake_0_3,0_3,833,yxAqK2jjyyQHrpNGE
rock guitar,Orange-yellow,NA,Pop logo,Sticker area,No,No,Yes,2,,775,Yellow,Colorful,1x1,NA,Nook's Cranny,Available in Nook's Cranny (either upgrade tier) in the unique furniture slot,1.0.0,concert,None,None,None,Yes,Musical Instrument,No,Does not play music,No lighting,For sale,FtrElectricguitar1_Remake_4_6,4_6,1644,jHTHnWigvpQZN2srj
giant teddy bear,Caramel mocha,Fabric,Giant stripes,Ribbon,Yes,Yes,Yes,8,,6300,Beige,Yellow,3x3,NA,Crafting,,1.0.0,fancy,child's room,None,bear,No,Animal,No,Does not play music,No lighting,Not for sale,FtrBearXL_Remake_1_3,1_3,1504,GFBqa3HZzCbDMgopN
lifeguard chair,White,NA,NA,NA,No,No,No,NA,NFS,,White,White,1x1,1000,Nook Miles Shop,,1.0.0,ocean,None,None,None,No,Seaside,Yes,Does not play music,No lighting,Not for sale,FtrMonitoringchair_Remake_1_0,1_0,3345,2MwE9GgGhX4wMG2MY
  acoustic guitar  ,Brown,Body,NA,NA,Yes,Yes,No,5,NFS,3210,Brown,Black,1x1,NA,Crafting,,1.0.0,music,None,None,None,Yes,Musical Instrument,No,Does not play music,No lighting,Not for sale,FtrAcorsticguitar_Remake_2_0,2_0,383,vLq9iphAvALBXazDr
  mama bear  ,Caramel mocha,NA,Yellow stripes,Shirt,No,No,Yes,1,,575,Beige,Yellow,1x1,NA,Nook's Cranny,Available in Nook's Cranny (either upgrade tier) in the unique furniture slot,1.0.0,fancy,child's room,None,bear,No,Animal,No,Does not play music,No lighting,For sale,FtrBearM_Remake_1_3,1_3,1500,5sGLoneypSYLSFvmF
  digital scale  ,Brown,NA,Black stripes,Design,No,No,Yes,1,930,232,Brown,Gray,1x1,NA,Nook's Cranny,Available in Nook's Cranny (either upgrade tier) in the unique furniture slot,1.0.0,bathroom,None,None,None,No,Bathroom Things,No,Does not play music,No lighting,For sale,FtrWeightscale_Remake_6_3,6_3,3307,tujkS2GENp3z8FeAc
SIMPLE PANEL,Silver,NA,Mud wall,Panel design,No,No,Yes,1,810,202,Gray,Beige,1x0.5,NA,Nook's Cranny,Available in Nook's Cranny (either upgrade tier) in the unique furniture slot,1.0.0,facility,None,None,None,No,Screen,No,Does not play music,No lighting,For sale,FtrScreenSimple_Remake_6_5,6_5,5338,iBcnxz55CeQCDtZ9P
  changing room  ,Gray,NA,Green,Curtain,No,No,Yes,2,3700,,White,Green,1x1,NA,Nook's Cranny,"Available in Nook's Cranny (upgraded only), in the unique furniture slot",1.0.0,shop,facility,None,None,Wardrobe,Shop,No,Does not play music,No lighting,For sale,FtrFittingroom_Remake_0_6,0_6,1816,YMxucW7KzNz6NqmWp
IRONWOOD DRESSER,Old,Lumber type,NA,NA,Yes,Yes,No,6,NFS,,Brown,Black,1x1,NA,Crafting,,1.0.0,living room,None,ironwood,None,Wardrobe,Chest,No,Does not play music,No lighting,Not for sale,FtrIronwoodChest_Remake_3_0,3_0,3196,rQ4ugAuc7bYZ7sAWw
    OUTDOOR GENERATOR    ,Blue,NA,NA,NA,No,No,No,NA,4900,1225,Blue,Black,1x1,NA,Nook's Cranny,"Available in all tiers of shops, including Timmy & Tommy before the shop is opened",1.0.0,outdoors,None,None,None,Yes,Outdoors Decor,Yes,Does not play music,No lighting,For sale,FtrOutdoorgenerator_Remake_1_0,1_0,7526,bsdqWF6ww2QitHcGe
  festive tree  ,Blue,Design,NA,NA,Yes,Yes,No,2,NFS,,Green,Blue,1x1,NA,Crafting,,1.0.0,party,fancy,festive,None,Yes,Seasonal Decor,No,Does not play music,No lighting,Not for sale,FtrTreeXmasS_Remake_1_0,1_0,3991,hu6yAZy5jTQf8FvAs
bunk bed,Blue,NA,Space,Bedding,No,No,Yes,2,5000,1250,Blue,Light blue,2x1,NA,Nook's Cranny,Available in Nook's Cranny (either upgrade tier) in the unique furniture slot,1.0.0,facility,None,None,None,Yes,Bed,No,Does not play music,No lighting,For sale,FtrBunkbed_Remake_4_3,4_3,8298,xCrLHXMj7hNA2HiAH
    CHANGING ROOM    ,Blue,NA,Yellow,Curtain,No,No,Yes,2,3700,925,Blue,Yellow,1x1,NA,Nook's Cranny,"Available in Nook's Cranny (upgraded only), in the unique furniture slot",1.0.0,shop,facility,None,None,Wardrobe,Shop,No,Does not play music,No lighting,For sale,FtrFittingroom_Remake_5_3,5_3,1816,KaE9hHGdHEG5a4ZXB
    SPEED BAG    ,Red,NA,NA,NA,No,No,No,NA,3500,,Red,Black,1x1,NA,Nook's Cranny,Available in Nook's Cranny (either upgrade tier) in the unique furniture slot,1.0.0,fitness,None,None,None,Yes,Sports,No,Does not play music,No lighting,For sale,FtrSpeedbag_Remake_0_0,0_0,7653,BrNXn9D8ysqCD9Pjo
monster statue,Red,NA,NA,NA,No,No,No,NA,,25000,Red,Red,3x3,5000,Nook Miles Shop,,1.0.0,child's room,horror,None,None,Yes,Toy,Yes,Does not play music,No lighting,Not for sale,FtrMonster_Remake_2_0,2_0,4722,fkzyCxLt3dtyWM9cN
  lily record player  ,Pink,Flower color,NA,NA,Yes,Yes,No,5,NFS,,Pink,White,1x1,NA,Crafting,,1.0.0,fancy,None,flowers,None,Yes,Audio,No,Phono,No lighting,Not for sale,FtrFlowerRecordplayer_Remake_1_0,1_0,7236,s7ArZoErhnCAWS6ZC
    bunk bed    ,Yellow,NA,Colorful lines,Bedding,No,No,Yes,2,,,Yellow,Yellow,2x1,NA,Nook's Cranny,Available in Nook's Cranny (either upgrade tier) in the unique furniture slot,1.0.0,facility,None,None,None,Yes,Bed,No,Does not play music,No lighting,For sale,FtrBunkbed_Remake_5_4,5_4,8298,r9Hqv7LXowejWfqQs
  drink machine  ,Red,NA,Sale,Advertisement panel,No,No,Yes,7,NFS,10000,Red,Green,1x1,2000,Nook Miles Shop,,1.0.0,shop,facility,None,None,Yes,Facility Decor,Yes,Does not play music,Monitor,Not for sale,FtrDrinkmachine_Remake_0_2,0_2,1802,xYeAb9JdRdHfS2XwW
  writing chair  ,Light brown,NA,Blue,Seat,No,No,Yes,1,,425,Yellow,Blue,1x1,NA,Nook's Cranny,Available in Nook's Cranny (either upgrade tier) in the unique furniture slot,1.0.0,child's room,None,None,writing,Yes,Chair,No,Does not play music,No lighting,For sale,FtrStudyChair_Remake_1_1,1_1,3702,8DrWbqnSEktXk9SPY
  bunk bed  ,Silver,NA,Checkered,Bedding,No,No,Yes,2,5000,,Gray,Pink,2x1,NA,Nook's Cranny,Available in Nook's Cranny (either upgrade tier) in the unique furniture slot,1.0.0,facility,None,None,None,Yes,Bed,No,Does not play music,No lighting,For sale,FtrBunkbed_Remake_0_2,0_2,8298,F4vXx9urpLBobFpxq
  WOODEN MINI TABLE  ,Blue,Paint color,Green,Tablecloth,Yes,Yes,Yes,2,,,Blue,Green,1x1,NA,Crafting,,1.0.0,child's room,living room,wooden,None,No,Table,No,Does not play music,No lighting,Not for sale,FtrWoodenTableMini_Remake_6_4,6_4,7133,QK2naZSLzBLFmjHnd
    CUTE CHAIR    ,Red,NA,NA,NA,No,No,No,NA,4300,,Red,White,1x1,NA,Nook's Cranny,"Available in Nook's Cranny (upgraded only), in the unique furniture slot",1.0.0,fancy,None,cute,None,Yes,Chair,No,Does not play music,No lighting,For sale,FtrCuteChairS_Remake_3_0,3_0,3999,YxDzqSq6daZPv5GcZ
  WOODEN-BLOCK CHAIR  ,Natural,Block color,NA,NA,Yes,Yes,No,1,NFS,720,Beige,Beige,1x1,NA,Crafting,,1.0.0,child's room,None,wooden block,None,Yes,Chair,No,Does not play music,No lighting,Not for sale,FtrBlockChairS_Remake_0_0,0_0,2558,aTfhXzrbfySyKeNax
  RETRO GAS PUMP  ,Yellow,NA,Black retro,Lamp,No,No,Yes,1,,,Yellow,Yellow,1x1,NA,Nook's Cranny,Available in Nook's Cranny (either upgrade tier) in the unique furniture slot,1.0.0,garden,shop,diner,None,Yes,Vehicle,Yes,Does not play music,No lighting,For sale,FtrAmeretroGasstand_Remake_2_2,2_2,4140,zK84DdbcfNsDLTfYa
  effects rack  ,Red,NA,Cute logo,Sticker area,No,No,Yes,3,6800,1700,Red,Pink,1x1,NA,Nook's Cranny,"Available in Nook's Cranny (upgraded only), in the unique furniture slot",1.0.0,concert,facility,None,None,No,Musical Instrument,No,Does not play music,No lighting,For sale,FtrEffectorrack_Remake_4_7,4_7,950,JcFYCa2pLrNcNq5ys
    round space heater    ,Green,NA,NA,NA,No,No,No,NA,,675,Green,Green,1x1,NA,Nook's Cranny,Season sale item,1.0.0,living room,school,None,None,Yes,Heating,No,Does not play music,No lighting,For sale,FtrStoveRound_Remake_3_0,3_0,2771,Fdq3tM5eiCbno2xji
  piano bench  ,Black,NA,NA,NA,No,No,No,NA,990,247,Black,Black,1x1,NA,Nook's Cranny,Available in Nook's Cranny (either upgrade tier) in the unique furniture slot,1.0.0,music,None,None,None,Yes,Chair,No,Does not play music,No lighting,For sale,FtrPianochair_Remake_0_0,0_0,3681,TKqHoeYMsW9irSWYk
  tire toy  ,White,Tire color,NA,NA,Yes,Yes,No,1,NFS,20,White,White,1x1,NA,Crafting,,1.0.0,garden,None,None,None,Yes,Playground,Yes,Does not play music,No lighting,Not for sale,FtrPlayingtire_Remake_5_0,5_0,2329,5Z3oHrzCoCNpfLNZW
  WOODEN MINI TABLE  ,Light wood,Paint color,Blue,Tablecloth,Yes,Yes,Yes,2,NFS,720,Beige,Blue,1x1,NA,Crafting,,1.0.0,child's room,living room,wooden,None,No,Table,No,Does not play music,No lighting,Not for sale,FtrWoodenTableMini_Remake_0_3,0_3,7133,AZqCwcNbL76zheN3q
wooden-block chest,Mixed wood,Block color,NA,NA,Yes,Yes,No,3,,,Brown,Black,2x1,NA,Crafting,,1.0.0,child's room,None,wooden block,None,Wardrobe,Chest,No,Does not play music,No lighting,Not for sale,FtrBlockChest_Remake_1_0,1_0,1561,WmMbipPbnk5ZyC8Zg
giant teddy bear,Caramel mocha,Fabric,Giant dots,Ribbon,Yes,Yes,Yes,8,,6300,Beige,Blue,3x3,NA,Crafting,,1.0.0,fancy,child's room,None,bear,No,Animal,No,Does not play music,No lighting,Not for sale,FtrBearXL_Remake_1_2,1_2,1504,Q6ZmozMabKDPBMH5Z
  MUSH LAMP  ,Yellow mushroom,Mushroom type,NA,NA,Yes,Yes,No,3,,1600,Yellow,Yellow,1x1,NA,Crafting,,1.0.0,garden,None,mush,None,Yes,Lamp,Yes,Does not play music,Fluorescent,Not for sale,FtrMushroomLamp_Remake_4_0,4_0,805,75rpYquohgtznCDTt
  scattered papers  ,NA,NA,Illustrations,Writing,Yes,No,Yes,2,NFS,,White,Light blue,1.5x1.5,NA,Crafting,,1.0.0,den,office,None,None,Yes,Study,No,Does not play music,No lighting,Not for sale,FtrFloorpapers_Remake_0_2,0_2,4034,tvGnfcrHedLLNXriQ
bunk bed,Black,NA,Space,Bedding,No,No,Yes,2,,,Black,Light blue,2x1,NA,Nook's Cranny,Available in Nook's Cranny (either upgrade tier) in the unique furniture slot,1.0.0,facility,None,None,None,Yes,Bed,No,Does not play music,No lighting,For sale,FtrBunkbed_Remake_1_3,1_3,8298,bhtn73rcxo7Rgb3yy
    climbing wall    ,Natural,NA,NA,NA,No,No,No,NA,4300,1075,Beige,Colorful,2x0.5,NA,Nook's Cranny,"Available in Nook's Cranny (upgraded only), in the unique furniture slot",1.0.0,fitness,None,None,None,No,Sports,Yes,Does not play music,No lighting,For sale,FtrClimbingwall_Remake_0_0,0_0,4006,6Ba5KcWpRFuTCKP2S
    DIGITAL SCALE    ,White,NA,Polka dots,Design,No,No,Yes,1,930,232,White,Green,1x1,NA,Nook's Cranny,Available in Nook's Cranny (either upgrade tier) in the unique furniture slot,1.0.0,bathroom,None,None,None,No,Bathroom Things,No,Does not play music,No lighting,For sale,FtrWeightscale_Remake_0_2,0_2,3307,q2vkRxfDP6A3KmQid
  GONG  ,Red,Frame,NA,NA,Yes,Yes,No,7,,5100,Red,Yellow,2x1,NA,Crafting,,1.0.0,zen-style,None,None,None,Yes,Musical Instrument,Yes,Does not play music,No lighting,Not for sale,FtrTamtam_Remake_1_0,1_0,4075,oJ4sGyRjLYmATxLbC
  drum set  ,Pearl white,NA,Rock logo,Bass drum head,No,No,Yes,2,5600,,White,Black,2x1,NA,Nook's Cranny,"Available in Nook's Cranny (upgraded only), in the unique furniture slot",1.0.0,concert,None,None,None,Yes,Musical Instrument,No,Does not play music,No lighting,For sale,FtrDrumSet_Remake_2_4,2_4,1803,YY9DThLxragxuCtsb
cardboard sofa,Labeled,Cardboard,NA,NA,Yes,Yes,No,1,NFS,120,White,Beige,2x1,NA,Crafting,,1.0.0,garage,None,cardboard,None,Yes,Sofa,No,Does not play music,No lighting,Not for sale,FtrCardboardSofaL_Remake_1_0,1_0,7159,3mRAPxkYPuFFet5Jc
    pet bed    ,White,NA,Polka dots,Cushion,No,No,Yes,1,1100,,White,Light blue,1x1,NA,Nook's Cranny,Available in Nook's Cranny (either upgrade tier) in the unique furniture slot,1.0.0,living room,None,None,pet,Yes,Chair,No,Does not play music,No lighting,For sale,FtrPetBed_Remake_2_2,2_2,7802,CjHKzXXbMFpczeeBZ
  ELECTRIC KICK SCOOTER  ,Yellow,NA,NA,NA,No,No,No,NA,4400,,Yellow,Black,1x1,NA,Nook's Cranny,"Available in Nook's Cranny (upgraded only), in the unique furniture slot",1.0.0,child's room,garden,None,None,Yes,Sports,Yes,Does not play music,Spotlight,For sale,FtrKickboardElectric_Remake_2_0,2_0,7654,ddvhgDzTntvydumBG
    GARBAGE CAN    ,NA,NA,NA,NA,No,No,No,NA,960,240,Gray,Gray,1x1,NA,Nook's Cranny,Available in Nook's Cranny (either upgrade tier) in the unique furniture slot,1.0.0,garage,None,None,None,Trash,Supplies,Yes,Does not play music,No lighting,For sale,FtrPaleTinplate,NA,2555,Bk3cCgCbsHn8wj5dd
LECTURE-HALL DESK,Dark brown,NA,NA,NA,No,No,No,NA,,,Brown,Gray,2x1,NA,Nook's Cranny,"Available in Nook's Cranny (upgraded only), in the unique furniture slot",1.0.0,school,None,None,lecture hall,No,Desk,No,Does not play music,No lighting,For sale,FtrTableCollage_Remake_1_0,1_0,2014,88iDCFbBWvPBNZ5vT
  wooden table  ,Green,Paint color,None,Tablecloth,Yes,Yes,Yes,4,NFS,1800,Green,Green,2x2,NA,Crafting,,1.0.0,child's room,living room,wooden,None,No,Table,No,Does not play music,No lighting,Not for sale,FtrWoodenTableL_Remake_5_0,5_0,3439,W8AvTxBDavd6kjhSA
  anchor statue  ,Silver,Color,NA,NA,No,Yes,No,2,,,Gray,Beige,1x1,NA,Fishing Tourney,,1.0.0,ocean,None,None,None,No,Seaside,Yes,Does not play music,No lighting,Not for sale,FtrShipanchor_Remake_1_0,1_0,7238,hdZokWHmfoFTt2FjM
  RATTAN WASTE BIN  ,White,NA,NA,NA,No,No,No,NA,,250,White,White,1x1,NA,Nook's Cranny,"Available in Nook's Cranny (upgraded only), in the unique furniture slot",1.0.0,living room,None,rattan,None,Trash,Supplies,No,Does not play music,No lighting,For sale,FtrRattanTrashbox_Remake_3_0,3_0,4045,8A7Z2nS6KrH2rWxT4
  DRINKING FOUNTAIN  ,Black,Color,NA,NA,Yes,Yes,No,4,NFS,2700,Black,Black,1x1,NA,Crafting,,1.0.0,garden,None,None,None,Yes,Playground,Yes,Does not play music,No lighting,Not for sale,FtrDrinkingfountain_Remake_3_0,3_0,2319,qsxAsMBP75nzCcjFh
    kitty litter box    ,Light blue,NA,NA,NA,No,No,No,NA,,275,Light blue,Black,1x1,NA,Nook's Cranny,Available in Nook's Cranny (either upgrade tier) in the unique furniture slot,1.0.0,living room,None,None,pet,No,Bathroom Things,No,Does not play music,No lighting,For sale,FtrPetWC_Remake_3_0,3_0,7803,b2nkCAwQZgrj7fjCF
vacuum cleaner,Green,NA,NA,NA,No,No,No,NA,,950,Green,Green,1x1,NA,Nook's Cranny,Available in Nook's Cranny (either upgrade tier) in the unique furniture slot,1.0.0,living room,None,None,None,Yes,Home Appliances,No,Does not play music,No lighting,For sale,FtrCleaner_Remake_2_0,2_0,907,8kRZWmkgSPsBHQJgc
  floor light  ,Purple,NA,NA,NA,No,No,No,NA,2200,550,Orange,Orange,1x1,NA,Nook's Cranny,"Available in Nook's Cranny (upgraded only), in the unique furniture slot",1.0.0,facility,concert,None,None,Yes,Lamp,Yes,Does not play music,Spotlight,For sale,FtrGrandlight_Remake_4_0,4_0,7135,vLsdnN6rNEzb3Jge2
  ROCK GUITAR  ,Orange-yellow,NA,Familiar logo,Sticker area,No,No,Yes,2,3100,,Yellow,Black,1x1,NA,Nook's Cranny,Available in Nook's Cranny (either upgrade tier) in the unique furniture slot,1.0.0,concert,None,None,None,Yes,Musical Instrument,No,Does not play music,No lighting,For sale,FtrElectricguitar1_Remake_4_1,4_1,1644,PNDgcTjSGf2fbiEnA
    LOG BED    ,White wood,Lumber type,Bears,Bedding,Yes,Yes,Yes,6,,,Beige,Brown,2x2,NA,Crafting,,1.0.0,garden,living room,log,None,Yes,Bed,No,Does not play music,No lighting,Not for sale,FtrLogBedW_Remake_2_2,2_2,4041,h2F43bfYWx9EPkkyT
TIRE STACK,Colorful,Tire color,NA,NA,Yes,Yes,No,1,NFS,60,Colorful,Colorful,1x1,NA,Crafting,,1.0.0,garage,garden,None,None,No,Vehicle,Yes,Does not play music,No lighting,Not for sale,FtrTyres_Remake_2_0,2_0,1189,W95AbokQCxuMmy6Zz
    OUTDOOR BENCH    ,Red,NA,Orange,Seat,No,No,Yes,1,1300,325,Red,Orange,2x1,NA,Nook's Cranny,Available in Nook's Cranny (either upgrade tier) in the unique furniture slot,1.0.0,outdoors,None,None,None,Yes,Sofa,Yes,Does not play music,No lighting,For sale,FtrOutdoorchairM_Remake_4_4,4_4,3947,j79N9NP7Huo8C4hde
    log chair    ,Dark wood,Lumber type,Southwestern flair,Cushion,Yes,Yes,Yes,3,,960,Brown,Colorful,1x1,NA,Crafting,,1.0.0,garden,living room,log,None,Yes,Sofa,No,Does not play music,No lighting,Not for sale,FtrLogSofaS_Remake_0_1,0_1,4039,DNaS4awK4G9nxe2Wb
stone tablet,Mossy,Color,NA,NA,Yes,Yes,No,3,,1800,Gray,Green,2x2,NA,Crafting,,1.0.0,garden,horror,None,None,No,Japanese Style,No,Does not play music,No lighting,Not for sale,FtrRockMonument_Remake_1_0,1_0,11943,Z9xtz8hxrYRd68rmL
changing room,Dark brown,NA,Green,Curtain,No,No,Yes,2,3700,,Brown,Green,1x1,NA,Nook's Cranny,"Available in Nook's Cranny (upgraded only), in the unique furniture slot",1.0.0,shop,facility,None,None,Wardrobe,Shop,No,Does not play music,No lighting,For sale,FtrFittingroom_Remake_3_6,3_6,1816,TuEo85hZGTKmhF8Ti
  FLOOR LIGHT  ,Blue,NA,NA,NA,No,No,No,NA,2200,550,Blue,Blue,1x1,NA,Nook's Cranny,"Available in Nook's Cranny (upgraded only), in the unique furniture slot",1.0.0,facility,concert,None,None,Yes,Lamp,Yes,Does not play music,Spotlight,For sale,FtrGrandlight_Remake_5_0,5_0,7135,hv4fueX9Gwj2CGhn4
  BIRDBATH  ,Natural,Body color,NA,NA,Yes,Yes,No,2,,,Brown,Brown,1x1,NA,Crafting,,1.0.0,garden,None,None,None,No,Garden,Yes,Does not play music,No lighting,Not for sale,FtrBirdbus_Remake_0_0,0_0,331,wyL9kF8kd7kXHMNE7
  floor seat  ,Natural,NA,Pale grass green,Cushion,No,No,Yes,1,730,,Brown,Green,1x1,NA,Nook's Cranny,Available in Nook's Cranny (either upgrade tier) in the unique furniture slot,1.0.0,zen-style,child's room,None,None,Yes,Chair,No,Does not play music,No lighting,For sale,FtrFloorchair_Remake_0_0,0_0,3622,D3xfAqv6A3YsQf2Yy
  STREET ORGAN  ,Yellow,NA,NA,NA,No,No,No,NA,5000,1250,Yellow,Black,1x1,NA,Nook's Cranny,"Available in Nook's Cranny (upgraded only), in the unique furniture slot",1.0.0,child's room,fancy,None,None,Yes,Musical Instrument,Yes,Does not play music,No lighting,For sale,FtrStreetorgan_Remake_2_0,2_0,4070,inWX95a2qRRxCdwWE
  grand atlas moth model  ,NA,NA,NA,NA,No,No,No,NA,,9000,Brown,Brown,2x2,NA,Flick,Trade 3 insects to receive a model in the mail the next day,1.0.0,None,None,None,None,No,Insect,No,Does not play music,No lighting,Not for sale,FtrInsectYonagunisanToy,NA,7109,S5Mb53g2SsFfSdMEj
  plastic pool  ,Colorful,NA,NA,NA,No,No,No,NA,3100,,Colorful,White,2x2,NA,Nook's Cranny,"Available in Nook's Cranny (upgraded only), in the third unique furniture slot",1.0.0,garden,None,None,None,Yes,Garden,Yes,Does not play music,No lighting,For sale,FtrGardenpool_Remake_4_0,4_0,3348,H49rmdBtnssE52nm2
  pear bed  ,Le Lectier,Fruit type,NA,NA,Yes,Yes,No,4,NFS,2720,Yellow,Beige,2x1,NA,Crafting,,1.0.0,fancy,None,fruits,pear,Yes,Bed,No,Does not play music,No lighting,Not for sale,FtrFruitsBedS_Remake_1_0,1_0,4546,D5467r6GHZbMtcyxe
    futon    ,NA,NA,Blue,Bedding,No,No,Yes,1,1600,400,White,Blue,2x1,NA,Nook's Cranny,Available in Nook's Cranny (either upgrade tier) in the unique furniture slot,1.0.0,zen-style,None,None,None,Yes,Bed,No,Does not play music,No lighting,For sale,FtrFuton_Remake_0_1,0_1,3230,WnaZSYa2bBQY6YvYG
  signpost  ,Airport,Navigation,NA,NA,Yes,Yes,No,1,,600,Beige,Brown,1x1,NA,Crafting,,1.0.0,garden,None,None,None,No,Ranch,Yes,Does not play music,No lighting,Not for sale,FtrSignpost_Remake_4_0,4_0,3588,MJdC6k2inRvsRk7gc
BIRDCAGE,Pink,Paint color,NA,NA,Yes,Yes,No,2,,,Pink,Yellow,1x1,NA,Crafting,,1.0.0,living room,None,None,None,Yes,Animal,No,Does not play music,No lighting,Not for sale,FtrBirdcage_Remake_1_0,1_0,865,PviqhEbsZxbvL43yz
  diner sofa  ,Blue,NA,NA,NA,No,No,No,NA,3500,875,Blue,White,2x1,NA,Nook's Cranny,"Available in Nook's Cranny (upgraded only), in the unique furniture slot",1.0.0,shop,None,diner,None,Yes,Sofa,No,Does not play music,No lighting,For sale,FtrAmeretroChairL_Remake_1_0,1_0,4141,58fRQYYnQZrcQBDNs
    WOODEN SIMPLE BED    ,Blue,Paint color,Green,Bedding,Yes,Yes,Yes,4,,2160,Blue,Green,2x1,NA,Crafting,,1.0.0,child's room,living room,wooden,None,Yes,Bed,No,Does not play music,No lighting,Not for sale,FtrWoodenBedS_Remake_6_3,6_3,2605,woE5WAuopNRXbbqwk
  giant teddy bear  ,Checkered,Fabric,White,Ribbon,Yes,Yes,Yes,8,NFS,6300,Purple,White,3x3,NA,Crafting,,1.0.0,fancy,child's room,None,bear,No,Animal,No,Does not play music,No lighting,Not for sale,FtrBearXL_Remake_4_1,4_1,1504,MjuLBzwiqPhjto24q
  go board  ,NA,NA,NA,NA,No,No,No,NA,1800,450,Orange,Orange,1x1,NA,Nook's Cranny,Available in Nook's Cranny (either upgrade tier) in the unique furniture slot,1.0.0,zen-style,living room,None,None,No,Toy,No,Does not play music,No lighting,For sale,FtrGo,NA,981,t7Npmhjrh8ieMWZHm
    STALL    ,White,Variation,Green stripes,Curtain,Yes,Yes,Yes,3,NFS,,White,Green,2x1,NA,Crafting,,1.0.0,shop,party,None,None,No,Shop,Yes,Does not play music,No lighting,Not for sale,FtrFloat_Remake_5_1,5_1,3617,MRYhaWJZ79oN7k5Ye
  SHADED FLOOR LAMP  ,White,NA,NA,NA,No,No,No,NA,,425,White,Black,1x1,NA,Nook's Cranny,"Available in Nook's Cranny (upgraded only), in the unique furniture slot",1.0.0,living room,None,None,None,Yes,Lamp,No,Does not play music,Fluorescent,For sale,FtrLampMount_Remake_7_0,7_0,4572,ginqgQTYQjXAffTnL
    DINER NEON SIGN    ,Orange,NA,NA,NA,No,No,No,NA,,975,Yellow,Orange,2x1,NA,Nook's Cranny,"Available in Nook's Cranny (upgraded only), in the unique furniture slot",1.0.0,shop,None,diner,None,Yes,Lamp,No,Does not play music,Emission,For sale,FtrAmeretroNeon_Remake_1_0,1_0,4143,PhE58498vnHY8SK5A
  loft bed with desk  ,Light blue,NA,White,Bedding,No,No,Yes,3,7700,1925,Light blue,White,2x1,NA,Nook's Cranny,"Available in Nook's Cranny (upgraded only), in the unique furniture slot",1.0.0,child's room,None,None,None,Yes,Desk,No,Does not play music,No lighting,For sale,FtrBeddesk_Remake_6_0,6_0,3621,KQHQYBAiicxC3wsno
  LOFT BED WITH DESK  ,Natural,NA,Black,Bedding,No,No,Yes,3,7700,1925,Beige,Black,2x1,NA,Nook's Cranny,"Available in Nook's Cranny (upgraded only), in the unique furniture slot",1.0.0,child's room,None,None,None,Yes,Desk,No,Does not play music,No lighting,For sale,FtrBeddesk_Remake_0_1,0_1,3621,kP7NpXq5BAQhpzYem
  clackercart  ,Colorful,Paint color,NA,NA,Yes,Yes,No,2,NFS,960,Yellow,Colorful,1x1,NA,Crafting,,1.0.0,child's room,None,None,None,No,Toy,No,Does not play music,No lighting,Not for sale,FtrKatakatatoy_Remake_1_0,1_0,80,dB8XkZvWGRDSHS2Ry
floor seat,Dark wood,NA,Mustard yellow,Cushion,No,No,Yes,1,730,,Red,Yellow,1x1,NA,Nook's Cranny,Available in Nook's Cranny (either upgrade tier) in the unique furniture slot,1.0.0,zen-style,child's room,None,None,Yes,Chair,No,Does not play music,No lighting,For sale,FtrFloorchair_Remake_2_1,2_1,3622,KRAJEaRTRpjxpkLYN
  fireplace  ,White,NA,NA,NA,No,No,No,NA,,,White,Gray,2x1,NA,Nook's Cranny,Available in Nook's Cranny (either upgrade tier) in the unique furniture slot,1.0.0,living room,expensive,None,None,Yes,Fireplace,No,Does not play music,No lighting,For sale,FtrFireplace_Remake_3_0,3_0,742,yTmsJqwt6nTgEetbo
  changing room  ,Black,NA,Green,Curtain,No,No,Yes,2,3700,925,Black,Green,1x1,NA,Nook's Cranny,"Available in Nook's Cranny (upgraded only), in the unique furniture slot",1.0.0,shop,facility,None,None,Wardrobe,Shop,No,Does not play music,No lighting,For sale,FtrFittingroom_Remake_4_6,4_6,1816,tbo33Z2LABD7wBoLi
  RATTAN STOOL  ,White,NA,NA,NA,No,No,No,NA,2900,725,Light blue,White,1x1,NA,Nook's Cranny,"Available in Nook's Cranny (upgraded only), in the unique furniture slot",1.0.0,living room,None,rattan,None,Yes,Chair,No,Does not play music,No lighting,For sale,FtrRattanStool_Remake_3_0,3_0,4047,w7pwApipfeB9Xv776
    UPRIGHT VACUUM    ,Green,NA,NA,NA,No,No,No,NA,2500,,Green,Black,1x1,NA,Nook's Cranny,"Available in Nook's Cranny (upgraded only), in the unique furniture slot",1.0.0,living room,None,None,None,Yes,Home Appliances,No,Does not play music,No lighting,For sale,FtrCleanerStick_Remake_5_0,5_0,908,djGvyBHAQH9Ja9SKE
    DINER COUNTER TABLE    ,Blue,NA,NA,NA,No,No,No,NA,6000,,Blue,Gray,2x1,NA,Nook's Cranny,"Available in Nook's Cranny (upgraded only), in the unique furniture slot",1.0.0,shop,None,diner,None,No,Table,No,Does not play music,No lighting,For sale,FtrAmeretroCounter_Remake_1_0,1_0,4139,aTh2TfYiRdXxvo8Rt
  rattan low table  ,Gray,NA,NA,NA,No,No,No,NA,2900,725,Blue,Blue,2x1,NA,Nook's Cranny,"Available in Nook's Cranny (upgraded only), in the unique furniture slot",1.0.0,living room,None,rattan,None,No,Table,No,Does not play music,No lighting,For sale,FtrRattanTableM_Remake_4_0,4_0,4054,zg3To8Z5fg9bWqHwa
    drum set    ,Golden yellow,NA,Rock logo,Bass drum head,No,No,Yes,2,5600,,Orange,Black,2x1,NA,Nook's Cranny,"Available in Nook's Cranny (upgraded only), in the unique furniture slot",1.0.0,concert,None,None,None,Yes,Musical Instrument,No,Does not play music,No lighting,For sale,FtrDrumSet_Remake_0_4,0_4,1803,9A4Q2SmtfM2yEpMLJ
  elaborate kimono stand  ,Hawk,NA,NA,NA,No,No,No,NA,220000,55000,Green,Black,2x1,NA,Nook's Cranny,"Available in Nook's Cranny (upgraded only), in the third unique furniture slot",1.0.0,zen-style,expensive,None,None,No,Japanese Style,No,Does not play music,No lighting,For sale,FtrKimonostandRich_Remake_4_0,4_0,7865,WtGpNRZdtJ8kFaEKD
  PEAR BED  ,La France,Fruit type,NA,NA,Yes,Yes,No,4,NFS,,Green,Beige,2x1,NA,Crafting,,1.0.0,fancy,None,fruits,pear,Yes,Bed,No,Does not play music,No lighting,Not for sale,FtrFruitsBedS_Remake_0_0,0_0,4546,6yWEA3abya4d34k94
    refrigerator    ,Brown,NA,Notices,Sticker area,No,No,Yes,2,,1275,Brown,Colorful,1x1,NA,Nook's Cranny,"Available in Nook's Cranny (upgraded only), in the unique furniture slot",1.0.0,kitchen,shop,None,None,Wardrobe,Home Appliances,No,Does not play music,No lighting,For sale,FtrRefrigerator_Remake_5_4,5_4,2713,P73BQAgjfJHDMpXTM
DOUBLE SOFA,Light brown,NA,NA,NA,No,No,No,NA,4300,1075,Orange,Orange,2x1,NA,Nook's Cranny,Available in Nook's Cranny (either upgrade tier) in the unique furniture slot,1.0.0,living room,None,None,None,Yes,Sofa,No,Does not play music,No lighting,For sale,FtrSofaL_Remake_5_0,5_0,2554,FTAzAxnhcegy2HrJo
    shell fountain    ,Yellow,Shell color,NA,NA,Yes,Yes,No,7,NFS,9450,Yellow,Yellow,1.5x1.5,NA,Crafting,,1.0.0,ocean,expensive,shell,None,Yes,Playground,Yes,Does not play music,No lighting,Not for sale,FtrShellFountain_Remake_3_0,3_0,3982,bseA8tHkwhS29sYC4
  barbecue  ,Yellow,NA,NA,NA,No,No,No,NA,2500,,Yellow,Colorful,1x1,NA,Nook's Cranny,"Available in all tiers of shops, including Timmy & Tommy before the shop is opened",1.0.0,outdoors,None,None,None,Yes,Outdoors Decor,Yes,Does not play music,No lighting,For sale,FtrBarbecuegrill_Remake_1_0,1_0,330,XvEi9AfrWodjqcnnt
SWINGING BENCH,Red wood,Lumber type,NA,NA,Yes,Yes,No,2,NFS,1440,Red,Red,2x1,NA,Crafting,,1.0.0,garden,None,None,None,Yes,Sofa,Yes,Does not play music,No lighting,Not for sale,FtrSwingWood_Remake_3_0,3_0,1170,dbkExudugvpmv6P8x
director's chair,Dark brown,NA,Natural white,Fabric,No,No,Yes,1,1600,,Brown,White,1x1,NA,Nook's Cranny,"Available in all tiers of shops, including Timmy & Tommy before the shop is opened",1.0.0,outdoors,None,None,None,Yes,Chair,Yes,Does not play music,No lighting,For sale,FtrDirectorchair_Remake_1_0,1_0,2020,8BqF66JW6uaT2ERoR
CHANGING ROOM,Gray,NA,Purple,Curtain,No,No,Yes,2,3700,925,White,Purple,1x1,NA,Nook's Cranny,"Available in Nook's Cranny (upgraded only), in the unique furniture slot",1.0.0,shop,facility,None,None,Wardrobe,Shop,No,Does not play music,No lighting,For sale,FtrFittingroom_Remake_0_1,0_1,1816,ix23xBZAgkNvgMz37
  MUSH LOG  ,Ordinary mushroom,Mushroom type,NA,NA,Yes,Yes,No,3,NFS,,Brown,Brown,1x1,NA,Crafting,,1.0.0,facility,garden,mush,None,No,Desk,Yes,Does not play music,No lighting,Not for sale,FtrMushroomPulpwood_Remake_0_0,0_0,3808,X28QA9bYxyXzAY9Ri
  CHANGING ROOM  ,Green,NA,Purple,Curtain,No,No,Yes,2,3700,,Light blue,Purple,1x1,NA,Nook's Cranny,"Available in Nook's Cranny (upgraded only), in the unique furniture slot",1.0.0,shop,facility,None,None,Wardrobe,Shop,No,Does not play music,No lighting,For sale,FtrFittingroom_Remake_7_1,7_1,1816,9Fh8KaoZoZk3X5fdh
  WEDDING FLOWER STAND  ,Chic,Design,NA,NA,No,Yes,No,2,,1000,White,Yellow,1x1,NA,Wedding Season,,1.2.0,party,expensive,wedding,None,No,Plants,No,Does not play music,No lighting,Not for sale,FtrWeddingFlower_Remake_1_0,1_0,12411,SZjEFNTzfvmrBTATX
    FROZEN TABLE    ,Ice yellow,Illumination,NA,NA,Yes,Yes,No,7,,8200,Yellow,Yellow,2x2,NA,Crafting,,1.0.0,freezing cold,None,frozen,None,No,Table,Yes,Does not play music,No lighting,Not for sale,FtrIceTableL_Remake_3_0,3_0,3497,SmobKKJMeFPvGk5HC
  WATER COOLER  ,Black,NA,NA,NA,No,No,No,NA,,850,Black,Blue,1x1,NA,Nook's Cranny,Available in Nook's Cranny (either upgrade tier) in the unique furniture slot,1.0.0,living room,office,None,None,Yes,Facility Decor,No,Does not play music,No lighting,For sale,FtrWaterserver_Remake_1_0,1_0,1232,3tdHRb7Extgyvk5SF
mush parasol,Strange mushroom,Mushroom type,NA,NA,Yes,Yes,No,2,NFS,1200,Gray,Brown,2x2,NA,Crafting,,1.0.0,garden,None,mush,None,No,Plants,Yes,Does not play music,No lighting,Not for sale,FtrMushroomParasol_Remake_2_0,2_0,3805,uiHMZyCL9Ad8Fuy4T
    rock guitar    ,Cool blue,NA,None,Sticker area,No,No,Yes,2,3100,775,Blue,White,1x1,NA,Nook's Cranny,Available in Nook's Cranny (either upgrade tier) in the unique furniture slot,1.0.0,concert,None,None,None,Yes,Musical Instrument,No,Does not play music,No lighting,For sale,FtrElectricguitar1_Remake_7_0,7_0,1644,fi9SwywkscdbfDJ5a
  whirlpool bath  ,White,NA,NA,NA,No,No,No,NA,130000,,White,White,2x2,NA,Nook's Cranny,"Available in Nook's Cranny (upgraded only), in the third unique furniture slot",1.0.0,bathroom,expensive,None,None,Yes,Bathtub,No,Does not play music,No lighting,For sale,FtrJacuzzi_Remake_0_0,0_0,1840,rTtFx2PRtiPbwN58b
  drink machine  ,Green,NA,Orange juice,Advertisement panel,No,No,Yes,7,,10000,Green,Orange,1x1,2000,Nook Miles Shop,,1.0.0,shop,facility,None,None,Yes,Facility Decor,Yes,Does not play music,Monitor,Not for sale,FtrDrinkmachine_Remake_4_0,4_0,1802,4XfpCWvroHBS2cyy9
    frozen arch    ,Ice yellow,Illumination,NA,NA,Yes,Yes,No,7,NFS,9000,Yellow,Yellow,3x1,NA,Crafting,,1.0.0,freezing cold,None,frozen,None,No,Arch,Yes,Does not play music,No lighting,Not for sale,FtrIceGate_Remake_3_0,3_0,3499,AKkzRGR8bhiyZJzxk
soft-serve lamp,Pale sky,NA,NA,NA,No,No,No,NA,3000,750,Light blue,Beige,1x1,NA,Nook's Cranny,"Available in Nook's Cranny (upgraded only), in the unique furniture slot",1.0.0,shop,fancy,None,None,Yes,Lamp,Yes,Does not play music,Fluorescent,For sale,FtrLampSoftcream_Remake_3_0,3_0,3416,Jxo5EY4WdvFarktBX
rock guitar,Cosmo black,NA,Handwritten logo,Sticker area,No,No,Yes,2,,775,Black,Light blue,1x1,NA,Nook's Cranny,Available in Nook's Cranny (either upgrade tier) in the unique furniture slot,1.0.0,concert,None,None,None,Yes,Musical Instrument,No,Does not play music,No lighting,For sale,FtrElectricguitar1_Remake_2_5,2_5,1644,vacan7uy4zG7XvKrb
    UPRIGHT LOCKER    ,White,NA,Notes,Sticker area,No,No,Yes,2,3700,,White,Pink,1x1,NA,Nook's Cranny,Available in Nook's Cranny (either upgrade tier) in the unique furniture slot,1.0.0,school,facility,None,None,Wardrobe,Chest,No,Does not play music,No lighting,For sale,FtrLocker_Remake_1_4,1_4,833,sMbu92zCSz8gMnjFN
  log chair  ,White wood,Lumber type,Geometric print,Cushion,Yes,Yes,Yes,3,,,Beige,Colorful,1x1,NA,Crafting,,1.0.0,garden,living room,log,None,Yes,Sofa,No,Does not play music,No lighting,Not for sale,FtrLogSofaS_Remake_2_2,2_2,4039,7MTHmTmqpN65zxGDW
    RETRO GAS PUMP    ,White,NA,Yellow oil,Lamp,No,No,Yes,1,2700,,White,Red,1x1,NA,Nook's Cranny,Available in Nook's Cranny (either upgrade tier) in the unique furniture slot,1.0.0,garden,shop,diner,None,Yes,Vehicle,Yes,Does not play music,No lighting,For sale,FtrAmeretroGasstand_Remake_3_0,3_0,4140,gP3hKTq42SqAiAbeR
    wooden double bed    ,Pink wood,Paint color,Orange,Bedding,Yes,Yes,Yes,6,,,Pink,Orange,2x2,NA,Crafting,,1.0.0,child's room,living room,wooden,None,Yes,Bed,No,Does not play music,No lighting,Not for sale,FtrWoodenBedW_Remake_7_0,7_0,7132,8yPWZ2TevahYQWWPf
    outdoor table    ,Blue,NA,Blue,Table,No,No,Yes,1,2200,550,Blue,Blue,2x1,NA,Nook's Cranny,Available in Nook's Cranny (either upgrade tier) in the unique furniture slot,1.0.0,outdoors,None,None,None,No,Table,Yes,Does not play music,No lighting,For sale,FtrOutdoortableM_Remake_3_3,3_3,3946,6pSv6EhcLyScP4FbQ
    LOG DINING TABLE    ,Orange wood,Lumber type,None,Placemats,Yes,Yes,Yes,4,NFS,1800,Orange,Orange,2x2,NA,Crafting,,1.0.0,garden,living room,log,None,No,Table,No,Does not play music,No lighting,Not for sale,FtrLogTableL_Remake_1_0,1_0,4040,Cdcv2Gj5shBG3oWdZ
  wooden simple bed  ,Pink wood,Paint color,Blue,Bedding,Yes,Yes,Yes,4,NFS,2160,Pink,Light blue,2x1,NA,Crafting,,1.0.0,child's room,living room,wooden,None,Yes,Bed,No,Does not play music,No lighting,Not for sale,FtrWoodenBedS_Remake_7_2,7_2,2605,554r3tt8jMmz2PXJr
  throwback rocket  ,Green,NA,NA,NA,No,No,No,NA,5900,1475,Green,Red,1x1,NA,Nook's Cranny,"Available in Nook's Cranny (upgraded only), in the unique furniture slot",1.0.0,child's room,space,throwback,None,Wardrobe,Chest,No,Does not play music,No lighting,For sale,FtrBoyClosetL_Remake_3_0,3_0,4761,DHq7jXez3dT65MGRi
  frozen table  ,Ice purple,Illumination,NA,NA,Yes,Yes,No,7,NFS,8200,Purple,Purple,2x2,NA,Crafting,,1.0.0,freezing cold,None,frozen,None,No,Table,Yes,Does not play music,No lighting,Not for sale,FtrIceTableL_Remake_6_0,6_0,3497,NwY2WiN7C4PAd9FXv
  CRESCENT-MOON CHAIR  ,Orange,Color,NA,NA,Yes,Yes,No,7,NFS,8500,Orange,Yellow,2x1,NA,Crafting,,1.0.0,space,fancy,stars,None,Yes,Chair,No,Does not play music,Fluorescent,Not for sale,FtrStarMoonChairL_Remake_5_0,5_0,6829,9Sb3ACfFchJLoE3XH
  log chair  ,White wood,Lumber type,Southwestern flair,Cushion,Yes,Yes,Yes,3,NFS,960,Beige,Colorful,1x1,NA,Crafting,,1.0.0,garden,living room,log,None,Yes,Sofa,No,Does not play music,No lighting,Not for sale,FtrLogSofaS_Remake_2_1,2_1,4039,RLmAeJAP6SZesao9E
    HAMMOCK    ,Pink,NA,Camouflage,Cloth,No,No,Yes,1,1300,325,Pink,Green,2x1,NA,Nook's Cranny,"Available in all tiers of shops, including Timmy & Tommy before the shop is opened",1.0.0,outdoors,None,None,None,Yes,Bed,Yes,Does not play music,No lighting,For sale,FtrHammock_Remake_4_1,4_1,1620,RzwsoW4GH2rGzsWKT
  wooden double bed  ,Dark wood,Paint color,Orange,Bedding,Yes,Yes,Yes,6,NFS,3600,Brown,Orange,2x2,NA,Crafting,,1.0.0,child's room,living room,wooden,None,Yes,Bed,No,Does not play music,No lighting,Not for sale,FtrWoodenBedW_Remake_3_0,3_0,7132,cFA8znPoFjRdf7gkj
  wooden-block table  ,Colorful,Block color,NA,NA,Yes,Yes,No,2,NFS,1320,Green,Colorful,2x2,NA,Crafting,,1.0.0,child's room,None,wooden block,None,No,Table,No,Does not play music,No lighting,Not for sale,FtrBlockTableL_Remake_2_0,2_0,1565,Keskqg829hX92h4f9
  SPHINX  ,NA,NA,NA,NA,No,No,No,NA,NFS,2100,Beige,Beige,3x1,NA,Gulliver,,1.0.0,folk art,None,None,None,No,Folk Craft Decor,Yes,Does not play music,No lighting,Not for sale,FtrSphinx,NA,8702,zzSkjzaPCtzRHMuHZ
    loft bed with desk    ,Orange,NA,Orange,Bedding,No,No,Yes,3,7700,,Orange,Orange,2x1,NA,Nook's Cranny,"Available in Nook's Cranny (upgraded only), in the unique furniture slot",1.0.0,child's room,None,None,None,Yes,Desk,No,Does not play music,No lighting,For sale,FtrBeddesk_Remake_5_3,5_3,3621,bkX9XHWkByEGNHHNx
    MINI DIY WORKBENCH    ,Green,Paint color,NA,NA,Yes,Yes,No,4,,,Green,White,1x1,NA,Crafting,,1.0.0,garage,None,None,None,Workbench,Work Bench,No,Does not play music,No lighting,Not for sale,FtrWorkbenchS_Remake_5_0,5_0,3122,9Xq2i9QgX2QGG2dY6
frozen sculpture,Ice green,Illumination,NA,NA,Yes,Yes,No,7,,6600,Green,Green,1.5x1.5,NA,Crafting,,1.0.0,freezing cold,None,frozen,None,No,Seasonal Decor,Yes,Does not play music,No lighting,Not for sale,FtrIceArt_Remake_5_0,5_0,3501,cG3MY6yxMaDCKPmsG
  dj's turntable  ,White,NA,Cute logo,Flag,No,No,Yes,4,,2325,White,Pink,2x1,NA,Nook's Cranny,"Available in Nook's Cranny (upgraded only), in the unique furniture slot",1.0.0,party,concert,None,None,Yes,Musical Instrument,No,Hi-fi,No lighting,For sale,FtrDJbooth_Remake_1_7,1_7,941,FyC8fe6YfntWN3Bz6
    wedding welcome board    ,Garden,Easel,Message,Board,No,Yes,Yes,2,1500,375,Yellow,Pink,1x1,NA,Wedding Season,,1.2.0,party,expensive,wedding,None,No,Shop,No,Does not play music,No lighting,Not for sale,FtrWeddingBoard_Remake_2_0,2_0,12410,meo4bGDqQK42HScFg
changing room,Gray,NA,Red,Curtain,No,No,Yes,2,3700,925,White,Red,1x1,NA,Nook's Cranny,"Available in Nook's Cranny (upgraded only), in the unique furniture slot",1.0.0,shop,facility,None,None,Wardrobe,Shop,No,Does not play music,No lighting,For sale,FtrFittingroom_Remake_0_5,0_5,1816,4aRrQYq57rDxJkesF
blue corner,NA,NA,Yellow,Ring curtain,No,No,Yes,3,,,White,Yellow,2x2,NA,Nook's Cranny,"Available in Nook's Cranny (upgraded only), in the third unique furniture slot",1.0.0,fitness,None,None,sports ring,Yes,Sports,No,Does not play music,No lighting,For sale,FtrRingcornerBlue_Remake_0_4,0_4,7150,FvHNG2dqq7Nh4ZRMr
log extra-long sofa,Orange wood,Lumber type,Southwestern flair,Cushions,Yes,Yes,Yes,4,NFS,1920,Orange,Colorful,2x1,NA,Crafting,,1.0.0,garden,living room,log,None,Yes,Sofa,No,Does not play music,No lighting,Not for sale,FtrLogSofaL_Remake_1_1,1_1,4044,npk7nAfd4Foe4AoFM
  IRONING BOARD  ,NA,NA,Dots,Ironing board,No,No,Yes,1,,575,Black,Yellow,1x1,NA,Nook's Cranny,Available in Nook's Cranny (either upgrade tier) in the unique furniture slot,1.0.0,living room,None,None,None,No,Home Appliances,No,Does not play music,No lighting,For sale,FtrIronstand_Remake_0_2,0_2,7531,papsmzqBhCXcaYXMB
    THROWBACK RACE-CAR BED    ,Green,NA,NA,NA,No,No,No,NA,3800,950,Green,Black,2x1,NA,Nook's Cranny,"Available in Nook's Cranny (upgraded only), in the unique furniture slot",1.0.0,child's room,None,throwback,None,Yes,Bed,No,Does not play music,No lighting,For sale,FtrBoyBedS_Remake_4_0,4_0,4759,So9ZEzWsqBkgTPnvR
    squat toilet    ,NA,NA,NA,NA,No,No,No,NA,,375,White,Gray,1x1,NA,Nook's Cranny,Available in Nook's Cranny (either upgrade tier) in the unique furniture slot,1.0.0,zen-style,bathroom,None,None,Yes,Toilet,No,Does not play music,No lighting,For sale,FtrWCJapan,NA,2775,KFbCTud85cuXuQCxm
  WOODEN SIMPLE BED  ,Black,Paint color,Green,Bedding,Yes,Yes,Yes,4,,,Black,Green,2x1,NA,Crafting,,1.0.0,child's room,living room,wooden,None,Yes,Bed,No,Does not play music,No lighting,Not for sale,FtrWoodenBedS_Remake_4_3,4_3,2605,tNYQb849vcbqAsZYQ
neutral corner,NA,NA,Black,Ring curtain,No,No,Yes,3,6100,,White,Black,2x2,NA,Nook's Cranny,"Available in Nook's Cranny (upgraded only), in the third unique furniture slot",1.0.0,fitness,None,None,sports ring,Yes,Sports,No,Does not play music,No lighting,For sale,FtrRingcornerNeutral_Remake_0_3,0_3,7152,xabSusyaJXXzK6XC5
  log dining table  ,Dark wood,Lumber type,Bears,Placemats,Yes,Yes,Yes,4,NFS,1800,Brown,Brown,2x2,NA,Crafting,,1.0.0,garden,living room,log,None,No,Table,No,Does not play music,No lighting,Not for sale,FtrLogTableL_Remake_0_3,0_3,4040,Bg4DcuhkuH58mdtsX
  portable toilet  ,Gray,NA,NA,NA,No,No,No,NA,NFS,,Gray,White,1x1,1000,Nook Miles Shop,,1.0.0,bathroom,facility,None,None,No,Toilet,Yes,Does not play music,No lighting,Not for sale,FtrWCPortable_Remake_4_0,4_0,1234,6uw7efGqmxtnBszkD
    PET BED    ,Dark brown,NA,Polka dots,Cushion,No,No,Yes,1,,,Brown,Light blue,1x1,NA,Nook's Cranny,Available in Nook's Cranny (either upgrade tier) in the unique furniture slot,1.0.0,living room,None,None,pet,Yes,Chair,No,Does not play music,No lighting,For sale,FtrPetBed_Remake_1_2,1_2,7802,5qGBZpdBXK5HsmRCQ
TIKI TORCH,NA,NA,NA,NA,Yes,No,No,NA,NFS,650,Brown,Beige,1x1,NA,Crafting,,1.0.0,outdoors,garden,None,None,Yes,Lamp,Yes,Does not play music,Candle,Not for sale,FtrTorch,NA,343,DsQ5iWXD3Gy7gKn9w
effects rack,Pink,NA,Chic logo,Sticker area,No,No,Yes,3,,1700,Pink,White,1x1,NA,Nook's Cranny,"Available in Nook's Cranny (upgraded only), in the unique furniture slot",1.0.0,concert,facility,None,None,No,Musical Instrument,No,Does not play music,No lighting,For sale,FtrEffectorrack_Remake_5_2,5_2,950,kBCgZy56vmJfz8RZr
    PAPA BEAR    ,Choco,NA,Red,Ribbon,No,No,Yes,3,8500,2125,Brown,Red,2x2,NA,Nook's Cranny,"Available in Nook's Cranny (upgraded only), in the third unique furniture slot",1.0.0,fancy,child's room,None,bear,No,Animal,No,Does not play music,No lighting,For sale,FtrBearL_Remake_2_1,2_1,1499,HY7r7EmRnJcyMhWnQ
  frozen bed  ,Ice purple,Illumination,Brown,Bedding,Yes,No,Yes,8,NFS,9000,Purple,Brown,2x2,NA,Crafting,,1.0.0,freezing cold,None,frozen,None,Yes,Bed,Yes,Does not play music,No lighting,Not for sale,FtrIceBedW_Remake_6_0,6_0,3502,27D6fu8AeKw69KGgZ
ROCK GUITAR,Chic white,NA,Pop logo,Sticker area,No,No,Yes,2,,,White,Colorful,1x1,NA,Nook's Cranny,Available in Nook's Cranny (either upgrade tier) in the unique furniture slot,1.0.0,concert,None,None,None,Yes,Musical Instrument,No,Does not play music,No lighting,For sale,FtrElectricguitar1_Remake_6_6,6_6,1644,7N9qgTits4TrPMSvW
  bunk bed  ,Pink,NA,Checkered,Bedding,No,No,Yes,2,5000,,Pink,Pink,2x1,NA,Nook's Cranny,Available in Nook's Cranny (either upgrade tier) in the unique furniture slot,1.0.0,facility,None,None,None,Yes,Bed,No,Does not play music,No lighting,For sale,FtrBunkbed_Remake_6_2,6_2,8298,oaDYkwxMGfrD6Y5Fu
  SILO  ,Green roof,Roof color,NA,NA,Yes,Yes,No,7,,13920,Green,Brown,2x2,NA,Crafting,,1.0.0,garden,None,None,None,No,Ranch,Yes,Does not play music,No lighting,Not for sale,FtrSilo_Remake_1_0,1_0,7247,H3DbbcT7KKXEasueS
electric guitar,Sunburst,NA,Pop logo,Sticker area,No,No,Yes,7,71000,,Brown,Colorful,1x1,NA,Nook's Cranny,"Available in Nook's Cranny (upgraded only), in the third unique furniture slot",1.0.0,concert,None,None,None,Yes,Musical Instrument,No,Does not play music,No lighting,For sale,FtrElectricguitar2_Remake_3_6,3_6,1645,gPcMT9WptvKjRiu2C
baby chair,White,NA,Butterfly,Cushion,No,No,Yes,1,1200,,White,Orange,1x1,NA,Nook's Cranny,Available in Nook's Cranny (either upgrade tier) in the unique furniture slot,1.0.0,child's room,None,None,None,Yes,Chair,No,Does not play music,No lighting,For sale,FtrBabychair_Remake_5_2,5_2,3305,bxcu2gBDFQhKEpiHz
    LOFT BED WITH DESK    ,Blue,NA,Yellow,Bedding,No,No,Yes,3,7700,1925,Blue,Yellow,2x1,NA,Nook's Cranny,"Available in Nook's Cranny (upgraded only), in the unique furniture slot",1.0.0,child's room,None,None,None,Yes,Desk,No,Does not play music,No lighting,For sale,FtrBeddesk_Remake_4_4,4_4,3621,Gn6o6SLuP2WKX7bYZ
UPRIGHT LOCKER,Blue,NA,Notes,Sticker area,No,No,Yes,2,3700,925,Blue,Pink,1x1,NA,Nook's Cranny,Available in Nook's Cranny (either upgrade tier) in the unique furniture slot,1.0.0,school,facility,None,None,Wardrobe,Chest,No,Does not play music,No lighting,For sale,FtrLocker_Remake_4_4,4_4,833,ZrakXiLFxycRSvLRq
BEEKEEPER'S HIVE,Yellow,Paint color,NA,NA,Yes,Yes,No,4,NFS,2400,Yellow,Brown,1x1,NA,Crafting,,1.0.0,garden,None,None,None,No,Ranch,Yes,Does not play music,No lighting,Not for sale,FtrBeekeepingbox_Remake_4_0,4_0,3406,sy4T7wEaqeZH3i7WC
baby chair,Black,NA,Train,Cushion,No,No,Yes,1,1200,300,Black,Colorful,1x1,NA,Nook's Cranny,Available in Nook's Cranny (either upgrade tier) in the unique furniture slot,1.0.0,child's room,None,None,None,Yes,Chair,No,Does not play music,No lighting,For sale,FtrBabychair_Remake_6_3,6_3,3305,s2QnWwt8XqMkDaBow
  water pump  ,Green,Body color,NA,NA,Yes,Yes,No,4,NFS,2700,Green,Gray,1x1,NA,Crafting,,1.0.0,garden,None,None,None,Yes,Garden,Yes,Does not play music,No lighting,Not for sale,FtrHandpump_Remake_0_0,0_0,2326,q3mb7defR8pkuci2u
  LOFT BED WITH DESK  ,Pink,NA,White,Bedding,No,No,Yes,3,7700,1925,Pink,White,2x1,NA,Nook's Cranny,"Available in Nook's Cranny (upgraded only), in the unique furniture slot",1.0.0,child's room,None,None,None,Yes,Desk,No,Does not play music,No lighting,For sale,FtrBeddesk_Remake_7_0,7_0,3621,YrAmCJgDvy8WL6XQe
  YUCCA  ,Brown,NA,NA,NA,No,No,No,NA,,525,Brown,Green,1x1,NA,Nook's Cranny,Available in Nook's Cranny (either upgrade tier) in the unique furniture slot,1.0.0,living room,None,None,None,No,Plants,No,Does not play music,No lighting,For sale,FtrPlantYucca_Remake_1_0,1_0,4132,LuA9QEDnRhdsudtXK
MUSH TABLE,White mushroom,Mushroom type,NA,NA,Yes,Yes,No,3,NFS,,White,White,2x2,NA,Crafting,,1.0.0,garden,None,mush,None,No,Table,Yes,Does not play music,No lighting,Not for sale,FtrMushroomTableL_Remake_1_0,1_0,808,PEb7M5GXB8SmzL4eE
  SHELL ARCH  ,Brown,Shell color,NA,NA,Yes,Yes,No,7,NFS,12360,Brown,Brown,3x1,NA,Crafting,,1.0.0,ocean,expensive,shell,None,No,Arch,Yes,Does not play music,No lighting,Not for sale,FtrShellArch_Remake_1_0,1_0,3977,gTj8HEXN5WdbBHbsK
red corner,NA,NA,Blue,Ring curtain,No,No,Yes,3,6100,1525,White,Blue,2x2,NA,Nook's Cranny,"Available in Nook's Cranny (upgraded only), in the third unique furniture slot",1.0.0,fitness,None,None,sports ring,Yes,Sports,No,Does not play music,No lighting,For sale,FtrRingcornerRed_Remake_0_2,0_2,7151,iMoRnPDDj2GBgNhK6
antique console table,Natural,NA,NA,NA,No,No,No,NA,17000,,Beige,Beige,2x1,NA,Nook's Cranny,"Available in Nook's Cranny (upgraded only), in the third unique furniture slot",1.0.0,living room,expensive,antique,None,No,Table,No,Does not play music,No lighting,For sale,FtrAntiqueConsole_Remake_1_0,1_0,3951,SBphLepffHinkmtPf
    SIMPLE PANEL    ,Brown,NA,Lined panel,Panel design,No,No,Yes,1,810,202,Orange,White,1x0.5,NA,Nook's Cranny,Available in Nook's Cranny (either upgrade tier) in the unique furniture slot,1.0.0,facility,None,None,None,No,Screen,No,Does not play music,No lighting,For sale,FtrScreenSimple_Remake_3_1,3_1,5338,HuYQtpbMoXZ3aBZn8
  SIMPLE PANEL  ,Gold,NA,Gold,Panel design,No,No,Yes,1,,202,Yellow,Yellow,1x0.5,NA,Nook's Cranny,Available in Nook's Cranny (either upgrade tier) in the unique furniture slot,1.0.0,facility,None,None,None,No,Screen,No,Does not play music,No lighting,For sale,FtrScreenSimple_Remake_7_7,7_7,5338,nfddwvQmCFknHMQed
    simple panel    ,Light gray,NA,Lined panel,Panel design,No,No,Yes,1,,,Gray,White,1x0.5,NA,Nook's Cranny,Available in Nook's Cranny (either upgrade tier) in the unique furniture slot,1.0.0,facility,None,None,None,No,Screen,No,Does not play music,No lighting,For sale,FtrScreenSimple_Remake_0_1,0_1,5338,7HaDzAKNvhye5Erae
    WOODEN-BLOCK BENCH    ,Mixed wood,Block color,NA,NA,Yes,Yes,No,2,,840,Black,Brown,2x1,NA,Crafting,,1.0.0,child's room,None,wooden block,None,Yes,Sofa,No,Does not play music,No lighting,Not for sale,FtrBlockChairL_Remake_1_0,1_0,1559,ztyQTfg3uNL89FHj5
  tree's bounty big tree  ,White,Nut color,NA,NA,Yes,Yes,No,7,NFS,,White,Colorful,1x1,NA,Crafting,,1.0.0,party,fancy,tree's bounty or leaves,None,No,Seasonal Decor,Yes,Does not play music,No lighting,Not for sale,FtrNutTreeL_Remake_1_0,1_0,6080,vjnurpGZt5JLyC7rw
  frozen arch  ,Ice orange,Illumination,NA,NA,Yes,Yes,No,7,NFS,9000,Orange,Orange,3x1,NA,Crafting,,1.0.0,freezing cold,None,frozen,None,No,Arch,Yes,Does not play music,No lighting,Not for sale,FtrIceGate_Remake_4_0,4_0,3499,xjFrrRsaf7d75SH83
    CAMPING COT    ,Camouflage,NA,NA,NA,No,No,No,NA,,450,Green,Brown,2x1,NA,Starting items,,1.0.0,outdoors,None,None,None,Yes,Bed,Yes,Does not play music,No lighting,For sale,FtrCampbed_Remake_5_0,5_0,4081,L4q77XTgsDtuSpvpW
    drink machine    ,Green,NA,Sale,Advertisement panel,No,No,Yes,7,NFS,10000,Green,Green,1x1,2000,Nook Miles Shop,,1.0.0,shop,facility,None,None,Yes,Facility Decor,Yes,Does not play music,Monitor,Not for sale,FtrDrinkmachine_Remake_4_2,4_2,1802,bKmHa5c42pn7zT8A4
  automatic washer  ,Yellow,NA,NA,NA,No,No,No,NA,4500,1125,Yellow,White,1x1,NA,Nook's Cranny,"Available in Nook's Cranny (upgraded only), in the unique furniture slot",1.0.0,bathroom,None,None,None,Yes,Home Appliances,No,Does not play music,No lighting,For sale,FtrWashingmachine_Remake_4_0,4_0,2740,uKASWdnn2i8tv3W9G
loft bed with desk,Pink,NA,Orange,Bedding,No,No,Yes,3,,1925,Pink,Orange,2x1,NA,Nook's Cranny,"Available in Nook's Cranny (upgraded only), in the unique furniture slot",1.0.0,child's room,None,None,None,Yes,Desk,No,Does not play music,No lighting,For sale,FtrBeddesk_Remake_7_3,7_3,3621,RZi44abKhaxj9NvRP
simple panel,Light brown,NA,Gold,Panel design,No,No,Yes,1,810,202,Beige,Yellow,1x0.5,NA,Nook's Cranny,Available in Nook's Cranny (either upgrade tier) in the unique furniture slot,1.0.0,facility,None,None,None,No,Screen,No,Does not play music,No lighting,For sale,FtrScreenSimple_Remake_4_7,4_7,5338,zPxcc2Dm2iHEy2Q5M
  wooden simple bed  ,Pink wood,Paint color,Green,Bedding,Yes,Yes,Yes,4,,2160,Pink,Green,2x1,NA,Crafting,,1.0.0,child's room,living room,wooden,None,Yes,Bed,No,Does not play music,No lighting,Not for sale,FtrWoodenBedS_Remake_7_3,7_3,2605,ynNQcm7EjjoDqkRds
    wooden stool    ,Pink wood,Paint color,Green,Seat,Yes,Yes,Yes,2,,480,Pink,Green,1x1,NA,Crafting,,1.0.0,child's room,living room,wooden,None,Yes,Chair,No,Does not play music,No lighting,Not for sale,FtrWoodenStoolS_Remake_7_4,7_4,3449,egLdsrYAim3XqrKmk
cute diy table,Red,NA,NA,NA,No,No,No,NA,7000,1750,Red,Red,2x1,NA,Nook's Cranny,"Available in Nook's Cranny (upgraded only), in the unique furniture slot",1.0.0,fancy,None,cute,None,Yes,Work Bench,No,Does not play music,Spotlight,For sale,FtrCuteWorkbench_Remake_3_0,3_0,3995,mcMvwCgMoeD4oCst5
  rock guitar  ,Cool blue,NA,Cute logo,Sticker area,No,No,Yes,2,3100,775,Blue,Pink,1x1,NA,Nook's Cranny,Available in Nook's Cranny (either upgrade tier) in the unique furniture slot,1.0.0,concert,None,None,None,Yes,Musical Instrument,No,Does not play music,No lighting,For sale,FtrElectricguitar1_Remake_7_7,7_7,1644,C6mRibmdjsk8vvYtS
SHELL PARTITION,White,Shell color,NA,NA,Yes,Yes,No,7,NFS,8000,White,Beige,2x1,NA,Crafting,,1.0.0,ocean,None,shell,None,No,Screen,Yes,Does not play music,No lighting,Not for sale,FtrShellScreen_Remake_0_0,0_0,3978,Z8zLLiju3bFv5PqQq
    log bed    ,Dark wood,Lumber type,Geometric print,Bedding,Yes,Yes,Yes,6,NFS,,Brown,Colorful,2x2,NA,Crafting,,1.0.0,garden,living room,log,None,Yes,Bed,No,Does not play music,No lighting,Not for sale,FtrLogBedW_Remake_0_1,0_1,4041,rMHBphuQBNDMtj22S
tool shelf,Black,NA,NA,NA,No,No,No,NA,7300,1825,Black,Colorful,2x1,NA,Nook's Cranny,Available in Nook's Cranny (either upgrade tier) in the unique furniture slot,1.0.0,garage,facility,None,None,No,Table,No,Does not play music,No lighting,For sale,FtrToolshelf_Remake_3_0,3_0,7525,XywPNJ7EsdD2gAXQf
  orange end table  ,Orange,Fruit type,NA,NA,Yes,Yes,No,4,,2480,Orange,Green,1x1,NA,Crafting,,1.0.0,fancy,None,fruits,orange,No,Table,No,Does not play music,No lighting,Not for sale,FtrFruitsTableS_Remake_0_0,0_0,3975,965y54WzRwsYPC2mE
    LOFT BED WITH DESK    ,Light blue,NA,Black,Bedding,No,No,Yes,3,7700,,Light blue,Black,2x1,NA,Nook's Cranny,"Available in Nook's Cranny (upgraded only), in the unique furniture slot",1.0.0,child's room,None,None,None,Yes,Desk,No,Does not play music,No lighting,For sale,FtrBeddesk_Remake_6_1,6_1,3621,3MvL7MfGqnNGmXMTi
  WOODEN-BLOCK STEREO  ,Vivid,Block color,NA,NA,Yes,Yes,No,4,,2460,Blue,Colorful,2x1,NA,Crafting,,1.0.0,child's room,None,wooden block,None,Yes,Audio,No,Hi-fi,No lighting,Not for sale,FtrBlockCompo_Remake_4_0,4_0,3205,CEzcQfGjtrL49jWPP
  modern office chair  ,Blue,NA,NA,NA,No,No,No,NA,2200,550,Blue,Black,1x1,NA,Nook's Cranny,"Available in Nook's Cranny (upgraded only), in the unique furniture slot",1.0.0,office,None,None,office,Yes,Chair,No,Does not play music,No lighting,For sale,FtrOfficeChair_Remake_0_0,0_0,832,ntQZ3HTaejpMcBjTu
    LOFT BED WITH DESK    ,Black,NA,Black,Bedding,No,No,Yes,3,7700,1925,Black,Black,2x1,NA,Nook's Cranny,"Available in Nook's Cranny (upgraded only), in the unique furniture slot",1.0.0,child's room,None,None,None,Yes,Desk,No,Does not play music,No lighting,For sale,FtrBeddesk_Remake_3_1,3_1,3621,eHGyb2SHFznyGJpdZ
giant teddy bear,Floral,Fabric,White,Ribbon,Yes,Yes,Yes,8,NFS,,Yellow,White,3x3,NA,Crafting,,1.0.0,fancy,child's room,None,bear,No,Animal,No,Does not play music,No lighting,Not for sale,FtrBearXL_Remake_3_1,3_1,1504,DSK2rjZBS22QHwWMA
  synthesizer  ,Blue,NA,NA,NA,No,No,No,NA,66000,16500,Blue,White,2x1,NA,Nook's Cranny,"Available in Nook's Cranny (upgraded only), in the third unique furniture slot",1.0.0,concert,None,None,None,Yes,Musical Instrument,No,Does not play music,No lighting,For sale,FtrSynthesizer_Remake_2_0,2_0,1171,mwoL9PjeS9koFx2Qu
  UPRIGHT LOCKER  ,Yellow,NA,Pop,Sticker area,No,No,Yes,2,,925,Yellow,Colorful,1x1,NA,Nook's Cranny,Available in Nook's Cranny (either upgrade tier) in the unique furniture slot,1.0.0,school,facility,None,None,Wardrobe,Chest,No,Does not play music,No lighting,For sale,FtrLocker_Remake_6_3,6_3,833,5rsFPo9g5dftGBW8L
    robot hero    ,Gray,Coating,NA,NA,Yes,Yes,No,50,NFS,250000,Gray,Black,3x3,NA,Crafting,,1.0.0,child's room,facility,None,None,Yes,Toy,Yes,Does not play music,No lighting,Not for sale,FtrHerorobot_Remake_7_0,7_0,1509,5BJrv5KYcgfvth2c9
CLACKERCART,Cute,Paint color,NA,NA,Yes,Yes,No,2,NFS,960,Pink,Purple,1x1,NA,Crafting,,1.0.0,child's room,None,None,None,No,Toy,No,Does not play music,No lighting,Not for sale,FtrKatakatatoy_Remake_5_0,5_0,80,pTkQt7Aph6StWqSgX
  drum set  ,Rose pink,NA,Vintage logo,Bass drum head,No,No,Yes,2,5600,,Red,Beige,2x1,NA,Nook's Cranny,"Available in Nook's Cranny (upgraded only), in the unique furniture slot",1.0.0,concert,None,None,None,Yes,Musical Instrument,No,Does not play music,No lighting,For sale,FtrDrumSet_Remake_5_5,5_5,1803,AKuZct9A8zT9pEYB6
rattan armchair,Gray,NA,NA,NA,No,No,No,NA,3200,800,Green,Blue,1x1,NA,Nook's Cranny,"Available in Nook's Cranny (upgraded only), in the unique furniture slot",1.0.0,living room,None,rattan,None,Yes,Sofa,No,Does not play music,No lighting,For sale,FtrRattanChairS_Remake_4_0,4_0,4053,zzmmE42rTKRbd6JQD
  BABY CHAIR  ,Blue,NA,Train,Cushion,No,No,Yes,1,1200,300,Blue,Colorful,1x1,NA,Nook's Cranny,Available in Nook's Cranny (either upgrade tier) in the unique furniture slot,1.0.0,child's room,None,None,None,Yes,Chair,No,Does not play music,No lighting,For sale,FtrBabychair_Remake_4_3,4_3,3305,kdizs26rBhoFN96R8
    IRON HANGER STAND    ,White,Body color,Navy,Shawl,Yes,Yes,Yes,4,NFS,2250,White,Blue,1x1,NA,Crafting,,1.0.0,living room,None,iron,None,No,Chest,No,Does not play music,No lighting,Not for sale,FtrIronHanger_Remake_1_0,1_0,3561,4hLbHYoPsre8GdJor
    STALL    ,Black,Variation,Green stripes,Curtain,Yes,Yes,Yes,3,,1440,Black,Green,2x1,NA,Crafting,,1.0.0,shop,party,None,None,No,Shop,Yes,Does not play music,No lighting,Not for sale,FtrFloat_Remake_6_1,6_1,3617,NALT6pve9dqhW7efG
  WOODEN FULL-LENGTH MIRROR  ,Dark wood,Paint color,NA,NA,Yes,Yes,No,2,NFS,1350,Brown,Brown,1x1,NA,Crafting,,1.0.0,child's room,living room,wooden,None,Yes,Dresser,No,Does not play music,No lighting,Not for sale,FtrWoodenMirror_Remake_3_0,3_0,7137,wuaKdyLSf2YwifJkn
  RATTAN END TABLE  ,White,NA,NA,NA,No,No,No,NA,4300,1075,White,White,1x1,NA,Nook's Cranny,"Available in Nook's Cranny (upgraded only), in the unique furniture slot",1.0.0,living room,None,rattan,None,No,Table,No,Does not play music,No lighting,For sale,FtrRattanTableS_Remake_3_0,3_0,4046,wZ2WK9C4mkimtJj4T
  pile of zen cushions  ,NA,NA,Goldfish,Upholstery,Yes,No,Yes,2,,750,Light blue,Colorful,1x1,NA,Crafting,,1.0.0,zen-style,living room,None,None,Yes,Chair,No,Does not play music,No lighting,Not for sale,FtrCushionJapanPile_Remake_0_4,0_4,7048,EZKN9sMNq6Aw5fX7g
  ROCK GUITAR  ,Orange-yellow,NA,Rock logo,Sticker area,No,No,Yes,2,3100,775,Yellow,Purple,1x1,NA,Nook's Cranny,Available in Nook's Cranny (either upgrade tier) in the unique furniture slot,1.0.0,concert,None,None,None,Yes,Musical Instrument,No,Does not play music,No lighting,For sale,FtrElectricguitar1_Remake_4_3,4_3,1644,qiBv8vnTaGooeJfHj
  basketball hoop  ,Blue,NA,NA,NA,No,No,No,NA,11000,2750,Blue,White,2x2,NA,Nook's Cranny,"Available in Nook's Cranny (upgraded only), in the third unique furniture slot",1.0.0,fitness,school,None,None,No,Sports,Yes,Does not play music,No lighting,For sale,FtrBasketgoal_Remake_0_0,0_0,4226,Q3nShvpjMeN4k9x3E
ANTIQUE BED,Brown,NA,NA,NA,No,No,No,NA,,,Brown,White,2x2,NA,Nook's Cranny,"Available in Nook's Cranny (upgraded only), in the third unique furniture slot",1.0.0,living room,expensive,antique,None,Yes,Bed,No,Does not play music,No lighting,For sale,FtrAntiqueBedW_Remake_0_0,0_0,3957,c7rQKnQBvtMCpGNhr
retro gas pump,Green,NA,Yellow oil,Lamp,No,No,Yes,1,,,Green,Red,1x1,NA,Nook's Cranny,Available in Nook's Cranny (either upgrade tier) in the unique furniture slot,1.0.0,garden,shop,diner,None,Yes,Vehicle,Yes,Does not play music,No lighting,For sale,FtrAmeretroGasstand_Remake_1_0,1_0,4140,tphN2nESeScc7X5nm
  rattan low table  ,Brown,NA,NA,NA,No,No,No,NA,,725,Brown,Brown,2x1,NA,Nook's Cranny,"Available in Nook's Cranny (upgraded only), in the unique furniture slot",1.0.0,living room,None,rattan,None,No,Table,No,Does not play music,No lighting,For sale,FtrRattanTableM_Remake_0_0,0_0,4054,kjNvajifho8uouzvv
  double-door refrigerator  ,Black,NA,NA,NA,No,No,No,NA,,,Black,Gray,1x1,NA,Nook's Cranny,"Available in Nook's Cranny (upgraded only), in the third unique furniture slot",1.0.0,kitchen,expensive,None,None,Wardrobe,Home Appliances,No,Does not play music,No lighting,For sale,FtrRefrigeratorDoubledoor_Remake_2_0,2_0,4109,YsTREBbjLRHoiAuDT
  ironwood kitchenette  ,Walnut,Lumber type,NA,NA,Yes,Yes,No,7,,,Brown,Gray,2x1,NA,Crafting,,1.0.0,kitchen,None,ironwood,None,No,Kitchen,No,Does not play music,No lighting,Not for sale,FtrIronwoodKitchen_Remake_2_0,2_0,3270,jxvNrPeTQZq6SKbgu
    NEUTRAL CORNER    ,NA,NA,Blue,Ring curtain,No,No,Yes,3,,1525,White,Blue,2x2,NA,Nook's Cranny,"Available in Nook's Cranny (upgraded only), in the third unique furniture slot",1.0.0,fitness,None,None,sports ring,Yes,Sports,No,Does not play music,No lighting,For sale,FtrRingcornerNeutral_Remake_0_2,0_2,7152,eMvPPZw6Mesfv86wh
    retro gas pump    ,Yellow,NA,Yellow oil,Lamp,No,No,Yes,1,2700,675,Yellow,Red,1x1,NA,Nook's Cranny,Available in Nook's Cranny (either upgrade tier) in the unique furniture slot,1.0.0,garden,shop,diner,None,Yes,Vehicle,Yes,Does not play music,No lighting,For sale,FtrAmeretroGasstand_Remake_2_0,2_0,4140,xmsooMf7mGyr5Aow4
    log dining table    ,White wood,Lumber type,None,Placemats,Yes,Yes,Yes,4,,1800,Beige,Beige,2x2,NA,Crafting,,1.0.0,garden,living room,log,None,No,Table,No,Does not play music,No lighting,Not for sale,FtrLogTableL_Remake_2_0,2_0,4040,T8gc984bvqfGKoLYH
  drink machine  ,Blue,NA,Cute,Advertisement panel,No,No,Yes,7,NFS,10000,Blue,White,1x1,2000,Nook Miles Shop,,1.0.0,shop,facility,None,None,Yes,Facility Decor,Yes,Does not play music,Monitor,Not for sale,FtrDrinkmachine_Remake_1_3,1_3,1802,uRpbWPYDPYed87iGJ
    MAMA BEAR    ,Cream,NA,Yellow stripes,Shirt,No,No,Yes,1,2300,,Pink,Yellow,1x1,NA,Nook's Cranny,Available in Nook's Cranny (either upgrade tier) in the unique furniture slot,1.0.0,fancy,child's room,None,bear,No,Animal,No,Does not play music,No lighting,For sale,FtrBearM_Remake_0_3,0_3,1500,46EWow8Lu5kkAoMNF
    COSMOS SHOWER    ,Pink,Flower color,NA,NA,Yes,Yes,No,5,NFS,3050,Pink,Green,1x1,NA,Crafting,,1.0.0,bathroom,fancy,flowers,None,Yes,Bathtub,No,Does not play music,No lighting,Not for sale,FtrFlowerShower_Remake_0_0,0_0,7230,yCgStadyo3Zc8SKdg
  phone box  ,Yellow,NA,NA,NA,No,No,No,NA,NFS,12000,Yellow,Yellow,1x1,2400,Nook Miles Shop,,1.0.0,school,facility,None,None,Yes,Facility Decor,Yes,Does not play music,Emission,Not for sale,FtrTelephonebox_Remake_3_0,3_0,1185,rWvob6yCAQSCMjQEL
rock guitar,Cosmo black,NA,Cute logo,Sticker area,No,No,Yes,2,3100,775,Black,Pink,1x1,NA,Nook's Cranny,Available in Nook's Cranny (either upgrade tier) in the unique furniture slot,1.0.0,concert,None,None,None,Yes,Musical Instrument,No,Does not play music,No lighting,For sale,FtrElectricguitar1_Remake_2_7,2_7,1644,woYi8tLMgmGTv6Rzo
    diner mini table    ,Aquamarine,NA,NA,NA,No,No,No,NA,1600,,Gray,Light blue,1x1,NA,Nook's Cranny,"Available in Nook's Cranny (upgraded only), in the unique furniture slot",1.0.0,shop,None,diner,None,No,Table,No,Does not play music,No lighting,For sale,FtrAmeretroTableS_Remake_3_0,3_0,4441,D3DM9D4YR6eqjoCN9
    beekeeper's hive    ,Natural,Paint color,NA,NA,Yes,Yes,No,4,NFS,2400,Beige,Beige,1x1,NA,Crafting,,1.0.0,garden,None,None,None,No,Ranch,Yes,Does not play music,No lighting,Not for sale,FtrBeekeepingbox_Remake_0_0,0_0,3406,N73MBNL2auJpmv4qd
  drum set  ,Cosmo black,NA,Black with logo,Bass drum head,No,No,Yes,2,5600,1400,Black,Black,2x1,NA,Nook's Cranny,"Available in Nook's Cranny (upgraded only), in the unique furniture slot",1.0.0,concert,None,None,None,Yes,Musical Instrument,No,Does not play music,No lighting,For sale,FtrDrumSet_Remake_1_2,1_2,1803,si2MAS7xkGLYbbkpw
  wild log bench  ,Dark wood,Lumber type,NA,NA,Yes,Yes,No,2,NFS,960,Brown,Beige,2x1,NA,Crafting,,1.0.0,garden,None,log,None,Yes,Chair,Yes,Does not play music,No lighting,Not for sale,FtrWoodBench_Remake_0_0,0_0,5972,rxjb6LgCDvMnoL8jw
  WEDDING WELCOME BOARD  ,Chic,Easel,Reese & Cyrus,Board,No,Yes,Yes,2,1500,,Brown,White,1x1,NA,Wedding Season,,1.2.0,party,expensive,wedding,None,No,Shop,No,Does not play music,No lighting,Not for sale,FtrWeddingBoard_Remake_1_1,1_1,12410,EJse7MnF2FM3KaHMg
  RATTAN VANITY  ,Gray,NA,NA,NA,No,No,No,NA,5900,1475,Blue,Blue,1x1,NA,Nook's Cranny,"Available in Nook's Cranny (upgraded only), in the unique furniture slot",1.0.0,living room,None,rattan,None,Yes,Dresser,No,Does not play music,No lighting,For sale,FtrRattanDresser_Remake_4_0,4_0,4051,AvQ5beFgWZGyHcxYM
  LOG EXTRA-LONG SOFA  ,White wood,Lumber type,Bears,Cushions,Yes,Yes,Yes,4,NFS,1920,Beige,Brown,2x1,NA,Crafting,,1.0.0,garden,living room,log,None,Yes,Sofa,No,Does not play music,No lighting,Not for sale,FtrLogSofaL_Remake_2_3,2_3,4044,npnSM8ssL8osG3NAi
diner counter chair,Yellow,NA,NA,NA,No,No,No,NA,1100,,Gray,Yellow,1x1,NA,Nook's Cranny,"Available in Nook's Cranny (upgraded only), in the unique furniture slot",1.0.0,shop,None,diner,None,Yes,Chair,No,Does not play music,No lighting,For sale,FtrAmeretroCounterchair_Remake_2_0,2_0,4138,GiiXNfbxrfdCD8tig
  jail bars  ,Rusted iron,Body color,NA,NA,Yes,Yes,No,5,NFS,3750,Brown,Brown,2x0.5,NA,Crafting,,1.0.0,facility,horror,None,None,No,Ranch,Yes,Does not play music,No lighting,Not for sale,FtrScreenCage_Remake_2_0,2_0,5931,qQT5gJYuKth6r87Ly
low screen,Brown,NA,Summer,Screen,No,No,Yes,1,870,217,Orange,Blue,1x0.5,NA,Nook's Cranny,Available in Nook's Cranny (either upgrade tier) in the unique furniture slot,1.0.0,zen-style,None,None,None,No,Japanese Style,No,Does not play music,No lighting,For sale,FtrScreenJapanLow_Remake_2_2,2_2,1029,RHy8yQ4JYK8aqKEwm
  screen  ,Tiger,NA,NA,NA,No,No,No,NA,140000,,Yellow,Orange,2x1,NA,Nook's Cranny,"Available in Nook's Cranny (upgraded only), in the third unique furniture slot",1.0.0,zen-style,expensive,None,None,No,Japanese Style,No,Does not play music,No lighting,For sale,FtrScreenByoubu_Remake_3_0,3_0,716,QXK8XrHKB23TFPKCE
stall,Light brown,Variation,None,Curtain,Yes,Yes,Yes,3,NFS,1440,Yellow,Yellow,2x1,NA,Crafting,,1.0.0,shop,party,None,None,No,Shop,Yes,Does not play music,No lighting,Not for sale,FtrFloat_Remake_2_0,2_0,3617,vyRSN7MiQc6TFSfSN
    IRONWOOD DRESSER    ,Birch,Lumber type,NA,NA,Yes,Yes,No,6,NFS,3840,Beige,Black,1x1,NA,Crafting,,1.0.0,living room,None,ironwood,None,Wardrobe,Chest,No,Does not play music,No lighting,Not for sale,FtrIronwoodChest_Remake_0_0,0_0,3196,MEmKytnNJNQAAGhYy
SAFE,Gold,NA,NA,NA,No,No,No,NA,,,Yellow,Gray,1x1,NA,Nook's Cranny,"Available in Nook's Cranny (upgraded only), in the unique furniture slot",1.0.0,facility,expensive,None,None,Wardrobe,Chest,No,Does not play music,No lighting,For sale,FtrSafebox_Remake_3_0,3_0,839,GCT7bxDSTwvYzwxjm
  poolside bed  ,Brown,NA,Red,Bed mat,No,No,Yes,2,3400,,Orange,Red,2x1,NA,Nook's Cranny,"Available in Nook's Cranny (upgraded only), in the unique furniture slot",1.0.0,ocean,expensive,None,None,Yes,Bed,Yes,Does not play music,No lighting,For sale,FtrPoolsidebed_Remake_1_3,1_3,4102,Pug3pJohpTDgr4Wg6
  SURFBOARD  ,Red,NA,NA,NA,No,No,No,NA,4100,1025,Red,Black,1x1,NA,Nook's Cranny,Season sale item,1.0.0,ocean,None,None,None,No,Seaside,Yes,Does not play music,No lighting,For sale,FtrSurfboard_Remake_1_0,1_0,7868,HuiBbtdn2RsHYGCKW
    cone    ,Red,NA,NA,NA,No,No,No,NA,630,157,Red,Red,1x1,NA,Nook's Cranny,Available in Nook's Cranny (either upgrade tier) in the unique furniture slot,1.0.0,facility,garage,None,None,No,Vehicle,Yes,Does not play music,No lighting,For sale,FtrPylon_Remake_0_0,0_0,146,ruXYYTwLnkDh6GxNL
    piano bench    ,Light green,NA,NA,NA,No,No,No,NA,990,,Green,Beige,1x1,NA,Nook's Cranny,Available in Nook's Cranny (either upgrade tier) in the unique furniture slot,1.0.0,music,None,None,None,Yes,Chair,No,Does not play music,No lighting,For sale,FtrPianochair_Remake_6_0,6_0,3681,q7szqqAnesujt3FdB
  imperial partition  ,Brown,NA,NA,NA,No,No,No,NA,,1250,Brown,Brown,2x1,NA,Nook's Cranny,"Available in Nook's Cranny (upgraded only), in the unique furniture slot",1.0.0,zen-style,None,zen,None,No,Screen,No,Does not play music,No lighting,For sale,FtrOrientalScreen_Remake_2_0,2_0,3971,TXeEFRd7NkYBiWTTR
    TOILET    ,Natural wood,NA,NA,NA,No,No,No,NA,4400,1100,Orange,White,1x1,NA,Nook's Cranny,"Available in Nook's Cranny (upgraded only), in the unique furniture slot",1.0.0,bathroom,None,None,None,Yes,Toilet,No,Does not play music,No lighting,For sale,FtrWC_Remake_1_0,1_0,1929,EzCNLMY9tu2uHQLtd
    inflatable sofa    ,Green,NA,NA,NA,No,No,No,NA,1100,275,Green,Green,2x1,NA,Nook's Cranny,"Available in all tiers of shops, including Timmy & Tommy before the shop is opened",1.0.0,outdoors,None,None,None,Yes,Bed,Yes,Does not play music,No lighting,For sale,FtrAirsofa_Remake_1_0,1_0,3962,WHy5paw9w8wdn8A4h
  BRICK OVEN  ,Brown,Brick color,NA,NA,Yes,Yes,No,6,NFS,3820,Brown,Gray,1.5x1.5,NA,Crafting,,1.0.0,kitchen,shop,None,None,Yes,Kitchen,Yes,Does not play music,No lighting,Not for sale,FtrStoneoven_Remake_1_0,1_0,1157,rMN6Xfpw5TPpmFgM6
  deluxe washer  ,White,NA,NA,NA,No,No,No,NA,,19000,White,White,1x1,NA,Nook's Cranny,"Available in Nook's Cranny (upgraded only), in the third unique furniture slot",1.0.0,bathroom,None,None,None,Yes,Home Appliances,No,Does not play music,No lighting,For sale,FtrWashingmachineDrum_Remake_0_0,0_0,1227,2MnDaLRfQG5eLGZbD
  drum set  ,Pearl white,NA,Glossy black,Bass drum head,No,No,Yes,2,,1400,White,Black,2x1,NA,Nook's Cranny,"Available in Nook's Cranny (upgraded only), in the unique furniture slot",1.0.0,concert,None,None,None,Yes,Musical Instrument,No,Does not play music,No lighting,For sale,FtrDrumSet_Remake_2_1,2_1,1803,seziiMGiAJjaLpN6K
  vintage tv tray  ,Black,NA,Natural wood,Tray,No,No,Yes,1,1200,,Black,Brown,1x1,NA,Nook's Cranny,Available in Nook's Cranny (either upgrade tier) in the unique furniture slot,1.0.0,living room,None,None,None,No,Table,No,Does not play music,No lighting,For sale,FtrTVtray_Remake_3_3,3_3,4445,wxGy8ra5KnPh86zai
  diner counter table  ,Red,NA,NA,NA,No,No,No,NA,6000,,Red,Gray,2x1,NA,Nook's Cranny,"Available in Nook's Cranny (upgraded only), in the unique furniture slot",1.0.0,shop,None,diner,None,No,Table,No,Does not play music,No lighting,For sale,FtrAmeretroCounter_Remake_0_0,0_0,4139,edCXbKxeut84eDJ8a
  INFLATABLE SOFA  ,Blue,NA,NA,NA,No,No,No,NA,,275,Light blue,Light blue,2x1,NA,Nook's Cranny,"Available in all tiers of shops, including Timmy & Tommy before the shop is opened",1.0.0,outdoors,None,None,None,Yes,Bed,Yes,Does not play music,No lighting,For sale,FtrAirsofa_Remake_0_0,0_0,3962,dcZBoXoykxkHe4tRP
  IRONWOOD KITCHENETTE  ,Old,Lumber type,NA,NA,Yes,Yes,No,7,NFS,7560,Brown,Gray,2x1,NA,Crafting,,1.0.0,kitchen,None,ironwood,None,No,Kitchen,No,Does not play music,No lighting,Not for sale,FtrIronwoodKitchen_Remake_3_0,3_0,3270,jrhLP9a6Rs6dWvcLo
    rattan armchair    ,Black,NA,NA,NA,No,No,No,NA,3200,800,Gray,Black,1x1,NA,Nook's Cranny,"Available in Nook's Cranny (upgraded only), in the unique furniture slot",1.0.0,living room,None,rattan,None,Yes,Sofa,No,Does not play music,No lighting,For sale,FtrRattanChairS_Remake_5_0,5_0,4053,ApJ3PLhGJDg87paep
SHELL STOOL,Pearl,Shell color,NA,NA,Yes,Yes,No,1,,600,White,White,1x1,NA,Crafting,,1.0.0,ocean,None,shell,None,Yes,Chair,Yes,Does not play music,No lighting,Not for sale,FtrShellStoolS_Remake_5_0,5_0,3979,xys7BedTRC9h7TbPb
  WOODEN MINI TABLE  ,White wood,Paint color,Blue,Tablecloth,Yes,Yes,Yes,2,,,White,Blue,1x1,NA,Crafting,,1.0.0,child's room,living room,wooden,None,No,Table,No,Does not play music,No lighting,Not for sale,FtrWoodenTableMini_Remake_1_3,1_3,7133,WLneNf4nKpfMxrx8z
    elephant slide    ,Black,NA,NA,NA,No,No,No,NA,4200,1050,Black,Orange,2x1,NA,Nook's Cranny,Available in Nook's Cranny (either upgrade tier) in the unique furniture slot,1.0.0,garden,child's room,None,None,No,Playground,No,Does not play music,No lighting,For sale,FtrSlideelephant_Remake_7_0,7_0,86,C6WYztQApMmN3zyrF
  WOODEN MINI TABLE  ,White wood,Paint color,Orange,Tablecloth,Yes,Yes,Yes,2,NFS,720,White,Orange,1x1,NA,Crafting,,1.0.0,child's room,living room,wooden,None,No,Table,No,Does not play music,No lighting,Not for sale,FtrWoodenTableMini_Remake_1_1,1_1,7133,dmbdMG7voxRpT9Nnb
illuminated tree,Blue,Light color,NA,NA,Yes,Yes,No,7,,,Light blue,Light blue,2x2,NA,Crafting,,1.0.0,party,fancy,festive,None,Yes,Seasonal Decor,Yes,Does not play music,Fluorescent,Not for sale,FtrIllumiTree_Remake_2_0,2_0,4066,wZJp2yyr6LtHnoPJv
    standard umbrella stand    ,White,Body color,Stripes,Favorite umbrella,Yes,Yes,Yes,4,NFS,2250,White,Colorful,1x1,NA,Crafting,,1.0.0,school,office,None,None,No,Supplies,No,Does not play music,No lighting,Not for sale,FtrUmbrellastand_Remake_1_0,1_0,3445,2Pv7xPkGXGNWtjMEY
  WOODEN STOOL  ,Blue,Paint color,None,Seat,Yes,Yes,Yes,2,NFS,480,Blue,Blue,1x1,NA,Crafting,,1.0.0,child's room,living room,wooden,None,Yes,Chair,No,Does not play music,No lighting,Not for sale,FtrWoodenStoolS_Remake_6_0,6_0,3449,LRd4gQ8SmXp5tFqu3
STALL,White,Variation,Waves,Curtain,Yes,Yes,Yes,3,,,White,Blue,2x1,NA,Crafting,,1.0.0,shop,party,None,None,No,Shop,Yes,Does not play music,No lighting,Not for sale,FtrFloat_Remake_5_4,5_4,3617,boEwaK9d5ze8cLTz5
    WOODEN STOOL    ,Black,Paint color,Orange,Seat,Yes,Yes,Yes,2,,,Black,Orange,1x1,NA,Crafting,,1.0.0,child's room,living room,wooden,None,Yes,Chair,No,Does not play music,No lighting,Not for sale,FtrWoodenStoolS_Remake_4_1,4_1,3449,gZg7k6MhZH6unudCf
  stall  ,Pink,Variation,Colorful,Curtain,Yes,Yes,Yes,3,,1440,Pink,Colorful,2x1,NA,Crafting,,1.0.0,shop,party,None,None,No,Shop,Yes,Does not play music,No lighting,Not for sale,FtrFloat_Remake_4_3,4_3,3617,t7tGpMTPqgZ4ieFHw
DRINK MACHINE,Black,NA,Orange juice,Advertisement panel,No,No,Yes,7,,10000,Brown,Orange,1x1,2000,Nook Miles Shop,,1.0.0,shop,facility,None,None,Yes,Facility Decor,Yes,Does not play music,Monitor,Not for sale,FtrDrinkmachine_Remake_3_0,3_0,1802,uwPNW4SKvyZSDgrr5
  vintage tv tray  ,Gold,NA,White,Tray,No,No,Yes,1,1200,,Beige,White,1x1,NA,Nook's Cranny,Available in Nook's Cranny (either upgrade tier) in the unique furniture slot,1.0.0,living room,None,None,None,No,Table,No,Does not play music,No lighting,For sale,FtrTVtray_Remake_0_2,0_2,4445,WPjvF8TYhixroEAWK
DRUM SET,Natural wood,NA,Vintage logo,Bass drum head,No,No,Yes,2,5600,1400,Brown,Beige,2x1,NA,Nook's Cranny,"Available in Nook's Cranny (upgraded only), in the unique furniture slot",1.0.0,concert,None,None,None,Yes,Musical Instrument,No,Does not play music,No lighting,For sale,FtrDrumSet_Remake_3_5,3_5,1803,hHDXhaLcySbPZLXWh
    OUTDOOR TABLE    ,Green,NA,Orange,Table,No,No,Yes,1,2200,550,Green,Orange,2x1,NA,Nook's Cranny,Available in Nook's Cranny (either upgrade tier) in the unique furniture slot,1.0.0,outdoors,None,None,None,No,Table,Yes,Does not play music,No lighting,For sale,FtrOutdoortableM_Remake_2_4,2_4,3946,kyfP5Ma93aAsaNzEM
  rattan bed  ,Black,NA,NA,NA,No,No,No,NA,7200,1800,Gray,Black,2x2,NA,Nook's Cranny,"Available in Nook's Cranny (upgraded only), in the third unique furniture slot",1.0.0,living room,None,rattan,None,Yes,Bed,No,Does not play music,No lighting,For sale,FtrRattanBedW_Remake_5_0,5_0,4052,2vmmd6YAg6dsfXASy
CYPRESS PLANT,Yellow,NA,NA,NA,No,No,No,NA,1000,250,Green,Yellow,1x1,NA,Nook's Cranny,Available in Nook's Cranny (either upgrade tier) in the unique furniture slot,1.0.0,living room,None,None,None,No,Plants,Yes,Does not play music,No lighting,For sale,FtrPlantGoldcrest_Remake_2_0,2_0,1829,SknqGT4FeJekEdPGQ
baby chair,Pink,NA,Butterfly,Cushion,No,No,Yes,1,,,Pink,Orange,1x1,NA,Nook's Cranny,Available in Nook's Cranny (either upgrade tier) in the unique furniture slot,1.0.0,child's room,None,None,None,Yes,Chair,No,Does not play music,No lighting,For sale,FtrBabychair_Remake_1_2,1_2,3305,5x8pLSL8XjbZnCBQQ
    inflatable sofa    ,Polka dots,NA,NA,NA,No,No,No,NA,,275,Colorful,White,2x1,NA,Nook's Cranny,"Available in all tiers of shops, including Timmy & Tommy before the shop is opened",1.0.0,outdoors,None,None,None,Yes,Bed,Yes,Does not play music,No lighting,For sale,FtrAirsofa_Remake_5_0,5_0,3962,PSszDsT5YS399vur9
  three-tiered snowperson  ,Pink,Knit-cap color,NA,NA,Yes,Yes,No,7,,,Pink,White,1x1,NA,Snowman,Reward for making a perfect snow-person,1.0.0,freezing cold,garden,frozen,None,No,Seasonal Decor,Yes,Does not play music,No lighting,Not for sale,FtrSnowman_Remake_1_0,1_0,5337,A2yREtvTZd9twYt9k
  fan  ,White,NA,NA,NA,No,No,No,NA,1700,425,White,White,1x1,NA,Nook's Cranny,Available in Nook's Cranny (either upgrade tier) in the unique furniture slot,1.0.0,living room,child's room,None,None,Yes,Fan,No,Does not play music,No lighting,For sale,FtrFan_Remake_0_0,0_0,3820,mKzwB9JXDSt9f6gfC
  wooden end table  ,Light wood,Paint color,NA,NA,Yes,Yes,No,2,NFS,,Yellow,Colorful,1x1,NA,Crafting,,1.0.0,child's room,living room,wooden,None,No,Table,No,Does not play music,No lighting,Not for sale,FtrWoodenTableS_Remake_0_0,0_0,3438,SqMeMkA4vjh72MpJ9
EFFECTS RACK,Black,NA,None,Sticker area,No,No,Yes,3,6800,,Black,Black,1x1,NA,Nook's Cranny,"Available in Nook's Cranny (upgraded only), in the unique furniture slot",1.0.0,concert,facility,None,None,No,Musical Instrument,No,Does not play music,No lighting,For sale,FtrEffectorrack_Remake_0_0,0_0,950,bk2XrCbH6RKbBNAMG
    CHAMPION'S PENNANT    ,Red,NA,NA,NA,No,No,No,NA,3900,,Red,Yellow,1x1,NA,Nook's Cranny,"Available in Nook's Cranny (upgraded only), in the unique furniture slot",1.0.0,school,None,None,None,No,School,No,Does not play music,No lighting,For sale,FtrVictoryflag_Remake_0_0,0_0,7264,FFZJ8xch4FzgnPgLY
    pile of zen cushions    ,NA,NA,Deep blue,Upholstery,Yes,No,Yes,2,,750,Blue,Blue,1x1,NA,Crafting,,1.0.0,zen-style,living room,None,None,Yes,Chair,No,Does not play music,No lighting,Not for sale,FtrCushionJapanPile_Remake_0_0,0_0,7048,pNY2PpRSChLY8pvFQ
paper lantern,Dark wood,NA,Summer,Paper,No,No,Yes,1,780,195,Brown,Green,1x1,NA,Nook's Cranny,Available in Nook's Cranny (either upgrade tier) in the unique furniture slot,1.0.0,zen-style,None,None,None,Yes,Lamp,No,Does not play music,Candle,For sale,FtrLampJapan_Remake_1_2,1_2,725,NemYTocqnAbgeTPiv
    flashy-flower sign    ,Elegant,NA,NA,NA,No,No,No,NA,1800,,White,Purple,1x1,NA,Nook's Cranny,"Available in Nook's Cranny (upgraded only), in the unique furniture slot",1.0.0,party,None,None,None,No,Shop,Yes,Does not play music,No lighting,For sale,FtrWreath_Remake_2_0,2_0,1243,XorpYKuHZgG6QsXSM
elaborate kimono stand,Cranes,NA,NA,NA,No,No,No,NA,,55000,Red,Black,2x1,NA,Nook's Cranny,"Available in Nook's Cranny (upgraded only), in the third unique furniture slot",1.0.0,zen-style,expensive,None,None,No,Japanese Style,No,Does not play music,No lighting,For sale,FtrKimonostandRich_Remake_0_0,0_0,7865,kCt2iGYCw9b47RBLF
exercise ball,Gold,NA,NA,NA,No,No,No,NA,,,Yellow,Yellow,1x1,NA,Nook's Cranny,Available in Nook's Cranny (either upgrade tier) in the unique furniture slot,1.0.0,fitness,office,None,None,Yes,Sports,No,Does not play music,No lighting,For sale,FtrBalanceball_Remake_4_0,4_0,1598,ebH8TfdngCHTerxjX
    billiard table    ,Blue,NA,NA,NA,No,No,No,NA,77000,19250,Blue,Brown,2x1,NA,Nook's Cranny,"Available in Nook's Cranny (upgraded only), in the third unique furniture slot",1.0.0,shop,facility,None,None,No,Sports,No,Does not play music,No lighting,For sale,FtrBilliard_Remake_2_0,2_0,863,uqyZ3Fi9cceZc6B3M
  BEACH TOWEL  ,NA,NA,Blue,Towel,No,No,Yes,1,380,95,Blue,Blue,2x1,NA,Nook's Cranny,"Available in all tiers of shops, including Timmy & Tommy before the shop is opened",1.0.0,ocean,None,None,None,Yes,Bed,Yes,Does not play music,No lighting,For sale,FtrBeachtowel_Remake_0_4,0_4,3468,ngHcmoWhmnu5KYr9o
  loft bed with desk  ,Pink,NA,Light blue,Bedding,No,No,Yes,3,7700,1925,Pink,Light blue,2x1,NA,Nook's Cranny,"Available in Nook's Cranny (upgraded only), in the unique furniture slot",1.0.0,child's room,None,None,None,Yes,Desk,No,Does not play music,No lighting,For sale,FtrBeddesk_Remake_7_2,7_2,3621,rMskXhRAYqqExunQH
  construction sign  ,Ongoing work - Big bro,NA,NA,NA,No,No,No,NA,NFS,,White,Blue,1x1,1000,Nook Miles Shop,,1.0.0,garage,facility,None,None,No,Vehicle,Yes,Does not play music,No lighting,Not for sale,FtrSignConstruction_Remake_2_0,2_0,9568,4p7rhWsq8uZteaxAJ
  IRON CLOSET  ,Black,Body color,NA,NA,Yes,Yes,No,7,,9000,Black,Black,1x1,NA,Crafting,,1.0.0,living room,None,iron,None,Wardrobe,Chest,No,Does not play music,No lighting,Not for sale,FtrIronClosetLR_Remake_0_0,0_0,9642,HvZ5NYYYAncvQAAQR
frozen table,Ice green,Illumination,NA,NA,Yes,Yes,No,7,NFS,8200,Green,Green,2x2,NA,Crafting,,1.0.0,freezing cold,None,frozen,None,No,Table,Yes,Does not play music,No lighting,Not for sale,FtrIceTableL_Remake_5_0,5_0,3497,ss983AozpPBsvH5iz
  IMPERIAL CHEST  ,Red,NA,NA,NA,No,No,No,NA,,,Red,Yellow,2x1,NA,Nook's Cranny,"Available in Nook's Cranny (upgraded only), in the unique furniture slot",1.0.0,zen-style,None,zen,None,Wardrobe,Chest,No,Does not play music,No lighting,For sale,FtrOrientalChest_Remake_0_0,0_0,3972,6J5AamaA5SgeTKjrF
    chalkboard    ,Club activities,NA,NA,NA,No,No,No,NA,,,Green,Gray,2x1,NA,Nook's Cranny,"Available in Nook's Cranny (upgraded only), in the unique furniture slot",1.0.0,school,None,None,None,No,School,No,Does not play music,No lighting,For sale,FtrBlackboard_Remake_5_0,5_0,2012,YgLwnzTH6oyNgzB7K
    MOUNTAIN STANDEE    ,Kyoto in summer,Season,NA,NA,Yes,Yes,No,2,NFS,,Black,Red,2x1,NA,Crafting,,1.0.0,school,None,None,standee,No,School,No,Does not play music,No lighting,Not for sale,FtrHariboteMountain_Remake_3_0,3_0,532,5mkBnTePitRksfGwX
  water cooler  ,White,NA,NA,NA,No,No,No,NA,3400,850,White,Blue,1x1,NA,Nook's Cranny,Available in Nook's Cranny (either upgrade tier) in the unique furniture slot,1.0.0,living room,office,None,None,Yes,Facility Decor,No,Does not play music,No lighting,For sale,FtrWaterserver_Remake_0_0,0_0,1232,TthqtapsrarckeFkY
  PAPER LANTERN  ,Orange wood,NA,Fall,Paper,No,No,Yes,1,780,195,Orange,Orange,1x1,NA,Nook's Cranny,Available in Nook's Cranny (either upgrade tier) in the unique furniture slot,1.0.0,zen-style,None,None,None,Yes,Lamp,No,Does not play music,Candle,For sale,FtrLampJapan_Remake_2_3,2_3,725,wiBW6nQicms8Gzczp
oil barrel,Red,NA,NA,NA,No,No,No,NA,,162,Red,Red,1x1,NA,Nook's Cranny,"Available in all tiers of shops, including Timmy & Tommy before the shop is opened",1.0.0,garage,None,None,None,No,Vehicle,Yes,Does not play music,No lighting,For sale,FtrDrumcan_Remake_5_0,5_0,1567,NfBcd8AKJ33BxpMxs
  CARDBOARD TABLE  ,Labeled,Cardboard,NA,NA,Yes,Yes,No,1,NFS,240,Yellow,White,2x2,NA,Crafting,,1.0.0,garage,None,cardboard,None,No,Table,No,Does not play music,No lighting,Not for sale,FtrCardboardTableL_Remake_1_0,1_0,7160,5jGB3ZbuTjWHkRKfE
electric bass,Ash green,NA,NA,NA,No,No,No,NA,82000,20500,Green,Black,1x1,NA,Nook's Cranny,"Available in Nook's Cranny (upgraded only), in the third unique furniture slot",1.0.0,concert,None,None,None,Yes,Musical Instrument,No,Does not play music,No lighting,For sale,FtrElectricbass_Remake_5_0,5_0,1804,YC9GHd9cNa2g8gEeF
  grass standee  ,Spring,Season,NA,NA,Yes,Yes,No,1,,480,Green,Green,1x0.5,NA,Crafting,,1.0.0,school,None,None,standee,No,School,No,Does not play music,No lighting,Not for sale,FtrHariboteGrass_Remake_0_0,0_0,530,us4etEYeucddWviND
    sleeping bag    ,Black,NA,NA,NA,No,No,No,NA,1400,350,Gray,Black,2x1,NA,Nook's Cranny,"Available in all tiers of shops, including Timmy & Tommy before the shop is opened",1.0.0,outdoors,None,None,None,Yes,Bed,Yes,Does not play music,No lighting,For sale,FtrSleepingbag_Remake_1_0,1_0,1434,6Ym3jrNEgGpALvt2Y
  RATTAN BED  ,Gray,NA,NA,NA,No,No,No,NA,7200,1800,Green,Blue,2x2,NA,Nook's Cranny,"Available in Nook's Cranny (upgraded only), in the third unique furniture slot",1.0.0,living room,None,rattan,None,Yes,Bed,No,Does not play music,No lighting,For sale,FtrRattanBedW_Remake_4_0,4_0,4052,GZEDbGTQHRrzHpCZm
  PUBLIC BENCH  ,Monotone,NA,NA,NA,No,No,No,NA,NFS,10000,Black,White,2x1,2000,Nook Miles Shop,,1.0.0,facility,None,None,None,Yes,Sofa,Yes,Does not play music,No lighting,Not for sale,FtrPublicbench_Remake_7_0,7_0,3346,GrLQzpjrpAcggaBnG
  sleigh  ,Red,Body color,NA,NA,Yes,Yes,No,2,,960,Red,Blue,2x1,NA,Crafting,,1.0.0,garden,None,festive,None,Yes,Chair,Yes,Does not play music,No lighting,Not for sale,FtrSled_Remake_2_0,2_0,7281,HwQduBZenwteYguxu
loft bed with desk,White,NA,White,Bedding,No,No,Yes,3,7700,1925,White,White,2x1,NA,Nook's Cranny,"Available in Nook's Cranny (upgraded only), in the unique furniture slot",1.0.0,child's room,None,None,None,Yes,Desk,No,Does not play music,No lighting,For sale,FtrBeddesk_Remake_2_0,2_0,3621,JW3BRzfvaS8KSoxzP
    effects rack    ,Black,NA,Rock logo,Sticker area,No,No,Yes,3,6800,1700,Black,Purple,1x1,NA,Nook's Cranny,"Available in Nook's Cranny (upgraded only), in the unique furniture slot",1.0.0,concert,facility,None,None,No,Musical Instrument,No,Does not play music,No lighting,For sale,FtrEffectorrack_Remake_0_3,0_3,950,MzPageFNYbQGeHaZW
    EFFECTS RACK    ,Blue,NA,Familiar logo,Sticker area,No,No,Yes,3,,1700,Blue,White,1x1,NA,Nook's Cranny,"Available in Nook's Cranny (upgraded only), in the unique furniture slot",1.0.0,concert,facility,None,None,No,Musical Instrument,No,Does not play music,No lighting,For sale,FtrEffectorrack_Remake_3_1,3_1,950,PSvMyakqMkcuvyjdo
  ANTIQUE WARDROBE  ,Black,NA,NA,NA,No,No,No,NA,,,Black,Black,2x1,NA,Nook's Cranny,"Available in Nook's Cranny (upgraded only), in the third unique furniture slot",1.0.0,living room,expensive,antique,None,Wardrobe,Chest,No,Does not play music,No lighting,For sale,FtrAntiqueChest_Remake_2_0,2_0,3959,Tjvexu4etCrRoAAw4
OUTDOOR PICNIC SET,NA,NA,NA,NA,Yes,No,No,NA,,4000,Colorful,Colorful,1.5x1.5,NA,Crafting,,1.0.0,zen-style,garden,cherry blossoms,None,No,Outdoors Decor,Yes,Does not play music,No lighting,Not for sale,FtrSakuraPicnicset,NA,6033,7tg4vCtPfbrLfferQ
  TV camera  ,White,NA,NA,NA,No,No,No,NA,14000,,White,Black,1x1,NA,Nook's Cranny,"Available in Nook's Cranny (upgraded only), in the third unique furniture slot",1.0.0,facility,concert,None,None,Yes,Facility Decor,No,Does not play music,No lighting,For sale,FtrCameraTV_Remake_1_0,1_0,1412,Xo8PpCkoMcw5yQaoy
  ROUND SPACE HEATER  ,Red,NA,NA,NA,No,No,No,NA,2700,,Red,Red,1x1,NA,Nook's Cranny,Season sale item,1.0.0,living room,school,None,None,Yes,Heating,No,Does not play music,No lighting,For sale,FtrStoveRound_Remake_2_0,2_0,2771,B65rJDqKTZcnZPdrE
  low screen  ,Brown,NA,Fall,Screen,No,No,Yes,1,,,Orange,Orange,1x0.5,NA,Nook's Cranny,Available in Nook's Cranny (either upgrade tier) in the unique furniture slot,1.0.0,zen-style,None,None,None,No,Japanese Style,No,Does not play music,No lighting,For sale,FtrScreenJapanLow_Remake_2_3,2_3,1029,HWJQTa97uj2iWBqnt
    WOODEN MINI TABLE    ,Green,Paint color,Pink,Tablecloth,Yes,Yes,Yes,2,NFS,,Green,Pink,1x1,NA,Crafting,,1.0.0,child's room,living room,wooden,None,No,Table,No,Does not play music,No lighting,Not for sale,FtrWoodenTableMini_Remake_5_2,5_2,7133,rJMAuob9ZnEKaQ4q9
    floor seat    ,Natural,NA,Peach,Cushion,No,No,Yes,1,730,,Brown,Pink,1x1,NA,Nook's Cranny,Available in Nook's Cranny (either upgrade tier) in the unique furniture slot,1.0.0,zen-style,child's room,None,None,Yes,Chair,No,Does not play music,No lighting,For sale,FtrFloorchair_Remake_0_2,0_2,3622,sjfLNA78iWEe9bpqd
ROUND SPACE HEATER,White,NA,NA,NA,No,No,No,NA,,675,White,White,1x1,NA,Nook's Cranny,Season sale item,1.0.0,living room,school,None,None,Yes,Heating,No,Does not play music,No lighting,For sale,FtrStoveRound_Remake_0_0,0_0,2771,Nj3keSTznWDDkKepm
  IRONWOOD TABLE  ,Birch,Lumber type,NA,NA,Yes,Yes,No,7,NFS,5940,Beige,Black,2x2,NA,Crafting,,1.0.0,living room,None,ironwood,None,No,Table,No,Does not play music,No lighting,Not for sale,FtrIronwoodTableL_Remake_0_0,0_0,3191,wG9xMvT5wnFFFbxQp
drum set,Black & white,NA,Rock logo,Bass drum head,No,No,Yes,2,5600,1400,Gray,Black,2x1,NA,Nook's Cranny,"Available in Nook's Cranny (upgraded only), in the unique furniture slot",1.0.0,concert,None,None,None,Yes,Musical Instrument,No,Does not play music,No lighting,For sale,FtrDrumSet_Remake_7_4,7_4,1803,4ssLnGEsdtY7hxviH
  vintage TV tray  ,Black,NA,White,Tray,No,No,Yes,1,1200,,Black,White,1x1,NA,Nook's Cranny,Available in Nook's Cranny (either upgrade tier) in the unique furniture slot,1.0.0,living room,None,None,None,No,Table,No,Does not play music,No lighting,For sale,FtrTVtray_Remake_3_2,3_2,4445,9oZ8MfAnc5LRCxZRs
  BUTTER CHURN  ,Dark wood,Lumber type,NA,NA,Yes,Yes,No,3,NFS,,Brown,Black,1x1,NA,Crafting,,1.0.0,facility,garden,None,None,No,Ranch,Yes,Does not play music,No lighting,Not for sale,FtrButtermixer_Remake_0_0,0_0,7805,eeeDgigcfM8s4Bm2F
WOODEN-BLOCK STEREO,Pastel,Block color,NA,NA,Yes,Yes,No,4,NFS,2460,Yellow,Colorful,2x1,NA,Crafting,,1.0.0,child's room,None,wooden block,None,Yes,Audio,No,Hi-fi,No lighting,Not for sale,FtrBlockCompo_Remake_3_0,3_0,3205,8AhpdiXz7u7AqeR2u
  CLOTHESLINE POLE  ,Silver,NA,Plain,Drying shirt,No,No,Yes,1,1100,275,Gray,White,2x0.5,NA,Nook's Cranny,Available in Nook's Cranny (either upgrade tier) in the unique furniture slot,1.0.0,garden,bathroom,None,None,No,Supplies,Yes,Does not play music,No lighting,For sale,FtrClotheshorse_Remake_0_0,0_0,1778,7T6ZZSQSeEKLkJoPW
  PLAIN WOODEN SHOP SIGN  ,White,Sign,Ad,Flier,Yes,Yes,Yes,2,,,White,Blue,1x1,NA,Crafting,,1.0.0,garden,None,None,None,No,Vehicle,Yes,Does not play music,No lighting,Not for sale,FtrSignWood_Remake_1_2,1_2,3692,KQBPpdjMmrWfXx5wX
  drum set  ,Golden yellow,NA,Smooth white,Bass drum head,No,No,Yes,2,,,Orange,White,2x1,NA,Nook's Cranny,"Available in Nook's Cranny (upgraded only), in the unique furniture slot",1.0.0,concert,None,None,None,Yes,Musical Instrument,No,Does not play music,No lighting,For sale,FtrDrumSet_Remake_0_0,0_0,1803,heAnz8cTRvuiYRaXD
  floor lamp  ,Natural,NA,Orange design,Lampshade,No,No,Yes,1,1400,350,Beige,Red,1x1,NA,Nook's Cranny,"Available in Nook's Cranny (upgraded only), in the unique furniture slot",1.0.0,living room,None,None,None,Yes,Lamp,No,Does not play music,Fluorescent,For sale,FtrLamp_Remake_0_6,0_6,2561,dYH2dTHy4n3ncP589
FLOOR SEAT,Light wood,NA,Pale grass green,Cushion,No,No,Yes,1,730,182,Beige,Green,1x1,NA,Nook's Cranny,Available in Nook's Cranny (either upgrade tier) in the unique furniture slot,1.0.0,zen-style,child's room,None,None,Yes,Chair,No,Does not play music,No lighting,For sale,FtrFloorchair_Remake_1_0,1_0,3622,nqBxpQ2NPKmqSZKTR
  WOODEN MINI TABLE  ,Cherry wood,Paint color,Pink,Tablecloth,Yes,Yes,Yes,2,NFS,,Orange,Pink,1x1,NA,Crafting,,1.0.0,child's room,living room,wooden,None,No,Table,No,Does not play music,No lighting,Not for sale,FtrWoodenTableMini_Remake_2_2,2_2,7133,8wzRQyM89oLCLkCid
  ROCKING HORSE  ,Pop,Paint color,NA,NA,Yes,Yes,No,1,,600,Light blue,Red,1x1,NA,Crafting,,1.0.0,child's room,fancy,None,None,Yes,Toy,No,Does not play music,No lighting,Not for sale,FtrRockinghorse_Remake_5_0,5_0,83,qDZHrhszEc9eJjBPD
  chalkboard  ,Music,NA,NA,NA,No,No,No,NA,2600,650,Green,Gray,2x1,NA,Nook's Cranny,"Available in Nook's Cranny (upgraded only), in the unique furniture slot",1.0.0,school,None,None,None,No,School,No,Does not play music,No lighting,For sale,FtrBlackboard_Remake_4_0,4_0,2012,6on4fD474xYQ6wi4a
    ironwood dresser    ,Oak,Lumber type,NA,NA,Yes,Yes,No,6,,3840,Orange,White,1x1,NA,Crafting,,1.0.0,living room,None,ironwood,None,Wardrobe,Chest,No,Does not play music,No lighting,Not for sale,FtrIronwoodChest_Remake_4_0,4_0,3196,knYruPBQSwncvreGe
    mama bear    ,Checkered,NA,Yellow stripes,Shirt,No,No,Yes,1,,,Gray,Yellow,1x1,NA,Nook's Cranny,Available in Nook's Cranny (either upgrade tier) in the unique furniture slot,1.0.0,fancy,child's room,None,bear,No,Animal,No,Does not play music,No lighting,For sale,FtrBearM_Remake_4_3,4_3,1500,uCjdHLGfv5F94edsD
  FROZEN PARTITION  ,Ice blue,Illumination,NA,NA,Yes,Yes,No,7,NFS,,Blue,Blue,2x0.5,NA,Crafting,,1.0.0,freezing cold,None,frozen,None,No,Seasonal Decor,Yes,Does not play music,No lighting,Not for sale,FtrIceScreen_Remake_1_0,1_0,3498,66Annaa4XwTf3RkQK
    CHANGING ROOM    ,Beige,NA,White,Curtain,No,No,Yes,2,3700,925,Yellow,White,1x1,NA,Nook's Cranny,"Available in Nook's Cranny (upgraded only), in the unique furniture slot",1.0.0,shop,facility,None,None,Wardrobe,Shop,No,Does not play music,No lighting,For sale,FtrFittingroom_Remake_1_0,1_0,1816,HC78zjnDvoFo8gaNK
BASIC TEACHER'S DESK,Monotone,NA,NA,NA,No,No,No,NA,2000,500,White,Black,2x1,NA,Nook's Cranny,"Available in Nook's Cranny (upgraded only), in the unique furniture slot",1.0.0,school,None,None,None,No,Desk,No,Does not play music,No lighting,For sale,FtrSchoolTeachertable_Remake_2_0,2_0,1330,FqtaHr9oGCmoNR7eX
    SOFT-SERVE LAMP    ,Strawberry swirl,NA,NA,NA,No,No,No,NA,3000,750,Colorful,Beige,1x1,NA,Nook's Cranny,"Available in Nook's Cranny (upgraded only), in the unique furniture slot",1.0.0,shop,fancy,None,None,Yes,Lamp,Yes,Does not play music,Fluorescent,For sale,FtrLampSoftcream_Remake_6_0,6_0,3416,atx7NCKyDqvmAd8e4
  frozen table  ,Ice blue,Illumination,NA,NA,Yes,Yes,No,7,NFS,8200,Blue,Blue,2x2,NA,Crafting,,1.0.0,freezing cold,None,frozen,None,No,Table,Yes,Does not play music,No lighting,Not for sale,FtrIceTableL_Remake_1_0,1_0,3497,TfHSeMjaGvKtaS8aA
electric guitar,Natural wood,NA,Handwritten logo,Sticker area,No,No,Yes,7,,17750,Beige,Light blue,1x1,NA,Nook's Cranny,"Available in Nook's Cranny (upgraded only), in the third unique furniture slot",1.0.0,concert,None,None,None,Yes,Musical Instrument,No,Does not play music,No lighting,For sale,FtrElectricguitar2_Remake_1_5,1_5,1645,hKtkMoXHSh7jeTZ32
  FLOOR LAMP  ,White,NA,Green design,Lampshade,No,No,Yes,1,,350,White,Green,1x1,NA,Nook's Cranny,"Available in Nook's Cranny (upgraded only), in the unique furniture slot",1.0.0,living room,None,None,None,Yes,Lamp,No,Does not play music,Fluorescent,For sale,FtrLamp_Remake_2_5,2_5,2561,M2aFeeSv2y2SeKSvm
  TABLE WITH CLOTH  ,NA,NA,Brown,Tablecloth,No,No,Yes,2,,1275,Brown,Brown,2x2,NA,Nook's Cranny,"Available in Nook's Cranny (upgraded only), in the third unique furniture slot",1.0.0,shop,party,None,None,No,Table,No,Does not play music,No lighting,For sale,FtrTableCloth_Remake_0_1,0_1,1779,zTQ3PoRAEywATkuej
  dj's turntable  ,Brown,NA,None,Flag,No,No,Yes,4,9300,2325,Orange,Gray,2x1,NA,Nook's Cranny,"Available in Nook's Cranny (upgraded only), in the unique furniture slot",1.0.0,party,concert,None,None,Yes,Musical Instrument,No,Hi-fi,No lighting,For sale,FtrDJbooth_Remake_2_0,2_0,941,cXKNZkCugNQWiaB7o
  FLOWER STAND  ,Red,Variation,NA,NA,Yes,Yes,No,4,NFS,2880,Red,Green,1.5x1.5,NA,Crafting,,1.0.0,party,None,None,None,No,Plants,No,Does not play music,No lighting,Not for sale,FtrStandflower_Remake_1_0,1_0,7527,kumFCSAoDGkKX4wEH
  WOODEN CHAIR  ,White wood,Paint color,NA,NA,Yes,Yes,No,1,,,Beige,Beige,1x1,NA,Crafting,,1.0.0,child's room,living room,wooden,None,Yes,Chair,No,Does not play music,No lighting,Not for sale,FtrWoodenChairS_Remake_1_0,1_0,1913,mnQLaEt6XcQBbQtWP
    wooden-block table    ,Pastel,Block color,NA,NA,Yes,Yes,No,2,NFS,,Pink,Colorful,2x2,NA,Crafting,,1.0.0,child's room,None,wooden block,None,No,Table,No,Does not play music,No lighting,Not for sale,FtrBlockTableL_Remake_3_0,3_0,1565,ymPAhCichNTgPJnvM
  virgo harp  ,NA,NA,NA,NA,Yes,No,No,NA,NFS,22050,White,Yellow,1x1,NA,Crafting,,1.0.0,expensive,music,stars,None,Yes,Musical Instrument,No,Does not play music,No lighting,Not for sale,FtrZodiacVirgo,NA,5955,Ybqa42wGkDHmEWcST
    outdoor bench    ,White,NA,White,Seat,No,No,Yes,1,,325,Gray,White,2x1,NA,Nook's Cranny,Available in Nook's Cranny (either upgrade tier) in the unique furniture slot,1.0.0,outdoors,None,None,None,Yes,Sofa,Yes,Does not play music,No lighting,For sale,FtrOutdoorchairM_Remake_0_0,0_0,3947,CTpaNpEdHkmwRiE34
wooden waste bin,White wood,Paint color,NA,NA,Yes,Yes,No,1,NFS,480,White,White,1x1,NA,Crafting,,1.0.0,child's room,living room,wooden,None,Yes,Supplies,No,Does not play music,No lighting,Not for sale,FtrTrashboxWood_Remake_5_0,5_0,3490,DhAuMed2mhNwauP5y
GRASS STANDEE,Fall,Season,NA,NA,Yes,Yes,No,1,,,Beige,Brown,1x0.5,NA,Crafting,,1.0.0,school,None,None,standee,No,School,No,Does not play music,No lighting,Not for sale,FtrHariboteGrass_Remake_2_0,2_0,530,MXReQJKAzmLxiBEtY
  PAPA BEAR  ,Tweed,NA,Red,Ribbon,No,No,Yes,3,8500,2125,Brown,Red,2x2,NA,Nook's Cranny,"Available in Nook's Cranny (upgraded only), in the third unique furniture slot",1.0.0,fancy,child's room,None,bear,No,Animal,No,Does not play music,No lighting,For sale,FtrBearL_Remake_5_1,5_1,1499,o99j4jRBPx92bozR2
angled signpost,Airport,Navigation,NA,NA,Yes,Yes,No,1,,,Beige,Brown,1x1,NA,Crafting,,1.0.0,garden,None,None,None,No,Vehicle,Yes,Does not play music,No lighting,Not for sale,FtrSignpostTilt_Remake_4_0,4_0,7867,BGaTv6ghfWHQohYJz
WOODEN MINI TABLE,Blue,Paint color,Orange,Tablecloth,Yes,Yes,Yes,2,,,Blue,Orange,1x1,NA,Crafting,,1.0.0,child's room,living room,wooden,None,No,Table,No,Does not play music,No lighting,Not for sale,FtrWoodenTableMini_Remake_6_1,6_1,7133,A5acBNiA8PqwfuX3K
    surfboard    ,Brown,NA,NA,NA,No,No,No,NA,4100,1025,Brown,Black,1x1,NA,Nook's Cranny,Season sale item,1.0.0,ocean,None,None,None,No,Seaside,Yes,Does not play music,No lighting,For sale,FtrSurfboard_Remake_5_0,5_0,7868,Ew6PGX8z9n29Ktcnd
rock guitar,Sunburst,NA,Rock logo,Sticker area,No,No,Yes,2,3100,,Orange,Purple,1x1,NA,Nook's Cranny,Available in Nook's Cranny (either upgrade tier) in the unique furniture slot,1.0.0,concert,None,None,None,Yes,Musical Instrument,No,Does not play music,No lighting,For sale,FtrElectricguitar1_Remake_0_3,0_3,1644,vr8rsE6aRohYh3FoQ
SIMPLE PANEL,Silver,NA,Lattice,Panel design,No,No,Yes,1,810,202,Gray,White,1x0.5,NA,Nook's Cranny,Available in Nook's Cranny (either upgrade tier) in the unique furniture slot,1.0.0,facility,None,None,None,No,Screen,No,Does not play music,No lighting,For sale,FtrScreenSimple_Remake_6_4,6_4,5338,TBHFRbzoL3FAPHTYA
    electric guitar    ,Chic white,NA,None,Sticker area,No,No,Yes,7,71000,17750,White,Beige,1x1,NA,Nook's Cranny,"Available in Nook's Cranny (upgraded only), in the third unique furniture slot",1.0.0,concert,None,None,None,Yes,Musical Instrument,No,Does not play music,No lighting,For sale,FtrElectricguitar2_Remake_5_0,5_0,1645,yy436h8ujFcdajBu5
  wheelchair  ,NA,NA,Red plaid,Seat,No,No,Yes,1,2700,675,Black,Red,1x1,NA,Nook's Cranny,Available in Nook's Cranny (either upgrade tier) in the unique furniture slot,1.0.0,facility,None,None,None,Yes,Chair,No,Does not play music,No lighting,For sale,FtrWheelchair_Remake_0_1,0_1,3444,6K93XBZG6kFnXRCgK
FISHING-ROD STAND,Natural,Variation,NA,NA,No,Yes,No,1,NFS,300,Yellow,Black,1x1,NA,Fishing Tourney,,1.0.0,ocean,living room,None,None,No,Supplies,No,Does not play music,No lighting,Not for sale,FtrRodstand_Remake_0_0,0_0,3587,iDRZqrHyizsu6d9Si
    throwback mitt chair    ,Brown,NA,NA,NA,No,No,No,NA,1400,350,Brown,Brown,1x1,NA,Nook's Cranny,"Available in Nook's Cranny (upgraded only), in the unique furniture slot",1.0.0,child's room,fitness,throwback,None,Yes,Chair,No,Does not play music,No lighting,For sale,FtrBoyChairS_Remake_1_0,1_0,4758,aSaxy38dtufEKrXxK
  writing chair  ,Natural,NA,Pink,Seat,No,No,Yes,1,,425,Beige,Pink,1x1,NA,Nook's Cranny,Available in Nook's Cranny (either upgrade tier) in the unique furniture slot,1.0.0,child's room,None,None,writing,Yes,Chair,No,Does not play music,No lighting,For sale,FtrStudyChair_Remake_0_2,0_2,3702,TZhSZZ2KfFMDu9Kvx
changing room,Pink,NA,Pink,Curtain,No,No,Yes,2,,,Pink,Pink,1x1,NA,Nook's Cranny,"Available in Nook's Cranny (upgraded only), in the unique furniture slot",1.0.0,shop,facility,None,None,Wardrobe,Shop,No,Does not play music,No lighting,For sale,FtrFittingroom_Remake_6_4,6_4,1816,3m4ss2vhuXb8xuPJJ
  STALL  ,Natural,Variation,Colorful,Curtain,Yes,Yes,Yes,3,NFS,,Beige,Colorful,2x1,NA,Crafting,,1.0.0,shop,party,None,None,No,Shop,Yes,Does not play music,No lighting,Not for sale,FtrFloat_Remake_0_3,0_3,3617,8LHtYWZgpRQ4YFf3D
  tiny library  ,Pastel,Paint color,NA,NA,Yes,Yes,No,2,NFS,,Light blue,Colorful,1x1,NA,Crafting,,1.0.0,garden,None,None,None,No,Garden,Yes,Does not play music,No lighting,Not for sale,FtrMicrolibrary_Remake_2_0,2_0,5635,PQgh3YuhvWkzA46xZ
  shaded floor lamp  ,Green,NA,NA,NA,No,No,No,NA,1700,425,Green,Gray,1x1,NA,Nook's Cranny,"Available in Nook's Cranny (upgraded only), in the unique furniture slot",1.0.0,living room,None,None,None,Yes,Lamp,No,Does not play music,Fluorescent,For sale,FtrLampMount_Remake_3_0,3_0,4572,w6QgQJ8DXZko3cMfq
  rock guitar  ,Coral pink,NA,Cute logo,Sticker area,No,No,Yes,2,3100,775,Pink,Pink,1x1,NA,Nook's Cranny,Available in Nook's Cranny (either upgrade tier) in the unique furniture slot,1.0.0,concert,None,None,None,Yes,Musical Instrument,No,Does not play music,No lighting,For sale,FtrElectricguitar1_Remake_1_7,1_7,1644,Qjp7sfjNKdhhJTpMi
    fish-drying rack    ,Squid,Variation,NA,NA,No,Yes,No,1,NFS,750,Yellow,Beige,2x1,NA,Fishing Tourney,,1.0.0,ocean,garden,None,None,No,Seaside,Yes,Does not play music,No lighting,Not for sale,FtrDriedfish_Remake_1_0,1_0,3581,vJAZZNuuCPTn6ZHoE
tricycle,Black,NA,NA,NA,No,No,No,NA,1600,,White,Black,1x1,NA,Nook's Cranny,Available in Nook's Cranny (either upgrade tier) in the unique furniture slot,1.0.0,garden,child's room,None,None,No,Playground,Yes,Does not play music,No lighting,For sale,FtrTricycle_Remake_4_0,4_0,1199,Qy3mWpxsgAXNBm9em
  WOODEN WARDROBE  ,Dark wood,Paint color,NA,NA,Yes,Yes,No,2,,,Brown,Brown,1x1,NA,Crafting,,1.0.0,child's room,living room,wooden,None,Wardrobe,Chest,No,Does not play music,No lighting,Not for sale,FtrWoodenCloset_Remake_3_0,3_0,3436,jGZ26ohcdxHBkfEpS
  iron hanger stand  ,Black,Body color,Shell pink,Shawl,Yes,Yes,Yes,4,NFS,,Black,Pink,1x1,NA,Crafting,,1.0.0,living room,None,iron,None,No,Chest,No,Does not play music,No lighting,Not for sale,FtrIronHanger_Remake_0_1,0_1,3561,7S8iHSXTEuTXCYEsK
OUTDOOR TABLE,Black,NA,Dark wood,Table,No,No,Yes,1,2200,550,Black,Brown,2x1,NA,Nook's Cranny,Available in Nook's Cranny (either upgrade tier) in the unique furniture slot,1.0.0,outdoors,None,None,None,No,Table,Yes,Does not play music,No lighting,For sale,FtrOutdoortableM_Remake_1_6,1_6,3946,9e77mqKJkc844SW7n
FISH-DRYING RACK,Fish,Variation,NA,NA,No,Yes,No,1,,,Brown,Beige,2x1,NA,Fishing Tourney,,1.0.0,ocean,garden,None,None,No,Seaside,Yes,Does not play music,No lighting,Not for sale,FtrDriedfish_Remake_0_0,0_0,3581,nFiJt2xARLJeqh6be
  digital scale  ,Yellow,NA,Black stripes,Design,No,No,Yes,1,930,,Yellow,Gray,1x1,NA,Nook's Cranny,Available in Nook's Cranny (either upgrade tier) in the unique furniture slot,1.0.0,bathroom,None,None,None,No,Bathroom Things,No,Does not play music,No lighting,For sale,FtrWeightscale_Remake_4_3,4_3,3307,j63qSZPh5GAMH34uB
    oil barrel    ,Blue,NA,NA,NA,No,No,No,NA,,,Blue,White,1x1,NA,Nook's Cranny,"Available in all tiers of shops, including Timmy & Tommy before the shop is opened",1.0.0,garage,None,None,None,No,Vehicle,Yes,Does not play music,No lighting,For sale,FtrDrumcan_Remake_1_0,1_0,1567,E6w9gYMWZEmhiJXLx
  street organ  ,Dark brown,NA,NA,NA,No,No,No,NA,5000,1250,Brown,Black,1x1,NA,Nook's Cranny,"Available in Nook's Cranny (upgraded only), in the unique furniture slot",1.0.0,child's room,fancy,None,None,Yes,Musical Instrument,Yes,Does not play music,No lighting,For sale,FtrStreetorgan_Remake_3_0,3_0,4070,edAwGyZ9Kzx4ZGxuH
log garden lounge,White birch,Lumber type,Southwestern flair,Pillow,Yes,No,Yes,3,NFS,1440,White,Colorful,2x1,NA,Crafting,,1.0.0,garden,None,log,None,Yes,Bed,Yes,Does not play music,No lighting,Not for sale,FtrLogBedS_Remake_3_1,3_1,4035,nkxQzsbcxtSNwPqed
    wooden wardrobe    ,Light wood,Paint color,NA,NA,Yes,Yes,No,2,NFS,1440,Yellow,Yellow,1x1,NA,Crafting,,1.0.0,child's room,living room,wooden,None,Wardrobe,Chest,No,Does not play music,No lighting,Not for sale,FtrWoodenCloset_Remake_0_0,0_0,3436,53teYELxP7SaZNYyu
    mountain standee    ,Winter,Season,NA,NA,Yes,Yes,No,2,NFS,1080,White,Gray,2x1,NA,Crafting,,1.0.0,school,None,None,standee,No,School,No,Does not play music,No lighting,Not for sale,FtrHariboteMountain_Remake_5_0,5_0,532,GnG9BMNc2twGaLr28
lawn chair,Red & white & blue,NA,NA,NA,No,No,No,NA,760,190,Colorful,White,1x1,NA,Nook's Cranny,"Available in all tiers of shops, including Timmy & Tommy before the shop is opened",1.0.0,ocean,None,None,None,Yes,Chair,Yes,Does not play music,No lighting,For sale,FtrVinylchair_Remake_1_0,1_0,1621,ZqtBpyBnspf5KoL8o
  SLEIGH  ,Natural,Body color,NA,NA,Yes,Yes,No,2,NFS,960,Orange,Red,2x1,NA,Crafting,,1.0.0,garden,None,festive,None,Yes,Chair,Yes,Does not play music,No lighting,Not for sale,FtrSled_Remake_0_0,0_0,7281,xo5EbWumiYA8KCNQz
folding chair,Black,NA,NA,NA,No,No,No,NA,920,230,Black,Gray,1x1,NA,Nook's Cranny,Available in Nook's Cranny (either upgrade tier) in the unique furniture slot,1.0.0,facility,None,None,None,Yes,Chair,No,Does not play music,No lighting,For sale,FtrPipechair_Remake_4_0,4_0,7529,ZqwfxZeoEHc3cYjDB
  OUTDOOR TABLE  ,Black,NA,White,Table,No,No,Yes,1,2200,,Black,White,2x1,NA,Nook's Cranny,Available in Nook's Cranny (either upgrade tier) in the unique furniture slot,1.0.0,outdoors,None,None,None,No,Table,Yes,Does not play music,No lighting,For sale,FtrOutdoortableM_Remake_1_0,1_0,3946,EizqBN57tktyr29T2
  silver mic  ,NA,NA,NA,NA,No,No,No,NA,1800,,Gray,Black,1x1,NA,Nook's Cranny,Available in Nook's Cranny (either upgrade tier) in the unique furniture slot,1.0.0,concert,party,None,None,No,Musical Instrument,No,Does not play music,No lighting,For sale,FtrMikeBone,NA,1045,SENLSuJ86GELA7q9K
bamboo speaker,Green bamboo,Bamboo,NA,NA,Yes,Yes,No,2,NFS,,Green,Beige,1x1,NA,Crafting,,1.0.0,zen-style,None,bamboo,None,Yes,Audio,No,Retro,No lighting,Not for sale,FtrBambooMusic_Remake_0_0,0_0,10743,WJ7AWij94wCSryAjs
  rock guitar  ,Cosmo black,NA,Emblem logo,Sticker area,No,No,Yes,2,3100,775,Black,Green,1x1,NA,Nook's Cranny,Available in Nook's Cranny (either upgrade tier) in the unique furniture slot,1.0.0,concert,None,None,None,Yes,Musical Instrument,No,Does not play music,No lighting,For sale,FtrElectricguitar1_Remake_2_4,2_4,1644,7x9F6ys2EwmoHMPfe
  IRONWOOD BED  ,Teak,Lumber type,Navy,Bedding,Yes,Yes,Yes,8,NFS,,Orange,Black,2x1,NA,Crafting,,1.0.0,living room,None,ironwood,None,Yes,Bed,No,Does not play music,No lighting,Not for sale,FtrIronwoodBedS_Remake_1_0,1_0,3200,hosTz9yFXQtSh55E5
    changing room    ,Brown,NA,Green,Curtain,No,No,Yes,2,3700,925,Orange,Green,1x1,NA,Nook's Cranny,"Available in Nook's Cranny (upgraded only), in the unique furniture slot",1.0.0,shop,facility,None,None,Wardrobe,Shop,No,Does not play music,No lighting,For sale,FtrFittingroom_Remake_2_6,2_6,1816,akZy4YmBLk8ETzBZR
  electric bass  ,Chic white,NA,NA,NA,No,No,No,NA,82000,,White,Brown,1x1,NA,Nook's Cranny,"Available in Nook's Cranny (upgraded only), in the third unique furniture slot",1.0.0,concert,None,None,None,Yes,Musical Instrument,No,Does not play music,No lighting,For sale,FtrElectricbass_Remake_0_0,0_0,1804,M3cogMgvrJC3cN47y
  log garden lounge  ,White wood,Lumber type,None,Pillow,Yes,Yes,Yes,3,NFS,1440,Beige,Beige,2x1,NA,Crafting,,1.0.0,garden,None,log,None,Yes,Bed,Yes,Does not play music,No lighting,Not for sale,FtrLogBedS_Remake_2_0,2_0,4035,mhdFr75wvt5dkRz5J
FLOOR LIGHT,Green,NA,NA,NA,No,No,No,NA,2200,550,Green,Green,1x1,NA,Nook's Cranny,"Available in Nook's Cranny (upgraded only), in the unique furniture slot",1.0.0,facility,concert,None,None,Yes,Lamp,Yes,Does not play music,Spotlight,For sale,FtrGrandlight_Remake_7_0,7_0,7135,PtcjYAxdpgyCCY8KB
  rattan waste bin  ,Light brown,NA,NA,NA,No,No,No,NA,,250,Yellow,Yellow,1x1,NA,Nook's Cranny,"Available in Nook's Cranny (upgraded only), in the unique furniture slot",1.0.0,living room,None,rattan,None,Trash,Supplies,No,Does not play music,No lighting,For sale,FtrRattanTrashbox_Remake_2_0,2_0,4045,MWcPf9ZYzDE4C2JMi
  changing room  ,Dark brown,NA,Red,Curtain,No,No,Yes,2,3700,925,Brown,Red,1x1,NA,Nook's Cranny,"Available in Nook's Cranny (upgraded only), in the unique furniture slot",1.0.0,shop,facility,None,None,Wardrobe,Shop,No,Does not play music,No lighting,For sale,FtrFittingroom_Remake_3_5,3_5,1816,okuEz5tc6JoST7KyC
  changing room  ,Beige,NA,Pink,Curtain,No,No,Yes,2,,,Yellow,Pink,1x1,NA,Nook's Cranny,"Available in Nook's Cranny (upgraded only), in the unique furniture slot",1.0.0,shop,facility,None,None,Wardrobe,Shop,No,Does not play music,No lighting,For sale,FtrFittingroom_Remake_1_4,1_4,1816,NPSJ8SLN6pEWWjLs2
retro gas pump,White,NA,Green with animal,Lamp,No,No,Yes,1,2700,675,White,Green,1x1,NA,Nook's Cranny,Available in Nook's Cranny (either upgrade tier) in the unique furniture slot,1.0.0,garden,shop,diner,None,Yes,Vehicle,Yes,Does not play music,No lighting,For sale,FtrAmeretroGasstand_Remake_3_1,3_1,4140,vGHo9T8NgRq52Kf3i
    toilet-cleaning set    ,Colorful,NA,NA,NA,No,No,No,NA,,167,Red,Light blue,1x1,NA,Nook's Cranny,Available in Nook's Cranny (either upgrade tier) in the unique furniture slot,1.0.0,bathroom,None,None,None,No,Bathroom Things,No,Does not play music,No lighting,For sale,FtrCleaningsetWC_Remake_1_0,1_0,4072,XEHf4s3Xpvn9pCyro
  DRINK MACHINE  ,Green,NA,Sports drink,Advertisement panel,No,No,Yes,7,,10000,Green,Light blue,1x1,2000,Nook Miles Shop,,1.0.0,shop,facility,None,None,Yes,Facility Decor,Yes,Does not play music,Monitor,Not for sale,FtrDrinkmachine_Remake_4_1,4_1,1802,6LZkJtd2yBuksmagQ
  retro gas pump  ,Black,NA,Green with animal,Lamp,No,No,Yes,1,2700,675,Black,Green,1x1,NA,Nook's Cranny,Available in Nook's Cranny (either upgrade tier) in the unique furniture slot,1.0.0,garden,shop,diner,None,Yes,Vehicle,Yes,Does not play music,No lighting,For sale,FtrAmeretroGasstand_Remake_4_1,4_1,4140,cowM74tEWZFgZBLoW
    AIR CIRCULATOR    ,Green,NA,NA,NA,No,No,No,NA,1100,,Green,Gray,1x1,NA,Nook's Cranny,Available in Nook's Cranny (either upgrade tier) in the unique furniture slot,1.0.0,living room,office,None,None,Yes,Fan,Yes,Does not play music,No lighting,For sale,FtrCirculator_Remake_3_0,3_0,3821,bGCQ9bA27ftHoLoKb
STONE LION-DOG,Natural,Color,NA,NA,Yes,Yes,No,3,,3600,Gray,Gray,1x1,NA,Crafting,,1.0.0,folk art,garden,None,None,No,Folk Craft Decor,Yes,Does not play music,No lighting,Not for sale,FtrSekishishi_Remake_0_0,0_0,7795,isaG93YTybC76BtXj
    POOLSIDE BED    ,Dark brown,NA,Yellow,Bed mat,No,No,Yes,2,3400,850,Brown,Yellow,2x1,NA,Nook's Cranny,"Available in Nook's Cranny (upgraded only), in the unique furniture slot",1.0.0,ocean,expensive,None,None,Yes,Bed,Yes,Does not play music,No lighting,For sale,FtrPoolsidebed_Remake_2_4,2_4,4102,sCa78mvS7ameHFJKi
NATURAL GARDEN CHAIR,Natural,Chair back and seat,NA,NA,Yes,Yes,No,3,,2220,Beige,Black,1x1,NA,Crafting,,1.0.0,garden,None,None,natural,Yes,Chair,Yes,Does not play music,No lighting,Not for sale,FtrGardenChairNatural_Remake_0_0,0_0,2586,bAaMPJCmczQXBm2EX
EFFECTS RACK,Orange,NA,Rock logo,Sticker area,No,No,Yes,3,,1700,Yellow,Purple,1x1,NA,Nook's Cranny,"Available in Nook's Cranny (upgraded only), in the unique furniture slot",1.0.0,concert,facility,None,None,No,Musical Instrument,No,Does not play music,No lighting,For sale,FtrEffectorrack_Remake_2_3,2_3,950,Ecykqweyf2eGrSSdd
  WOODEN END TABLE  ,Green,Paint color,NA,NA,Yes,Yes,No,2,NFS,960,Green,Colorful,1x1,NA,Crafting,,1.0.0,child's room,living room,wooden,None,No,Table,No,Does not play music,No lighting,Not for sale,FtrWoodenTableS_Remake_5_0,5_0,3438,xa7gAhmThJNNiEAx3
  baby chair  ,Blue,NA,Bear,Cushion,No,No,Yes,1,1200,,Blue,Colorful,1x1,NA,Nook's Cranny,Available in Nook's Cranny (either upgrade tier) in the unique furniture slot,1.0.0,child's room,None,None,None,Yes,Chair,No,Does not play music,No lighting,For sale,FtrBabychair_Remake_4_0,4_0,3305,RMwmh5fZqQdxortFr
  BAMBOO STOOL  ,Green bamboo,Bamboo,NA,NA,Yes,Yes,No,2,NFS,,Green,Green,1x1,NA,Crafting,,1.0.0,zen-style,None,bamboo,None,Yes,Chair,Yes,Does not play music,No lighting,Not for sale,FtrBambooStool_Remake_0_0,0_0,10742,Sum7NqgKH9mzAx9W2
    WOODEN WARDROBE    ,Pink wood,Paint color,NA,NA,Yes,Yes,No,2,,1440,Pink,Pink,1x1,NA,Crafting,,1.0.0,child's room,living room,wooden,None,Wardrobe,Chest,No,Does not play music,No lighting,Not for sale,FtrWoodenCloset_Remake_7_0,7_0,3436,a2YfzcMJWGAN5DTnh
WOODEN TABLE,Black,Paint color,Pink,Tablecloth,Yes,Yes,Yes,4,NFS,1800,Black,Pink,2x2,NA,Crafting,,1.0.0,child's room,living room,wooden,None,No,Table,No,Does not play music,No lighting,Not for sale,FtrWoodenTableL_Remake_4_2,4_2,3439,FTmQsamvrtXjz25cL
  outdoor bench  ,Blue,NA,White,Seat,No,No,Yes,1,1300,,Blue,White,2x1,NA,Nook's Cranny,Available in Nook's Cranny (either upgrade tier) in the unique furniture slot,1.0.0,outdoors,None,None,None,Yes,Sofa,Yes,Does not play music,No lighting,For sale,FtrOutdoorchairM_Remake_3_0,3_0,3947,T8Bou7CvkzhARywzw
stall,Gray,Variation,Red stripes,Curtain,Yes,Yes,Yes,3,NFS,,Gray,Red,2x1,NA,Crafting,,1.0.0,shop,party,None,None,No,Shop,Yes,Does not play music,No lighting,Not for sale,FtrFloat_Remake_7_2,7_2,3617,8crxPdChqb4jsnpaw
  outdoor table  ,Black,NA,Orange,Table,No,No,Yes,1,2200,550,Black,Orange,2x1,NA,Nook's Cranny,Available in Nook's Cranny (either upgrade tier) in the unique furniture slot,1.0.0,outdoors,None,None,None,No,Table,Yes,Does not play music,No lighting,For sale,FtrOutdoortableM_Remake_1_4,1_4,3946,Htdd7fytqsqR23WG2
    ROCKING HORSE    ,White,Paint color,NA,NA,Yes,Yes,No,1,,600,White,Light blue,1x1,NA,Crafting,,1.0.0,child's room,fancy,None,None,Yes,Toy,No,Does not play music,No lighting,Not for sale,FtrRockinghorse_Remake_2_0,2_0,83,E5xCNyG3S666Po9Lf
  oil-barrel bathtub  ,White,Barrel color,NA,NA,Yes,Yes,No,1,NFS,655,White,White,1x1,NA,Crafting,,1.0.0,bathroom,None,None,None,Yes,Bathtub,Yes,Does not play music,No lighting,Not for sale,FtrDrumcanbath_Remake_4_0,4_0,3819,wj7sqAui7G3M8g2WS
    LOG ROUND TABLE    ,Orange wood,Lumber type,Quilted,Tablecloth,Yes,Yes,Yes,4,NFS,1800,Orange,Light blue,2x2,NA,Crafting,,1.0.0,garden,living room,log,None,No,Table,Yes,Does not play music,No lighting,Not for sale,FtrLogTableLRound_Remake_1_4,1_4,4043,Hx6f6xPp9tnCSDcSX
  DARTBOARD  ,NA,NA,NA,NA,No,No,No,NA,5200,,Black,Colorful,1x1,NA,Nook's Cranny,"Available in Nook's Cranny (upgraded only), in the unique furniture slot",1.0.0,shop,facility,None,None,Yes,Sports,No,Does not play music,No lighting,For sale,FtrDarts,NA,937,xqytxgbx8zNqFiDZM
    OIL BARREL    ,Caution,NA,NA,NA,No,No,No,NA,,162,Yellow,Black,1x1,NA,Nook's Cranny,"Available in all tiers of shops, including Timmy & Tommy before the shop is opened",1.0.0,garage,None,None,None,No,Vehicle,Yes,Does not play music,No lighting,For sale,FtrDrumcan_Remake_4_0,4_0,1567,FHgHq2eXaxyWDXdST
  retro gas pump  ,Red,NA,Black retro,Lamp,No,No,Yes,1,2700,675,Red,Yellow,1x1,NA,Nook's Cranny,Available in Nook's Cranny (either upgrade tier) in the unique furniture slot,1.0.0,garden,shop,diner,None,Yes,Vehicle,Yes,Does not play music,No lighting,For sale,FtrAmeretroGasstand_Remake_0_2,0_2,4140,NFL5Qd5beJc8kXeFN
    illuminated tree    ,Colorful,Light color,NA,NA,Yes,Yes,No,7,NFS,6700,Green,Red,2x2,NA,Crafting,,1.0.0,party,fancy,festive,None,Yes,Seasonal Decor,Yes,Does not play music,Fluorescent,Not for sale,FtrIllumiTree_Remake_0_0,0_0,4066,GCLNjitZcjnFsn9y7
  FLOOR LAMP  ,Natural,NA,Green design,Lampshade,No,No,Yes,1,1400,350,Beige,Green,1x1,NA,Nook's Cranny,"Available in Nook's Cranny (upgraded only), in the unique furniture slot",1.0.0,living room,None,None,None,Yes,Lamp,No,Does not play music,Fluorescent,For sale,FtrLamp_Remake_0_5,0_5,2561,uZrNzxX6TGhr65uxb
  FUTON  ,NA,NA,Red,Bedding,No,No,Yes,1,1600,400,White,Red,2x1,NA,Nook's Cranny,Available in Nook's Cranny (either upgrade tier) in the unique furniture slot,1.0.0,zen-style,None,None,None,Yes,Bed,No,Does not play music,No lighting,For sale,FtrFuton_Remake_0_0,0_0,3230,buzng8JckB9SoiX9F
refrigerator,Red,NA,Cute,Sticker area,No,No,Yes,2,5100,1275,Red,Pink,1x1,NA,Nook's Cranny,"Available in Nook's Cranny (upgraded only), in the unique furniture slot",1.0.0,kitchen,shop,None,None,Wardrobe,Home Appliances,No,Does not play music,No lighting,For sale,FtrRefrigerator_Remake_1_1,1_1,2713,vnhTHoqT7CADhFwjX
CLOTHES CLOSET,Orange,NA,NA,NA,No,No,No,NA,3100,,Orange,Orange,1x1,NA,Nook's Cranny,Available in Nook's Cranny (either upgrade tier) in the unique furniture slot,1.0.0,living room,None,None,None,Wardrobe,Chest,No,Does not play music,No lighting,For sale,FtrFashioncase_Remake_2_0,2_0,9502,yek4ZsQMYgpntCovw
  FAN PALM  ,Green,NA,NA,NA,No,No,No,NA,,300,Green,Green,1x1,NA,Nook's Cranny,Available in Nook's Cranny (either upgrade tier) in the unique furniture slot,1.0.0,living room,None,None,None,No,Plants,No,Does not play music,No lighting,For sale,FtrPlantYamadoriyashi_Remake_4_0,4_0,1288,AE2xaj3efPEFwb8Nz
  shaded floor lamp  ,Purple,NA,NA,NA,No,No,No,NA,1700,,Purple,Black,1x1,NA,Nook's Cranny,"Available in Nook's Cranny (upgraded only), in the unique furniture slot",1.0.0,living room,None,None,None,Yes,Lamp,No,Does not play music,Fluorescent,For sale,FtrLampMount_Remake_6_0,6_0,4572,Tr6uxAyLwQ9QtZhRv
  CUTE CHAIR  ,Blue,NA,NA,NA,No,No,No,NA,4300,1075,Blue,Black,1x1,NA,Nook's Cranny,"Available in Nook's Cranny (upgraded only), in the unique furniture slot",1.0.0,fancy,None,cute,None,Yes,Chair,No,Does not play music,No lighting,For sale,FtrCuteChairS_Remake_4_0,4_0,3999,w6sh3NFWzPMnuHfBg
  PET BED  ,White,NA,Checkered,Cushion,No,No,Yes,1,1100,,White,Red,1x1,NA,Nook's Cranny,Available in Nook's Cranny (either upgrade tier) in the unique furniture slot,1.0.0,living room,None,None,pet,Yes,Chair,No,Does not play music,No lighting,For sale,FtrPetBed_Remake_2_3,2_3,7802,i2t4p6KmNqMerHk5A
    SCHOOL DESK    ,Natural & silver,NA,NA,NA,No,No,No,NA,1100,,Yellow,Gray,1x1,NA,Nook's Cranny,Available in Nook's Cranny (either upgrade tier) in the unique furniture slot,1.0.0,school,None,None,school,No,Desk,No,Does not play music,No lighting,For sale,FtrSchoolTableS_Remake_0_0,0_0,1328,sSJDh9ononXBpyHEY
  LOW SCREEN  ,Light brown,NA,Winter,Screen,No,No,Yes,1,870,217,Beige,Gray,1x0.5,NA,Nook's Cranny,Available in Nook's Cranny (either upgrade tier) in the unique furniture slot,1.0.0,zen-style,None,None,None,No,Japanese Style,No,Does not play music,No lighting,For sale,FtrScreenJapanLow_Remake_0_4,0_4,1029,Gwu8QexAnW75SBRZM
SHELL FOUNTAIN,White,Shell color,NA,NA,Yes,Yes,No,7,NFS,9450,White,White,1.5x1.5,NA,Crafting,,1.0.0,ocean,expensive,shell,None,Yes,Playground,Yes,Does not play music,No lighting,Not for sale,FtrShellFountain_Remake_0_0,0_0,3982,68gjWsoz8NaRqs2Wg
LOFT BED WITH DESK,Natural,NA,Green stripes,Bedding,No,No,Yes,3,7700,1925,Beige,Colorful,2x1,NA,Nook's Cranny,"Available in Nook's Cranny (upgraded only), in the unique furniture slot",1.0.0,child's room,None,None,None,Yes,Desk,No,Does not play music,No lighting,For sale,FtrBeddesk_Remake_0_6,0_6,3621,CncpumixJshS3XF7G
  grass standee  ,Summer,Season,NA,NA,Yes,Yes,No,1,NFS,480,Green,Green,1x0.5,NA,Crafting,,1.0.0,school,None,None,standee,No,School,No,Does not play music,No lighting,Not for sale,FtrHariboteGrass_Remake_1_0,1_0,530,6TtJM8CZqDJSHKouZ
  log stakes  ,Dark wood,Lumber type,NA,NA,Yes,Yes,No,1,NFS,360,Brown,Beige,1x1,NA,Crafting,,1.0.0,garden,None,log,None,No,Ranch,Yes,Does not play music,No lighting,Not for sale,FtrWoodPile_Remake_0_0,0_0,5973,q2mDY3XiwBGas4pS4
  WOODEN LOW TABLE  ,White wood,Paint color,NA,NA,Yes,Yes,No,2,NFS,,Beige,Beige,2x1,NA,Crafting,,1.0.0,child's room,living room,wooden,None,No,Table,No,Does not play music,No lighting,Not for sale,FtrWoodenTableM_Remake_1_0,1_0,7134,5S2CMx7G4CarnM5ee
papa bear,Cream,NA,Red,Ribbon,No,No,Yes,3,,2125,Orange,Red,2x2,NA,Nook's Cranny,"Available in Nook's Cranny (upgraded only), in the third unique furniture slot",1.0.0,fancy,child's room,None,bear,No,Animal,No,Does not play music,No lighting,For sale,FtrBearL_Remake_0_1,0_1,1499,RRwp59NqjckGCQyms
    RATTAN BED    ,Reddish brown,NA,NA,NA,No,No,No,NA,7200,1800,Light blue,Orange,2x2,NA,Nook's Cranny,"Available in Nook's Cranny (upgraded only), in the third unique furniture slot",1.0.0,living room,None,rattan,None,Yes,Bed,No,Does not play music,No lighting,For sale,FtrRattanBedW_Remake_1_0,1_0,4052,8uoryNDczJrZ7uc4F
    EFFECTS RACK    ,Pink,NA,Pop logo,Sticker area,No,No,Yes,3,6800,1700,Pink,Red,1x1,NA,Nook's Cranny,"Available in Nook's Cranny (upgraded only), in the unique furniture slot",1.0.0,concert,facility,None,None,No,Musical Instrument,No,Does not play music,No lighting,For sale,FtrEffectorrack_Remake_5_6,5_6,950,WstT5HJ6iFFXRihXX
    paper lantern    ,Natural wood,NA,Fall,Paper,No,No,Yes,1,,195,Beige,Orange,1x1,NA,Nook's Cranny,Available in Nook's Cranny (either upgrade tier) in the unique furniture slot,1.0.0,zen-style,None,None,None,Yes,Lamp,No,Does not play music,Candle,For sale,FtrLampJapan_Remake_0_3,0_3,725,CfgdFB8AnX2nEQCTC
WOODEN STOOL,Dark wood,Paint color,Green,Seat,Yes,Yes,Yes,2,,480,Brown,Green,1x1,NA,Crafting,,1.0.0,child's room,living room,wooden,None,Yes,Chair,No,Does not play music,No lighting,Not for sale,FtrWoodenStoolS_Remake_3_4,3_4,3449,dbPagqx5Ses3dpLZT
  hearth  ,NA,NA,NA,NA,Yes,No,No,NA,NFS,5470,Brown,Black,2x2,NA,Crafting,,1.0.0,zen-style,None,None,None,Yes,Japanese Style,No,Does not play music,No lighting,Not for sale,FtrIrori,NA,722,TMh3uRhdzETwdsxb8
shaded floor lamp,Red,NA,NA,NA,No,No,No,NA,,425,Red,Gray,1x1,NA,Nook's Cranny,"Available in Nook's Cranny (upgraded only), in the unique furniture slot",1.0.0,living room,None,None,None,Yes,Lamp,No,Does not play music,Fluorescent,For sale,FtrLampMount_Remake_2_0,2_0,4572,bdE53NNKqeQshCLWj
    water pump    ,Brown,Body color,NA,NA,Yes,Yes,No,4,NFS,,Brown,Gray,1x1,NA,Crafting,,1.0.0,garden,None,None,None,Yes,Garden,Yes,Does not play music,No lighting,Not for sale,FtrHandpump_Remake_3_0,3_0,2326,b4hHkTax7t6Af3iDD
  rattan waste bin  ,Gray,NA,NA,NA,No,No,No,NA,1000,250,Blue,Blue,1x1,NA,Nook's Cranny,"Available in Nook's Cranny (upgraded only), in the unique furniture slot",1.0.0,living room,None,rattan,None,Trash,Supplies,No,Does not play music,No lighting,For sale,FtrRattanTrashbox_Remake_4_0,4_0,4045,rNF2aiYiGZx76XD4M
  upright locker  ,Green,NA,Notes,Sticker area,No,No,Yes,2,3700,,Green,Pink,1x1,NA,Nook's Cranny,Available in Nook's Cranny (either upgrade tier) in the unique furniture slot,1.0.0,school,facility,None,None,Wardrobe,Chest,No,Does not play music,No lighting,For sale,FtrLocker_Remake_5_4,5_4,833,Z9F7bEjgrWDk7XeEy
  frozen bed  ,Ice,Illumination,Dark brown,Bedding,Yes,Yes,Yes,8,NFS,,Light blue,Brown,2x2,NA,Crafting,,1.0.0,freezing cold,None,frozen,None,Yes,Bed,Yes,Does not play music,No lighting,Not for sale,FtrIceBedW_Remake_0_3,0_3,3502,8YKce7xNyraS4iCoC
  OUTDOOR BENCH  ,Black,NA,Green,Seat,No,No,Yes,1,,325,Black,Green,2x1,NA,Nook's Cranny,Available in Nook's Cranny (either upgrade tier) in the unique furniture slot,1.0.0,outdoors,None,None,None,Yes,Sofa,Yes,Does not play music,No lighting,For sale,FtrOutdoorchairM_Remake_1_2,1_2,3947,j8zxfwdFjabETMqJy
  diner neon sign  ,Green,NA,NA,NA,No,No,No,NA,3900,,Red,Green,2x1,NA,Nook's Cranny,"Available in Nook's Cranny (upgraded only), in the unique furniture slot",1.0.0,shop,None,diner,None,Yes,Lamp,No,Does not play music,Emission,For sale,FtrAmeretroNeon_Remake_2_0,2_0,4143,FJKeh7Mro2EaZQrCZ
iron garden bench,Brown,Body color,NA,NA,Yes,Yes,No,7,NFS,6000,Brown,Brown,2x1,NA,Crafting,,1.0.0,garden,None,iron,None,Yes,Sofa,Yes,Does not play music,No lighting,Not for sale,FtrIrongardenBench_Remake_2_0,2_0,1625,fxMDAtGGQbx2GfpWN
  WOODEN STOOL  ,Pink wood,Paint color,Blue,Seat,Yes,Yes,Yes,2,NFS,480,Pink,Light blue,1x1,NA,Crafting,,1.0.0,child's room,living room,wooden,None,Yes,Chair,No,Does not play music,No lighting,Not for sale,FtrWoodenStoolS_Remake_7_3,7_3,3449,Y5C349ahY6x8qBic4
    pull-up-bar stand    ,Red,NA,NA,NA,No,No,No,NA,,1200,Red,Black,1x1,NA,Nook's Cranny,"Available in Nook's Cranny (upgraded only), in the unique furniture slot",1.0.0,fitness,None,None,None,No,Sports,No,Does not play music,No lighting,For sale,FtrPullupstand_Remake_1_0,1_0,7845,R7sBWiZTNgPowbZzj
SYSTEM KITCHEN,Black,NA,NA,NA,No,No,No,NA,,32500,Black,Black,2x1,NA,Nook's Cranny,"Available in Nook's Cranny (upgraded only), in the third unique furniture slot",1.0.0,kitchen,expensive,None,None,No,Kitchen,No,Does not play music,No lighting,For sale,FtrKitchenSystem_Remake_4_0,4_0,3616,s9ZTztSJMgKwNa7qy
  monster statue  ,Black,NA,NA,NA,No,No,No,NA,NFS,25000,Black,Black,3x3,5000,Nook Miles Shop,,1.0.0,child's room,horror,None,None,Yes,Toy,Yes,Does not play music,No lighting,Not for sale,FtrMonster_Remake_3_0,3_0,4722,aG4vRb8bZpnnkHfXr
  WOODEN-BLOCK CHAIR  ,Vivid,Block color,NA,NA,Yes,Yes,No,1,NFS,720,Yellow,Colorful,1x1,NA,Crafting,,1.0.0,child's room,None,wooden block,None,Yes,Chair,No,Does not play music,No lighting,Not for sale,FtrBlockChairS_Remake_4_0,4_0,2558,8bX8AR2PPQmBxQRpZ
    bamboo stool    ,Smoke-cured bamboo,Bamboo,NA,NA,Yes,Yes,No,2,NFS,800,Brown,Brown,1x1,NA,Crafting,,1.0.0,zen-style,None,bamboo,None,Yes,Chair,Yes,Does not play music,No lighting,Not for sale,FtrBambooStool_Remake_2_0,2_0,10742,x2amvL7SFyHW664my
  BABY CHAIR  ,Red,NA,Train,Cushion,No,No,Yes,1,1200,,Red,Colorful,1x1,NA,Nook's Cranny,Available in Nook's Cranny (either upgrade tier) in the unique furniture slot,1.0.0,child's room,None,None,None,Yes,Chair,No,Does not play music,No lighting,For sale,FtrBabychair_Remake_0_3,0_3,3305,9g8Jq3bPaDbew3GZg
  piano bench  ,Camel,NA,NA,NA,No,No,No,NA,990,247,Yellow,Brown,1x1,NA,Nook's Cranny,Available in Nook's Cranny (either upgrade tier) in the unique furniture slot,1.0.0,music,None,None,None,Yes,Chair,No,Does not play music,No lighting,For sale,FtrPianochair_Remake_7_0,7_0,3681,zbK7s2t4DyhhjwrYq
DRUM SET,Golden yellow,NA,Black with logo,Bass drum head,No,No,Yes,2,5600,,Orange,Black,2x1,NA,Nook's Cranny,"Available in Nook's Cranny (upgraded only), in the unique furniture slot",1.0.0,concert,None,None,None,Yes,Musical Instrument,No,Does not play music,No lighting,For sale,FtrDrumSet_Remake_0_2,0_2,1803,y5u7SQ5TT2vRn9wEX
  iron frame  ,Gray,Coating,NA,NA,Yes,Yes,No,7,NFS,15000,Gray,Gray,2x1,NA,Crafting,,1.0.0,garage,None,None,None,No,Vehicle,Yes,Does not play music,No lighting,Not for sale,FtrIronframe_Remake_1_0,1_0,2553,qkEHBZAT4g8bbaJ7D
OFFICE DESK,Brown & black,NA,NA,NA,No,No,No,NA,3600,,Brown,Black,2x1,NA,Nook's Cranny,"Available in Nook's Cranny (upgraded only), in the unique furniture slot",1.0.0,office,None,None,office,No,Desk,No,Does not play music,No lighting,For sale,FtrOfficeTable_Remake_2_0,2_0,840,t4ymag7WajRaqkvoX
    simple panel    ,Silver,NA,Plain panel,Panel design,No,No,Yes,1,,202,Gray,Gray,1x0.5,NA,Nook's Cranny,Available in Nook's Cranny (either upgrade tier) in the unique furniture slot,1.0.0,facility,None,None,None,No,Screen,No,Does not play music,No lighting,For sale,FtrScreenSimple_Remake_6_0,6_0,5338,saJKnobfPXnog2FdY
  TEA TABLE  ,Light wood,Body color,NA,NA,Yes,Yes,No,2,,1440,Yellow,Yellow,2x2,NA,Crafting,,1.0.0,zen-style,living room,None,None,No,Desk,No,Does not play music,No lighting,Not for sale,FtrDiningtableJapan_Remake_3_0,3_0,739,NrNak8vZofbpBmLHE
  IRONWOOD CUPBOARD  ,Old,Lumber type,NA,NA,Yes,Yes,No,7,NFS,9780,Brown,Black,2x1,NA,Crafting,,1.0.0,kitchen,None,ironwood,None,No,Shelf,No,Does not play music,No lighting,Not for sale,FtrIronwoodCupboard_Remake_3_0,3_0,3271,8qkioxwYSnemqucoQ
oil barrel,Light blue,NA,NA,NA,No,No,No,NA,,,Light blue,White,1x1,NA,Nook's Cranny,"Available in all tiers of shops, including Timmy & Tommy before the shop is opened",1.0.0,garage,None,None,None,No,Vehicle,Yes,Does not play music,No lighting,For sale,FtrDrumcan_Remake_2_0,2_0,1567,rjnkcPh9Cvut4hRpL
  iron garden bench  ,Black,Body color,NA,NA,Yes,Yes,No,7,NFS,6000,Black,Black,2x1,NA,Crafting,,1.0.0,garden,None,iron,None,Yes,Sofa,Yes,Does not play music,No lighting,Not for sale,FtrIrongardenBench_Remake_3_0,3_0,1625,9R5dxxgmSQvuhpk9s
wooden stool,Green,Paint color,None,Seat,Yes,Yes,Yes,2,NFS,480,Green,Green,1x1,NA,Crafting,,1.0.0,child's room,living room,wooden,None,Yes,Chair,No,Does not play music,No lighting,Not for sale,FtrWoodenStoolS_Remake_5_0,5_0,3449,XxabmvRLn7eTG92P6
  SCATTERED PAPERS  ,NA,NA,Plans,Writing,Yes,No,Yes,2,NFS,400,White,Orange,1.5x1.5,NA,Crafting,,1.0.0,den,office,None,None,Yes,Study,No,Does not play music,No lighting,Not for sale,FtrFloorpapers_Remake_0_3,0_3,4034,cvAxjdAYHkQC4LPWG
    changing room    ,Blue,NA,Black,Curtain,No,No,Yes,2,3700,,Blue,Black,1x1,NA,Nook's Cranny,"Available in Nook's Cranny (upgraded only), in the unique furniture slot",1.0.0,shop,facility,None,None,Wardrobe,Shop,No,Does not play music,No lighting,For sale,FtrFittingroom_Remake_5_2,5_2,1816,tf7tuJbkg6QRvZLiQ
outdoor bench,Red,NA,Black,Seat,No,No,Yes,1,1300,325,Red,Black,2x1,NA,Nook's Cranny,Available in Nook's Cranny (either upgrade tier) in the unique furniture slot,1.0.0,outdoors,None,None,None,Yes,Sofa,Yes,Does not play music,No lighting,For sale,FtrOutdoorchairM_Remake_4_1,4_1,3947,JQSsNoWiszposrHRm
  CHANGING ROOM  ,Gray,NA,White,Curtain,No,No,Yes,2,3700,925,White,White,1x1,NA,Nook's Cranny,"Available in Nook's Cranny (upgraded only), in the unique furniture slot",1.0.0,shop,facility,None,None,Wardrobe,Shop,No,Does not play music,No lighting,For sale,FtrFittingroom_Remake_0_0,0_0,1816,7AgotMN5NwbjAmjNQ
    simple panel    ,Light gray,NA,Pegboard,Panel design,No,No,Yes,1,810,202,Gray,Brown,1x0.5,NA,Nook's Cranny,Available in Nook's Cranny (either upgrade tier) in the unique furniture slot,1.0.0,facility,None,None,None,No,Screen,No,Does not play music,No lighting,For sale,FtrScreenSimple_Remake_0_2,0_2,5338,mPJg242ZdHyAhcveX
    simple panel    ,Silver,NA,Concrete,Panel design,No,No,Yes,1,810,,Gray,Gray,1x0.5,NA,Nook's Cranny,Available in Nook's Cranny (either upgrade tier) in the unique furniture slot,1.0.0,facility,None,None,None,No,Screen,No,Does not play music,No lighting,For sale,FtrScreenSimple_Remake_6_6,6_6,5338,M8eENT3PjghewvTZd
  log dining table  ,White birch,Lumber type,None,Placemats,Yes,Yes,Yes,4,NFS,1800,White,White,2x2,NA,Crafting,,1.0.0,garden,living room,log,None,No,Table,No,Does not play music,No lighting,Not for sale,FtrLogTableL_Remake_3_0,3_0,4040,GBJX6dzugGGd7WDTu
  FROZEN TREE  ,Ice green,Illumination,NA,NA,Yes,Yes,No,7,NFS,,Green,Green,2x2,NA,Crafting,,1.0.0,freezing cold,None,frozen,None,No,Seasonal Decor,Yes,Does not play music,No lighting,Not for sale,FtrIceTree_Remake_5_0,5_0,3504,co4CuDiLaXX4hLFiJ
  WOODEN SIMPLE BED  ,Cherry wood,Paint color,Pink,Bedding,Yes,Yes,Yes,4,NFS,2160,Orange,Pink,2x1,NA,Crafting,,1.0.0,child's room,living room,wooden,None,Yes,Bed,No,Does not play music,No lighting,Not for sale,FtrWoodenBedS_Remake_2_1,2_1,2605,4ERWqGHAHBtvXTTZq
OUTDOOR TABLE,Blue,NA,Black,Table,No,No,Yes,1,2200,550,Blue,Black,2x1,NA,Nook's Cranny,Available in Nook's Cranny (either upgrade tier) in the unique furniture slot,1.0.0,outdoors,None,None,None,No,Table,Yes,Does not play music,No lighting,For sale,FtrOutdoortableM_Remake_3_1,3_1,3946,3y6wJDi3HxRkqiyAE
SIMPLE PANEL,Black,NA,Lattice,Panel design,No,No,Yes,1,,202,Black,White,1x0.5,NA,Nook's Cranny,Available in Nook's Cranny (either upgrade tier) in the unique furniture slot,1.0.0,facility,None,None,None,No,Screen,No,Does not play music,No lighting,For sale,FtrScreenSimple_Remake_1_4,1_4,5338,y5sdjLfXYyMpGovhN
throwback rocket,Blue,NA,NA,NA,No,No,No,NA,,1475,Blue,Red,1x1,NA,Nook's Cranny,"Available in Nook's Cranny (upgraded only), in the unique furniture slot",1.0.0,child's room,space,throwback,None,Wardrobe,Chest,No,Does not play music,No lighting,For sale,FtrBoyClosetL_Remake_4_0,4_0,4761,QSDighNkSqcqQNYEc
  ironing board  ,NA,NA,Leaves,Ironing board,No,No,Yes,1,2300,575,Black,Green,1x1,NA,Nook's Cranny,Available in Nook's Cranny (either upgrade tier) in the unique furniture slot,1.0.0,living room,None,None,None,No,Home Appliances,No,Does not play music,No lighting,For sale,FtrIronstand_Remake_0_3,0_3,7531,bBGe8NDcHZv3tagTo
    cello    ,White,NA,NA,NA,No,No,No,NA,130000,32500,White,White,1x1,NA,Nook's Cranny,"Available in Nook's Cranny (upgraded only), in the third unique furniture slot",1.0.0,music,expensive,None,None,Yes,Musical Instrument,No,Does not play music,No lighting,For sale,FtrCello_Remake_1_0,1_0,1449,4jemqLGjvD9T5mwuK
log extra-long sofa,White wood,Lumber type,None,Cushions,Yes,Yes,Yes,4,,1920,Beige,Beige,2x1,NA,Crafting,,1.0.0,garden,living room,log,None,Yes,Sofa,No,Does not play music,No lighting,Not for sale,FtrLogSofaL_Remake_2_0,2_0,4044,3PRDCvS4TDCtQK2Kg
  swinging bench  ,Light wood,Lumber type,NA,NA,Yes,Yes,No,2,NFS,1440,Beige,Beige,2x1,NA,Crafting,,1.0.0,garden,None,None,None,Yes,Sofa,Yes,Does not play music,No lighting,Not for sale,FtrSwingWood_Remake_0_0,0_0,1170,KTT9xdvB9nAQJPsoz
  pile of zen cushions  ,NA,NA,Gold,Upholstery,Yes,No,Yes,2,,750,Yellow,Purple,1x1,NA,Crafting,,1.0.0,zen-style,living room,None,None,Yes,Chair,No,Does not play music,No lighting,Not for sale,FtrCushionJapanPile_Remake_0_6,0_6,7048,SboPgMeBxesWi7Qjd
  refrigerator  ,Blue,NA,Cute,Sticker area,No,No,Yes,2,5100,1275,Blue,Pink,1x1,NA,Nook's Cranny,"Available in Nook's Cranny (upgraded only), in the unique furniture slot",1.0.0,kitchen,shop,None,None,Wardrobe,Home Appliances,No,Does not play music,No lighting,For sale,FtrRefrigerator_Remake_4_1,4_1,2713,B6huWnkhE8StTD2vi
    log stool    ,Dark wood,Lumber type,NA,NA,Yes,Yes,No,1,NFS,480,Brown,Beige,1x1,NA,Crafting,,1.0.0,garden,None,log,None,Yes,Chair,Yes,Does not play music,No lighting,Not for sale,FtrLogStoolS_Remake_0_0,0_0,4038,bkEtT2tJC9hvkPeAw
    outdoor table    ,Blue,NA,White,Table,No,No,Yes,1,2200,550,Blue,White,2x1,NA,Nook's Cranny,Available in Nook's Cranny (either upgrade tier) in the unique furniture slot,1.0.0,outdoors,None,None,None,No,Table,Yes,Does not play music,No lighting,For sale,FtrOutdoortableM_Remake_3_0,3_0,3946,ikbhJchL6vD6qZRPr
  bunk bed  ,Red,NA,Space,Bedding,No,No,Yes,2,,,Red,Light blue,2x1,NA,Nook's Cranny,Available in Nook's Cranny (either upgrade tier) in the unique furniture slot,1.0.0,facility,None,None,None,Yes,Bed,No,Does not play music,No lighting,For sale,FtrBunkbed_Remake_3_3,3_3,8298,TCF6omxoonKMbCvKR
    springy ride-on    ,Yellow,NA,NA,NA,No,No,No,NA,NFS,10000,Yellow,Green,1x1,2000,Nook Miles Shop,,1.0.0,facility,fancy,None,None,Yes,Playground,Yes,Does not play music,No lighting,Not for sale,FtrSpringrider_Remake_4_0,4_0,4379,qEbtgRutpRaXtvCi5
    phone box    ,Blue,NA,NA,NA,No,No,No,NA,NFS,12000,Blue,Blue,1x1,2400,Nook Miles Shop,,1.0.0,school,facility,None,None,Yes,Facility Decor,Yes,Does not play music,Emission,Not for sale,FtrTelephonebox_Remake_2_0,2_0,1185,wXtDct48LiJ6TAcHQ
  double sofa  ,Black,NA,NA,NA,No,No,No,NA,4300,1075,Black,Black,2x1,NA,Nook's Cranny,Available in Nook's Cranny (either upgrade tier) in the unique furniture slot,1.0.0,living room,None,None,None,Yes,Sofa,No,Does not play music,No lighting,For sale,FtrSofaL_Remake_7_0,7_0,2554,mNEhzPfdZo5uFJgvu
    ELEPHANT SLIDE    ,Yellow,NA,NA,NA,No,No,No,NA,4200,1050,Yellow,Orange,2x1,NA,Nook's Cranny,Available in Nook's Cranny (either upgrade tier) in the unique furniture slot,1.0.0,garden,child's room,None,None,No,Playground,No,Does not play music,No lighting,For sale,FtrSlideelephant_Remake_4_0,4_0,86,czZ86fRTivMcba6j9
    rock guitar    ,Orange-yellow,NA,Handwritten logo,Sticker area,No,No,Yes,2,,,Yellow,Light blue,1x1,NA,Nook's Cranny,Available in Nook's Cranny (either upgrade tier) in the unique furniture slot,1.0.0,concert,None,None,None,Yes,Musical Instrument,No,Does not play music,No lighting,For sale,FtrElectricguitar1_Remake_4_5,4_5,1644,yrdXHmqYYbQBSbmJM
pet bed,Natural,NA,Floral,Cushion,No,No,Yes,1,1100,,Beige,Green,1x1,NA,Nook's Cranny,Available in Nook's Cranny (either upgrade tier) in the unique furniture slot,1.0.0,living room,None,None,pet,Yes,Chair,No,Does not play music,No lighting,For sale,FtrPetBed_Remake_0_4,0_4,7802,6EziqTRGnaSn6B4DS
    barbecue    ,White,NA,NA,NA,No,No,No,NA,2500,625,White,Colorful,1x1,NA,Nook's Cranny,"Available in all tiers of shops, including Timmy & Tommy before the shop is opened",1.0.0,outdoors,None,None,None,Yes,Outdoors Decor,Yes,Does not play music,No lighting,For sale,FtrBarbecuegrill_Remake_3_0,3_0,330,g9DxWX8qcrFpPjj2s
    outdoor generator    ,Turquoise,NA,NA,NA,No,No,No,NA,4900,1225,Light blue,Black,1x1,NA,Nook's Cranny,"Available in all tiers of shops, including Timmy & Tommy before the shop is opened",1.0.0,outdoors,None,None,None,Yes,Outdoors Decor,Yes,Does not play music,No lighting,For sale,FtrOutdoorgenerator_Remake_3_0,3_0,7526,9CyyHQE5xyXu6pjZT
    MUSH TABLE    ,Red mushroom,Mushroom type,NA,NA,Yes,Yes,No,3,,,Red,Beige,2x2,NA,Crafting,,1.0.0,garden,None,mush,None,No,Table,Yes,Does not play music,No lighting,Not for sale,FtrMushroomTableL_Remake_3_0,3_0,808,nyDS6oX2dCrvjXTfp
LOG DECORATIVE SHELVES,Dark wood,Lumber type,Quilted,Mat,Yes,Yes,Yes,4,NFS,1560,Brown,Light blue,2x1,NA,Crafting,,1.0.0,garden,living room,log,None,No,Shelf,No,Does not play music,No lighting,Not for sale,FtrLogShelf_Remake_0_4,0_4,4036,rQgNDjRmcdWDsAZTr
    cello    ,Natural,NA,NA,NA,No,No,No,NA,,,Brown,Brown,1x1,NA,Nook's Cranny,"Available in Nook's Cranny (upgraded only), in the third unique furniture slot",1.0.0,music,expensive,None,None,Yes,Musical Instrument,No,Does not play music,No lighting,For sale,FtrCello_Remake_0_0,0_0,1449,hYWHpBsCyNLgwFBw4
dj's turntable,White,NA,None,Flag,No,No,Yes,4,9300,,White,Gray,2x1,NA,Nook's Cranny,"Available in Nook's Cranny (upgraded only), in the unique furniture slot",1.0.0,party,concert,None,None,Yes,Musical Instrument,No,Hi-fi,No lighting,For sale,FtrDJbooth_Remake_1_0,1_0,941,hwwWL9r6bFfdvuC2Z
  PULL-UP-BAR STAND  ,Yellow,NA,NA,NA,No,No,No,NA,,1200,Yellow,Black,1x1,NA,Nook's Cranny,"Available in Nook's Cranny (upgraded only), in the unique furniture slot",1.0.0,fitness,None,None,None,No,Sports,No,Does not play music,No lighting,For sale,FtrPullupstand_Remake_2_0,2_0,7845,4McAPgu8H8NPNa8KC
  vintage tv tray  ,Gold,NA,Natural wood,Tray,No,No,Yes,1,1200,300,Beige,Brown,1x1,NA,Nook's Cranny,Available in Nook's Cranny (either upgrade tier) in the unique furniture slot,1.0.0,living room,None,None,None,No,Table,No,Does not play music,No lighting,For sale,FtrTVtray_Remake_0_3,0_3,4445,vHyveCCY3NAJWQwTR
    digital scale    ,Blue,NA,White,Design,No,No,Yes,1,930,232,Blue,White,1x1,NA,Nook's Cranny,Available in Nook's Cranny (either upgrade tier) in the unique furniture slot,1.0.0,bathroom,None,None,None,No,Bathroom Things,No,Does not play music,No lighting,For sale,FtrWeightscale_Remake_3_0,3_0,3307,7h3zhzcKg7WZAhqGr
    RATTAN WASTE BIN    ,Reddish brown,NA,NA,NA,No,No,No,NA,1000,250,Orange,Orange,1x1,NA,Nook's Cranny,"Available in Nook's Cranny (upgraded only), in the unique furniture slot",1.0.0,living room,None,rattan,None,Trash,Supplies,No,Does not play music,No lighting,For sale,FtrRattanTrashbox_Remake_1_0,1_0,4045,Q3KRiGDGuBvJ2TenM
  bamboo bench  ,Green bamboo,Bamboo,NA,NA,Yes,Yes,No,2,,1280,Green,Green,2x1,NA,Crafting,,1.0.0,zen-style,None,bamboo,None,Yes,Sofa,Yes,Does not play music,No lighting,Not for sale,FtrBambooChairL_Remake_0_0,0_0,710,2tCFN227dJ3Hg3WMj
    den chair    ,Red,NA,NA,NA,No,No,No,NA,8700,2175,Red,Red,1x1,NA,Nook's Cranny,"Available in Nook's Cranny (upgraded only), in the unique furniture slot",1.0.0,den,None,None,den,Yes,Chair,No,Does not play music,No lighting,For sale,FtrDrawingChair_Remake_5_0,5_0,3784,nb3G2Mm6344cM53Wv
  BOX CORNER SOFA  ,White,NA,NA,NA,No,No,No,NA,,675,White,Black,1x1,NA,Nook's Cranny,"Available in Nook's Cranny (upgraded only), in the unique furniture slot",1.0.0,shop,facility,None,None,Yes,Chair,No,Does not play music,No lighting,For sale,FtrBoxsofaCorner_Remake_6_0,6_0,1853,8GxSkYqhR85qxnYy8
    drum set    ,Golden yellow,NA,Glossy black,Bass drum head,No,No,Yes,2,5600,1400,Orange,Black,2x1,NA,Nook's Cranny,"Available in Nook's Cranny (upgraded only), in the unique furniture slot",1.0.0,concert,None,None,None,Yes,Musical Instrument,No,Does not play music,No lighting,For sale,FtrDrumSet_Remake_0_1,0_1,1803,kRZQ8deQfYc7wSCE6
  STREET PIANO  ,Cute,Paint color,NA,NA,Yes,Yes,No,7,,26755,Colorful,White,2x1,NA,Crafting,,1.0.0,concert,None,None,None,Yes,Musical Instrument,No,Does not play music,No lighting,Not for sale,FtrPianoStreet_Remake_1_0,1_0,11942,u9Jf8C8vi6dzoo7qq
  tree standee  ,Fall,Season,NA,NA,Yes,Yes,No,3,NFS,1560,Orange,Brown,2x1,NA,Crafting,,1.0.0,school,None,None,standee,No,School,No,Does not play music,No lighting,Not for sale,FtrHariboteTree_Remake_3_0,3_0,533,GyXR8wF6crooJXiCR
  LAWN CHAIR  ,Green,NA,NA,NA,No,No,No,NA,,,Green,Green,1x1,NA,Nook's Cranny,"Available in all tiers of shops, including Timmy & Tommy before the shop is opened",1.0.0,ocean,None,None,None,Yes,Chair,Yes,Does not play music,No lighting,For sale,FtrVinylchair_Remake_4_0,4_0,1621,xmqpYA7RHPRwRySjk
    snack machine    ,White,NA,NA,NA,No,No,No,NA,NFS,10000,White,Colorful,2x1,2000,Nook Miles Shop,,1.0.0,facility,shop,None,None,Yes,Facility Decor,Yes,Does not play music,Monitor,Not for sale,FtrFoodmachine_Remake_1_0,1_0,971,42niEBKEQhHmXxDCY
    SYSTEM KITCHEN    ,White,NA,NA,NA,No,No,No,NA,,32500,White,Black,2x1,NA,Nook's Cranny,"Available in Nook's Cranny (upgraded only), in the third unique furniture slot",1.0.0,kitchen,expensive,None,None,No,Kitchen,No,Does not play music,No lighting,For sale,FtrKitchenSystem_Remake_7_0,7_0,3616,2f9Te8N7rbSowWken
  LIGHTHOUSE  ,Blue,NA,NA,NA,No,No,No,NA,NFS,25000,White,Light blue,2x2,5000,Nook Miles Shop,,1.0.0,ocean,garden,None,None,Yes,Seaside,Yes,Does not play music,No lighting,Not for sale,FtrLighthouse_Remake_2_0,2_0,2335,dsJkhfYGZ7GTTnSRL
    wooden-block bookshelf    ,Colorful,Block color,NA,NA,Yes,Yes,No,1,NFS,,Yellow,Colorful,1x1,NA,Crafting,,1.0.0,child's room,None,wooden block,None,No,Shelf,No,Does not play music,No lighting,Not for sale,FtrBlockShelf_Remake_2_0,2_0,1558,dGfrYKQgHwsjEwPxJ
  ELECTRIC GUITAR  ,Natural wood,NA,Rock logo,Sticker area,No,No,Yes,7,71000,17750,Beige,Purple,1x1,NA,Nook's Cranny,"Available in Nook's Cranny (upgraded only), in the third unique furniture slot",1.0.0,concert,None,None,None,Yes,Musical Instrument,No,Does not play music,No lighting,For sale,FtrElectricguitar2_Remake_1_3,1_3,1645,6zCXaa48twCumDT7X
    birdhouse    ,Natural & white,Paint color,NA,NA,Yes,Yes,No,2,NFS,840,Brown,White,1x1,NA,Crafting,,1.0.0,garden,None,None,None,No,Animal,Yes,Does not play music,No lighting,Not for sale,FtrBirdhouse_Remake_2_0,2_0,333,acQiRvjyCJeAqejaC
lily record player,Yellow,Flower color,NA,NA,Yes,Yes,No,5,NFS,3010,Yellow,Brown,1x1,NA,Crafting,,1.0.0,fancy,None,flowers,None,Yes,Audio,No,Phono,No lighting,Not for sale,FtrFlowerRecordplayer_Remake_2_0,2_0,7236,G9JBwu6bkg5bThKoS
FLOOR LAMP,Natural,NA,Gray,Lampshade,No,No,Yes,1,,350,Beige,Gray,1x1,NA,Nook's Cranny,"Available in Nook's Cranny (upgraded only), in the unique furniture slot",1.0.0,living room,None,None,None,Yes,Lamp,No,Does not play music,Fluorescent,For sale,FtrLamp_Remake_0_1,0_1,2561,uRkGHPLxwxTR4usRt
  PEAR WARDROBE  ,Le Lectier,Fruit type,NA,NA,Yes,Yes,No,4,NFS,,Yellow,Beige,1x1,NA,Crafting,,1.0.0,fancy,None,fruits,pear,Wardrobe,Chest,No,Does not play music,No lighting,Not for sale,FtrFruitsClosetLR_Remake_1_0,1_0,1263,xMp9fPdcRasxzeEw4
log garden lounge,Dark wood,Lumber type,None,Pillow,Yes,Yes,Yes,3,NFS,,Brown,Brown,2x1,NA,Crafting,,1.0.0,garden,None,log,None,Yes,Bed,Yes,Does not play music,No lighting,Not for sale,FtrLogBedS_Remake_0_0,0_0,4035,4SjMQbhBuHbL9zTC3
bamboo floor lamp,Dried bamboo,Bamboo,NA,NA,Yes,Yes,No,2,NFS,,Yellow,Yellow,1x1,NA,Crafting,,1.0.0,zen-style,None,bamboo,None,Yes,Lamp,No,Does not play music,Fluorescent,Not for sale,FtrBambooLamp_Remake_1_0,1_0,3557,SfkBnfaHi6NWkaAW5
  dj's turntable  ,Black,NA,None,Flag,No,No,Yes,4,9300,,Black,Gray,2x1,NA,Nook's Cranny,"Available in Nook's Cranny (upgraded only), in the unique furniture slot",1.0.0,party,concert,None,None,Yes,Musical Instrument,No,Hi-fi,No lighting,For sale,FtrDJbooth_Remake_0_0,0_0,941,A2xYqBYevdm95EgvW
  old sewing machine  ,Silver,NA,NA,NA,No,No,No,NA,,550,Yellow,Gray,2x1,NA,Nook's Cranny,Available in Nook's Cranny (either upgrade tier) in the unique furniture slot,1.0.0,living room,None,None,None,Yes,Sewing Table,No,Does not play music,No lighting,For sale,FtrSewingmachineRetro_Remake_2_0,2_0,1127,AzxDJWufYxSAjbaXf
  ACOUSTIC GUITAR  ,Blue,Body,NA,NA,Yes,Yes,No,5,NFS,,Blue,Black,1x1,NA,Crafting,,1.0.0,music,None,None,None,Yes,Musical Instrument,No,Does not play music,No lighting,Not for sale,FtrAcorsticguitar_Remake_3_0,3_0,383,nuqeFzNE5PneqGHaj
  BABY CHAIR  ,Red,NA,Bear,Cushion,No,No,Yes,1,1200,300,Red,Colorful,1x1,NA,Nook's Cranny,Available in Nook's Cranny (either upgrade tier) in the unique furniture slot,1.0.0,child's room,None,None,None,Yes,Chair,No,Does not play music,No lighting,For sale,FtrBabychair_Remake_0_0,0_0,3305,uzH4uc5wXZiAeRrDx
mini fridge,Pink,NA,NA,NA,No,No,No,NA,1300,325,Pink,Pink,1x1,NA,Nook's Cranny,"Available in Nook's Cranny (upgraded only), in the unique furniture slot",1.0.0,facility,None,None,None,Wardrobe,Home Appliances,No,Does not play music,No lighting,For sale,FtrRefrigeratorMini_Remake_2_0,2_0,9766,3f7y8cQng8af3zzmH
  crewed spaceship  ,NA,NA,NA,NA,Yes,No,No,NA,,,White,Black,2x2,NA,Crafting,,1.0.0,space,None,None,None,Yes,Space,Yes,Does not play music,No lighting,Not for sale,FtrSpacecraft,NA,5676,aNyRfrtcyv2wwMSro
acoustic guitar,Black,Body,NA,NA,Yes,Yes,No,5,NFS,3210,Black,Black,1x1,NA,Crafting,,1.0.0,music,None,None,None,Yes,Musical Instrument,No,Does not play music,No lighting,Not for sale,FtrAcorsticguitar_Remake_5_0,5_0,383,RuRMFyvWnDC2SoG8m
    hay bed    ,Pale green,Hay condition,NA,NA,Yes,Yes,No,1,NFS,400,White,White,2x1,NA,Crafting,,1.0.0,garden,None,None,None,Yes,Bed,Yes,Does not play music,No lighting,Not for sale,FtrHaybed_Remake_1_0,1_0,3675,Y4pBvPCa2v5z3wSvs
  fan palm  ,White,NA,NA,NA,No,No,No,NA,,,White,Green,1x1,NA,Nook's Cranny,Available in Nook's Cranny (either upgrade tier) in the unique furniture slot,1.0.0,living room,None,None,None,No,Plants,No,Does not play music,No lighting,For sale,FtrPlantYamadoriyashi_Remake_1_0,1_0,1288,ZSoRWFpTC7tKL3gsX
BOX SOFA,Orange,NA,NA,NA,No,No,No,NA,2700,675,Orange,Black,1x1,NA,Nook's Cranny,"Available in Nook's Cranny (upgraded only), in the unique furniture slot",1.0.0,shop,facility,None,None,Yes,Chair,No,Does not play music,No lighting,For sale,FtrBoxsofa_Remake_2_0,2_0,1852,qp2WpHqjfmfx5mE8x
  frozen bed  ,Ice green,Illumination,Brown,Bedding,Yes,Yes,Yes,8,NFS,,Green,Brown,2x2,NA,Crafting,,1.0.0,freezing cold,None,frozen,None,Yes,Bed,Yes,Does not play music,No lighting,Not for sale,FtrIceBedW_Remake_5_0,5_0,3502,p4jZMrE6c6pSj6o6p
    BUNK BED    ,Silver,NA,White,Bedding,No,No,Yes,2,5000,1250,Gray,White,2x1,NA,Nook's Cranny,Available in Nook's Cranny (either upgrade tier) in the unique furniture slot,1.0.0,facility,None,None,None,Yes,Bed,No,Does not play music,No lighting,For sale,FtrBunkbed_Remake_0_0,0_0,8298,aGSdu9MMv3jta2orD
  STREET PIANO  ,Graffiti,Paint color,NA,NA,Yes,Yes,No,7,,26755,Colorful,Red,2x1,NA,Crafting,,1.0.0,concert,None,None,None,Yes,Musical Instrument,No,Does not play music,No lighting,Not for sale,FtrPianoStreet_Remake_0_0,0_0,11942,M7Xx4txhBisR6Tab3
  giant teddy bear  ,Cream,Fabric,Giant dots,Ribbon,Yes,Yes,Yes,8,NFS,6300,Yellow,Blue,3x3,NA,Crafting,,1.0.0,fancy,child's room,None,bear,No,Animal,No,Does not play music,No lighting,Not for sale,FtrBearXL_Remake_0_2,0_2,1504,5oiBmwS7fzfPRk3Z2
    tower of pisa    ,NA,NA,NA,NA,No,No,No,NA,,,Beige,Beige,1x1,NA,Gulliver,,1.0.0,folk art,None,None,None,No,Folk Craft Decor,Yes,Does not play music,No lighting,Not for sale,FtrPisa,NA,700,akBbvFcDYyvXNXn7H
    loft bed with desk    ,Pink,NA,Pink,Bedding,No,No,Yes,3,7700,1925,Pink,Pink,2x1,NA,Nook's Cranny,"Available in Nook's Cranny (upgraded only), in the unique furniture slot",1.0.0,child's room,None,None,None,Yes,Desk,No,Does not play music,No lighting,For sale,FtrBeddesk_Remake_7_5,7_5,3621,irenLEHMd7Q6HxN6q
log dining table,White birch,Lumber type,Southwestern flair,Placemats,Yes,No,Yes,4,,,White,Colorful,2x2,NA,Crafting,,1.0.0,garden,living room,log,None,No,Table,No,Does not play music,No lighting,Not for sale,FtrLogTableL_Remake_3_1,3_1,4040,KMkjaPx3zbZmXKfXd
  wooden mini table  ,Light wood,Paint color,Green,Tablecloth,Yes,Yes,Yes,2,NFS,720,Beige,Green,1x1,NA,Crafting,,1.0.0,child's room,living room,wooden,None,No,Table,No,Does not play music,No lighting,Not for sale,FtrWoodenTableMini_Remake_0_4,0_4,7133,go6ZryFLS5mDzTwMz
  WRITING CHAIR  ,White,NA,Yellow,Seat,No,No,Yes,1,,425,White,Yellow,1x1,NA,Nook's Cranny,Available in Nook's Cranny (either upgrade tier) in the unique furniture slot,1.0.0,child's room,None,None,writing,Yes,Chair,No,Does not play music,No lighting,For sale,FtrStudyChair_Remake_3_0,3_0,3702,ED7g52NstMGnhSYe5
  smoker  ,Silver,NA,NA,NA,No,No,No,NA,5500,1375,Gray,Gray,1x1,NA,Nook's Cranny,"Available in all tiers of shops, including Timmy & Tommy before the shop is opened",1.0.0,outdoors,None,None,None,Yes,Kitchen Things,Yes,Does not play music,No lighting,For sale,FtrSmoker_Remake_2_0,2_0,1143,atPGmEYE58Y9B3vuc
    tool cart    ,Yellow,NA,NA,NA,No,No,No,NA,2400,,Yellow,Black,1x1,NA,Nook's Cranny,Available in Nook's Cranny (either upgrade tier) in the unique furniture slot,1.0.0,garage,None,None,None,No,Table,No,Does not play music,No lighting,For sale,FtrToolcart_Remake_2_0,2_0,7528,wLZ28BM2JL7FwSify
  PAPA BEAR  ,Tweed,NA,None,Ribbon,No,No,Yes,3,8500,,Brown,Brown,2x2,NA,Nook's Cranny,"Available in Nook's Cranny (upgraded only), in the third unique furniture slot",1.0.0,fancy,child's room,None,bear,No,Animal,No,Does not play music,No lighting,For sale,FtrBearL_Remake_5_0,5_0,1499,LPYnG4bTib3wpRdew
WOODEN TABLE,Black,Paint color,None,Tablecloth,Yes,Yes,Yes,4,,1800,Black,Black,2x2,NA,Crafting,,1.0.0,child's room,living room,wooden,None,No,Table,No,Does not play music,No lighting,Not for sale,FtrWoodenTableL_Remake_4_0,4_0,3439,d6cMg59RtyLEygHsv
    SAFE    ,White,NA,NA,NA,No,No,No,NA,3600,900,White,Gray,1x1,NA,Nook's Cranny,"Available in Nook's Cranny (upgraded only), in the unique furniture slot",1.0.0,facility,expensive,None,None,Wardrobe,Chest,No,Does not play music,No lighting,For sale,FtrSafebox_Remake_1_0,1_0,839,3ZbArQrgkYzgief4y
  PAPA BEAR  ,Caramel mocha,NA,Blue,Ribbon,No,No,Yes,3,8500,2125,Beige,Blue,2x2,NA,Nook's Cranny,"Available in Nook's Cranny (upgraded only), in the third unique furniture slot",1.0.0,fancy,child's room,None,bear,No,Animal,No,Does not play music,No lighting,For sale,FtrBearL_Remake_1_2,1_2,1499,3R38Wh8JmYh77eNWu
    MOAI STATUE    ,NA,NA,NA,NA,No,No,No,NA,NFS,1900,Gray,Gray,2x2,NA,Gulliver,,1.0.0,folk art,None,None,None,No,Folk Craft Decor,Yes,Does not play music,No lighting,Not for sale,FtrMoai,NA,698,KLBjjXkbp2RmenBpC
INFLATABLE SOFA,Purple,NA,NA,NA,No,No,No,NA,1100,275,Purple,Purple,2x1,NA,Nook's Cranny,"Available in all tiers of shops, including Timmy & Tommy before the shop is opened",1.0.0,outdoors,None,None,None,Yes,Bed,Yes,Does not play music,No lighting,For sale,FtrAirsofa_Remake_2_0,2_0,3962,68JaHZw25gEkboa5j
    log bed    ,White birch,Lumber type,Southwestern flair,Bedding,Yes,Yes,Yes,6,NFS,3600,White,Colorful,2x2,NA,Crafting,,1.0.0,garden,living room,log,None,Yes,Bed,No,Does not play music,No lighting,Not for sale,FtrLogBedW_Remake_3_0,3_0,4041,42D7Xw2fxxfb9hoze
  DINER SOFA  ,Pink,NA,NA,NA,No,No,No,NA,3500,875,Pink,White,2x1,NA,Nook's Cranny,"Available in Nook's Cranny (upgraded only), in the unique furniture slot",1.0.0,shop,None,diner,None,Yes,Sofa,No,Does not play music,No lighting,For sale,FtrAmeretroChairL_Remake_4_0,4_0,4141,my3TEsfTP7Rf3Jhdo
  sleeping bag  ,Green,NA,NA,NA,No,No,No,NA,1400,350,Green,Yellow,2x1,NA,Nook's Cranny,"Available in all tiers of shops, including Timmy & Tommy before the shop is opened",1.0.0,outdoors,None,None,None,Yes,Bed,Yes,Does not play music,No lighting,For sale,FtrSleepingbag_Remake_0_0,0_0,1434,CZwjmSeMuXwBZEwPM
    loft bed with desk    ,Black,NA,Yellow,Bedding,No,No,Yes,3,7700,,Black,Yellow,2x1,NA,Nook's Cranny,"Available in Nook's Cranny (upgraded only), in the unique furniture slot",1.0.0,child's room,None,None,None,Yes,Desk,No,Does not play music,No lighting,For sale,FtrBeddesk_Remake_3_4,3_4,3621,Ddp2gWHb6Bex4tRHy
  bamboo basket  ,Dried bamboo,Bamboo,NA,NA,Yes,Yes,No,2,NFS,,Beige,Yellow,1x1,NA,Crafting,,1.0.0,zen-style,None,bamboo,None,No,Japanese Style,No,Does not play music,No lighting,Not for sale,FtrBambooBasket_Remake_1_0,1_0,3658,dAKRbYy67TArprnWc
    ROCK GUITAR    ,Sunburst,NA,Pop logo,Sticker area,No,No,Yes,2,3100,,Orange,Colorful,1x1,NA,Nook's Cranny,Available in Nook's Cranny (either upgrade tier) in the unique furniture slot,1.0.0,concert,None,None,None,Yes,Musical Instrument,No,Does not play music,No lighting,For sale,FtrElectricguitar1_Remake_0_6,0_6,1644,3qLx4BNFNw5EsS9XP
  SIMPLE PANEL  ,Black,NA,Gold,Panel design,No,No,Yes,1,810,,Black,Yellow,1x0.5,NA,Nook's Cranny,Available in Nook's Cranny (either upgrade tier) in the unique furniture slot,1.0.0,facility,None,None,None,No,Screen,No,Does not play music,No lighting,For sale,FtrScreenSimple_Remake_1_7,1_7,5338,WJCWEoM5LyEBZGLuF
    GIANT TEDDY BEAR    ,Choco,Fabric,Giant stripes,Ribbon,Yes,Yes,Yes,8,,6300,Brown,Yellow,3x3,NA,Crafting,,1.0.0,fancy,child's room,None,bear,No,Animal,No,Does not play music,No lighting,Not for sale,FtrBearXL_Remake_2_3,2_3,1504,aEFYLKmYjXWxgTshT
    system kitchen    ,Brown,NA,NA,NA,No,No,No,NA,130000,32500,Brown,Black,2x1,NA,Nook's Cranny,"Available in Nook's Cranny (upgraded only), in the third unique furniture slot",1.0.0,kitchen,expensive,None,None,No,Kitchen,No,Does not play music,No lighting,For sale,FtrKitchenSystem_Remake_5_0,5_0,3616,5YRmck3oTMMS3bKee
  box sofa  ,White,NA,NA,NA,No,No,No,NA,,675,White,Black,1x1,NA,Nook's Cranny,"Available in Nook's Cranny (upgraded only), in the unique furniture slot",1.0.0,shop,facility,None,None,Yes,Chair,No,Does not play music,No lighting,For sale,FtrBoxsofa_Remake_6_0,6_0,1852,BnR8Cd4BpYDrsc29f
  asteroid  ,NA,NA,NA,NA,Yes,No,No,NA,NFS,4000,Black,Black,1x1,NA,Crafting,,1.0.0,space,facility,None,None,Yes,Space,Yes,Does not play music,No lighting,Not for sale,FtrMeteo,NA,1439,oAQNzhuKcCvh4E9a4
  wild log bench  ,Orange wood,Lumber type,NA,NA,Yes,Yes,No,2,NFS,960,Orange,Beige,2x1,NA,Crafting,,1.0.0,garden,None,log,None,Yes,Chair,Yes,Does not play music,No lighting,Not for sale,FtrWoodBench_Remake_1_0,1_0,5972,eqDrCxiX42GCYtJAK
plain sink,Black wood & tile,Design,NA,NA,Yes,Yes,No,4,,2270,Black,Blue,1x1,NA,Crafting,,1.0.0,bathroom,None,None,None,Yes,Bathroom Things,No,Does not play music,No lighting,Not for sale,FtrWashstandBowl_Remake_5_0,5_0,3683,6cwhEzhpEJbL6kW9G
red corner,NA,NA,Green,Ring curtain,No,No,Yes,3,6100,,White,Green,2x2,NA,Nook's Cranny,"Available in Nook's Cranny (upgraded only), in the third unique furniture slot",1.0.0,fitness,None,None,sports ring,Yes,Sports,No,Does not play music,No lighting,For sale,FtrRingcornerRed_Remake_0_0,0_0,7151,E2ehP8GK7jAGS5y5C
  den desk  ,White,NA,NA,NA,No,No,No,NA,10000,,White,White,2x1,NA,Nook's Cranny,"Available in Nook's Cranny (upgraded only), in the unique furniture slot",1.0.0,den,None,None,den,No,Desk,No,Does not play music,No lighting,For sale,FtrDrawingTable_Remake_4_0,4_0,3783,wEug3j5QZzkbwdGwy
  BAMBOO SHELF  ,Smoke-cured bamboo,Bamboo,NA,NA,Yes,Yes,No,4,NFS,2400,Brown,Gray,2x1,NA,Crafting,,1.0.0,zen-style,None,bamboo,None,No,Shelf,No,Does not play music,No lighting,Not for sale,FtrBambooShelf_Remake_2_0,2_0,3551,k2NAwacr6p5HwRfYP
    public bench    ,Light blue & pink,NA,NA,NA,No,No,No,NA,NFS,10000,Pink,Light blue,2x1,2000,Nook Miles Shop,,1.0.0,facility,None,None,None,Yes,Sofa,Yes,Does not play music,No lighting,Not for sale,FtrPublicbench_Remake_6_0,6_0,3346,K6XrXMfB82jkHt2pj
    HEDGE STANDEE    ,Fall,Season,NA,NA,Yes,Yes,No,1,,,Orange,Brown,1x0.5,NA,Crafting,,1.0.0,school,None,None,standee,No,School,No,Does not play music,No lighting,Not for sale,FtrHariboteHedge_Remake_5_0,5_0,531,TovKWLobFwmYeR4dd
TEA TABLE,Dark wood,Body color,NA,NA,Yes,Yes,No,2,NFS,1440,Brown,Brown,2x2,NA,Crafting,,1.0.0,zen-style,living room,None,None,No,Desk,No,Does not play music,No lighting,Not for sale,FtrDiningtableJapan_Remake_1_0,1_0,739,cPnTMEYD8MpHRP8ge
    PAPA BEAR    ,Caramel mocha,NA,Yellow,Ribbon,No,No,Yes,3,,2125,Beige,Yellow,2x2,NA,Nook's Cranny,"Available in Nook's Cranny (upgraded only), in the third unique furniture slot",1.0.0,fancy,child's room,None,bear,No,Animal,No,Does not play music,No lighting,For sale,FtrBearL_Remake_1_3,1_3,1499,b77fCCugzfSefcdcM
  system kitchen  ,Natural,NA,NA,NA,No,No,No,NA,,,Beige,Black,2x1,NA,Nook's Cranny,"Available in Nook's Cranny (upgraded only), in the third unique furniture slot",1.0.0,kitchen,expensive,None,None,No,Kitchen,No,Does not play music,No lighting,For sale,FtrKitchenSystem_Remake_6_0,6_0,3616,Jo6LWvL77HRw7DHL3
  smoker  ,Green,NA,NA,NA,No,No,No,NA,5500,,Green,Beige,1x1,NA,Nook's Cranny,"Available in all tiers of shops, including Timmy & Tommy before the shop is opened",1.0.0,outdoors,None,None,None,Yes,Kitchen Things,Yes,Does not play music,No lighting,For sale,FtrSmoker_Remake_1_0,1_0,1143,kCqCjmYk5cgx6zKjj
    plain wooden shop sign    ,Natural,Sign,Ad,Flier,Yes,Yes,Yes,2,NFS,720,Beige,Blue,1x1,NA,Crafting,,1.0.0,garden,None,None,None,No,Vehicle,Yes,Does not play music,No lighting,Not for sale,FtrSignWood_Remake_0_2,0_2,3692,8QwEbyM7cwxHCSqLw
    CUTE FLOOR LAMP    ,Sky blue,NA,NA,NA,No,No,No,NA,3500,875,Light blue,Blue,1x1,NA,Nook's Cranny,"Available in Nook's Cranny (upgraded only), in the unique furniture slot",1.0.0,fancy,None,cute,None,Yes,Lamp,No,Does not play music,Fluorescent,For sale,FtrCuteLamp_Remake_1_0,1_0,4002,cJTc4gavXjcqikmBH
  log round table  ,Orange wood,Lumber type,None,Tablecloth,Yes,Yes,Yes,4,NFS,1800,Orange,Orange,2x2,NA,Crafting,,1.0.0,garden,living room,log,None,No,Table,Yes,Does not play music,No lighting,Not for sale,FtrLogTableLRound_Remake_1_0,1_0,4043,JmPr2cMb6SowjY5no
  wedding head table  ,Garden,Design,NA,NA,No,Yes,No,1,,750,Gren,White,2x1,NA,Wedding Season,,1.2.0,party,expensive,wedding,None,No,Table,No,Does not play music,No lighting,Not for sale,FtrWeddingTableM_Remake_2_0,2_0,12404,wjPhSWCNiFY8oE3nb
  SIMPLE PANEL  ,White,NA,Plain panel,Panel design,No,No,Yes,1,,,White,Gray,1x0.5,NA,Nook's Cranny,Available in Nook's Cranny (either upgrade tier) in the unique furniture slot,1.0.0,facility,None,None,None,No,Screen,No,Does not play music,No lighting,For sale,FtrScreenSimple_Remake_2_0,2_0,5338,NWPYZceCeodu6ZfdD
    standard umbrella stand    ,White,Body color,Red & white & blue,Favorite umbrella,Yes,Yes,Yes,4,,2250,White,Colorful,1x1,NA,Crafting,,1.0.0,school,office,None,None,No,Supplies,No,Does not play music,No lighting,Not for sale,FtrUmbrellastand_Remake_1_3,1_3,3445,P9WENsCWkqRhf26yw
MONSTERA,Brown,NA,NA,NA,No,No,No,NA,,425,Brown,Green,1x1,NA,Nook's Cranny,Available in Nook's Cranny (either upgrade tier) in the unique furniture slot,1.0.0,living room,None,None,None,No,Plants,No,Does not play music,No lighting,For sale,FtrPlantMonstera_Remake_1_0,1_0,4129,chaNnKeq2vr2Ek5q2
  shell arch  ,Yellow,Shell color,NA,NA,Yes,Yes,No,7,NFS,12360,Yellow,Yellow,3x1,NA,Crafting,,1.0.0,ocean,expensive,shell,None,No,Arch,Yes,Does not play music,No lighting,Not for sale,FtrShellArch_Remake_3_0,3_0,3977,EFmv6TW7jmKs26rKH
fan palm,Black,NA,NA,NA,No,No,No,NA,1200,300,Black,Green,1x1,NA,Nook's Cranny,Available in Nook's Cranny (either upgrade tier) in the unique furniture slot,1.0.0,living room,None,None,None,No,Plants,No,Does not play music,No lighting,For sale,FtrPlantYamadoriyashi_Remake_0_0,0_0,1288,ZasYEpeNjDaHrpbnh
log garden lounge,White birch,Lumber type,Geometric print,Pillow,Yes,No,Yes,3,NFS,1440,White,Colorful,2x1,NA,Crafting,,1.0.0,garden,None,log,None,Yes,Bed,Yes,Does not play music,No lighting,Not for sale,FtrLogBedS_Remake_3_2,3_2,4035,swu8sRbTEdwMq6Qzm
  fortune-cookie cart  ,NA,NA,NA,NA,No,No,No,NA,,650,Orange,Yellow,2x1,NA,Nook Shopping Promotion,"Link Nintendo Account to Pocket Camp, then redeem a 16-digit code on your Nintendo Switch",1.1.0,facility,party,None,None,No,Compass,No,Does not play music,No lighting,Not in catalog,FtrCompassFortuneshop,NA,12369,uS9i6ufNShhQfaB2r
  FOUNTAIN  ,White,Color,NA,NA,Yes,Yes,No,7,NFS,11700,White,White,3x3,NA,Crafting,,1.0.0,garden,facility,None,None,Yes,Playground,Yes,Does not play music,No lighting,Not for sale,FtrFountain_Remake_3_0,3_0,8031,JsTAtyiFE3LtFyXAa
electric guitar,Chic white,NA,Cute logo,Sticker area,No,No,Yes,7,71000,17750,White,Pink,1x1,NA,Nook's Cranny,"Available in Nook's Cranny (upgraded only), in the third unique furniture slot",1.0.0,concert,None,None,None,Yes,Musical Instrument,No,Does not play music,No lighting,For sale,FtrElectricguitar2_Remake_5_7,5_7,1645,49TtBmks26hfaDFew
    iron shelf    ,Black,Body color,NA,NA,Yes,Yes,No,7,,10500,Black,Gray,2x1,NA,Crafting,,1.0.0,living room,None,iron,None,No,Shelf,No,Does not play music,No lighting,Not for sale,FtrIronShelf_Remake_0_0,0_0,3563,m4tStpqzZ7dcjPKAT
  shell partition  ,Purple,Shell color,NA,NA,Yes,Yes,No,7,NFS,8000,Purple,Purple,2x1,NA,Crafting,,1.0.0,ocean,None,shell,None,No,Screen,Yes,Does not play music,No lighting,Not for sale,FtrShellScreen_Remake_4_0,4_0,3978,CL9NBivbKtRquGWAh
CHANGING ROOM,Dark brown,NA,Blue,Curtain,No,No,Yes,2,3700,925,Brown,Light blue,1x1,NA,Nook's Cranny,"Available in Nook's Cranny (upgraded only), in the unique furniture slot",1.0.0,shop,facility,None,None,Wardrobe,Shop,No,Does not play music,No lighting,For sale,FtrFittingroom_Remake_3_7,3_7,1816,4EtKRhoEjoPyxpMsB
  PORTABLE TOILET  ,Yellow-green,NA,NA,NA,No,No,No,NA,NFS,,Green,White,1x1,1000,Nook Miles Shop,,1.0.0,bathroom,facility,None,None,No,Toilet,Yes,Does not play music,No lighting,Not for sale,FtrWCPortable_Remake_3_0,3_0,1234,Y5BSdsgfS55WzAzAc
    angled signpost    ,Museum,Navigation,NA,NA,Yes,Yes,No,1,NFS,600,Beige,Brown,1x1,NA,Crafting,,1.0.0,garden,None,None,None,No,Vehicle,Yes,Does not play music,No lighting,Not for sale,FtrSignpostTilt_Remake_7_0,7_0,7867,wPX6wELbCn9Jyb37A
    cute chair    ,White,NA,NA,NA,No,No,No,NA,,1075,White,Pink,1x1,NA,Nook's Cranny,"Available in Nook's Cranny (upgraded only), in the unique furniture slot",1.0.0,fancy,None,cute,None,Yes,Chair,No,Does not play music,No lighting,For sale,FtrCuteChairS_Remake_0_0,0_0,3999,tzs3akhvQFrFhudEy
  deluxe washer  ,Pink,NA,NA,NA,No,No,No,NA,76000,,Pink,Pink,1x1,NA,Nook's Cranny,"Available in Nook's Cranny (upgraded only), in the third unique furniture slot",1.0.0,bathroom,None,None,None,Yes,Home Appliances,No,Does not play music,No lighting,For sale,FtrWashingmachineDrum_Remake_5_0,5_0,1227,5GMk9Eidy3cKP8WkN
DRUM SET,Golden yellow,NA,White with logo,Bass drum head,No,No,Yes,2,,1400,Orange,White,2x1,NA,Nook's Cranny,"Available in Nook's Cranny (upgraded only), in the unique furniture slot",1.0.0,concert,None,None,None,Yes,Musical Instrument,No,Does not play music,No lighting,For sale,FtrDrumSet_Remake_0_3,0_3,1803,cbbeep6nGxy74h2NM
  apple chair  ,Red apple,Fruit type,NA,NA,Yes,Yes,No,4,NFS,,Red,Yellow,1x1,NA,Crafting,,1.0.0,fancy,None,fruits,apple,Yes,Chair,No,Does not play music,No lighting,Not for sale,FtrFruitsChairApple_Remake_0_0,0_0,4134,qonCdPiLCmFNtYMsG
  DIY WORKBENCH  ,Ash brown,Paint color,NA,NA,Yes,Yes,No,7,NFS,,Brown,Colorful,2x1,NA,Crafting,,1.0.0,garage,None,None,None,Workbench,Work Bench,No,Does not play music,No lighting,Not for sale,FtrWorkbench_Remake_1_0,1_0,1241,WRrrjddCkWATqKCEn
CANDY MACHINE,Yellow,NA,NA,NA,No,No,No,NA,,700,Yellow,Colorful,1x1,NA,Nook's Cranny,Available in Nook's Cranny (either upgrade tier) in the unique furniture slot,1.0.0,shop,facility,None,None,Yes,Shop,No,Does not play music,No lighting,For sale,FtrCandymachine_Remake_2_0,2_0,7392,23iT82PeQcyotkG65
    upright locker    ,Blue,NA,Pop,Sticker area,No,No,Yes,2,3700,,Blue,Colorful,1x1,NA,Nook's Cranny,Available in Nook's Cranny (either upgrade tier) in the unique furniture slot,1.0.0,school,facility,None,None,Wardrobe,Chest,No,Does not play music,No lighting,For sale,FtrLocker_Remake_4_3,4_3,833,8KB3wCnuJ83j59XYJ
ILLUMINATED SNOWFLAKES,Rainbow,Light color,NA,NA,Yes,Yes,No,5,NFS,3150,White,White,2x1,NA,Crafting,,1.0.0,freezing cold,fancy,festive,None,Yes,Seasonal Decor,Yes,Does not play music,Fluorescent,Not for sale,FtrIllumiSnow_Remake_3_0,3_0,4131,zEMym2c8zm5ZMsmvx
  vacuum cleaner  ,Black,NA,NA,NA,No,No,No,NA,3800,950,Black,Black,1x1,NA,Nook's Cranny,Available in Nook's Cranny (either upgrade tier) in the unique furniture slot,1.0.0,living room,None,None,None,Yes,Home Appliances,No,Does not play music,No lighting,For sale,FtrCleaner_Remake_4_0,4_0,907,Qe5gxNqHmRpXHRuKs
diner sofa,Black,NA,NA,NA,No,No,No,NA,3500,875,Black,White,2x1,NA,Nook's Cranny,"Available in Nook's Cranny (upgraded only), in the unique furniture slot",1.0.0,shop,None,diner,None,Yes,Sofa,No,Does not play music,No lighting,For sale,FtrAmeretroChairL_Remake_6_0,6_0,4141,kNN68sPamyZEMcKED
    pile of zen cushions    ,NA,NA,Indigo,Upholstery,Yes,No,Yes,2,NFS,750,Blue,Blue,1x1,NA,Crafting,,1.0.0,zen-style,living room,None,None,Yes,Chair,No,Does not play music,No lighting,Not for sale,FtrCushionJapanPile_Remake_0_1,0_1,7048,5PEgExBdR4tDJcGED
  ILLUMINATED TREE  ,Orange,Light color,NA,NA,Yes,Yes,No,7,NFS,6700,Orange,Orange,2x2,NA,Crafting,,1.0.0,party,fancy,festive,None,Yes,Seasonal Decor,Yes,Does not play music,Fluorescent,Not for sale,FtrIllumiTree_Remake_3_0,3_0,4066,XHrzbcvqKedRpzBQW
frozen bed,Ice blue,Illumination,Gray,Bedding,Yes,Yes,Yes,8,,9000,Blue,Gray,2x2,NA,Crafting,,1.0.0,freezing cold,None,frozen,None,Yes,Bed,Yes,Does not play music,No lighting,Not for sale,FtrIceBedW_Remake_1_2,1_2,3502,EG5WDeKvNdbTZhP5k
    changing room    ,Gray,NA,Yellow,Curtain,No,No,Yes,2,3700,,White,Yellow,1x1,NA,Nook's Cranny,"Available in Nook's Cranny (upgraded only), in the unique furniture slot",1.0.0,shop,facility,None,None,Wardrobe,Shop,No,Does not play music,No lighting,For sale,FtrFittingroom_Remake_0_3,0_3,1816,5LF7kvq2vx6t9WNvz
ANTIQUE TABLE,Natural,NA,NA,NA,No,No,No,NA,25000,6250,Beige,Beige,2x2,NA,Nook's Cranny,"Available in Nook's Cranny (upgraded only), in the third unique furniture slot",1.0.0,living room,expensive,antique,None,No,Table,No,Does not play music,No lighting,For sale,FtrAntiqueTableL_Remake_1_0,1_0,3952,ptPHtvKpF2JCkS9Zw
baby chair,Black,NA,Butterfly,Cushion,No,No,Yes,1,1200,,Black,Orange,1x1,NA,Nook's Cranny,Available in Nook's Cranny (either upgrade tier) in the unique furniture slot,1.0.0,child's room,None,None,None,Yes,Chair,No,Does not play music,No lighting,For sale,FtrBabychair_Remake_6_2,6_2,3305,wnBYp2TgHjyzR5gRu
  serving cart  ,Red,NA,NA,NA,No,No,No,NA,1300,325,Red,Black,1x1,NA,Nook's Cranny,Available in Nook's Cranny (either upgrade tier) in the unique furniture slot,1.0.0,kitchen,shop,None,None,No,Kitchen Things,No,Does not play music,No lighting,For sale,FtrServingcart_Remake_4_0,4_0,1606,uYsKGgbqBwaWR6MKq
  frozen counter  ,Ice blue,Illumination,NA,NA,Yes,Yes,No,7,,7000,Blue,Blue,2x1,NA,Crafting,,1.0.0,freezing cold,None,frozen,None,No,Table,Yes,Does not play music,No lighting,Not for sale,FtrIceCounter_Remake_1_0,1_0,3505,6zJDA2ZvL6ZnrTZbf
ROCK GUITAR,Cosmo black,NA,Familiar logo,Sticker area,No,No,Yes,2,3100,775,Black,Black,1x1,NA,Nook's Cranny,Available in Nook's Cranny (either upgrade tier) in the unique furniture slot,1.0.0,concert,None,None,None,Yes,Musical Instrument,No,Does not play music,No lighting,For sale,FtrElectricguitar1_Remake_2_1,2_1,1644,5Jr4PgxpS55xx7YGW
    ROBOT HERO    ,Red,Coating,NA,NA,Yes,Yes,No,50,,250000,Red,Black,3x3,NA,Crafting,,1.0.0,child's room,facility,None,None,Yes,Toy,Yes,Does not play music,No lighting,Not for sale,FtrHerorobot_Remake_0_0,0_0,1509,Wnpf4ZF76pxaBvSp2
  GARDEN LANTERN  ,Black,NA,NA,NA,No,No,No,NA,1400,350,Black,Black,1x1,NA,Nook's Cranny,Available in Nook's Cranny (either upgrade tier) in the unique furniture slot,1.0.0,garden,None,None,None,Yes,Lamp,Yes,Does not play music,Fluorescent,For sale,FtrLampGarden_Remake_0_0,0_0,1628,a72k9pnoE6GwjWro2
  stall  ,White,Variation,Colorful,Curtain,Yes,Yes,Yes,3,NFS,1440,White,Colorful,2x1,NA,Crafting,,1.0.0,shop,party,None,None,No,Shop,Yes,Does not play music,No lighting,Not for sale,FtrFloat_Remake_5_3,5_3,3617,u5pnubPHsptBwsFjG
ROCK GUITAR,Fire red,NA,Rock logo,Sticker area,No,No,Yes,2,,775,Red,Purple,1x1,NA,Nook's Cranny,Available in Nook's Cranny (either upgrade tier) in the unique furniture slot,1.0.0,concert,None,None,None,Yes,Musical Instrument,No,Does not play music,No lighting,For sale,FtrElectricguitar1_Remake_3_3,3_3,1644,EBKpLmEL5uLted4Yq
    natural garden chair    ,Shabby,Chair back and seat,NA,NA,Yes,Yes,No,3,,,White,Gray,1x1,NA,Crafting,,1.0.0,garden,None,None,natural,Yes,Chair,Yes,Does not play music,No lighting,Not for sale,FtrGardenChairNatural_Remake_2_0,2_0,2586,qwGZNQWm8gckGAvny
mini fridge,White,NA,NA,NA,No,No,No,NA,1300,325,White,White,1x1,NA,Nook's Cranny,"Available in Nook's Cranny (upgraded only), in the unique furniture slot",1.0.0,facility,None,None,None,Wardrobe,Home Appliances,No,Does not play music,No lighting,For sale,FtrRefrigeratorMini_Remake_0_0,0_0,9766,iPfhRrr6WimH7Mfc9
  FROZEN SCULPTURE  ,Ice pink,Illumination,NA,NA,Yes,Yes,No,7,NFS,,Pink,Pink,1.5x1.5,NA,Crafting,,1.0.0,freezing cold,None,frozen,None,No,Seasonal Decor,Yes,Does not play music,No lighting,Not for sale,FtrIceArt_Remake_2_0,2_0,3501,L2AuwyDB45TPrBXA9
  pants press  ,Gray,NA,NA,NA,No,No,No,NA,,475,Gray,Blue,1x1,NA,Nook's Cranny,"Available in Nook's Cranny (upgraded only), in the unique furniture slot",1.0.0,facility,None,None,None,Yes,Home Appliances,No,Does not play music,No lighting,For sale,FtrPantspresser_Remake_2_0,2_0,4023,FNKTAdYE3RHnsqXER
wooden double bed,Cherry wood,Paint color,Green,Bedding,Yes,Yes,Yes,6,NFS,3600,Orange,Green,2x2,NA,Crafting,,1.0.0,child's room,living room,wooden,None,Yes,Bed,No,Does not play music,No lighting,Not for sale,FtrWoodenBedW_Remake_2_3,2_3,7132,GESXoY5XEWyWZYwuA
  deluxe washer  ,Red,NA,NA,NA,No,No,No,NA,76000,19000,Red,Red,1x1,NA,Nook's Cranny,"Available in Nook's Cranny (upgraded only), in the third unique furniture slot",1.0.0,bathroom,None,None,None,Yes,Home Appliances,No,Does not play music,No lighting,For sale,FtrWashingmachineDrum_Remake_3_0,3_0,1227,83zCf7bzjyFMqZKup
  rock guitar  ,Coral pink,NA,Rock logo,Sticker area,No,No,Yes,2,3100,775,Pink,Purple,1x1,NA,Nook's Cranny,Available in Nook's Cranny (either upgrade tier) in the unique furniture slot,1.0.0,concert,None,None,None,Yes,Musical Instrument,No,Does not play music,No lighting,For sale,FtrElectricguitar1_Remake_1_3,1_3,1644,8oyHAWaDy4AhaqNHP
LARGE CARDBOARD BOXES,NA,NA,NA,NA,Yes,No,No,NA,,,None,None,2x2,NA,Crafting,,1.0.0,garage,None,cardboard,None,No,Supplies,No,Does not play music,No lighting,Not for sale,FtrMovingboxL,NA,3412,D9p23LvpEg9me36Tg
upright locker,Blue,NA,Cute,Sticker area,No,No,Yes,2,,925,Blue,Pink,1x1,NA,Nook's Cranny,Available in Nook's Cranny (either upgrade tier) in the unique furniture slot,1.0.0,school,facility,None,None,Wardrobe,Chest,No,Does not play music,No lighting,For sale,FtrLocker_Remake_4_2,4_2,833,TQyDAZNTXBjbhcAHt
diner dining table,Pink,NA,NA,NA,No,No,No,NA,6400,1600,Gray,Pink,2x2,NA,Nook's Cranny,"Available in Nook's Cranny (upgraded only), in the third unique furniture slot",1.0.0,shop,None,diner,None,No,Table,No,Does not play music,No lighting,For sale,FtrAmeretroTableM_Remake_4_0,4_0,4142,MAiXZmqTZdmShY88z
  LOFT BED WITH DESK  ,Black,NA,White,Bedding,No,No,Yes,3,7700,1925,Black,White,2x1,NA,Nook's Cranny,"Available in Nook's Cranny (upgraded only), in the unique furniture slot",1.0.0,child's room,None,None,None,Yes,Desk,No,Does not play music,No lighting,For sale,FtrBeddesk_Remake_3_0,3_0,3621,JHqw7CtyCWRK4DhdB
springy ride-on,Brown,NA,NA,NA,No,No,No,NA,,,Beige,Yellow,1x1,2000,Nook Miles Shop,,1.0.0,facility,fancy,None,None,Yes,Playground,Yes,Does not play music,No lighting,Not for sale,FtrSpringrider_Remake_1_0,1_0,4379,DNG4EwcnFAHTA5QaM
ARCADE MAHJONG GAME,NA,NA,NA,NA,No,No,No,NA,64000,16000,White,Green,1x1,NA,Nook's Cranny,"Available in Nook's Cranny (upgraded only), in the third unique furniture slot",1.0.0,facility,shop,None,None,Yes,Toy,No,Does not play music,Monitor,For sale,FtrArcadegameMahjong,NA,8227,vNB5LbWmPm2uQhdjo
    WOODEN DOUBLE BED    ,Black,Paint color,Blue,Bedding,Yes,Yes,Yes,6,,3600,Black,Light blue,2x2,NA,Crafting,,1.0.0,child's room,living room,wooden,None,Yes,Bed,No,Does not play music,No lighting,Not for sale,FtrWoodenBedW_Remake_4_2,4_2,7132,4YAdfihpugy9iTEtp
  dj's turntable  ,Pink,NA,Chic logo,Flag,No,No,Yes,4,9300,,Pink,White,2x1,NA,Nook's Cranny,"Available in Nook's Cranny (upgraded only), in the unique furniture slot",1.0.0,party,concert,None,None,Yes,Musical Instrument,No,Hi-fi,No lighting,For sale,FtrDJbooth_Remake_3_2,3_2,941,K6rYoGddHcZXf9pcz
  baby chair  ,Green,NA,Train,Cushion,No,No,Yes,1,1200,300,Green,Colorful,1x1,NA,Nook's Cranny,Available in Nook's Cranny (either upgrade tier) in the unique furniture slot,1.0.0,child's room,None,None,None,Yes,Chair,No,Does not play music,No lighting,For sale,FtrBabychair_Remake_3_3,3_3,3305,5HzSmLCFfoAfQ4ukQ
dj's turntable,Brown,NA,Handwritten logo,Flag,No,No,Yes,4,9300,2325,Orange,Light blue,2x1,NA,Nook's Cranny,"Available in Nook's Cranny (upgraded only), in the unique furniture slot",1.0.0,party,concert,None,None,Yes,Musical Instrument,No,Hi-fi,No lighting,For sale,FtrDJbooth_Remake_2_5,2_5,941,bqfo5GNjkEHYcvP4j
  OUTDOOR BENCH  ,Black,NA,Black,Seat,No,No,Yes,1,1300,325,Black,Black,2x1,NA,Nook's Cranny,Available in Nook's Cranny (either upgrade tier) in the unique furniture slot,1.0.0,outdoors,None,None,None,Yes,Sofa,Yes,Does not play music,No lighting,For sale,FtrOutdoorchairM_Remake_1_1,1_1,3947,ZfJmgNtCqvWjenizv
  BUNNY DAY MERRY BALLOONS  ,NA,NA,NA,NA,Yes,No,No,NA,NFS,,Colorful,Colorful,1x1,NA,Crafting,,1.1.0a,fancy,party,Bunny Day,None,No,Easter,No,Does not play music,No lighting,Not for sale,FtrEggBalloonA,NA,12419,w7BD2gryyFNgJDJsx
mama bear,Floral,NA,Blue stripes,Shirt,No,No,Yes,1,2300,575,White,Blue,1x1,NA,Nook's Cranny,Available in Nook's Cranny (either upgrade tier) in the unique furniture slot,1.0.0,fancy,child's room,None,bear,No,Animal,No,Does not play music,No lighting,For sale,FtrBearM_Remake_3_2,3_2,1500,cPAud68JMYv6wyKJ4
    CHANGING ROOM    ,Dark brown,NA,Black,Curtain,No,No,Yes,2,,925,Brown,Black,1x1,NA,Nook's Cranny,"Available in Nook's Cranny (upgraded only), in the unique furniture slot",1.0.0,shop,facility,None,None,Wardrobe,Shop,No,Does not play music,No lighting,For sale,FtrFittingroom_Remake_3_2,3_2,1816,3dFxBfCwKfc6Qf4sk
  ELEPHANT SLIDE  ,Red,NA,NA,NA,No,No,No,NA,,1050,Red,Light blue,2x1,NA,Nook's Cranny,Available in Nook's Cranny (either upgrade tier) in the unique furniture slot,1.0.0,garden,child's room,None,None,No,Playground,No,Does not play music,No lighting,For sale,FtrSlideelephant_Remake_2_0,2_0,86,kTaytgZFsrEJDzyc3
    outdoor table    ,Green,NA,White,Table,No,No,Yes,1,2200,550,Green,White,2x1,NA,Nook's Cranny,Available in Nook's Cranny (either upgrade tier) in the unique furniture slot,1.0.0,outdoors,None,None,None,No,Table,Yes,Does not play music,No lighting,For sale,FtrOutdoortableM_Remake_2_0,2_0,3946,3Somfef6hxm7H2PD5
  paper lantern  ,Natural wood,NA,Plain,Paper,No,No,Yes,1,780,195,Beige,White,1x1,NA,Nook's Cranny,Available in Nook's Cranny (either upgrade tier) in the unique furniture slot,1.0.0,zen-style,None,None,None,Yes,Lamp,No,Does not play music,Candle,For sale,FtrLampJapan_Remake_0_0,0_0,725,T7uiHBGSvjsSRTjPz
skeleton,NA,NA,NA,NA,No,No,No,NA,3900,,White,White,1x1,NA,Nook's Cranny,Available in Nook's Cranny (either upgrade tier) in the unique furniture slot,1.0.0,school,horror,None,None,Yes,Hospital,No,Does not play music,No lighting,For sale,FtrSchoolSkeleton,NA,1326,rk32RgmzZxbTCpdN7
    drum set    ,Evergreen,NA,Black with logo,Bass drum head,No,No,Yes,2,5600,1400,Green,Black,2x1,NA,Nook's Cranny,"Available in Nook's Cranny (upgraded only), in the unique furniture slot",1.0.0,concert,None,None,None,Yes,Musical Instrument,No,Does not play music,No lighting,For sale,FtrDrumSet_Remake_6_2,6_2,1803,AgSuRHPLTahzhDBGC
  rattan end table  ,Light brown,NA,NA,NA,No,No,No,NA,4300,1075,Yellow,Yellow,1x1,NA,Nook's Cranny,"Available in Nook's Cranny (upgraded only), in the unique furniture slot",1.0.0,living room,None,rattan,None,No,Table,No,Does not play music,No lighting,For sale,FtrRattanTableS_Remake_2_0,2_0,4046,ZQ3wphCcFugbdRYCo
    UPRIGHT VACUUM    ,Silver,NA,NA,NA,No,No,No,NA,2500,,Gray,Black,1x1,NA,Nook's Cranny,"Available in Nook's Cranny (upgraded only), in the unique furniture slot",1.0.0,living room,None,None,None,Yes,Home Appliances,No,Does not play music,No lighting,For sale,FtrCleanerStick_Remake_0_0,0_0,908,Cx6Ppm7gSQcBhdndk
  antique console table  ,Black,NA,NA,NA,No,No,No,NA,17000,4250,Black,Black,2x1,NA,Nook's Cranny,"Available in Nook's Cranny (upgraded only), in the third unique furniture slot",1.0.0,living room,expensive,antique,None,No,Table,No,Does not play music,No lighting,For sale,FtrAntiqueConsole_Remake_2_0,2_0,3951,7i4eJMFhi2gzqMEZ8
    rattan stool    ,Black,NA,NA,NA,No,No,No,NA,2900,725,Gray,Black,1x1,NA,Nook's Cranny,"Available in Nook's Cranny (upgraded only), in the unique furniture slot",1.0.0,living room,None,rattan,None,Yes,Chair,No,Does not play music,No lighting,For sale,FtrRattanStool_Remake_5_0,5_0,4047,KAKfiLHnw83rKeELb
birthday table,Pink,Variation,NA,NA,No,Yes,No,1,NFS,300,Pink,Colorful,2x2,NA,Birthday,,1.0.0,party,fancy,None,birthday,Yes,Table,No,Does not play music,Candle,Not for sale,FtrBirthdayTable_Remake_1_0,1_0,3593,eYkd9TWLuZ2WCTjES
LOFT BED WITH DESK,Brown,NA,White,Bedding,No,No,Yes,3,7700,1925,Red,White,2x1,NA,Nook's Cranny,"Available in Nook's Cranny (upgraded only), in the unique furniture slot",1.0.0,child's room,None,None,None,Yes,Desk,No,Does not play music,No lighting,For sale,FtrBeddesk_Remake_1_0,1_0,3621,FtSjv7hLWizntxFfq
    POOL    ,Brown,NA,NA,NA,No,No,No,NA,NFS,25000,Orange,Light blue,3x3,5000,Nook Miles Shop,,1.0.0,fitness,expensive,None,None,No,Sports,Yes,Does not play music,No lighting,Not for sale,FtrPool_Remake_1_0,1_0,3596,pECMMjNuXfAuMrc9E
  automatic washer  ,White,NA,NA,NA,No,No,No,NA,4500,1125,White,White,1x1,NA,Nook's Cranny,"Available in Nook's Cranny (upgraded only), in the unique furniture slot",1.0.0,bathroom,None,None,None,Yes,Home Appliances,No,Does not play music,No lighting,For sale,FtrWashingmachine_Remake_0_0,0_0,2740,4YqpCyGk4ndhAWjS8
OUTDOOR BATH,Gray,Stone,NA,NA,Yes,Yes,No,6,NFS,,Gray,Gray,3x3,NA,Crafting,,1.0.0,garden,zen-style,None,None,Yes,Bathtub,Yes,Does not play music,Fluorescent,Not for sale,FtrOpenairbath_Remake_0_0,0_0,1111,FcNWGnGtPoubtLGWd
  WOODEN-BLOCK BENCH  ,Pastel,Block color,NA,NA,Yes,Yes,No,2,NFS,840,Light blue,Colorful,2x1,NA,Crafting,,1.0.0,child's room,None,wooden block,None,Yes,Sofa,No,Does not play music,No lighting,Not for sale,FtrBlockChairL_Remake_3_0,3_0,1559,Fr94eAoydqXtatb8Q
    REFRIGERATOR    ,Black,NA,Fruits,Sticker area,No,No,Yes,2,,,Black,Green,1x1,NA,Nook's Cranny,"Available in Nook's Cranny (upgraded only), in the unique furniture slot",1.0.0,kitchen,shop,None,None,Wardrobe,Home Appliances,No,Does not play music,No lighting,For sale,FtrRefrigerator_Remake_6_3,6_3,2713,eqzno7cPEZeXSZkPC
    barbecue    ,Green,NA,NA,NA,No,No,No,NA,2500,625,Green,Colorful,1x1,NA,Nook's Cranny,"Available in all tiers of shops, including Timmy & Tommy before the shop is opened",1.0.0,outdoors,None,None,None,Yes,Outdoors Decor,Yes,Does not play music,No lighting,For sale,FtrBarbecuegrill_Remake_2_0,2_0,330,WGgHy5RPhRkTdktww
    EFFECTS RACK    ,Orange,NA,Pop logo,Sticker area,No,No,Yes,3,,1700,Yellow,Red,1x1,NA,Nook's Cranny,"Available in Nook's Cranny (upgraded only), in the unique furniture slot",1.0.0,concert,facility,None,None,No,Musical Instrument,No,Does not play music,No lighting,For sale,FtrEffectorrack_Remake_2_6,2_6,950,QSeivumun6WPZPSTA
  RATTAN WARDROBE  ,Brown,NA,NA,NA,No,No,No,NA,6900,1725,Brown,Brown,1x1,NA,Nook's Cranny,"Available in Nook's Cranny (upgraded only), in the unique furniture slot",1.0.0,living room,None,rattan,None,Wardrobe,Chest,No,Does not play music,No lighting,For sale,FtrRattanClosetLR_Remake_0_0,0_0,4049,msDoL8DzxRytjnPTL
  public bench  ,Green,NA,NA,NA,No,No,No,NA,,10000,Green,Green,2x1,2000,Nook Miles Shop,,1.0.0,facility,None,None,None,Yes,Sofa,Yes,Does not play music,No lighting,Not for sale,FtrPublicbench_Remake_1_0,1_0,3346,BQ6Mb8t68EqegvYCo
DRUM SET,Evergreen,NA,Smooth white,Bass drum head,No,No,Yes,2,,,Green,White,2x1,NA,Nook's Cranny,"Available in Nook's Cranny (upgraded only), in the unique furniture slot",1.0.0,concert,None,None,None,Yes,Musical Instrument,No,Does not play music,No lighting,For sale,FtrDrumSet_Remake_6_0,6_0,1803,2Mepf3AwxNtbuQpPd
  destinations signpost  ,Marine,Color,NA,NA,Yes,Yes,No,2,NFS,1440,Blue,Light blue,1.5x1.5,NA,Crafting,,1.0.0,garden,None,None,None,No,Vehicle,Yes,Does not play music,No lighting,Not for sale,FtrSignpostWorld_Remake_4_0,4_0,4309,6pPenvDaQzLmMrqzw
    FOLDING FLOOR LAMP    ,Blue,NA,NA,NA,No,No,No,NA,1900,475,Blue,Blue,1x1,NA,Nook's Cranny,"Available in Nook's Cranny (upgraded only), in the unique furniture slot",1.0.0,child's room,living room,None,None,Yes,Lamp,No,Does not play music,Spotlight,For sale,FtrLampArm_Remake_4_0,4_0,4014,i7kf6PsMey8oZjTpQ
  TALL LANTERN  ,Natural,Stone,NA,NA,Yes,Yes,No,4,NFS,2700,Gray,Gray,1x1,NA,Crafting,,1.0.0,zen-style,None,None,None,Yes,Japanese Style,Yes,Does not play music,Candle,Not for sale,FtrStonelantern_Remake_0_0,0_0,676,A3hCGrsYLuaM3kLWT
beach towel,NA,NA,Yellow,Towel,No,No,Yes,1,,95,Yellow,Yellow,2x1,NA,Nook's Cranny,"Available in all tiers of shops, including Timmy & Tommy before the shop is opened",1.0.0,ocean,None,None,None,Yes,Bed,Yes,Does not play music,No lighting,For sale,FtrBeachtowel_Remake_0_5,0_5,3468,Wpu4ZevwHsFv6aiL4
    bunk bed    ,Black,NA,Striped,Bedding,No,No,Yes,2,,,Black,Blue,2x1,NA,Nook's Cranny,Available in Nook's Cranny (either upgrade tier) in the unique furniture slot,1.0.0,facility,None,None,None,Yes,Bed,No,Does not play music,No lighting,For sale,FtrBunkbed_Remake_1_1,1_1,8298,BXY3LX8CD8NcKeqd7
    iron hanger stand    ,Black,Body color,Navy,Shawl,Yes,Yes,Yes,4,NFS,,Black,Blue,1x1,NA,Crafting,,1.0.0,living room,None,iron,None,No,Chest,No,Does not play music,No lighting,Not for sale,FtrIronHanger_Remake_0_0,0_0,3561,o4cw5GjvQjduW6qPe
  PEACH CHAIR  ,Yellow peach,Fruit type,NA,NA,Yes,Yes,No,4,NFS,2600,Yellow,Red,1x1,NA,Crafting,,1.0.0,fancy,None,fruits,peach,Yes,Chair,No,Does not play music,No lighting,Not for sale,FtrFruitsChairPeach_Remake_1_0,1_0,4127,HvAtaJfmfnLpgG5Bp
  CONE  ,Green stripes,NA,NA,NA,No,No,No,NA,630,,Green,White,1x1,NA,Nook's Cranny,Available in Nook's Cranny (either upgrade tier) in the unique furniture slot,1.0.0,facility,garage,None,None,No,Vehicle,Yes,Does not play music,No lighting,For sale,FtrPylon_Remake_5_0,5_0,146,h9YhnWJABFKin2PW8
  simple panel  ,White,NA,Lattice,Panel design,No,No,Yes,1,810,202,White,White,1x0.5,NA,Nook's Cranny,Available in Nook's Cranny (either upgrade tier) in the unique furniture slot,1.0.0,facility,None,None,None,No,Screen,No,Does not play music,No lighting,For sale,FtrScreenSimple_Remake_2_4,2_4,5338,m2pC3dXToQF5HGHEc
  IRONWOOD BED  ,Oak,NA,Brown,Bedding,Yes,No,Yes,8,NFS,9900,Brown,Brown,2x1,NA,Crafting,,1.0.0,living room,None,ironwood,None,Yes,Bed,No,Does not play music,No lighting,Not for sale,FtrIronwoodBedS_Remake_4_2,4_2,3200,9jckHfwd2n4iJ6ELD
  RATTAN ARMCHAIR  ,Reddish brown,NA,NA,NA,No,No,No,NA,,800,Light blue,Orange,1x1,NA,Nook's Cranny,"Available in Nook's Cranny (upgraded only), in the unique furniture slot",1.0.0,living room,None,rattan,None,Yes,Sofa,No,Does not play music,No lighting,For sale,FtrRattanChairS_Remake_1_0,1_0,4053,55FsNZkT62TWG8yRM
iron garden table,Black,Body color,NA,NA,Yes,Yes,No,5,,3750,Black,Black,1x1,NA,Crafting,,1.0.0,garden,None,iron,None,No,Table,Yes,Does not play music,No lighting,Not for sale,FtrIrongardenTable_Remake_3_0,3_0,1627,6WMSu2MEhSG6epocK
WOODEN TABLE,Green,Paint color,Blue,Tablecloth,Yes,Yes,Yes,4,,1800,Green,Light blue,2x2,NA,Crafting,,1.0.0,child's room,living room,wooden,None,No,Table,No,Does not play music,No lighting,Not for sale,FtrWoodenTableL_Remake_5_3,5_3,3439,mK4dzSvcHigj4Rfh4
  rattan bed  ,Brown,NA,NA,NA,No,No,No,NA,,1800,White,Brown,2x2,NA,Nook's Cranny,"Available in Nook's Cranny (upgraded only), in the third unique furniture slot",1.0.0,living room,None,rattan,None,Yes,Bed,No,Does not play music,No lighting,For sale,FtrRattanBedW_Remake_0_0,0_0,4052,cpMzqmFqPZrnakah7
    clothesline pole    ,Blue,NA,Fish,Drying shirt,No,No,Yes,1,1100,,Light blue,Light blue,2x0.5,NA,Nook's Cranny,Available in Nook's Cranny (either upgrade tier) in the unique furniture slot,1.0.0,garden,bathroom,None,None,No,Supplies,Yes,Does not play music,No lighting,For sale,FtrClotheshorse_Remake_1_2,1_2,1778,QufzYA49JBsMH5ugW
PORTABLE TOILET,Mint,NA,NA,NA,No,No,No,NA,NFS,,Light blue,White,1x1,1000,Nook Miles Shop,,1.0.0,bathroom,facility,None,None,No,Toilet,Yes,Does not play music,No lighting,Not for sale,FtrWCPortable_Remake_0_0,0_0,1234,nZJPp7yj9c4QqNpA7
DIGITAL SCALE,Brown,NA,Wood,Design,No,No,Yes,1,,,Brown,Yellow,1x1,NA,Nook's Cranny,Available in Nook's Cranny (either upgrade tier) in the unique furniture slot,1.0.0,bathroom,None,None,None,No,Bathroom Things,No,Does not play music,No lighting,For sale,FtrWeightscale_Remake_6_4,6_4,3307,dzKFTMPehMyZYgeAk
  stall  ,Black,Variation,Colorful,Curtain,Yes,Yes,Yes,3,NFS,1440,Black,Colorful,2x1,NA,Crafting,,1.0.0,shop,party,None,None,No,Shop,Yes,Does not play music,No lighting,Not for sale,FtrFloat_Remake_6_3,6_3,3617,nfMWFWduMxACEbdJf
  WOODEN DOUBLE BED  ,Cherry wood,Paint color,Blue,Bedding,Yes,Yes,Yes,6,NFS,,Orange,Light blue,2x2,NA,Crafting,,1.0.0,child's room,living room,wooden,None,Yes,Bed,No,Does not play music,No lighting,Not for sale,FtrWoodenBedW_Remake_2_2,2_2,7132,Kip5gkXbMgE6QjAA4
    signpost    ,Forest,Navigation,NA,NA,Yes,Yes,No,1,NFS,,Beige,Brown,1x1,NA,Crafting,,1.0.0,garden,None,None,None,No,Ranch,Yes,Does not play music,No lighting,Not for sale,FtrSignpost_Remake_1_0,1_0,3588,nzn26CFXQQf5gftH6
OCEAN SUNFISH MODEL,NA,NA,NA,NA,No,No,No,NA,NFS,,Blue,Black,2x1,NA,C.J.,Trade 3 fish to receive a model in the mail the next day,1.0.0,None,None,None,None,No,Fish,No,Does not play music,No lighting,Not for sale,FtrFishManbouToy,NA,6984,cCHf8JZN75Jr3iir8
  drum set  ,Evergreen,NA,Rock logo,Bass drum head,No,No,Yes,2,5600,1400,Green,Black,2x1,NA,Nook's Cranny,"Available in Nook's Cranny (upgraded only), in the unique furniture slot",1.0.0,concert,None,None,None,Yes,Musical Instrument,No,Does not play music,No lighting,For sale,FtrDrumSet_Remake_6_4,6_4,1803,wcQo5v5qwiMJAeGBk
  CHANGING ROOM  ,Pink,NA,Blue,Curtain,No,No,Yes,2,3700,,Pink,Light blue,1x1,NA,Nook's Cranny,"Available in Nook's Cranny (upgraded only), in the unique furniture slot",1.0.0,shop,facility,None,None,Wardrobe,Shop,No,Does not play music,No lighting,For sale,FtrFittingroom_Remake_6_7,6_7,1816,3xfiSatMq2oznqATL
    brick oven    ,Red,Brick color,NA,NA,Yes,Yes,No,6,NFS,3820,Red,Gray,1.5x1.5,NA,Crafting,,1.0.0,kitchen,shop,None,None,Yes,Kitchen,Yes,Does not play music,No lighting,Not for sale,FtrStoneoven_Remake_0_0,0_0,1157,usdo8zqCsd72rv2oM
  wooden stool  ,Dark wood,Paint color,None,Seat,Yes,Yes,Yes,2,NFS,,Brown,Brown,1x1,NA,Crafting,,1.0.0,child's room,living room,wooden,None,Yes,Chair,No,Does not play music,No lighting,Not for sale,FtrWoodenStoolS_Remake_3_0,3_0,3449,YEAR7hKqKt2AMZs4E
    PAPA BEAR    ,Floral,NA,Yellow,Ribbon,No,No,Yes,3,8500,2125,Green,Yellow,2x2,NA,Nook's Cranny,"Available in Nook's Cranny (upgraded only), in the third unique furniture slot",1.0.0,fancy,child's room,None,bear,No,Animal,No,Does not play music,No lighting,For sale,FtrBearL_Remake_3_3,3_3,1499,kggjQEhwFL2d5rFZt
bunk bed,Yellow,NA,White,Bedding,No,No,Yes,2,,,Yellow,White,2x1,NA,Nook's Cranny,Available in Nook's Cranny (either upgrade tier) in the unique furniture slot,1.0.0,facility,None,None,None,Yes,Bed,No,Does not play music,No lighting,For sale,FtrBunkbed_Remake_5_0,5_0,8298,LMFEo5rrBfYGcKrr5
    drying rack    ,Silver,NA,NA,NA,No,No,No,NA,2700,675,Gray,Colorful,2x1,NA,Nook's Cranny,Available in Nook's Cranny (either upgrade tier) in the unique furniture slot,1.0.0,garden,bathroom,None,None,No,Supplies,Yes,Does not play music,No lighting,For sale,FtrClothesstand_Remake_0_0,0_0,7789,uY72TKGgnLfokxbLX
rattan low table,White,NA,NA,NA,No,No,No,NA,2900,725,White,White,2x1,NA,Nook's Cranny,"Available in Nook's Cranny (upgraded only), in the unique furniture slot",1.0.0,living room,None,rattan,None,No,Table,No,Does not play music,No lighting,For sale,FtrRattanTableM_Remake_3_0,3_0,4054,rA8w2GJ55PuxRaGcX
  COLORFUL WHEEL  ,Two-toned numbers,NA,NA,NA,No,No,No,NA,,725,Blue,White,2x1,NA,Nook's Cranny,"Available in Nook's Cranny (upgraded only), in the unique furniture slot",1.0.0,party,None,None,None,Yes,Toy,No,Does not play music,No lighting,For sale,FtrRoulette_Remake_1_0,1_0,1112,CETab9qadQH7DuR24
  DJ'S TURNTABLE  ,Pink,NA,Emblem logo,Flag,No,No,Yes,4,9300,2325,Pink,Green,2x1,NA,Nook's Cranny,"Available in Nook's Cranny (upgraded only), in the unique furniture slot",1.0.0,party,concert,None,None,Yes,Musical Instrument,No,Hi-fi,No lighting,For sale,FtrDJbooth_Remake_3_4,3_4,941,Z5nWN6mMZrdfPRbrG
  BUNK BED  ,Black,NA,Checkered,Bedding,No,No,Yes,2,5000,1250,Black,Pink,2x1,NA,Nook's Cranny,Available in Nook's Cranny (either upgrade tier) in the unique furniture slot,1.0.0,facility,None,None,None,Yes,Bed,No,Does not play music,No lighting,For sale,FtrBunkbed_Remake_1_2,1_2,8298,kTEk6jrezRNyNFBDf
  refrigerator  ,White,NA,Fruits,Sticker area,No,No,Yes,2,,1275,White,Green,1x1,NA,Nook's Cranny,"Available in Nook's Cranny (upgraded only), in the unique furniture slot",1.0.0,kitchen,shop,None,None,Wardrobe,Home Appliances,No,Does not play music,No lighting,For sale,FtrRefrigerator_Remake_0_3,0_3,2713,FXBzBeHhwC6BM7AE7
  log decorative shelves  ,Orange wood,Lumber type,None,Mat,Yes,Yes,Yes,4,,,Orange,Orange,2x1,NA,Crafting,,1.0.0,garden,living room,log,None,No,Shelf,No,Does not play music,No lighting,Not for sale,FtrLogShelf_Remake_1_0,1_0,4036,92veCoMa2rsZWMabR
    pyramid    ,NA,NA,NA,NA,No,No,No,NA,NFS,2300,Beige,Beige,3x3,NA,Gulliver,,1.0.0,folk art,None,None,None,No,Folk Craft Decor,Yes,Does not play music,No lighting,Not for sale,FtrPyramid,NA,8608,A7ZHDgE65dEgvKJ4g
  plain wooden shop sign  ,Dark wood,Sign,Pet,Flier,Yes,Yes,Yes,2,NFS,720,Brown,White,1x1,NA,Crafting,,1.0.0,garden,None,None,None,No,Vehicle,Yes,Does not play music,No lighting,Not for sale,FtrSignWood_Remake_2_0,2_0,3692,M33BB7ec442hGeuQS
    UPRIGHT LOCKER    ,Yellow,NA,Notes,Sticker area,No,No,Yes,2,,,Yellow,Pink,1x1,NA,Nook's Cranny,Available in Nook's Cranny (either upgrade tier) in the unique furniture slot,1.0.0,school,facility,None,None,Wardrobe,Chest,No,Does not play music,No lighting,For sale,FtrLocker_Remake_6_4,6_4,833,sJ39JJpfLCy5nvpim
  tree standee  ,Cherry blossoms,Season,NA,NA,Yes,Yes,No,3,NFS,1560,Pink,Brown,2x1,NA,Crafting,,1.0.0,school,None,None,standee,No,School,No,Does not play music,No lighting,Not for sale,FtrHariboteTree_Remake_1_0,1_0,533,XmLKnRiXvYbvmEN3D
  wooden double bed  ,Cherry wood,Paint color,Orange,Bedding,Yes,Yes,Yes,6,NFS,3600,Orange,Orange,2x2,NA,Crafting,,1.0.0,child's room,living room,wooden,None,Yes,Bed,No,Does not play music,No lighting,Not for sale,FtrWoodenBedW_Remake_2_0,2_0,7132,MATxb5uQBtzGqfubv
CONE,Caution stripes,NA,NA,NA,No,No,No,NA,,,Yellow,Black,1x1,NA,Nook's Cranny,Available in Nook's Cranny (either upgrade tier) in the unique furniture slot,1.0.0,facility,garage,None,None,No,Vehicle,Yes,Does not play music,No lighting,For sale,FtrPylon_Remake_7_0,7_0,146,zXSvmZowqMXqqr4WY
  loft bed with desk  ,Natural,NA,Yellow,Bedding,No,No,Yes,3,7700,,Beige,Yellow,2x1,NA,Nook's Cranny,"Available in Nook's Cranny (upgraded only), in the unique furniture slot",1.0.0,child's room,None,None,None,Yes,Desk,No,Does not play music,No lighting,For sale,FtrBeddesk_Remake_0_4,0_4,3621,NTHpFxJuuu7SWad4Y
    drink machine    ,Pink,NA,Sale,Advertisement panel,No,No,Yes,7,,,Pink,Green,1x1,2000,Nook Miles Shop,,1.0.0,shop,facility,None,None,Yes,Facility Decor,Yes,Does not play music,Monitor,Not for sale,FtrDrinkmachine_Remake_5_2,5_2,1802,9rwSiPhTuvpByno74
  UPRIGHT LOCKER  ,Green,NA,None,Sticker area,No,No,Yes,2,3700,,Green,Green,1x1,NA,Nook's Cranny,Available in Nook's Cranny (either upgrade tier) in the unique furniture slot,1.0.0,school,facility,None,None,Wardrobe,Chest,No,Does not play music,No lighting,For sale,FtrLocker_Remake_5_0,5_0,833,GDzC7sYpJu7WQm4Au
  UPRIGHT LOCKER  ,Yellow,NA,None,Sticker area,No,No,Yes,2,3700,925,Yellow,Yellow,1x1,NA,Nook's Cranny,Available in Nook's Cranny (either upgrade tier) in the unique furniture slot,1.0.0,school,facility,None,None,Wardrobe,Chest,No,Does not play music,No lighting,For sale,FtrLocker_Remake_6_0,6_0,833,EHubvKr3TuRsWh47P
    PIANO BENCH    ,Blue,NA,NA,NA,No,No,No,NA,,247,Blue,White,1x1,NA,Nook's Cranny,Available in Nook's Cranny (either upgrade tier) in the unique furniture slot,1.0.0,music,None,None,None,Yes,Chair,No,Does not play music,No lighting,For sale,FtrPianochair_Remake_3_0,3_0,3681,7Q8BLGakxohrJ6Mq2
OUTDOOR BENCH,Blue,NA,Black,Seat,No,No,Yes,1,,,Blue,Black,2x1,NA,Nook's Cranny,Available in Nook's Cranny (either upgrade tier) in the unique furniture slot,1.0.0,outdoors,None,None,None,Yes,Sofa,Yes,Does not play music,No lighting,For sale,FtrOutdoorchairM_Remake_3_1,3_1,3947,mhHMeq4JbQ39qksyq
    throwback dino screen    ,NA,NA,NA,NA,No,No,No,NA,3600,,Yellow,Green,2x0.5,NA,Nook's Cranny,"Available in Nook's Cranny (upgraded only), in the unique furniture slot",1.0.0,child's room,None,throwback,None,No,Screen,No,Does not play music,No lighting,For sale,FtrBoyScreen,NA,4763,xeRio7R2nBFPuY4nq
GIANT TEDDY BEAR,Choco,Fabric,Giant dots,Ribbon,Yes,Yes,Yes,8,NFS,6300,Brown,Blue,3x3,NA,Crafting,,1.0.0,fancy,child's room,None,bear,No,Animal,No,Does not play music,No lighting,Not for sale,FtrBearXL_Remake_2_2,2_2,1504,kzTrnt4xA6XWoZi2R
  baby chair  ,Pink,NA,Train,Cushion,No,No,Yes,1,1200,,Pink,Colorful,1x1,NA,Nook's Cranny,Available in Nook's Cranny (either upgrade tier) in the unique furniture slot,1.0.0,child's room,None,None,None,Yes,Chair,No,Does not play music,No lighting,For sale,FtrBabychair_Remake_1_3,1_3,3305,6tfwMtaYLE5KtAQKS
street organ,Natural,NA,NA,NA,No,No,No,NA,5000,,Orange,Brown,1x1,NA,Nook's Cranny,"Available in Nook's Cranny (upgraded only), in the unique furniture slot",1.0.0,child's room,fancy,None,None,Yes,Musical Instrument,Yes,Does not play music,No lighting,For sale,FtrStreetorgan_Remake_0_0,0_0,4070,sBPMKxQc5YFp5gnbE
    lighthouse    ,Yellow,NA,NA,NA,No,No,No,NA,NFS,25000,Yellow,Yellow,2x2,5000,Nook Miles Shop,,1.0.0,ocean,garden,None,None,Yes,Seaside,Yes,Does not play music,No lighting,Not for sale,FtrLighthouse_Remake_4_0,4_0,2335,px3J4v4vMFrtq2Sjz
    outdoor bench    ,Green,NA,White,Seat,No,No,Yes,1,1300,325,Green,White,2x1,NA,Nook's Cranny,Available in Nook's Cranny (either upgrade tier) in the unique furniture slot,1.0.0,outdoors,None,None,None,Yes,Sofa,Yes,Does not play music,No lighting,For sale,FtrOutdoorchairM_Remake_2_0,2_0,3947,YQC5p4egH4ksMz8Nm
LOG ROUND TABLE,White birch,Lumber type,Quilted,Tablecloth,Yes,No,Yes,4,,,White,Light blue,2x2,NA,Crafting,,1.0.0,garden,living room,log,None,No,Table,Yes,Does not play music,No lighting,Not for sale,FtrLogTableLRound_Remake_3_4,3_4,4043,cvqQs2RkHNY9HdbsD
  PAPER LANTERN  ,Dark wood,NA,Spring,Paper,No,No,Yes,1,780,,Brown,Pink,1x1,NA,Nook's Cranny,Available in Nook's Cranny (either upgrade tier) in the unique furniture slot,1.0.0,zen-style,None,None,None,Yes,Lamp,No,Does not play music,Candle,For sale,FtrLampJapan_Remake_1_1,1_1,725,HaQJ8jRbc5JbYDJPd
cute chair,Yellow,NA,NA,NA,No,No,No,NA,4300,1075,Yellow,Orange,1x1,NA,Nook's Cranny,"Available in Nook's Cranny (upgraded only), in the unique furniture slot",1.0.0,fancy,None,cute,None,Yes,Chair,No,Does not play music,No lighting,For sale,FtrCuteChairS_Remake_2_0,2_0,3999,rQxNbx7Kk7iRvobGt
deer scare,Green bamboo,Bamboo,NA,NA,Yes,Yes,No,3,NFS,1740,Green,Gray,1x1,NA,Crafting,,1.0.0,zen-style,garden,bamboo,None,Yes,Japanese Style,Yes,Does not play music,No lighting,Not for sale,FtrShishiodoshi_Remake_0_0,0_0,677,GJQFFDJKFejKfA9xq
  clackercart  ,Pastel,Paint color,NA,NA,Yes,Yes,No,2,NFS,960,Yellow,Light blue,1x1,NA,Crafting,,1.0.0,child's room,None,None,None,No,Toy,No,Does not play music,No lighting,Not for sale,FtrKatakatatoy_Remake_4_0,4_0,80,vKZdGLE9JrxX9K4Bn
  changing room  ,Pink,NA,Yellow,Curtain,No,No,Yes,2,,,Pink,Yellow,1x1,NA,Nook's Cranny,"Available in Nook's Cranny (upgraded only), in the unique furniture slot",1.0.0,shop,facility,None,None,Wardrobe,Shop,No,Does not play music,No lighting,For sale,FtrFittingroom_Remake_6_3,6_3,1816,bf5ixLR4teRzNPv7n
  STUDIO SPOTLIGHT  ,White,NA,NA,NA,No,No,No,NA,,525,Black,White,1x1,NA,Nook's Cranny,Available in Nook's Cranny (either upgrade tier) in the unique furniture slot,1.0.0,facility,concert,None,None,Yes,Lamp,No,Does not play music,Spotlight,For sale,FtrLampSpot_Remake_0_0,0_0,7189,4APSk47ByrpviFT5M
    RATTAN BED    ,Light brown,NA,NA,NA,No,No,No,NA,,1800,Blue,Yellow,2x2,NA,Nook's Cranny,"Available in Nook's Cranny (upgraded only), in the third unique furniture slot",1.0.0,living room,None,rattan,None,Yes,Bed,No,Does not play music,No lighting,For sale,FtrRattanBedW_Remake_2_0,2_0,4052,STxK7hnGfHsR4Jyz6
LOG GARDEN LOUNGE,Dark wood,Lumber type,Quilted,Pillow,Yes,Yes,Yes,3,NFS,1440,Brown,Light blue,2x1,NA,Crafting,,1.0.0,garden,None,log,None,Yes,Bed,Yes,Does not play music,No lighting,Not for sale,FtrLogBedS_Remake_0_4,0_4,4035,HLz32buxiWqhGGZrH
    wooden stool    ,White wood,Paint color,Green,Seat,Yes,Yes,Yes,2,NFS,480,White,Green,1x1,NA,Crafting,,1.0.0,child's room,living room,wooden,None,Yes,Chair,No,Does not play music,No lighting,Not for sale,FtrWoodenStoolS_Remake_1_4,1_4,3449,wLnkHYkawSYcFrEA8
  DOUBLE SOFA  ,Dark brown,NA,NA,NA,No,No,No,NA,4300,,Brown,Brown,2x1,NA,Nook's Cranny,Available in Nook's Cranny (either upgrade tier) in the unique furniture slot,1.0.0,living room,None,None,None,Yes,Sofa,No,Does not play music,No lighting,For sale,FtrSofaL_Remake_6_0,6_0,2554,qQ7tE6QPJsup4f5SY
  harp  ,Brown,NA,NA,NA,No,No,No,NA,130000,32500,Brown,Beige,1x1,NA,Nook's Cranny,"Available in Nook's Cranny (upgraded only), in the third unique furniture slot",1.0.0,music,None,None,None,Yes,Musical Instrument,No,Does not play music,No lighting,For sale,FtrHarp_Remake_0_0,0_0,987,ZmoMv4mkhktxpRpEe
ARCADE SEAT,Gray,NA,NA,NA,No,No,No,NA,1300,,Gray,Gray,1x1,NA,Nook's Cranny,"Available in Nook's Cranny (upgraded only), in the unique furniture slot",1.0.0,facility,shop,None,None,Yes,Chair,No,Does not play music,No lighting,For sale,FtrGameChair_Remake_1_0,1_0,12207,qvAcGrMSRKdMPWZAF
    ELECTRIC GUITAR    ,Cherry,NA,Familiar logo,Sticker area,No,No,Yes,7,,,Red,Black,1x1,NA,Nook's Cranny,"Available in Nook's Cranny (upgraded only), in the third unique furniture slot",1.0.0,concert,None,None,None,Yes,Musical Instrument,No,Does not play music,No lighting,For sale,FtrElectricguitar2_Remake_2_1,2_1,1645,QLzPyKSKmNtkdfyDx
    WOODEN MINI TABLE    ,Black,Paint color,None,Tablecloth,Yes,Yes,Yes,2,NFS,,Black,Black,1x1,NA,Crafting,,1.0.0,child's room,living room,wooden,None,No,Table,No,Does not play music,No lighting,Not for sale,FtrWoodenTableMini_Remake_4_0,4_0,7133,Zk8mHcRfdRKHDubqM
  UPRIGHT LOCKER  ,White,NA,Pop,Sticker area,No,No,Yes,2,3700,,White,Colorful,1x1,NA,Nook's Cranny,Available in Nook's Cranny (either upgrade tier) in the unique furniture slot,1.0.0,school,facility,None,None,Wardrobe,Chest,No,Does not play music,No lighting,For sale,FtrLocker_Remake_1_3,1_3,833,jdfquAB3u2Z5rqyue
    hose reel    ,Blue,NA,NA,NA,No,No,No,NA,1400,350,Blue,Light blue,1x1,NA,Nook's Cranny,Available in Nook's Cranny (either upgrade tier) in the unique furniture slot,1.0.0,garden,None,None,None,No,Garden,Yes,Does not play music,No lighting,For sale,FtrHosereel_Remake_4_0,4_0,4113,YJdmC6X3jYpi95HdS
    box corner sofa    ,Magenta,NA,NA,NA,No,No,No,NA,,675,Pink,Black,1x1,NA,Nook's Cranny,"Available in Nook's Cranny (upgraded only), in the unique furniture slot",1.0.0,shop,facility,None,None,Yes,Chair,No,Does not play music,No lighting,For sale,FtrBoxsofaCorner_Remake_5_0,5_0,1853,siJ82w3yih5Y5snpM
  red corner  ,NA,NA,Red,Ring curtain,No,No,Yes,3,6100,1525,White,Red,2x2,NA,Nook's Cranny,"Available in Nook's Cranny (upgraded only), in the third unique furniture slot",1.0.0,fitness,None,None,sports ring,Yes,Sports,No,Does not play music,No lighting,For sale,FtrRingcornerRed_Remake_0_1,0_1,7151,DZiq89QGz3rHF9Gqa
  changing room  ,Blue,NA,White,Curtain,No,No,Yes,2,,925,Blue,White,1x1,NA,Nook's Cranny,"Available in Nook's Cranny (upgraded only), in the unique furniture slot",1.0.0,shop,facility,None,None,Wardrobe,Shop,No,Does not play music,No lighting,For sale,FtrFittingroom_Remake_5_0,5_0,1816,9NcRAwMhgZQhSmTKA
mush partition,Yellow mushroom,Mushroom type,NA,NA,Yes,Yes,No,3,NFS,1800,Orange,Beige,2x1,NA,Crafting,,1.0.0,garden,None,mush,None,No,Screen,Yes,Does not play music,No lighting,Not for sale,FtrMushroomScreen_Remake_4_0,4_0,3806,W4sTXojRHHQrvHnXi
  TIRE TOY  ,Blue,Tire color,NA,NA,Yes,Yes,No,1,,20,Blue,Blue,1x1,NA,Crafting,,1.0.0,garden,None,None,None,Yes,Playground,Yes,Does not play music,No lighting,Not for sale,FtrPlayingtire_Remake_4_0,4_0,2329,fn5X7oGh3d7BryGPJ
  WOODEN STOOL  ,Black,Paint color,None,Seat,Yes,Yes,Yes,2,,480,Black,Black,1x1,NA,Crafting,,1.0.0,child's room,living room,wooden,None,Yes,Chair,No,Does not play music,No lighting,Not for sale,FtrWoodenStoolS_Remake_4_0,4_0,3449,h6aDnCDz4hqZ6vmmR
upright locker,Black,NA,Cool,Sticker area,No,No,Yes,2,3700,925,Black,Black,1x1,NA,Nook's Cranny,Available in Nook's Cranny (either upgrade tier) in the unique furniture slot,1.0.0,school,facility,None,None,Wardrobe,Chest,No,Does not play music,No lighting,For sale,FtrLocker_Remake_2_1,2_1,833,o4gdQzGtqK58vgw6r
  wedding welcome board  ,Cute,Easel,Reese & Cyrus,Board,No,Yes,Yes,2,1500,375,Pink,White,1x1,NA,Wedding Season,,1.2.0,party,expensive,wedding,None,No,Shop,No,Does not play music,No lighting,Not for sale,FtrWeddingBoard_Remake_0_1,0_1,12410,QWELx7N7S9zF7NqNC
  AIR CIRCULATOR  ,Pink,NA,NA,NA,No,No,No,NA,1100,,Pink,Pink,1x1,NA,Nook's Cranny,Available in Nook's Cranny (either upgrade tier) in the unique furniture slot,1.0.0,living room,office,None,None,Yes,Fan,Yes,Does not play music,No lighting,For sale,FtrCirculator_Remake_2_0,2_0,3821,uAY6FFGdXWeAG9gMa
SIMPLE PANEL,Light brown,NA,Horizontal planks,Panel design,No,No,Yes,1,810,202,Beige,Brown,1x0.5,NA,Nook's Cranny,Available in Nook's Cranny (either upgrade tier) in the unique furniture slot,1.0.0,facility,None,None,None,No,Screen,No,Does not play music,No lighting,For sale,FtrScreenSimple_Remake_4_3,4_3,5338,GpDFDmGNqtBaTx9nG
  outdoor table  ,Blue,NA,Green,Table,No,No,Yes,1,,550,Blue,Green,2x1,NA,Nook's Cranny,Available in Nook's Cranny (either upgrade tier) in the unique furniture slot,1.0.0,outdoors,None,None,None,No,Table,Yes,Does not play music,No lighting,For sale,FtrOutdoortableM_Remake_3_2,3_2,3946,kWsY32fGzqKaGhdyR
  NATURAL GARDEN TABLE  ,Oak,Tabletop,NA,NA,Yes,Yes,No,5,,,Orange,Green,2x2,NA,Crafting,,1.0.0,garden,None,None,natural,No,Table,Yes,Does not play music,No lighting,Not for sale,FtrGardenTableNatural_Remake_1_0,1_0,3396,F4ZSDbxG2w2NB8bWk
DRINK MACHINE,Black,NA,Sale,Advertisement panel,No,No,Yes,7,,10000,Brown,Green,1x1,2000,Nook Miles Shop,,1.0.0,shop,facility,None,None,Yes,Facility Decor,Yes,Does not play music,Monitor,Not for sale,FtrDrinkmachine_Remake_3_2,3_2,1802,FKkmBewqydtbahDnN
    BUNK BED    ,White,NA,Space,Bedding,No,No,Yes,2,,1250,White,Light blue,2x1,NA,Nook's Cranny,Available in Nook's Cranny (either upgrade tier) in the unique furniture slot,1.0.0,facility,None,None,None,Yes,Bed,No,Does not play music,No lighting,For sale,FtrBunkbed_Remake_2_3,2_3,8298,LzDEr5vdeBiNE6LmF
LOG EXTRA-LONG SOFA,Orange wood,Lumber type,Bears,Cushions,Yes,Yes,Yes,4,,,Orange,Brown,2x1,NA,Crafting,,1.0.0,garden,living room,log,None,Yes,Sofa,No,Does not play music,No lighting,Not for sale,FtrLogSofaL_Remake_1_3,1_3,4044,xG66cS9vegGfemr4X
    CHANGING ROOM    ,Green,NA,White,Curtain,No,No,Yes,2,,,Light blue,White,1x1,NA,Nook's Cranny,"Available in Nook's Cranny (upgraded only), in the unique furniture slot",1.0.0,shop,facility,None,None,Wardrobe,Shop,No,Does not play music,No lighting,For sale,FtrFittingroom_Remake_7_0,7_0,1816,oXnHqjdPy8h67dBNA
  log decorative shelves  ,White wood,Lumber type,Geometric print,Mat,Yes,Yes,Yes,4,NFS,1560,Beige,Colorful,2x1,NA,Crafting,,1.0.0,garden,living room,log,None,No,Shelf,No,Does not play music,No lighting,Not for sale,FtrLogShelf_Remake_2_2,2_2,4036,avgbzA8cEguPhxBHm
  festive tree  ,Colorful,Design,NA,NA,Yes,Yes,No,2,,1400,Green,Colorful,1x1,NA,Crafting,,1.0.0,party,fancy,festive,None,Yes,Seasonal Decor,No,Does not play music,No lighting,Not for sale,FtrTreeXmasS_Remake_0_0,0_0,3991,gSuzw3t2w9nxp8vue
  simple panel  ,Copper,NA,Concrete,Panel design,No,No,Yes,1,,202,Brown,Gray,1x0.5,NA,Nook's Cranny,Available in Nook's Cranny (either upgrade tier) in the unique furniture slot,1.0.0,facility,None,None,None,No,Screen,No,Does not play music,No lighting,For sale,FtrScreenSimple_Remake_5_6,5_6,5338,wnHGeSi88NZQz2For
  PET BED  ,White,NA,Floral,Cushion,No,No,Yes,1,,,White,Green,1x1,NA,Nook's Cranny,Available in Nook's Cranny (either upgrade tier) in the unique furniture slot,1.0.0,living room,None,None,pet,Yes,Chair,No,Does not play music,No lighting,For sale,FtrPetBed_Remake_2_4,2_4,7802,P3cFcQgxKMRnSvKY9
  standard umbrella stand  ,White,Body color,Dots,Favorite umbrella,Yes,Yes,Yes,4,,2250,White,Green,1x1,NA,Crafting,,1.0.0,school,office,None,None,No,Supplies,No,Does not play music,No lighting,Not for sale,FtrUmbrellastand_Remake_1_1,1_1,3445,63njdNNQPcQAiqjsH
  HAMMOCK  ,Pink,NA,Hibiscus flowers,Cloth,No,No,Yes,1,1300,325,Pink,Light blue,2x1,NA,Nook's Cranny,"Available in all tiers of shops, including Timmy & Tommy before the shop is opened",1.0.0,outdoors,None,None,None,Yes,Bed,Yes,Does not play music,No lighting,For sale,FtrHammock_Remake_4_2,4_2,1620,WXwNZCNnwayCJsEcD
  SOFT-SERVE LAMP  ,Vanilla,NA,NA,NA,No,No,No,NA,3000,750,White,Beige,1x1,NA,Nook's Cranny,"Available in Nook's Cranny (upgraded only), in the unique furniture slot",1.0.0,shop,fancy,None,None,Yes,Lamp,Yes,Does not play music,Fluorescent,For sale,FtrLampSoftcream_Remake_0_0,0_0,3416,oPiLmz49MQzTRDmxX
  outdoor table  ,Blue,NA,Orange,Table,No,No,Yes,1,2200,550,Blue,Orange,2x1,NA,Nook's Cranny,Available in Nook's Cranny (either upgrade tier) in the unique furniture slot,1.0.0,outdoors,None,None,None,No,Table,Yes,Does not play music,No lighting,For sale,FtrOutdoortableM_Remake_3_4,3_4,3946,7s7iX6Zy6LdqKKSzh
  drum set  ,Pearl white,NA,Vintage logo,Bass drum head,No,No,Yes,2,5600,1400,White,Beige,2x1,NA,Nook's Cranny,"Available in Nook's Cranny (upgraded only), in the unique furniture slot",1.0.0,concert,None,None,None,Yes,Musical Instrument,No,Does not play music,No lighting,For sale,FtrDrumSet_Remake_2_5,2_5,1803,TomLT6ErqvhtyHWBD
antique console table,Brown,NA,NA,NA,No,No,No,NA,17000,4250,Brown,Brown,2x1,NA,Nook's Cranny,"Available in Nook's Cranny (upgraded only), in the third unique furniture slot",1.0.0,living room,expensive,antique,None,No,Table,No,Does not play music,No lighting,For sale,FtrAntiqueConsole_Remake_0_0,0_0,3951,kKSfnnXLBk2BMbWEo
  electric guitar  ,Marine emerald,NA,Familiar logo,Sticker area,No,No,Yes,7,71000,17750,Light blue,Black,1x1,NA,Nook's Cranny,"Available in Nook's Cranny (upgraded only), in the third unique furniture slot",1.0.0,concert,None,None,None,Yes,Musical Instrument,No,Does not play music,No lighting,For sale,FtrElectricguitar2_Remake_4_1,4_1,1645,pzncLBfd29Ca2zo3M
  DESTINATIONS SIGNPOST  ,Black,Color,NA,NA,Yes,Yes,No,2,NFS,1440,Black,Black,1.5x1.5,NA,Crafting,,1.0.0,garden,None,None,None,No,Vehicle,Yes,Does not play music,No lighting,Not for sale,FtrSignpostWorld_Remake_2_0,2_0,4309,vYNvgJKCoa4SkyTPA
  THROWBACK MITT CHAIR  ,White,NA,NA,NA,No,No,No,NA,1400,,White,Black,1x1,NA,Nook's Cranny,"Available in Nook's Cranny (upgraded only), in the unique furniture slot",1.0.0,child's room,fitness,throwback,None,Yes,Chair,No,Does not play music,No lighting,For sale,FtrBoyChairS_Remake_5_0,5_0,4758,PmAJbgwZLQsfzGTsG
    ironwood cupboard    ,Walnut,Lumber type,NA,NA,Yes,Yes,No,7,NFS,9780,Brown,Black,2x1,NA,Crafting,,1.0.0,kitchen,None,ironwood,None,No,Shelf,No,Does not play music,No lighting,Not for sale,FtrIronwoodCupboard_Remake_2_0,2_0,3271,PgoMs34eLosKWtX7J
garden lantern,White,NA,NA,NA,No,No,No,NA,,350,White,White,1x1,NA,Nook's Cranny,Available in Nook's Cranny (either upgrade tier) in the unique furniture slot,1.0.0,garden,None,None,None,Yes,Lamp,Yes,Does not play music,Fluorescent,For sale,FtrLampGarden_Remake_1_0,1_0,1628,cR5NP36Pd8q7dnrxc
  freezer  ,White,NA,NA,NA,No,No,No,NA,3500,875,White,White,2x1,NA,Nook's Cranny,Available in Nook's Cranny (either upgrade tier) in the unique furniture slot,1.0.0,kitchen,shop,None,None,Wardrobe,Home Appliances,No,Does not play music,No lighting,For sale,FtrFreezer_Remake_0_0,0_0,4135,ekRn9sg5PBfZm4mRY
changing room,Black,NA,Blue,Curtain,No,No,Yes,2,3700,925,Black,Light blue,1x1,NA,Nook's Cranny,"Available in Nook's Cranny (upgraded only), in the unique furniture slot",1.0.0,shop,facility,None,None,Wardrobe,Shop,No,Does not play music,No lighting,For sale,FtrFittingroom_Remake_4_7,4_7,1816,LPLixYMcZctmRHZo6
  dj's turntable  ,Brown,NA,Pop logo,Flag,No,No,Yes,4,9300,,Orange,Yellow,2x1,NA,Nook's Cranny,"Available in Nook's Cranny (upgraded only), in the unique furniture slot",1.0.0,party,concert,None,None,Yes,Musical Instrument,No,Hi-fi,No lighting,For sale,FtrDJbooth_Remake_2_6,2_6,941,xh3cFfyK2BcnY8K48
    changing room    ,Dark brown,NA,White,Curtain,No,No,Yes,2,3700,925,Brown,White,1x1,NA,Nook's Cranny,"Available in Nook's Cranny (upgraded only), in the unique furniture slot",1.0.0,shop,facility,None,None,Wardrobe,Shop,No,Does not play music,No lighting,For sale,FtrFittingroom_Remake_3_0,3_0,1816,T3Sq38zLfr5LxhkQL
  floor lamp  ,White,NA,Orange design,Lampshade,No,No,Yes,1,,350,White,Red,1x1,NA,Nook's Cranny,"Available in Nook's Cranny (upgraded only), in the unique furniture slot",1.0.0,living room,None,None,None,Yes,Lamp,No,Does not play music,Fluorescent,For sale,FtrLamp_Remake_2_6,2_6,2561,coxxPX5MswZLThBSD
    ironwood bed    ,Old,Lumber type,Navy,Bedding,Yes,Yes,Yes,8,,9900,Brown,Black,2x1,NA,Crafting,,1.0.0,living room,None,ironwood,None,Yes,Bed,No,Does not play music,No lighting,Not for sale,FtrIronwoodBedS_Remake_3_0,3_0,3200,sxAGRSahffrnFZSRA
    FRESH COOLER    ,NA,NA,NA,NA,No,No,No,NA,NFS,450,Blue,White,2x1,NA,Fishing Tourney,,1.0.0,ocean,shop,None,None,Wardrobe,Seaside,Yes,Does not play music,No lighting,Not for sale,FtrEventobjFishBox,NA,7838,WukMCsqMzfMnY5Nm5
    cute bed    ,Yellow,NA,NA,NA,No,No,No,NA,,3000,Yellow,Orange,2x2,NA,Nook's Cranny,"Available in Nook's Cranny (upgraded only), in the third unique furniture slot",1.0.0,fancy,None,cute,None,Yes,Bed,No,Does not play music,No lighting,For sale,FtrCuteBedW_Remake_2_0,2_0,3624,K5FhQSSavu5SrALAa
  ironwood table  ,Walnut,Lumber type,NA,NA,Yes,Yes,No,7,,5940,Brown,Black,2x2,NA,Crafting,,1.0.0,living room,None,ironwood,None,No,Table,No,Does not play music,No lighting,Not for sale,FtrIronwoodTableL_Remake_2_0,2_0,3191,wyw3iF5TEsJ8Jc7XW
UPRIGHT PIANO,Walnut,NA,NA,NA,No,No,No,NA,,13250,Brown,White,2x1,NA,Nook's Cranny,"Available in Nook's Cranny (upgraded only), in the third unique furniture slot",1.0.0,music,expensive,None,None,Yes,Musical Instrument,No,Does not play music,No lighting,For sale,FtrPianoUpright_Remake_2_0,2_0,1081,CB8bbj5TD2pLcegBh
    log chair    ,Dark wood,Lumber type,None,Cushion,Yes,Yes,Yes,3,NFS,960,Brown,Brown,1x1,NA,Crafting,,1.0.0,garden,living room,log,None,Yes,Sofa,No,Does not play music,No lighting,Not for sale,FtrLogSofaS_Remake_0_0,0_0,4039,FGGhyTHbY9ez4Ez3j
    HI-FI STEREO    ,NA,NA,NA,NA,No,No,No,NA,,,Gray,Brown,2x1,NA,Nook's Cranny,"Available in Nook's Cranny (upgraded only), in the third unique furniture slot",1.0.0,living room,expensive,None,None,Yes,Audio,No,Hi-fi,No lighting,For sale,FtrComponentHighclass,NA,790,oiexXGSxzbSRvhnpD
    PLAYGROUND GYM    ,Blue,NA,NA,NA,No,No,No,NA,NFS,,Blue,Light blue,2x2,3000,Nook Miles Shop,,1.0.0,garden,child's room,None,None,Yes,Playground,Yes,Does not play music,No lighting,Not for sale,FtrJunglegym_Remake_3_0,3_0,3430,kLfKg7kRMR8GCcJ86
    log chair    ,Orange wood,Lumber type,Southwestern flair,Cushion,Yes,Yes,Yes,3,NFS,,Orange,Colorful,1x1,NA,Crafting,,1.0.0,garden,living room,log,None,Yes,Sofa,No,Does not play music,No lighting,Not for sale,FtrLogSofaS_Remake_1_1,1_1,4039,xQx2BYkFgcSYH7geJ
WOODEN-BLOCK BOOKSHELF,Vivid,Block color,NA,NA,Yes,Yes,No,1,NFS,,Blue,Colorful,1x1,NA,Crafting,,1.0.0,child's room,None,wooden block,None,No,Shelf,No,Does not play music,No lighting,Not for sale,FtrBlockShelf_Remake_4_0,4_0,1558,Afrg8xv4cxbwE7awK
    HEDGE STANDEE    ,Azalea,Season,NA,NA,Yes,Yes,No,1,NFS,,Green,Pink,1x0.5,NA,Crafting,,1.0.0,school,None,None,standee,No,School,No,Does not play music,No lighting,Not for sale,FtrHariboteHedge_Remake_1_0,1_0,531,X86Q8Z8kp6YoBKkWd
  low screen  ,Brown,NA,Spring,Screen,No,No,Yes,1,870,217,Orange,Red,1x0.5,NA,Nook's Cranny,Available in Nook's Cranny (either upgrade tier) in the unique furniture slot,1.0.0,zen-style,None,None,None,No,Japanese Style,No,Does not play music,No lighting,For sale,FtrScreenJapanLow_Remake_2_1,2_1,1029,RnnvaGqwmfP2DRdyE
hedge standee,Hydrangea,Season,NA,NA,Yes,Yes,No,1,,,Green,Colorful,1x0.5,NA,Crafting,,1.0.0,school,None,None,standee,No,School,No,Does not play music,No lighting,Not for sale,FtrHariboteHedge_Remake_3_0,3_0,531,zQ9HPkyZ3FE7Xk2Qb
  WOODEN MINI TABLE  ,Light wood,Paint color,None,Tablecloth,Yes,Yes,Yes,2,NFS,720,Beige,Beige,1x1,NA,Crafting,,1.0.0,child's room,living room,wooden,None,No,Table,No,Does not play music,No lighting,Not for sale,FtrWoodenTableMini_Remake_0_0,0_0,7133,2ZDYfAQ8Y9z2XZ6wX
baby chair,Pink,NA,Bear,Cushion,No,No,Yes,1,1200,300,Pink,Colorful,1x1,NA,Nook's Cranny,Available in Nook's Cranny (either upgrade tier) in the unique furniture slot,1.0.0,child's room,None,None,None,Yes,Chair,No,Does not play music,No lighting,For sale,FtrBabychair_Remake_1_0,1_0,3305,QRHpTEn6WNZZxv8bd
    giant teddy bear    ,Floral,Fabric,Giant dots,Ribbon,Yes,Yes,Yes,8,NFS,6300,Yellow,Blue,3x3,NA,Crafting,,1.0.0,fancy,child's room,None,bear,No,Animal,No,Does not play music,No lighting,Not for sale,FtrBearXL_Remake_3_2,3_2,1504,C7twuGM3AhXZuoxcz
EFFECTS RACK,Pink,NA,None,Sticker area,No,No,Yes,3,6800,1700,Pink,Black,1x1,NA,Nook's Cranny,"Available in Nook's Cranny (upgraded only), in the unique furniture slot",1.0.0,concert,facility,None,None,No,Musical Instrument,No,Does not play music,No lighting,For sale,FtrEffectorrack_Remake_5_0,5_0,950,66emL7FKNP6KZyByb
  office desk  ,Gray,NA,NA,NA,No,No,No,NA,3600,900,Gray,Gray,2x1,NA,Nook's Cranny,"Available in Nook's Cranny (upgraded only), in the unique furniture slot",1.0.0,office,None,None,office,No,Desk,No,Does not play music,No lighting,For sale,FtrOfficeTable_Remake_3_0,3_0,840,8gt27xFDMBgCJqmbW
    REFRIGERATOR    ,Blue,NA,Rock,Sticker area,No,No,Yes,2,5100,1275,Blue,Colorful,1x1,NA,Nook's Cranny,"Available in Nook's Cranny (upgraded only), in the unique furniture slot",1.0.0,kitchen,shop,None,None,Wardrobe,Home Appliances,No,Does not play music,No lighting,For sale,FtrRefrigerator_Remake_4_2,4_2,2713,4PndJoMyqNQsotX2Z
    utility pole    ,No ads,NA,NA,NA,No,No,No,NA,NFS,5000,Gray,Gray,1x1,1000,Nook Miles Shop,,1.0.0,garden,None,None,None,No,Vehicle,Yes,Does not play music,No lighting,Not for sale,FtrTelephonepole_Remake_0_0,0_0,9619,h2QamM9j3cdE9Nwo7
  POOLSIDE BED  ,Light brown,NA,Red,Bed mat,No,No,Yes,2,,,Beige,Red,2x1,NA,Nook's Cranny,"Available in Nook's Cranny (upgraded only), in the unique furniture slot",1.0.0,ocean,expensive,None,None,Yes,Bed,Yes,Does not play music,No lighting,For sale,FtrPoolsidebed_Remake_0_3,0_3,4102,MuJvrhoy9iuNixzCY
  bamboo stopblock  ,Dried bamboo,Bamboo,NA,NA,Yes,Yes,No,1,NFS,,Yellow,Beige,1x0.5,NA,Crafting,,1.0.0,zen-style,None,bamboo,None,No,Vehicle,Yes,Does not play music,No lighting,Not for sale,FtrBambooCarstop_Remake_1_0,1_0,3556,Nx7t9hM7jhfCu5pKW
  garden faucet  ,Mosaic tile,NA,NA,NA,No,No,No,NA,,475,Light blue,White,1x1,NA,Nook's Cranny,Available in Nook's Cranny (either upgrade tier) in the unique furniture slot,1.0.0,garden,None,None,None,Yes,Garden,Yes,Does not play music,No lighting,For sale,FtrWaterview_Remake_1_0,1_0,1631,ubJZRZyMjuiypQW3G
    FIREPLACE    ,Beige,NA,NA,NA,No,No,No,NA,,1475,Beige,Beige,2x1,NA,Nook's Cranny,Available in Nook's Cranny (either upgrade tier) in the unique furniture slot,1.0.0,living room,expensive,None,None,Yes,Fireplace,No,Does not play music,No lighting,For sale,FtrFireplace_Remake_2_0,2_0,742,xkjuup2A4knmD8Ljc
  festive tree  ,Gold,Design,NA,NA,Yes,Yes,No,2,NFS,1400,Green,Yellow,1x1,NA,Crafting,,1.0.0,party,fancy,festive,None,Yes,Seasonal Decor,No,Does not play music,No lighting,Not for sale,FtrTreeXmasS_Remake_4_0,4_0,3991,vnYixrJvNXmhaSvAz
ELABORATE KIMONO STAND,Tree peonies,NA,NA,NA,No,No,No,NA,,,Light blue,White,2x1,NA,Nook's Cranny,"Available in Nook's Cranny (upgraded only), in the third unique furniture slot",1.0.0,zen-style,expensive,None,None,No,Japanese Style,No,Does not play music,No lighting,For sale,FtrKimonostandRich_Remake_1_0,1_0,7865,dnMdQFrFZZaNtd2oo
  log bed  ,Dark wood,Lumber type,Bears,Bedding,Yes,Yes,Yes,6,NFS,3600,Brown,Brown,2x2,NA,Crafting,,1.0.0,garden,living room,log,None,Yes,Bed,No,Does not play music,No lighting,Not for sale,FtrLogBedW_Remake_0_2,0_2,4041,4CMfQ9HQPaD6ytqpH
  HAMMOCK  ,Yellow,NA,Colorful,Cloth,No,No,Yes,1,,,Yellow,Colorful,2x1,NA,Nook's Cranny,"Available in all tiers of shops, including Timmy & Tommy before the shop is opened",1.0.0,outdoors,None,None,None,Yes,Bed,Yes,Does not play music,No lighting,For sale,FtrHammock_Remake_2_0,2_0,1620,zDMB2GBDBnRhaKo49
  CUTE WARDROBE  ,Sky blue,NA,NA,NA,No,No,No,NA,7300,,Light blue,Blue,1x1,NA,Nook's Cranny,"Available in Nook's Cranny (upgraded only), in the unique furniture slot",1.0.0,fancy,None,cute,None,Wardrobe,Chest,No,Does not play music,No lighting,For sale,FtrCuteClosetLR_Remake_1_0,1_0,3997,ognKckZTzCmr6djym
    wooden-block table    ,Natural,Block color,NA,NA,Yes,Yes,No,2,NFS,1320,Beige,Beige,2x2,NA,Crafting,,1.0.0,child's room,None,wooden block,None,No,Table,No,Does not play music,No lighting,Not for sale,FtrBlockTableL_Remake_0_0,0_0,1565,hTZZwsXyoPdNtciNP
  serving cart  ,White,NA,NA,NA,No,No,No,NA,,325,White,White,1x1,NA,Nook's Cranny,Available in Nook's Cranny (either upgrade tier) in the unique furniture slot,1.0.0,kitchen,shop,None,None,No,Kitchen Things,No,Does not play music,No lighting,For sale,FtrServingcart_Remake_2_0,2_0,1606,q3D4ZSmsp6Gon9cKZ
  paper lantern  ,Natural wood,NA,Summer,Paper,No,No,Yes,1,780,195,Beige,Green,1x1,NA,Nook's Cranny,Available in Nook's Cranny (either upgrade tier) in the unique furniture slot,1.0.0,zen-style,None,None,None,Yes,Lamp,No,Does not play music,Candle,For sale,FtrLampJapan_Remake_0_2,0_2,725,RW4h8LWWwjos5u4tY
    SHELL STOOL    ,Yellow,Shell color,NA,NA,Yes,Yes,No,1,,600,Yellow,Yellow,1x1,NA,Crafting,,1.0.0,ocean,None,shell,None,Yes,Chair,Yes,Does not play music,No lighting,Not for sale,FtrShellStoolS_Remake_3_0,3_0,3979,sFNyE2EFkhCbEuW23
  PAGODA  ,Dark wood,Variation,NA,NA,No,Yes,No,3,,2030,Brown,Brown,1.5x1.5,NA,Gulliver,,1.0.0,folk art,zen-style,None,None,No,Japanese Style,Yes,Does not play music,No lighting,Not for sale,FtrGojyu_Remake_2_0,2_0,688,TA9Qc3WWFsFDJd6BQ
ironwood kitchenette,Birch,Lumber type,NA,NA,Yes,Yes,No,7,NFS,7560,Beige,Gray,2x1,NA,Crafting,,1.0.0,kitchen,None,ironwood,None,No,Kitchen,No,Does not play music,No lighting,Not for sale,FtrIronwoodKitchen_Remake_0_0,0_0,3270,tD2WZckmYcuJzJaRZ
  electric kick scooter  ,Green,NA,NA,NA,No,No,No,NA,4400,1100,Green,Black,1x1,NA,Nook's Cranny,"Available in Nook's Cranny (upgraded only), in the unique furniture slot",1.0.0,child's room,garden,None,None,Yes,Sports,Yes,Does not play music,Spotlight,For sale,FtrKickboardElectric_Remake_3_0,3_0,7654,qx4X7CssgFc5rxnx2
    electric bass    ,Natural wood,NA,NA,NA,No,No,No,NA,82000,20500,Beige,Black,1x1,NA,Nook's Cranny,"Available in Nook's Cranny (upgraded only), in the third unique furniture slot",1.0.0,concert,None,None,None,Yes,Musical Instrument,No,Does not play music,No lighting,For sale,FtrElectricbass_Remake_1_0,1_0,1804,gvvYSMBKwXq3vNnAK
    WOODEN TABLE    ,Pink wood,Paint color,Blue,Tablecloth,Yes,Yes,Yes,4,NFS,1800,Pink,Blue,2x2,NA,Crafting,,1.0.0,child's room,living room,wooden,None,No,Table,No,Does not play music,No lighting,Not for sale,FtrWoodenTableL_Remake_7_3,7_3,3439,L8QSYaPobD6Cb4Jru
  SIMPLE PANEL  ,Gold,NA,Mud wall,Panel design,No,No,Yes,1,810,202,Yellow,Beige,1x0.5,NA,Nook's Cranny,Available in Nook's Cranny (either upgrade tier) in the unique furniture slot,1.0.0,facility,None,None,None,No,Screen,No,Does not play music,No lighting,For sale,FtrScreenSimple_Remake_7_5,7_5,5338,2odSa4kYc7Wwv8ZLc
long bathtub,Two-toned tile,NA,NA,NA,No,No,No,NA,7800,1950,Light blue,White,2x1,NA,Nook's Cranny,"Available in Nook's Cranny (upgraded only), in the unique furniture slot",1.0.0,bathroom,None,None,None,Yes,Bathtub,No,Does not play music,No lighting,For sale,FtrBathtub_Remake_6_0,6_0,4080,rjZJQ38S8enekwzDu
    tree's bounty big tree    ,Brown,Nut color,NA,NA,Yes,Yes,No,7,NFS,,Brown,Colorful,1x1,NA,Crafting,,1.0.0,party,fancy,tree's bounty or leaves,None,No,Seasonal Decor,Yes,Does not play music,No lighting,Not for sale,FtrNutTreeL_Remake_0_0,0_0,6080,zv2vFjCNgFskiv28D
TOURIST TELESCOPE,Black,NA,NA,NA,No,No,No,NA,NFS,10000,Black,Black,1x1,2000,Nook Miles Shop,,1.0.0,space,facility,None,None,No,Space,Yes,Does not play music,No lighting,Not for sale,FtrTelescopeSightseeing_Remake_4_0,4_0,3078,WtTcP6bQfxaQzcB5y
  THROWBACK RACE-CAR BED  ,Blue,NA,NA,NA,No,No,No,NA,,950,Blue,Black,2x1,NA,Nook's Cranny,"Available in Nook's Cranny (upgraded only), in the unique furniture slot",1.0.0,child's room,None,throwback,None,Yes,Bed,No,Does not play music,No lighting,For sale,FtrBoyBedS_Remake_1_0,1_0,4759,obiDmH9jM9P3qiRMX
  dj's turntable  ,Black,NA,Cute logo,Flag,No,No,Yes,4,9300,2325,Black,Pink,2x1,NA,Nook's Cranny,"Available in Nook's Cranny (upgraded only), in the unique furniture slot",1.0.0,party,concert,None,None,Yes,Musical Instrument,No,Hi-fi,No lighting,For sale,FtrDJbooth_Remake_0_7,0_7,941,wiDXp2jhc9gDontZd
BIDET,NA,NA,NA,NA,No,No,No,NA,1800,,White,White,1x1,NA,Nook's Cranny,"Available in Nook's Cranny (upgraded only), in the unique furniture slot",1.0.0,bathroom,None,None,None,Yes,Bathroom Things,No,Does not play music,No lighting,For sale,FtrWCBidet,NA,4098,284sKtiCqZbdDSs7G
    ANTIQUE CLOCK    ,Natural,NA,NA,NA,No,No,No,NA,,11000,Beige,Yellow,1x1,NA,Nook's Cranny,"Available in Nook's Cranny (upgraded only), in the third unique furniture slot",1.0.0,living room,expensive,antique,None,Yes,Clock,No,Does not play music,No lighting,For sale,FtrAntiqueClock_Remake_1_0,1_0,3954,aPDaateHnZ2K7rnCX
wooden stool,Cherry wood,Paint color,Orange,Seat,Yes,Yes,Yes,2,NFS,,Orange,Orange,1x1,NA,Crafting,,1.0.0,child's room,living room,wooden,None,Yes,Chair,No,Does not play music,No lighting,Not for sale,FtrWoodenStoolS_Remake_2_1,2_1,3449,KhuoZxJ7a8goJ9YWi
drink machine,Green,NA,Cute,Advertisement panel,No,No,Yes,7,NFS,,Green,White,1x1,2000,Nook Miles Shop,,1.0.0,shop,facility,None,None,Yes,Facility Decor,Yes,Does not play music,Monitor,Not for sale,FtrDrinkmachine_Remake_4_3,4_3,1802,z9F9xZfFajuxvQsNf
  baby chair  ,Green,NA,Strawberry,Cushion,No,No,Yes,1,1200,300,Green,Colorful,1x1,NA,Nook's Cranny,Available in Nook's Cranny (either upgrade tier) in the unique furniture slot,1.0.0,child's room,None,None,None,Yes,Chair,No,Does not play music,No lighting,For sale,FtrBabychair_Remake_3_1,3_1,3305,5uhAs2KBzMWDjBhhN
  WOODEN-BLOCK CHEST  ,Colorful,Block color,NA,NA,Yes,Yes,No,3,,1800,Green,Colorful,2x1,NA,Crafting,,1.0.0,child's room,None,wooden block,None,Wardrobe,Chest,No,Does not play music,No lighting,Not for sale,FtrBlockChest_Remake_2_0,2_0,1561,gA5nz2hGLvyAwaekm
GREEN-LEAF PILE,NA,NA,NA,NA,Yes,No,No,NA,NFS,600,Green,Green,1.5x1.5,NA,Crafting,,1.0.0,garden,None,None,None,Yes,Plants,Yes,Does not play music,No lighting,Not for sale,FtrFallenleavesGreen,NA,4269,qJbrzJ6YvQhrtssku
TANKLESS TOILET,White,NA,NA,NA,No,No,No,NA,4100,,White,White,1x1,NA,Nook's Cranny,"Available in Nook's Cranny (upgraded only), in the unique furniture slot",1.0.0,bathroom,None,None,None,Yes,Toilet,No,Does not play music,No lighting,For sale,FtrWCTankless_Remake_0_0,0_0,2776,w6gRPdg5Fzjz52CzX
tv camera,Black,NA,NA,NA,No,No,No,NA,14000,3500,Black,Black,1x1,NA,Nook's Cranny,"Available in Nook's Cranny (upgraded only), in the third unique furniture slot",1.0.0,facility,concert,None,None,Yes,Facility Decor,No,Does not play music,No lighting,For sale,FtrCameraTV_Remake_0_0,0_0,1412,AZcyGiiYHujJKSbYb
    mush table    ,Strange mushroom,Mushroom type,NA,NA,Yes,Yes,No,3,NFS,1520,Green,White,2x2,NA,Crafting,,1.0.0,garden,None,mush,None,No,Table,Yes,Does not play music,No lighting,Not for sale,FtrMushroomTableL_Remake_2_0,2_0,808,hHy6ig4SAqq95TgYq
    gas range    ,Blue,NA,NA,NA,No,No,No,NA,3500,,Blue,Light blue,1x1,NA,Nook's Cranny,Available in Nook's Cranny (either upgrade tier) in the unique furniture slot,1.0.0,kitchen,shop,None,None,Yes,Kitchen,No,Does not play music,No lighting,For sale,FtrKitchenOven_Remake_3_0,3_0,3251,3dJLAYLRuBr6xt9Bz
    IRON GARDEN CHAIR    ,Black,Body color,NA,NA,Yes,Yes,No,3,NFS,2250,Black,Black,1x1,NA,Crafting,,1.0.0,garden,None,iron,None,Yes,Chair,Yes,Does not play music,No lighting,Not for sale,FtrIrongardenChair_Remake_3_0,3_0,1626,kRkC4TEaN9id2AuM8
  BONFIRE  ,NA,NA,NA,NA,Yes,No,No,NA,,1230,Brown,Brown,2x2,NA,Crafting,,1.0.0,outdoors,None,None,None,Yes,Fireplace,Yes,Does not play music,Candle,Not for sale,FtrCampfire,NA,1430,C9qQp8mwHeFPLe4r8
    cypress bathtub    ,Dark wood,NA,NA,NA,No,No,No,NA,13000,3250,Brown,Brown,2x2,NA,Nook's Cranny,"Available in Nook's Cranny (upgraded only), in the third unique furniture slot",1.0.0,bathroom,None,None,None,No,Bathtub,No,Does not play music,No lighting,For sale,FtrBathHinoki_Remake_2_0,2_0,7153,bHqYyWTof37iJvDT3
    long bathtub    ,Pink,NA,NA,NA,No,No,No,NA,7800,1950,Pink,White,2x1,NA,Nook's Cranny,"Available in Nook's Cranny (upgraded only), in the unique furniture slot",1.0.0,bathroom,None,None,None,Yes,Bathtub,No,Does not play music,No lighting,For sale,FtrBathtub_Remake_3_0,3_0,4080,AJyTNWmdydZ7pX7pk
  CUTE VANITY  ,Sky blue,NA,NA,NA,No,No,No,NA,,1350,Light blue,Blue,1x1,NA,Nook's Cranny,"Available in Nook's Cranny (upgraded only), in the unique furniture slot",1.0.0,fancy,None,cute,None,Yes,Dresser,No,Does not play music,No lighting,For sale,FtrCuteDresser_Remake_1_0,1_0,4001,vscpbHbALbpFEieSN
  TATAMI BED  ,Natural,NA,NA,NA,No,No,No,NA,2800,700,Yellow,Green,2x1,NA,Nook's Cranny,Available in Nook's Cranny (either upgrade tier) in the unique furniture slot,1.0.0,zen-style,None,None,None,Yes,Bed,No,Does not play music,No lighting,For sale,FtrTatamiBedS_Remake_1_0,1_0,7391,Asy6uqbJQd9XLdcKG
  oil barrel  ,Orange,NA,NA,NA,No,No,No,NA,650,162,Orange,White,1x1,NA,Nook's Cranny,"Available in all tiers of shops, including Timmy & Tommy before the shop is opened",1.0.0,garage,None,None,None,No,Vehicle,Yes,Does not play music,No lighting,For sale,FtrDrumcan_Remake_3_0,3_0,1567,xva6JeRbdeRdGiTtZ
  IRONWOOD KITCHENETTE  ,Oak,Lumber type,NA,NA,Yes,Yes,No,7,NFS,,Orange,Gray,2x1,NA,Crafting,,1.0.0,kitchen,None,ironwood,None,No,Kitchen,No,Does not play music,No lighting,Not for sale,FtrIronwoodKitchen_Remake_4_0,4_0,3270,zRM2bbMyvtfHt5J4S
loft bed with desk,Light blue,NA,Green stripes,Bedding,No,No,Yes,3,,1925,Light blue,Colorful,2x1,NA,Nook's Cranny,"Available in Nook's Cranny (upgraded only), in the unique furniture slot",1.0.0,child's room,None,None,None,Yes,Desk,No,Does not play music,No lighting,For sale,FtrBeddesk_Remake_6_6,6_6,3621,kBbDRe7GPeNfJoMrZ
  school desk  ,Beige & green,NA,NA,NA,No,No,No,NA,1100,275,Beige,Green,1x1,NA,Nook's Cranny,Available in Nook's Cranny (either upgrade tier) in the unique furniture slot,1.0.0,school,None,None,school,No,Desk,No,Does not play music,No lighting,For sale,FtrSchoolTableS_Remake_5_0,5_0,1328,YgXsaQPD7XfQb87dD
  wooden chair  ,Black,Paint color,NA,NA,Yes,Yes,No,1,NFS,720,Black,Black,1x1,NA,Crafting,,1.0.0,child's room,living room,wooden,None,Yes,Chair,No,Does not play music,No lighting,Not for sale,FtrWoodenChairS_Remake_4_0,4_0,1913,NFp6PnaL4twGEjxjt
plain wooden shop sign,Natural,Sign,Warning,Flier,Yes,Yes,Yes,2,NFS,720,Beige,Yellow,1x1,NA,Crafting,,1.0.0,garden,None,None,None,No,Vehicle,Yes,Does not play music,No lighting,Not for sale,FtrSignWood_Remake_0_3,0_3,3692,Zb6mRjCvB3QbiTbHQ
  LOG BED  ,White wood,Lumber type,Quilted,Bedding,Yes,Yes,Yes,6,NFS,,Beige,Light blue,2x2,NA,Crafting,,1.0.0,garden,living room,log,None,Yes,Bed,No,Does not play music,No lighting,Not for sale,FtrLogBedW_Remake_2_3,2_3,4041,dW2r9KtrJYpHe4NuF
  hammock  ,Yellow,NA,White,Cloth,No,No,Yes,1,,325,Yellow,White,2x1,NA,Nook's Cranny,"Available in all tiers of shops, including Timmy & Tommy before the shop is opened",1.0.0,outdoors,None,None,None,Yes,Bed,Yes,Does not play music,No lighting,For sale,FtrHammock_Remake_2_3,2_3,1620,3fkvLhdG7EFxL49NS
  KITCHEN ISLAND  ,Silver,NA,NA,NA,No,No,No,NA,,42500,Gray,Gray,2x2,NA,Nook's Cranny,"Available in Nook's Cranny (upgraded only), in the third unique furniture slot",1.0.0,kitchen,expensive,None,None,No,Kitchen,No,Does not play music,No lighting,For sale,FtrKitchenIsland_Remake_6_0,6_0,998,PAsdXFAQjygtRDKbQ
  refrigerator  ,Yellow,NA,Notices,Sticker area,No,No,Yes,2,,1275,Yellow,Colorful,1x1,NA,Nook's Cranny,"Available in Nook's Cranny (upgraded only), in the unique furniture slot",1.0.0,kitchen,shop,None,None,Wardrobe,Home Appliances,No,Does not play music,No lighting,For sale,FtrRefrigerator_Remake_3_4,3_4,2713,t9QY7ebQxHu84Gi9b
    THROWBACK ROCKET    ,Yellow,NA,NA,NA,No,No,No,NA,5900,1475,Yellow,Light blue,1x1,NA,Nook's Cranny,"Available in Nook's Cranny (upgraded only), in the unique furniture slot",1.0.0,child's room,space,throwback,None,Wardrobe,Chest,No,Does not play music,No lighting,For sale,FtrBoyClosetL_Remake_1_0,1_0,4761,QL22j4SKtN9Kjq9Ww
    log stool    ,White birch,Lumber type,NA,NA,Yes,Yes,No,1,NFS,480,White,Beige,1x1,NA,Crafting,,1.0.0,garden,None,log,None,Yes,Chair,Yes,Does not play music,No lighting,Not for sale,FtrLogStoolS_Remake_3_0,3_0,4038,MwRBDTfbBPCA62Fck
GRAND PIANO,White,NA,NA,NA,No,No,No,NA,260000,,White,White,2x2,NA,Nook's Cranny,"Available in Nook's Cranny (upgraded only), in the third unique furniture slot",1.0.0,music,expensive,None,None,Yes,Musical Instrument,No,Does not play music,No lighting,For sale,FtrPianoGrand_Remake_1_0,1_0,1875,mes9f5vjYZTDLKizk
  log bed  ,White birch,Lumber type,Geometric print,Bedding,Yes,No,Yes,6,,3600,White,Colorful,2x2,NA,Crafting,,1.0.0,garden,living room,log,None,Yes,Bed,No,Does not play music,No lighting,Not for sale,FtrLogBedW_Remake_3_1,3_1,4041,LNG2ZLzWKq9zpmvtq
  sleigh  ,White,Body color,NA,NA,Yes,Yes,No,2,NFS,960,White,Red,2x1,NA,Crafting,,1.0.0,garden,None,festive,None,Yes,Chair,Yes,Does not play music,No lighting,Not for sale,FtrSled_Remake_3_0,3_0,7281,f7LtHFY4Hhf8mxr9h
  FLOOR LAMP  ,Brown,NA,White,Lampshade,No,No,Yes,1,1400,,Brown,White,1x1,NA,Nook's Cranny,"Available in Nook's Cranny (upgraded only), in the unique furniture slot",1.0.0,living room,None,None,None,Yes,Lamp,No,Does not play music,Fluorescent,For sale,FtrLamp_Remake_1_0,1_0,2561,vwy9Lscd5hCf4HbER
    STONE ARCH    ,Natural,Color,NA,NA,Yes,Yes,No,7,NFS,13500,Gray,Gray,3x1,NA,Crafting,,1.0.0,garden,None,None,None,No,Arch,Yes,Does not play music,No lighting,Not for sale,FtrRockArch_Remake_0_0,0_0,11941,oo93sL63SPH5ikhAZ
drum set,Marine blue,NA,Rock logo,Bass drum head,No,No,Yes,2,5600,,Blue,Black,2x1,NA,Nook's Cranny,"Available in Nook's Cranny (upgraded only), in the unique furniture slot",1.0.0,concert,None,None,None,Yes,Musical Instrument,No,Does not play music,No lighting,For sale,FtrDrumSet_Remake_4_4,4_4,1803,2kPyS33rhpP2FiLm7
  Brake Tapper  ,NA,NA,NA,NA,No,No,No,NA,2700,675,Colorful,Colorful,1x1,NA,Nook Shopping Promotion,"Link Nintendo Account to Pocket Camp, then redeem a 16-digit code on your Nintendo Switch",1.1.0,facility,party,None,None,Yes,Compass,No,Does not play music,Emission,Not in catalog,FtrCompassSlot,NA,12370,uCDKo2D5M7BFw5Jzd
  drum set  ,Cosmo black,NA,Rock logo,Bass drum head,No,No,Yes,2,,,Black,Black,2x1,NA,Nook's Cranny,"Available in Nook's Cranny (upgraded only), in the unique furniture slot",1.0.0,concert,None,None,None,Yes,Musical Instrument,No,Does not play music,No lighting,For sale,FtrDrumSet_Remake_1_4,1_4,1803,oNB68dqM9aGzXMfdK
  zen cushion  ,NA,NA,Azuki red,Upholstery,No,No,Yes,1,500,,Red,Pink,1x1,NA,Nook's Cranny,Available in Nook's Cranny (either upgrade tier) in the unique furniture slot,1.0.0,zen-style,living room,None,None,Yes,Chair,No,Does not play music,No lighting,For sale,FtrCushionJapan_Remake_0_2,0_2,7047,ZstnRRu5SJGgDjdnt
    GAS RANGE    ,Black,NA,NA,NA,No,No,No,NA,,875,Black,White,1x1,NA,Nook's Cranny,Available in Nook's Cranny (either upgrade tier) in the unique furniture slot,1.0.0,kitchen,shop,None,None,Yes,Kitchen,No,Does not play music,No lighting,For sale,FtrKitchenOven_Remake_4_0,4_0,3251,m59i2Q76hiTxShquT
tree's bounty arch,White,Nut color,NA,NA,Yes,Yes,No,7,NFS,5750,White,Colorful,3x1,NA,Crafting,,1.0.0,fancy,garden,tree's bounty or leaves,None,No,Arch,Yes,Does not play music,No lighting,Not for sale,FtrNutArch_Remake_1_0,1_0,6081,aXNk3uBrgKLoHgStE
SHOWER BOOTH,Blue,NA,NA,NA,No,No,No,NA,,27500,Light blue,White,1.5x1.5,NA,Nook's Cranny,"Available in Nook's Cranny (upgraded only), in the third unique furniture slot",1.0.0,bathroom,None,None,None,No,Bathtub,No,Does not play music,No lighting,For sale,FtrShowerboothSquare_Remake_2_0,2_0,4015,tziNu8x2bFRB2za6q
    HAMMOCK    ,Brown,NA,White,Cloth,No,No,Yes,1,1300,,Brown,White,2x1,NA,Nook's Cranny,"Available in all tiers of shops, including Timmy & Tommy before the shop is opened",1.0.0,outdoors,None,None,None,Yes,Bed,Yes,Does not play music,No lighting,For sale,FtrHammock_Remake_0_3,0_3,1620,8nWxKN4H6PJsfga3S
  FROZEN BED  ,Ice green,Illumination,Gray,Bedding,Yes,Yes,Yes,8,NFS,,Green,Gray,2x2,NA,Crafting,,1.0.0,freezing cold,None,frozen,None,Yes,Bed,Yes,Does not play music,No lighting,Not for sale,FtrIceBedW_Remake_5_2,5_2,3502,dqD9wAPeA7XegHfej
    RATTAN END TABLE    ,Brown,NA,NA,NA,No,No,No,NA,4300,1075,Brown,Brown,1x1,NA,Nook's Cranny,"Available in Nook's Cranny (upgraded only), in the unique furniture slot",1.0.0,living room,None,rattan,None,No,Table,No,Does not play music,No lighting,For sale,FtrRattanTableS_Remake_0_0,0_0,4046,NJAEsvipK3Xj2xfAj
  frozen bed  ,Ice orange,Illumination,Dark brown,Bedding,Yes,Yes,Yes,8,NFS,,Orange,Brown,2x2,NA,Crafting,,1.0.0,freezing cold,None,frozen,None,Yes,Bed,Yes,Does not play music,No lighting,Not for sale,FtrIceBedW_Remake_4_3,4_3,3502,ohZ5WgQtd8QR7gxbh
  STALL  ,Gray,Variation,Waves,Curtain,Yes,Yes,Yes,3,NFS,1440,Gray,Blue,2x1,NA,Crafting,,1.0.0,shop,party,None,None,No,Shop,Yes,Does not play music,No lighting,Not for sale,FtrFloat_Remake_7_4,7_4,3617,Wnt4RHghxe3RHfLhb
    GIANT TEDDY BEAR    ,Choco,Fabric,White,Ribbon,Yes,Yes,Yes,8,,6300,Brown,White,3x3,NA,Crafting,,1.0.0,fancy,child's room,None,bear,No,Animal,No,Does not play music,No lighting,Not for sale,FtrBearXL_Remake_2_1,2_1,1504,nPAgMhNqerRNgv5rS
    LOFT BED WITH DESK    ,Black,NA,Orange,Bedding,No,No,Yes,3,7700,1925,Black,Orange,2x1,NA,Nook's Cranny,"Available in Nook's Cranny (upgraded only), in the unique furniture slot",1.0.0,child's room,None,None,None,Yes,Desk,No,Does not play music,No lighting,For sale,FtrBeddesk_Remake_3_3,3_3,3621,6FZD2mtRtyMFmvPQR
    WOODEN CHEST    ,Pink wood,Paint color,NA,NA,Yes,Yes,No,3,,1920,Pink,Pink,2x1,NA,Crafting,,1.0.0,child's room,living room,wooden,None,Wardrobe,Chest,No,Does not play music,No lighting,Not for sale,FtrWoodenChest_Remake_7_0,7_0,2560,T4zhzcmaZ9torAaLJ
electric guitar,Cosmo black,NA,Familiar logo,Sticker area,No,No,Yes,7,,17750,Black,Black,1x1,NA,Nook's Cranny,"Available in Nook's Cranny (upgraded only), in the third unique furniture slot",1.0.0,concert,None,None,None,Yes,Musical Instrument,No,Does not play music,No lighting,For sale,FtrElectricguitar2_Remake_6_1,6_1,1645,TfhkPDHibDHXHTmDM
  BARBELL  ,Colorful,Plate color,NA,NA,Yes,Yes,No,7,,7500,Colorful,Gray,2x1,NA,Crafting,,1.0.0,fitness,None,None,None,No,Sports,No,Does not play music,No lighting,Not for sale,FtrBarbell_Remake_3_0,3_0,4078,dtmmNs3ZGLAjSK7zJ
  WOODEN-BLOCK BENCH  ,Vivid,Block color,NA,NA,Yes,Yes,No,2,,,Blue,Colorful,2x1,NA,Crafting,,1.0.0,child's room,None,wooden block,None,Yes,Sofa,No,Does not play music,No lighting,Not for sale,FtrBlockChairL_Remake_4_0,4_0,1559,HArf6yAmhCwu7KKn5
electric guitar,Natural wood,NA,Cute logo,Sticker area,No,No,Yes,7,71000,17750,Beige,Pink,1x1,NA,Nook's Cranny,"Available in Nook's Cranny (upgraded only), in the third unique furniture slot",1.0.0,concert,None,None,None,Yes,Musical Instrument,No,Does not play music,No lighting,For sale,FtrElectricguitar2_Remake_1_7,1_7,1645,SRK6K84BLuMNGFZbw
    drink machine    ,Pink,NA,Cute,Advertisement panel,No,No,Yes,7,NFS,10000,Pink,White,1x1,2000,Nook Miles Shop,,1.0.0,shop,facility,None,None,Yes,Facility Decor,Yes,Does not play music,Monitor,Not for sale,FtrDrinkmachine_Remake_5_3,5_3,1802,5YRKzJ4SAbrvhh52C
wooden table,Light wood,Paint color,Orange,Tablecloth,Yes,Yes,Yes,4,,,Beige,Orange,2x2,NA,Crafting,,1.0.0,child's room,living room,wooden,None,No,Table,No,Does not play music,No lighting,Not for sale,FtrWoodenTableL_Remake_0_1,0_1,3439,dfydyaDxvz6AvsiFG
simple panel,Copper,NA,Plain panel,Panel design,No,No,Yes,1,810,202,Brown,Gray,1x0.5,NA,Nook's Cranny,Available in Nook's Cranny (either upgrade tier) in the unique furniture slot,1.0.0,facility,None,None,None,No,Screen,No,Does not play music,No lighting,For sale,FtrScreenSimple_Remake_5_0,5_0,5338,vrnHmtpXnnRELYRz7
  BUNK BED  ,Blue,NA,Checkered,Bedding,No,No,Yes,2,5000,1250,Blue,Pink,2x1,NA,Nook's Cranny,Available in Nook's Cranny (either upgrade tier) in the unique furniture slot,1.0.0,facility,None,None,None,Yes,Bed,No,Does not play music,No lighting,For sale,FtrBunkbed_Remake_4_2,4_2,8298,v283X5CXTe4bZEpnc
    BABY CHAIR    ,Red,NA,Strawberry,Cushion,No,No,Yes,1,1200,300,Red,Colorful,1x1,NA,Nook's Cranny,Available in Nook's Cranny (either upgrade tier) in the unique furniture slot,1.0.0,child's room,None,None,None,Yes,Chair,No,Does not play music,No lighting,For sale,FtrBabychair_Remake_0_1,0_1,3305,Mzjo4jFrqZdhCPTR3
simple panel,Brown,NA,Concrete,Panel design,No,No,Yes,1,810,202,Orange,Gray,1x0.5,NA,Nook's Cranny,Available in Nook's Cranny (either upgrade tier) in the unique furniture slot,1.0.0,facility,None,None,None,No,Screen,No,Does not play music,No lighting,For sale,FtrScreenSimple_Remake_3_6,3_6,5338,JMokCcB5CnivqSrYz
    changing room    ,Green,NA,Green,Curtain,No,No,Yes,2,3700,925,Light blue,Green,1x1,NA,Nook's Cranny,"Available in Nook's Cranny (upgraded only), in the unique furniture slot",1.0.0,shop,facility,None,None,Wardrobe,Shop,No,Does not play music,No lighting,For sale,FtrFittingroom_Remake_7_6,7_6,1816,p3kGt6hYz7vGyZnM9
  TOOL CART  ,Green,NA,NA,NA,No,No,No,NA,,600,Green,Black,1x1,NA,Nook's Cranny,Available in Nook's Cranny (either upgrade tier) in the unique furniture slot,1.0.0,garage,None,None,None,No,Table,No,Does not play music,No lighting,For sale,FtrToolcart_Remake_3_0,3_0,7528,hyjztiwr43os3LCRx
  REFRIGERATOR  ,Brown,NA,Cute,Sticker area,No,No,Yes,2,5100,1275,Brown,Pink,1x1,NA,Nook's Cranny,"Available in Nook's Cranny (upgraded only), in the unique furniture slot",1.0.0,kitchen,shop,None,None,Wardrobe,Home Appliances,No,Does not play music,No lighting,For sale,FtrRefrigerator_Remake_5_1,5_1,2713,DwQfbKndtNDLhLLCw
    wooden mini table    ,Dark wood,Paint color,Green,Tablecloth,Yes,Yes,Yes,2,NFS,720,Brown,Green,1x1,NA,Crafting,,1.0.0,child's room,living room,wooden,None,No,Table,No,Does not play music,No lighting,Not for sale,FtrWoodenTableMini_Remake_3_4,3_4,7133,xwzxgoToBBjaw6mej
changing room,Green,NA,Blue,Curtain,No,No,Yes,2,3700,,Light blue,Light blue,1x1,NA,Nook's Cranny,"Available in Nook's Cranny (upgraded only), in the unique furniture slot",1.0.0,shop,facility,None,None,Wardrobe,Shop,No,Does not play music,No lighting,For sale,FtrFittingroom_Remake_7_7,7_7,1816,rTLYHFcFnnLAxY9yp
  ironwood chair  ,Teak,Lumber type,NA,NA,Yes,Yes,No,3,NFS,1860,Orange,Black,1x1,NA,Crafting,,1.0.0,living room,None,ironwood,None,Yes,Chair,No,Does not play music,No lighting,Not for sale,FtrIronwoodChairS_Remake_1_0,1_0,3193,tEPjPMZPJbwg9no8y
  wooden simple bed  ,Green,Paint color,Blue,Bedding,Yes,Yes,Yes,4,,2160,Green,Light blue,2x1,NA,Crafting,,1.0.0,child's room,living room,wooden,None,Yes,Bed,No,Does not play music,No lighting,Not for sale,FtrWoodenBedS_Remake_5_2,5_2,2605,tjQTKPquzyazxK2Rq
    outdoor bench    ,Blue,NA,Blue,Seat,No,No,Yes,1,,325,Blue,Blue,2x1,NA,Nook's Cranny,Available in Nook's Cranny (either upgrade tier) in the unique furniture slot,1.0.0,outdoors,None,None,None,Yes,Sofa,Yes,Does not play music,No lighting,For sale,FtrOutdoorchairM_Remake_3_3,3_3,3947,rnGtXnvKiasjZfHdz
diner counter table,Aquamarine,NA,NA,NA,No,No,No,NA,,1500,Green,Gray,2x1,NA,Nook's Cranny,"Available in Nook's Cranny (upgraded only), in the unique furniture slot",1.0.0,shop,None,diner,None,No,Table,No,Does not play music,No lighting,For sale,FtrAmeretroCounter_Remake_3_0,3_0,4139,6MCQN5LWwjwdRkf9Z
    poolside bed    ,Brown,NA,Blue,Bed mat,No,No,Yes,2,3400,,Orange,Blue,2x1,NA,Nook's Cranny,"Available in Nook's Cranny (upgraded only), in the unique furniture slot",1.0.0,ocean,expensive,None,None,Yes,Bed,Yes,Does not play music,No lighting,For sale,FtrPoolsidebed_Remake_1_2,1_2,4102,uDTfZW3c4dfBoYkit
IMPERIAL LOW TABLE,Blue,NA,NA,NA,No,No,No,NA,,925,Blue,Blue,2x1,NA,Nook's Cranny,"Available in Nook's Cranny (upgraded only), in the unique furniture slot",1.0.0,zen-style,None,zen,None,No,Table,No,Does not play music,No lighting,For sale,FtrOrientalTableM_Remake_1_0,1_0,3974,dypprqwTkEgETHidX
  mush partition  ,White mushroom,Mushroom type,NA,NA,Yes,Yes,No,3,NFS,,White,White,2x1,NA,Crafting,,1.0.0,garden,None,mush,None,No,Screen,Yes,Does not play music,No lighting,Not for sale,FtrMushroomScreen_Remake_1_0,1_0,3806,HT9LKiBrKtNdDFmh9
  electric guitar  ,Marine emerald,NA,Handwritten logo,Sticker area,No,No,Yes,7,71000,,Light blue,Light blue,1x1,NA,Nook's Cranny,"Available in Nook's Cranny (upgraded only), in the third unique furniture slot",1.0.0,concert,None,None,None,Yes,Musical Instrument,No,Does not play music,No lighting,For sale,FtrElectricguitar2_Remake_4_5,4_5,1645,QZPqMLbjQnxde2hRn
  wooden table  ,Green,Paint color,Green,Tablecloth,Yes,Yes,Yes,4,NFS,,Green,Green,2x2,NA,Crafting,,1.0.0,child's room,living room,wooden,None,No,Table,No,Does not play music,No lighting,Not for sale,FtrWoodenTableL_Remake_5_4,5_4,3439,mCY263zoEDHFNJvAz
  rock guitar  ,Cool blue,NA,Familiar logo,Sticker area,No,No,Yes,2,3100,775,Blue,Black,1x1,NA,Nook's Cranny,Available in Nook's Cranny (either upgrade tier) in the unique furniture slot,1.0.0,concert,None,None,None,Yes,Musical Instrument,No,Does not play music,No lighting,For sale,FtrElectricguitar1_Remake_7_1,7_1,1644,Wrg35aB3MyPrbQCwB
LOG BENCH,White birch,Lumber type,NA,NA,Yes,Yes,No,1,NFS,600,White,Beige,2x1,NA,Crafting,,1.0.0,garden,None,log,None,Yes,Sofa,Yes,Does not play music,No lighting,Not for sale,FtrLogStoolL_Remake_3_0,3_0,4042,BHFw6FYJapJzftSWs
  ANTIQUE CHAIR  ,Black,NA,NA,NA,No,No,No,NA,10000,2500,Black,White,1x1,NA,Nook's Cranny,"Available in Nook's Cranny (upgraded only), in the third unique furniture slot",1.0.0,living room,expensive,antique,None,Yes,Chair,No,Does not play music,No lighting,For sale,FtrAntiqueChairS_Remake_2_0,2_0,3950,eCZttstT4S3Tr4ZSj
  TEA TABLE  ,Natural wood,Body color,NA,NA,Yes,Yes,No,2,NFS,1440,Brown,Brown,2x2,NA,Crafting,,1.0.0,zen-style,living room,None,None,No,Desk,No,Does not play music,No lighting,Not for sale,FtrDiningtableJapan_Remake_0_0,0_0,739,j8T88MeBHdDSybJjb
  tiny library  ,Wild,Paint color,NA,NA,Yes,Yes,No,2,NFS,,Brown,Beige,1x1,NA,Crafting,,1.0.0,garden,None,None,None,No,Garden,Yes,Does not play music,No lighting,Not for sale,FtrMicrolibrary_Remake_4_0,4_0,5635,atgMFWBDrCzDw8iZj
raccoon figurine,NA,NA,NA,NA,Yes,No,No,NA,NFS,,Brown,White,1x1,NA,Crafting,,1.0.0,zen-style,None,None,None,No,Japanese Style,Yes,Does not play music,No lighting,Not for sale,FtrOrnamentTanuki,NA,7452,eEb33KBJrGhHaddxJ
  WOODEN STOOL  ,White wood,Paint color,Pink,Seat,Yes,Yes,Yes,2,NFS,,White,Pink,1x1,NA,Crafting,,1.0.0,child's room,living room,wooden,None,Yes,Chair,No,Does not play music,No lighting,Not for sale,FtrWoodenStoolS_Remake_1_2,1_2,3449,nXroiorJvRbCLyGeu
    FLOOR LIGHT    ,White,NA,NA,NA,No,No,No,NA,,550,White,White,1x1,NA,Nook's Cranny,"Available in Nook's Cranny (upgraded only), in the unique furniture slot",1.0.0,facility,concert,None,None,Yes,Lamp,Yes,Does not play music,Spotlight,For sale,FtrGrandlight_Remake_0_0,0_0,7135,aYgaHfuxQkPEuaaPh
LOG DECORATIVE SHELVES,Dark wood,Lumber type,Geometric print,Mat,Yes,Yes,Yes,4,NFS,,Brown,Colorful,2x1,NA,Crafting,,1.0.0,garden,living room,log,None,No,Shelf,No,Does not play music,No lighting,Not for sale,FtrLogShelf_Remake_0_2,0_2,4036,soGmED5KCyyLvtSdA
  FUTON  ,NA,NA,Orange,Bedding,No,No,Yes,1,1600,400,White,Orange,2x1,NA,Nook's Cranny,Available in Nook's Cranny (either upgrade tier) in the unique furniture slot,1.0.0,zen-style,None,None,None,Yes,Bed,No,Does not play music,No lighting,For sale,FtrFuton_Remake_0_2,0_2,3230,5aTfGQsSnyZyBKgJr
    RETRO FAN    ,Green,NA,NA,NA,No,No,No,NA,2100,525,Green,White,1x1,NA,Nook's Cranny,Season sale item,1.0.0,living room,None,None,None,Yes,Fan,No,Does not play music,No lighting,For sale,FtrFanRetro_Remake_1_0,1_0,2736,eWdeYfEPDgSZdvzuA
  SIMPLE PANEL  ,Copper,NA,Pegboard,Panel design,No,No,Yes,1,810,,Brown,Brown,1x0.5,NA,Nook's Cranny,Available in Nook's Cranny (either upgrade tier) in the unique furniture slot,1.0.0,facility,None,None,None,No,Screen,No,Does not play music,No lighting,For sale,FtrScreenSimple_Remake_5_2,5_2,5338,gL7bXSNTQsuw26RES
OUTDOOR BENCH,Black,NA,Dark wood,Seat,No,No,Yes,1,1300,325,Black,Brown,2x1,NA,Nook's Cranny,Available in Nook's Cranny (either upgrade tier) in the unique furniture slot,1.0.0,outdoors,None,None,None,Yes,Sofa,Yes,Does not play music,No lighting,For sale,FtrOutdoorchairM_Remake_1_6,1_6,3947,RyLKPxw7MydNTbtSm
DJ'S TURNTABLE,Pink,NA,Pop logo,Flag,No,No,Yes,4,9300,2325,Pink,Yellow,2x1,NA,Nook's Cranny,"Available in Nook's Cranny (upgraded only), in the unique furniture slot",1.0.0,party,concert,None,None,Yes,Musical Instrument,No,Hi-fi,No lighting,For sale,FtrDJbooth_Remake_3_6,3_6,941,QKxdccHKrPrAL7gs3
    drum set    ,Cosmo black,NA,Smooth white,Bass drum head,No,No,Yes,2,,,Black,White,2x1,NA,Nook's Cranny,"Available in Nook's Cranny (upgraded only), in the unique furniture slot",1.0.0,concert,None,None,None,Yes,Musical Instrument,No,Does not play music,No lighting,For sale,FtrDrumSet_Remake_1_0,1_0,1803,BNviYpPKm6sdKH2Ne
    clay furnace    ,NA,NA,NA,NA,No,No,No,NA,3300,825,Beige,Brown,2x1,NA,Nook's Cranny,Available in Nook's Cranny (either upgrade tier) in the unique furniture slot,1.0.0,kitchen,zen-style,None,None,Yes,Kitchen,No,Does not play music,No lighting,For sale,FtrKitchenKamado,NA,717,T8btpFoRBR2MF9M44
loft bed with desk,Light blue,NA,Orange,Bedding,No,No,Yes,3,7700,1925,Light blue,Orange,2x1,NA,Nook's Cranny,"Available in Nook's Cranny (upgraded only), in the unique furniture slot",1.0.0,child's room,None,None,None,Yes,Desk,No,Does not play music,No lighting,For sale,FtrBeddesk_Remake_6_3,6_3,3621,fkfmA6k8kKTN7nSno
  LOG ROUND TABLE  ,Dark wood,Lumber type,None,Tablecloth,Yes,Yes,Yes,4,,1800,Brown,Brown,2x2,NA,Crafting,,1.0.0,garden,living room,log,None,No,Table,Yes,Does not play music,No lighting,Not for sale,FtrLogTableLRound_Remake_0_0,0_0,4043,eFfhgN8zEY8e7yt9C
  ELABORATE KIMONO STAND  ,Balls,NA,NA,NA,No,No,No,NA,220000,,Pink,White,2x1,NA,Nook's Cranny,"Available in Nook's Cranny (upgraded only), in the third unique furniture slot",1.0.0,zen-style,expensive,None,None,No,Japanese Style,No,Does not play music,No lighting,For sale,FtrKimonostandRich_Remake_3_0,3_0,7865,bd8weQRcvoSwuveCa
    DINER NEON SIGN    ,Purple,NA,NA,NA,No,No,No,NA,,975,Pink,Purple,2x1,NA,Nook's Cranny,"Available in Nook's Cranny (upgraded only), in the unique furniture slot",1.0.0,shop,None,diner,None,Yes,Lamp,No,Does not play music,Emission,For sale,FtrAmeretroNeon_Remake_3_0,3_0,4143,YGFgqarxT2b8gnWLg
  BAMBOO BENCH  ,Smoke-cured bamboo,Bamboo,NA,NA,Yes,Yes,No,2,NFS,1280,Brown,Brown,2x1,NA,Crafting,,1.0.0,zen-style,None,bamboo,None,Yes,Sofa,Yes,Does not play music,No lighting,Not for sale,FtrBambooChairL_Remake_2_0,2_0,710,HrbrLwoxhytQxAtgy
  clothes closet  ,White,NA,NA,NA,No,No,No,NA,3100,775,Beige,Beige,1x1,NA,Nook's Cranny,Available in Nook's Cranny (either upgrade tier) in the unique furniture slot,1.0.0,living room,None,None,None,Wardrobe,Chest,No,Does not play music,No lighting,For sale,FtrFashioncase_Remake_0_0,0_0,9502,ZDpvHRk4MPmpnMjpP
    log extra-long sofa    ,White birch,Lumber type,Southwestern flair,Cushions,Yes,No,Yes,4,NFS,1920,White,Colorful,2x1,NA,Crafting,,1.0.0,garden,living room,log,None,Yes,Sofa,No,Does not play music,No lighting,Not for sale,FtrLogSofaL_Remake_3_1,3_1,4044,tL8NyzWjbc6cK2yww
  STREETLAMP  ,Brown,NA,NA,NA,No,No,No,NA,NFS,5000,Brown,Brown,1x1,1000,Nook Miles Shop,,1.0.0,garden,None,None,None,Yes,Lamp,Yes,Does not play music,Fluorescent,Not for sale,FtrStreetlamp_Remake_1_0,1_0,3816,sqXqBzvYMNBMkBqnG
  WOODEN-BLOCK BENCH  ,Natural,Block color,NA,NA,Yes,Yes,No,2,NFS,840,Beige,Beige,2x1,NA,Crafting,,1.0.0,child's room,None,wooden block,None,Yes,Sofa,No,Does not play music,No lighting,Not for sale,FtrBlockChairL_Remake_0_0,0_0,1559,WBXFuMR4JSiRK6mgX
  baby chair  ,Green,NA,Bear,Cushion,No,No,Yes,1,,300,Green,Colorful,1x1,NA,Nook's Cranny,Available in Nook's Cranny (either upgrade tier) in the unique furniture slot,1.0.0,child's room,None,None,None,Yes,Chair,No,Does not play music,No lighting,For sale,FtrBabychair_Remake_3_0,3_0,3305,GbFytCa455MMYZwsP
    plain wooden shop sign    ,Dark wood,NA,Wanted,Flier,Yes,No,Yes,2,NFS,720,Brown,Brown,1x1,NA,Crafting,,1.0.0,garden,None,None,None,No,Vehicle,Yes,Does not play music,No lighting,Not for sale,FtrSignWood_Remake_2_1,2_1,3692,LJhoPAqeEFdvT6DGp
drum set,Rose pink,NA,Glossy black,Bass drum head,No,No,Yes,2,,,Red,Black,2x1,NA,Nook's Cranny,"Available in Nook's Cranny (upgraded only), in the unique furniture slot",1.0.0,concert,None,None,None,Yes,Musical Instrument,No,Does not play music,No lighting,For sale,FtrDrumSet_Remake_5_1,5_1,1803,mLxY2RyRRnKxGqTgF
  snack machine  ,Red,NA,NA,NA,No,No,No,NA,NFS,10000,Red,Colorful,2x1,2000,Nook Miles Shop,,1.0.0,facility,shop,None,None,Yes,Facility Decor,Yes,Does not play music,Monitor,Not for sale,FtrFoodmachine_Remake_2_0,2_0,971,rt4p5YzfXPb2FXyef
  LOG GARDEN LOUNGE  ,Dark wood,Lumber type,Southwestern flair,Pillow,Yes,Yes,Yes,3,NFS,,Brown,Colorful,2x1,NA,Crafting,,1.0.0,garden,None,log,None,Yes,Bed,Yes,Does not play music,No lighting,Not for sale,FtrLogBedS_Remake_0_1,0_1,4035,3cmdRCq3X65ne6ENX
  AIR CIRCULATOR  ,Yellow,NA,NA,NA,No,No,No,NA,,275,Yellow,Gray,1x1,NA,Nook's Cranny,Available in Nook's Cranny (either upgrade tier) in the unique furniture slot,1.0.0,living room,office,None,None,Yes,Fan,Yes,Does not play music,No lighting,For sale,FtrCirculator_Remake_4_0,4_0,3821,5pBqNZaZWveKR6K5s
  shower booth  ,Pink,NA,NA,NA,No,No,No,NA,,,Pink,White,1.5x1.5,NA,Nook's Cranny,"Available in Nook's Cranny (upgraded only), in the third unique furniture slot",1.0.0,bathroom,None,None,None,No,Bathtub,No,Does not play music,No lighting,For sale,FtrShowerboothSquare_Remake_1_0,1_0,4015,xdvJADRhmAbWEPxNZ
  bunny day wardrobe  ,NA,NA,NA,NA,Yes,No,No,NA,NFS,1600,Yellow,Colorful,1x1,NA,Crafting,,1.1.0a,fancy,None,Bunny Day,None,Wardrobe,Chest,No,Does not play music,No lighting,Not for sale,FtrEggClosetLR,NA,12437,Ap95BqoJ6nY5yqqhQ
  FROZEN BED  ,Ice green,Illumination,Dark brown,Bedding,Yes,Yes,Yes,8,,9000,Green,Brown,2x2,NA,Crafting,,1.0.0,freezing cold,None,frozen,None,Yes,Bed,Yes,Does not play music,No lighting,Not for sale,FtrIceBedW_Remake_5_3,5_3,3502,sQJ6YYr55QZJSP3Jn
  golf bag  ,Silver,NA,NA,NA,No,No,No,NA,54000,13500,Gray,Gray,1x1,NA,Nook's Cranny,"Available in Nook's Cranny (upgraded only), in the third unique furniture slot",1.0.0,fitness,None,None,None,No,Sports,No,Does not play music,No lighting,For sale,FtrGolfbag_Remake_5_0,5_0,1632,qNLqPNDTNHjx5DsWH
  LEAF CAMPFIRE  ,None,Food,NA,NA,Yes,Yes,No,2,NFS,1330,Brown,Orange,1x1,NA,Crafting,,1.0.0,garden,None,tree's bounty or leaves,None,Yes,Plants,Yes,Does not play music,No lighting,Not for sale,FtrFallenleavesfire_Remake_0_0,0_0,7788,2YhuuP7z6F24optaC
  wooden mini table  ,Black,Paint color,Pink,Tablecloth,Yes,Yes,Yes,2,,,Black,Pink,1x1,NA,Crafting,,1.0.0,child's room,living room,wooden,None,No,Table,No,Does not play music,No lighting,Not for sale,FtrWoodenTableMini_Remake_4_2,4_2,7133,4J2vnse3jXxhoLpsY
    wooden mini table    ,Black,Paint color,Orange,Tablecloth,Yes,Yes,Yes,2,NFS,,Black,Orange,1x1,NA,Crafting,,1.0.0,child's room,living room,wooden,None,No,Table,No,Does not play music,No lighting,Not for sale,FtrWoodenTableMini_Remake_4_1,4_1,7133,myG7i9o2YFM8Ksfoi
THROWBACK MITT CHAIR,Blue,NA,NA,NA,No,No,No,NA,1400,,Blue,White,1x1,NA,Nook's Cranny,"Available in Nook's Cranny (upgraded only), in the unique furniture slot",1.0.0,child's room,fitness,throwback,None,Yes,Chair,No,Does not play music,No lighting,For sale,FtrBoyChairS_Remake_3_0,3_0,4758,rfcCoxxZCW442nCg9
  wind turbine  ,Blue,NA,NA,NA,No,No,No,NA,,20000,White,Blue,2x1,4000,Nook Miles Shop,,1.0.0,garden,None,None,None,No,Ranch,Yes,Does not play music,No lighting,Not for sale,FtrWindturbine_Remake_0_0,0_0,7379,Yip3fJEEj2mJBzSMn
  LOG CHAIR  ,White birch,Lumber type,Quilted,Cushion,Yes,No,Yes,3,NFS,960,White,Light blue,1x1,NA,Crafting,,1.0.0,garden,living room,log,None,Yes,Sofa,No,Does not play music,No lighting,Not for sale,FtrLogSofaS_Remake_3_4,3_4,4039,728NN38nLD4y9mCWj
  shell partition  ,Pink,Shell color,NA,NA,Yes,Yes,No,7,NFS,8000,Pink,Pink,2x1,NA,Crafting,,1.0.0,ocean,None,shell,None,No,Screen,Yes,Does not play music,No lighting,Not for sale,FtrShellScreen_Remake_2_0,2_0,3978,CnsF4ycfyXihMCEz6
  THROWBACK MITT CHAIR  ,Red,NA,NA,NA,No,No,No,NA,1400,,Red,White,1x1,NA,Nook's Cranny,"Available in Nook's Cranny (upgraded only), in the unique furniture slot",1.0.0,child's room,fitness,throwback,None,Yes,Chair,No,Does not play music,No lighting,For sale,FtrBoyChairS_Remake_2_0,2_0,4758,JDEKXyM3usAdLwNRR
    TRICYCLE    ,Pink,NA,NA,NA,No,No,No,NA,1600,400,Red,Pink,1x1,NA,Nook's Cranny,Available in Nook's Cranny (either upgrade tier) in the unique furniture slot,1.0.0,garden,child's room,None,None,No,Playground,Yes,Does not play music,No lighting,For sale,FtrTricycle_Remake_1_0,1_0,1199,qs7Q9MoyJQ2ENBDiK
    LOOM    ,NA,NA,Chain print,Knitting,No,No,Yes,5,13000,,Brown,Blue,2x2,NA,Nook's Cranny,"Available in Nook's Cranny (upgraded only), in the third unique furniture slot",1.0.0,zen-style,None,None,None,Yes,Japanese Style,No,Does not play music,No lighting,For sale,FtrLoom_Remake_0_3,0_3,7681,95Z47SedPvynyqc79
    ELECTRIC GUITAR    ,Cherry,NA,None,Sticker area,No,No,Yes,7,71000,,Red,Orange,1x1,NA,Nook's Cranny,"Available in Nook's Cranny (upgraded only), in the third unique furniture slot",1.0.0,concert,None,None,None,Yes,Musical Instrument,No,Does not play music,No lighting,For sale,FtrElectricguitar2_Remake_2_0,2_0,1645,P5NaSTAKu8kF6SCLT
  REFRIGERATOR  ,Red,NA,Notices,Sticker area,No,No,Yes,2,5100,1275,Red,Colorful,1x1,NA,Nook's Cranny,"Available in Nook's Cranny (upgraded only), in the unique furniture slot",1.0.0,kitchen,shop,None,None,Wardrobe,Home Appliances,No,Does not play music,No lighting,For sale,FtrRefrigerator_Remake_1_4,1_4,2713,K8w6i8xwwano6oMuk
electric kick scooter,Blue,NA,NA,NA,No,No,No,NA,,1100,Blue,Black,1x1,NA,Nook's Cranny,"Available in Nook's Cranny (upgraded only), in the unique furniture slot",1.0.0,child's room,garden,None,None,Yes,Sports,Yes,Does not play music,Spotlight,For sale,FtrKickboardElectric_Remake_4_0,4_0,7654,umTtqaN6RgzaEXSE9
  CUTE TEA TABLE  ,Red,NA,NA,NA,No,No,No,NA,3000,,Red,White,1x1,NA,Nook's Cranny,"Available in Nook's Cranny (upgraded only), in the unique furniture slot",1.0.0,fancy,None,cute,None,No,Table,No,Does not play music,No lighting,For sale,FtrCuteTableS_Remake_3_0,3_0,4000,ZS8rtdEHSnexAEFnA
  ROCK GUITAR  ,Orange-yellow,NA,Emblem logo,Sticker area,No,No,Yes,2,,775,Yellow,Green,1x1,NA,Nook's Cranny,Available in Nook's Cranny (either upgrade tier) in the unique furniture slot,1.0.0,concert,None,None,None,Yes,Musical Instrument,No,Does not play music,No lighting,For sale,FtrElectricguitar1_Remake_4_4,4_4,1644,SdCwBjZkayJZybkLd
  mountain bike  ,Yellow,NA,NA,NA,No,No,No,NA,5100,,Yellow,Black,2x1,NA,Nook's Cranny,Available in Nook's Cranny (either upgrade tier) in the unique furniture slot,1.0.0,fitness,garden,None,None,No,Sports,Yes,Does not play music,No lighting,For sale,FtrMountainbike_Remake_1_0,1_0,2614,pSqL2dDrqKqA3rbCa
changing room,Gray,NA,Black,Curtain,No,No,Yes,2,3700,925,White,Black,1x1,NA,Nook's Cranny,"Available in Nook's Cranny (upgraded only), in the unique furniture slot",1.0.0,shop,facility,None,None,Wardrobe,Shop,No,Does not play music,No lighting,For sale,FtrFittingroom_Remake_0_2,0_2,1816,SRCSi2JJhquLSCZ8e
cypress plant,White,NA,NA,NA,No,No,No,NA,1000,,Green,White,1x1,NA,Nook's Cranny,Available in Nook's Cranny (either upgrade tier) in the unique furniture slot,1.0.0,living room,None,None,None,No,Plants,Yes,Does not play music,No lighting,For sale,FtrPlantGoldcrest_Remake_4_0,4_0,1829,EFWmm2a9CeQMF7AFc
ironwood bed,Teak,Lumber type,Blue-gray,Bedding,Yes,Yes,Yes,8,NFS,9900,Orange,Light blue,2x1,NA,Crafting,,1.0.0,living room,None,ironwood,None,Yes,Bed,No,Does not play music,No lighting,Not for sale,FtrIronwoodBedS_Remake_1_1,1_1,3200,3oiAE282ZhEH8m64h
FOLDING FLOOR LAMP,Black,NA,NA,NA,No,No,No,NA,1900,,Black,Black,1x1,NA,Nook's Cranny,"Available in Nook's Cranny (upgraded only), in the unique furniture slot",1.0.0,child's room,living room,None,None,Yes,Lamp,No,Does not play music,Spotlight,For sale,FtrLampArm_Remake_0_0,0_0,4014,NwHxqHMnAFFwbxWsT
WOODEN MINI TABLE,Green,Paint color,Green,Tablecloth,Yes,Yes,Yes,2,NFS,720,Green,Green,1x1,NA,Crafting,,1.0.0,child's room,living room,wooden,None,No,Table,No,Does not play music,No lighting,Not for sale,FtrWoodenTableMini_Remake_5_4,5_4,7133,DrwbaXgLeKsmfZa4o
wooden mini table,Black,Paint color,Green,Tablecloth,Yes,Yes,Yes,2,NFS,,Black,Green,1x1,NA,Crafting,,1.0.0,child's room,living room,wooden,None,No,Table,No,Does not play music,No lighting,Not for sale,FtrWoodenTableMini_Remake_4_4,4_4,7133,hvjYp3cMozD6wmNAT
MOUNTAIN BIKE,Green,NA,NA,NA,No,No,No,NA,5100,,Green,Black,2x1,NA,Nook's Cranny,Available in Nook's Cranny (either upgrade tier) in the unique furniture slot,1.0.0,fitness,garden,None,None,No,Sports,Yes,Does not play music,No lighting,For sale,FtrMountainbike_Remake_0_0,0_0,2614,oH4JFjjuwefekXuqZ
    springy ride-on    ,Red,NA,NA,NA,No,No,No,NA,NFS,10000,Red,Orange,1x1,2000,Nook Miles Shop,,1.0.0,facility,fancy,None,None,Yes,Playground,Yes,Does not play music,No lighting,Not for sale,FtrSpringrider_Remake_3_0,3_0,4379,bEvM7q9Wp3tjABicH
    MOUNTAIN BIKE    ,White,NA,NA,NA,No,No,No,NA,5100,1275,White,Black,2x1,NA,Nook's Cranny,Available in Nook's Cranny (either upgrade tier) in the unique furniture slot,1.0.0,fitness,garden,None,None,No,Sports,Yes,Does not play music,No lighting,For sale,FtrMountainbike_Remake_4_0,4_0,2614,iXQezwkodYJ23aqRs
  PLAIN SINK  ,White wood & tile,Design,NA,NA,Yes,Yes,No,4,,2270,Beige,White,1x1,NA,Crafting,,1.0.0,bathroom,None,None,None,Yes,Bathroom Things,No,Does not play music,No lighting,Not for sale,FtrWashstandBowl_Remake_3_0,3_0,3683,JAH92kjrezKGXZzRo
CHANGING ROOM,Brown,NA,Blue,Curtain,No,No,Yes,2,3700,925,Orange,Light blue,1x1,NA,Nook's Cranny,"Available in Nook's Cranny (upgraded only), in the unique furniture slot",1.0.0,shop,facility,None,None,Wardrobe,Shop,No,Does not play music,No lighting,For sale,FtrFittingroom_Remake_2_7,2_7,1816,rPWmGac8peyAiXo9n
    wooden stool    ,Light wood,Paint color,Pink,Seat,Yes,Yes,Yes,2,NFS,480,Beige,Pink,1x1,NA,Crafting,,1.0.0,child's room,living room,wooden,None,Yes,Chair,No,Does not play music,No lighting,Not for sale,FtrWoodenStoolS_Remake_0_2,0_2,3449,vnr24h6Fcm4Dnr9Z9
    IRON CLOSET    ,White,Body color,NA,NA,Yes,Yes,No,7,NFS,9000,White,White,1x1,NA,Crafting,,1.0.0,living room,None,iron,None,Wardrobe,Chest,No,Does not play music,No lighting,Not for sale,FtrIronClosetLR_Remake_1_0,1_0,9642,qvR4vJGDFqgXuKc8p
  log garden lounge  ,Orange wood,Lumber type,Southwestern flair,Pillow,Yes,Yes,Yes,3,,1440,Orange,Colorful,2x1,NA,Crafting,,1.0.0,garden,None,log,None,Yes,Bed,Yes,Does not play music,No lighting,Not for sale,FtrLogBedS_Remake_1_1,1_1,4035,zgDfJaBiyP7uypHYD
DIGITAL SCALE,Black,NA,Polka dots,Design,No,No,Yes,1,930,232,Black,Green,1x1,NA,Nook's Cranny,Available in Nook's Cranny (either upgrade tier) in the unique furniture slot,1.0.0,bathroom,None,None,None,No,Bathroom Things,No,Does not play music,No lighting,For sale,FtrWeightscale_Remake_1_2,1_2,3307,eL3qJfLk5XvyxvjMA
  screen  ,Plum,NA,NA,NA,No,No,No,NA,140000,35000,Yellow,Red,2x1,NA,Nook's Cranny,"Available in Nook's Cranny (upgraded only), in the third unique furniture slot",1.0.0,zen-style,expensive,None,None,No,Japanese Style,No,Does not play music,No lighting,For sale,FtrScreenByoubu_Remake_1_0,1_0,716,gKr6QZnehqhAbkuDf
  simple panel  ,White,NA,Lined panel,Panel design,No,No,Yes,1,810,,White,White,1x0.5,NA,Nook's Cranny,Available in Nook's Cranny (either upgrade tier) in the unique furniture slot,1.0.0,facility,None,None,None,No,Screen,No,Does not play music,No lighting,For sale,FtrScreenSimple_Remake_2_1,2_1,5338,W64Tv69DGcaeKGPY7
  SIMPLE PANEL  ,Gold,NA,Horizontal planks,Panel design,No,No,Yes,1,,202,Yellow,Brown,1x0.5,NA,Nook's Cranny,Available in Nook's Cranny (either upgrade tier) in the unique furniture slot,1.0.0,facility,None,None,None,No,Screen,No,Does not play music,No lighting,For sale,FtrScreenSimple_Remake_7_3,7_3,5338,TrXzDsXaTZDWyeqeC
    robot hero    ,Pink,Coating,NA,NA,Yes,Yes,No,50,NFS,250000,Pink,Black,3x3,NA,Crafting,,1.0.0,child's room,facility,None,None,Yes,Toy,Yes,Does not play music,No lighting,Not for sale,FtrHerorobot_Remake_4_0,4_0,1509,37RhqmyjhskMNsDjT
  hammock  ,White,NA,Camouflage,Cloth,No,No,Yes,1,1300,,White,Green,2x1,NA,Nook's Cranny,"Available in all tiers of shops, including Timmy & Tommy before the shop is opened",1.0.0,outdoors,None,None,None,Yes,Bed,Yes,Does not play music,No lighting,For sale,FtrHammock_Remake_5_1,5_1,1620,9W4t3Abu24bMWCFZj
  wedding table  ,Cute,Design,NA,NA,No,Yes,No,2,6000,1500,Pink,White,2x2,NA,Wedding Season,,1.2.0,party,expensive,wedding,None,Yes,Table,No,Does not play music,Candle,Not for sale,FtrWeddingTableL_Remake_0_0,0_0,12406,Kdsf5MQ8xZMpRfuLq
floor lamp,Brown,NA,Yellow design,Lampshade,No,No,Yes,1,1400,350,Brown,Yellow,1x1,NA,Nook's Cranny,"Available in Nook's Cranny (upgraded only), in the unique furniture slot",1.0.0,living room,None,None,None,Yes,Lamp,No,Does not play music,Fluorescent,For sale,FtrLamp_Remake_1_4,1_4,2561,aNbdbk2EM42cP8YJe
    MONSTERA    ,Black,NA,NA,NA,No,No,No,NA,1700,425,Black,Green,1x1,NA,Nook's Cranny,Available in Nook's Cranny (either upgrade tier) in the unique furniture slot,1.0.0,living room,None,None,None,No,Plants,No,Does not play music,No lighting,For sale,FtrPlantMonstera_Remake_0_0,0_0,4129,eN8a2au2XNYvv7Sp3
  punching bag  ,Black,NA,NA,NA,No,No,No,NA,3800,950,Black,Gray,1x1,NA,Nook's Cranny,Available in Nook's Cranny (either upgrade tier) in the unique furniture slot,1.0.0,fitness,None,None,None,Yes,Sports,No,Does not play music,No lighting,For sale,FtrSandbag_Remake_2_0,2_0,4013,NR9m26iQP9LiF4nwz
    flying saucer    ,NA,NA,NA,NA,Yes,No,No,NA,NFS,,Gray,Gray,2x2,NA,Crafting,,1.0.0,space,None,None,None,Yes,Space,Yes,Does not play music,No lighting,Not for sale,FtrUFO,NA,1447,i2woyoFt24qq9kjdX
  frozen pillar  ,Ice,Illumination,NA,NA,Yes,Yes,No,7,NFS,6200,Light blue,Light blue,1x1,NA,Crafting,,1.0.0,freezing cold,None,frozen,None,No,Seasonal Decor,Yes,Does not play music,No lighting,Not for sale,FtrIcePillar_Remake_0_0,0_0,3500,JcF6oiW85vATxjv8k
  WEDDING HEAD TABLE  ,Cute,Design,NA,NA,No,Yes,No,1,3000,750,Pink,White,2x1,NA,Wedding Season,,1.2.0,party,expensive,wedding,None,No,Table,No,Does not play music,No lighting,Not for sale,FtrWeddingTableM_Remake_0_0,0_0,12404,fEZMf7cTj4TveK8mx
  throwback race-car bed  ,Pink,NA,NA,NA,No,No,No,NA,,950,Pink,Black,2x1,NA,Nook's Cranny,"Available in Nook's Cranny (upgraded only), in the unique furniture slot",1.0.0,child's room,None,throwback,None,Yes,Bed,No,Does not play music,No lighting,For sale,FtrBoyBedS_Remake_3_0,3_0,4759,RfoFzcercck4TKyg5
  floor seat  ,Dark wood,NA,Deep blue,Cushion,No,No,Yes,1,730,,Red,Blue,1x1,NA,Nook's Cranny,Available in Nook's Cranny (either upgrade tier) in the unique furniture slot,1.0.0,zen-style,child's room,None,None,Yes,Chair,No,Does not play music,No lighting,For sale,FtrFloorchair_Remake_2_3,2_3,3622,x6LuJfKyex6nLrMeh
  long bathtub  ,White marble,NA,NA,NA,No,No,No,NA,7800,1950,Beige,White,2x1,NA,Nook's Cranny,"Available in Nook's Cranny (upgraded only), in the unique furniture slot",1.0.0,bathroom,None,None,None,Yes,Bathtub,No,Does not play music,No lighting,For sale,FtrBathtub_Remake_2_0,2_0,4080,MtP2F2X6b7BYEYMe2
  BATHROOM SINK  ,Beige,NA,NA,NA,No,No,No,NA,3300,825,White,Brown,1x1,NA,Nook's Cranny,Available in Nook's Cranny (either upgrade tier) in the unique furniture slot,1.0.0,bathroom,None,None,None,Yes,Bathroom Things,No,Does not play music,No lighting,For sale,FtrWashstand_Remake_2_0,2_0,1229,LhXarn989bqYjBHmi
  WOODEN MINI TABLE  ,Light wood,Paint color,Pink,Tablecloth,Yes,Yes,Yes,2,NFS,720,Beige,Pink,1x1,NA,Crafting,,1.0.0,child's room,living room,wooden,None,No,Table,No,Does not play music,No lighting,Not for sale,FtrWoodenTableMini_Remake_0_2,0_2,7133,XyWSMATubJz4EWrFh
DINER CHAIR,Yellow,NA,NA,NA,No,No,No,NA,1600,400,Yellow,White,1x1,NA,Nook's Cranny,"Available in Nook's Cranny (upgraded only), in the unique furniture slot",1.0.0,shop,None,diner,None,Yes,Chair,No,Does not play music,No lighting,For sale,FtrAmeretroChairS_Remake_2_0,2_0,4137,SprP2FC2t8kSFhogQ
loft bed with desk,Natural,NA,Pink,Bedding,No,No,Yes,3,,,Beige,Pink,2x1,NA,Nook's Cranny,"Available in Nook's Cranny (upgraded only), in the unique furniture slot",1.0.0,child's room,None,None,None,Yes,Desk,No,Does not play music,No lighting,For sale,FtrBeddesk_Remake_0_5,0_5,3621,apfPQKj8B8KKd8tDg
  drink machine  ,White,NA,Sports drink,Advertisement panel,No,No,Yes,7,NFS,10000,White,Light blue,1x1,2000,Nook Miles Shop,,1.0.0,shop,facility,None,None,Yes,Facility Decor,Yes,Does not play music,Monitor,Not for sale,FtrDrinkmachine_Remake_2_1,2_1,1802,sSQ4FGyAfJAZDEyyG
  HAMMOCK  ,Light brown,NA,Hibiscus flowers,Cloth,No,No,Yes,1,1300,325,Beige,Light blue,2x1,NA,Nook's Cranny,"Available in all tiers of shops, including Timmy & Tommy before the shop is opened",1.0.0,outdoors,None,None,None,Yes,Bed,Yes,Does not play music,No lighting,For sale,FtrHammock_Remake_1_2,1_2,1620,PtcNSSuHtjxCHq5ko
ELECTRIC KICK SCOOTER,Pink,NA,NA,NA,No,No,No,NA,4400,1100,Pink,Purple,1x1,NA,Nook's Cranny,"Available in Nook's Cranny (upgraded only), in the unique furniture slot",1.0.0,child's room,garden,None,None,Yes,Sports,Yes,Does not play music,Spotlight,For sale,FtrKickboardElectric_Remake_5_0,5_0,7654,6NE4nbK5z2uAvWmPT
cute floor lamp,Blue,NA,NA,NA,No,No,No,NA,3500,875,Blue,Black,1x1,NA,Nook's Cranny,"Available in Nook's Cranny (upgraded only), in the unique furniture slot",1.0.0,fancy,None,cute,None,Yes,Lamp,No,Does not play music,Fluorescent,For sale,FtrCuteLamp_Remake_4_0,4_0,4002,iwKrz5CXjNaB5WTCr
  digital scale  ,Blue,NA,Floral,Design,No,No,Yes,1,930,232,Blue,Red,1x1,NA,Nook's Cranny,Available in Nook's Cranny (either upgrade tier) in the unique furniture slot,1.0.0,bathroom,None,None,None,No,Bathroom Things,No,Does not play music,No lighting,For sale,FtrWeightscale_Remake_3_1,3_1,3307,uyWruC6nWFxAWt6gh
GARDEN FAUCET,Wooden,NA,NA,NA,No,No,No,NA,1900,475,Brown,Brown,1x1,NA,Nook's Cranny,Available in Nook's Cranny (either upgrade tier) in the unique furniture slot,1.0.0,garden,None,None,None,Yes,Garden,Yes,Does not play music,No lighting,For sale,FtrWaterview_Remake_2_0,2_0,1631,xH2Tks7Ns4JxBeHBF
  frozen tree  ,Ice purple,Illumination,NA,NA,Yes,Yes,No,7,NFS,8200,Purple,Purple,2x2,NA,Crafting,,1.0.0,freezing cold,None,frozen,None,No,Seasonal Decor,Yes,Does not play music,No lighting,Not for sale,FtrIceTree_Remake_6_0,6_0,3504,yTBqu379bqAkLvdZE
  cypress plant  ,Blue,NA,NA,NA,No,No,No,NA,1000,250,Green,Light blue,1x1,NA,Nook's Cranny,Available in Nook's Cranny (either upgrade tier) in the unique furniture slot,1.0.0,living room,None,None,None,No,Plants,Yes,Does not play music,No lighting,For sale,FtrPlantGoldcrest_Remake_1_0,1_0,1829,2TDteYcGh5SnzWxnd
director's chair,White,NA,Chic pleather,Fabric,No,No,Yes,1,1600,400,White,Brown,1x1,NA,Nook's Cranny,"Available in all tiers of shops, including Timmy & Tommy before the shop is opened",1.0.0,outdoors,None,None,None,Yes,Chair,Yes,Does not play music,No lighting,For sale,FtrDirectorchair_Remake_2_2,2_2,2020,w2BPyWgPr2Xi2Qdro
tulip surprise box,Yellow,Flower color,NA,NA,Yes,Yes,No,2,,760,Yellow,Green,1x1,NA,Crafting,,1.0.0,child's room,fancy,flowers,None,Yes,Toy,No,Does not play music,No lighting,Not for sale,FtrFlowerSurprisedbox_Remake_2_0,2_0,7231,6WgBeG8HpMa8ryFzZ
LOG ROUND TABLE,White birch,Lumber type,None,Tablecloth,Yes,Yes,Yes,4,NFS,,White,White,2x2,NA,Crafting,,1.0.0,garden,living room,log,None,No,Table,Yes,Does not play music,No lighting,Not for sale,FtrLogTableLRound_Remake_3_0,3_0,4043,rRfdQWAKT95b7qP88
  folding chair  ,Brown,NA,NA,NA,No,No,No,NA,920,230,Brown,Gray,1x1,NA,Nook's Cranny,Available in Nook's Cranny (either upgrade tier) in the unique furniture slot,1.0.0,facility,None,None,None,Yes,Chair,No,Does not play music,No lighting,For sale,FtrPipechair_Remake_3_0,3_0,7529,pC7yRpSKxb3ZZafxR
  outdoor table  ,Black,NA,Blue,Table,No,No,Yes,1,,550,Black,Blue,2x1,NA,Nook's Cranny,Available in Nook's Cranny (either upgrade tier) in the unique furniture slot,1.0.0,outdoors,None,None,None,No,Table,Yes,Does not play music,No lighting,For sale,FtrOutdoortableM_Remake_1_3,1_3,3946,AHBAvLA337d5Hh74C
garden wagon,Green,Paint color,NA,NA,Yes,Yes,No,5,NFS,3180,Green,Colorful,2x1,NA,Crafting,,1.0.0,garden,fancy,flowers,None,No,Plants,Yes,Does not play music,No lighting,Not for sale,FtrGardenwagon_Remake_2_0,2_0,8419,vqu8RoS4ko9yfmX9p
  wooden mini table  ,Green,Paint color,Orange,Tablecloth,Yes,Yes,Yes,2,,,Green,Orange,1x1,NA,Crafting,,1.0.0,child's room,living room,wooden,None,No,Table,No,Does not play music,No lighting,Not for sale,FtrWoodenTableMini_Remake_5_1,5_1,7133,f2TpXayggsFGmfD2G
    bamboo floor lamp    ,Green bamboo,Bamboo,NA,NA,Yes,Yes,No,2,,1280,Green,Green,1x1,NA,Crafting,,1.0.0,zen-style,None,bamboo,None,Yes,Lamp,No,Does not play music,Fluorescent,Not for sale,FtrBambooLamp_Remake_0_0,0_0,3557,oKBfrdHdJHZohuzKS
  drum set  ,Natural wood,NA,Smooth white,Bass drum head,No,No,Yes,2,,,Brown,White,2x1,NA,Nook's Cranny,"Available in Nook's Cranny (upgraded only), in the unique furniture slot",1.0.0,concert,None,None,None,Yes,Musical Instrument,No,Does not play music,No lighting,For sale,FtrDrumSet_Remake_3_0,3_0,1803,PcQaapRq3gCRPpxjo
  wooden end table  ,Dark wood,Paint color,NA,NA,Yes,Yes,No,2,NFS,960,Brown,Colorful,1x1,NA,Crafting,,1.0.0,child's room,living room,wooden,None,No,Table,No,Does not play music,No lighting,Not for sale,FtrWoodenTableS_Remake_3_0,3_0,3438,XDwk9yavzMEmvccGn
Papa bear,Caramel mocha,NA,Red,Ribbon,No,No,Yes,3,8500,2125,Beige,Red,2x2,NA,Nook's Cranny,"Available in Nook's Cranny (upgraded only), in the third unique furniture slot",1.0.0,fancy,child's room,None,bear,No,Animal,No,Does not play music,No lighting,For sale,FtrBearL_Remake_1_1,1_1,1499,zvCKYie8ZWqGS7nqu
  frozen counter  ,Ice yellow,Illumination,NA,NA,Yes,Yes,No,7,,7000,Yellow,Yellow,2x1,NA,Crafting,,1.0.0,freezing cold,None,frozen,None,No,Table,Yes,Does not play music,No lighting,Not for sale,FtrIceCounter_Remake_3_0,3_0,3505,HE76EZstq5JHKARQm
mush low stool,Ordinary mushroom,Mushroom type,NA,NA,Yes,Yes,No,2,,,Brown,Beige,1x1,NA,Crafting,,1.0.0,garden,None,mush,None,Yes,Chair,Yes,Does not play music,No lighting,Not for sale,FtrMushroomChairS_Remake_0_0,0_0,4708,PyepEy9Qq8Wm7MdXz
  electric bass  ,Cosmo black,NA,NA,NA,No,No,No,NA,82000,20500,Black,White,1x1,NA,Nook's Cranny,"Available in Nook's Cranny (upgraded only), in the third unique furniture slot",1.0.0,concert,None,None,None,Yes,Musical Instrument,No,Does not play music,No lighting,For sale,FtrElectricbass_Remake_3_0,3_0,1804,394fiPKj4rdxejQsi
  BAMBOO NOODLE SLIDE  ,NA,NA,NA,NA,Yes,No,No,NA,NFS,3160,Green,Brown,3x1,NA,Crafting,,1.0.0,zen-style,None,bamboo,None,Yes,Japanese Style,Yes,Does not play music,No lighting,Not for sale,FtrBambooSomen,NA,5979,NG3b8xMm5pXGMmHMq
DJ'S TURNTABLE,White,NA,Rock logo,Flag,No,No,Yes,4,,2325,White,Purple,2x1,NA,Nook's Cranny,"Available in Nook's Cranny (upgraded only), in the unique furniture slot",1.0.0,party,concert,None,None,Yes,Musical Instrument,No,Hi-fi,No lighting,For sale,FtrDJbooth_Remake_1_3,1_3,941,6s7phmS4watofExnd
WOODEN DOUBLE BED,Light wood,Paint color,Orange,Bedding,Yes,Yes,Yes,6,,3600,Beige,Orange,2x2,NA,Crafting,,1.0.0,child's room,living room,wooden,None,Yes,Bed,No,Does not play music,No lighting,Not for sale,FtrWoodenBedW_Remake_0_0,0_0,7132,n2KXjZT5j7xRrFy4F
    WESTERN-STYLE STONE    ,Black,Stone,NA,NA,Yes,Yes,No,6,NFS,4500,Black,Red,2x1,NA,Crafting,,1.0.0,garden,horror,None,None,No,Garden,Yes,Does not play music,No lighting,Not for sale,FtrGravestoneEuropean_Remake_2_0,2_0,3446,wJBsNh6H9mBL6M6q4
wooden waste bin,Cherry wood,Paint color,NA,NA,Yes,Yes,No,1,NFS,,Orange,Orange,1x1,NA,Crafting,,1.0.0,child's room,living room,wooden,None,Yes,Supplies,No,Does not play music,No lighting,Not for sale,FtrTrashboxWood_Remake_2_0,2_0,3490,kKWnMmoe5yy2N2TJ7
  DIRECTOR'S CHAIR  ,Black,NA,Director black,Fabric,No,No,Yes,1,,400,Black,Black,1x1,NA,Nook's Cranny,"Available in all tiers of shops, including Timmy & Tommy before the shop is opened",1.0.0,outdoors,None,None,None,Yes,Chair,Yes,Does not play music,No lighting,For sale,FtrDirectorchair_Remake_3_1,3_1,2020,B2SwQhjkNzak56XcA
CHANGING ROOM,Black,NA,Pink,Curtain,No,No,Yes,2,,925,Black,Pink,1x1,NA,Nook's Cranny,"Available in Nook's Cranny (upgraded only), in the unique furniture slot",1.0.0,shop,facility,None,None,Wardrobe,Shop,No,Does not play music,No lighting,For sale,FtrFittingroom_Remake_4_4,4_4,1816,ED9RaoFGMEr6trrtW
  bunk bed  ,Yellow,NA,Striped,Bedding,No,No,Yes,2,5000,1250,Yellow,Blue,2x1,NA,Nook's Cranny,Available in Nook's Cranny (either upgrade tier) in the unique furniture slot,1.0.0,facility,None,None,None,Yes,Bed,No,Does not play music,No lighting,For sale,FtrBunkbed_Remake_5_1,5_1,8298,Kt5gTWRvNfsY4ZbN3
  tankless toilet  ,Light blue,NA,NA,NA,No,No,No,NA,4100,1025,Light blue,Light blue,1x1,NA,Nook's Cranny,"Available in Nook's Cranny (upgraded only), in the unique furniture slot",1.0.0,bathroom,None,None,None,Yes,Toilet,No,Does not play music,No lighting,For sale,FtrWCTankless_Remake_3_0,3_0,2776,qtbX9cNehGZzQjhgZ
    ANTIQUE TABLE    ,Brown,NA,NA,NA,No,No,No,NA,25000,6250,Brown,Brown,2x2,NA,Nook's Cranny,"Available in Nook's Cranny (upgraded only), in the third unique furniture slot",1.0.0,living room,expensive,antique,None,No,Table,No,Does not play music,No lighting,For sale,FtrAntiqueTableL_Remake_0_0,0_0,3952,F4jrEYe9x7W4E2wYE
  floor seat  ,Light wood,NA,Peach,Cushion,No,No,Yes,1,730,,Beige,Pink,1x1,NA,Nook's Cranny,Available in Nook's Cranny (either upgrade tier) in the unique furniture slot,1.0.0,zen-style,child's room,None,None,Yes,Chair,No,Does not play music,No lighting,For sale,FtrFloorchair_Remake_1_2,1_2,3622,szskCTxgyHm9aYjSF
electric guitar,Chic white,NA,Familiar logo,Sticker area,No,No,Yes,7,71000,17750,White,Black,1x1,NA,Nook's Cranny,"Available in Nook's Cranny (upgraded only), in the third unique furniture slot",1.0.0,concert,None,None,None,Yes,Musical Instrument,No,Does not play music,No lighting,For sale,FtrElectricguitar2_Remake_5_1,5_1,1645,fFY2xpXkFbYobCGmz
drying rack,White,NA,NA,NA,No,No,No,NA,2700,675,White,Colorful,2x1,NA,Nook's Cranny,Available in Nook's Cranny (either upgrade tier) in the unique furniture slot,1.0.0,garden,bathroom,None,None,No,Supplies,Yes,Does not play music,No lighting,For sale,FtrClothesstand_Remake_3_0,3_0,7789,w2mcifiBsEznSDyYk
  HAMMOCK  ,Blue,NA,Camouflage,Cloth,No,No,Yes,1,1300,325,Blue,Green,2x1,NA,Nook's Cranny,"Available in all tiers of shops, including Timmy & Tommy before the shop is opened",1.0.0,outdoors,None,None,None,Yes,Bed,Yes,Does not play music,No lighting,For sale,FtrHammock_Remake_3_1,3_1,1620,2MokRbWapTnZ25EF3
  GARBAGE BIN  ,Brown,NA,NA,NA,No,No,No,NA,1000,250,Brown,Brown,1x1,NA,Nook's Cranny,Available in Nook's Cranny (either upgrade tier) in the unique furniture slot,1.0.0,garage,facility,None,None,Trash,Supplies,Yes,Does not play music,No lighting,For sale,FtrPaleCaster_Remake_2_0,2_0,9767,tahp9mezfzyHpZ2KJ
    ACOUSTIC GUITAR    ,White,Body,NA,NA,Yes,Yes,No,5,NFS,3210,White,Black,1x1,NA,Crafting,,1.0.0,music,None,None,None,Yes,Musical Instrument,No,Does not play music,No lighting,Not for sale,FtrAcorsticguitar_Remake_4_0,4_0,383,DotFsojrhCwrLZ3TF
    log dining table    ,Orange wood,Lumber type,Southwestern flair,Placemats,Yes,Yes,Yes,4,NFS,1800,Orange,Colorful,2x2,NA,Crafting,,1.0.0,garden,living room,log,None,No,Table,No,Does not play music,No lighting,Not for sale,FtrLogTableL_Remake_1_1,1_1,4040,56xtLfinPxTRHM3tr
  rock guitar  ,Natural wood,NA,Chic logo,Sticker area,No,No,Yes,2,3100,775,Beige,White,1x1,NA,Nook's Cranny,Available in Nook's Cranny (either upgrade tier) in the unique furniture slot,1.0.0,concert,None,None,None,Yes,Musical Instrument,No,Does not play music,No lighting,For sale,FtrElectricguitar1_Remake_5_2,5_2,1644,AjErqRcFLBcKtyFZ4
WOODEN STOOL,Black,Paint color,Blue,Seat,Yes,Yes,Yes,2,,480,Black,Light blue,1x1,NA,Crafting,,1.0.0,child's room,living room,wooden,None,Yes,Chair,No,Does not play music,No lighting,Not for sale,FtrWoodenStoolS_Remake_4_3,4_3,3449,iYEBKT4s4u6wwyGfd
  SIMPLE PANEL  ,Brown,NA,Mud wall,Panel design,No,No,Yes,1,810,,Orange,Beige,1x0.5,NA,Nook's Cranny,Available in Nook's Cranny (either upgrade tier) in the unique furniture slot,1.0.0,facility,None,None,None,No,Screen,No,Does not play music,No lighting,For sale,FtrScreenSimple_Remake_3_5,3_5,5338,KdSidGypDjYfavb4p
FROZEN CHAIR,Ice purple,Illumination,NA,NA,Yes,Yes,No,7,NFS,6200,Purple,Purple,1x1,NA,Crafting,,1.0.0,freezing cold,None,frozen,None,Yes,Chair,Yes,Does not play music,No lighting,Not for sale,FtrIceChairS_Remake_6_0,6_0,3503,3D6YRKJZXb5MtSiFQ
  electric guitar  ,Dark red,NA,Chic logo,Sticker area,No,No,Yes,7,,,Red,White,1x1,NA,Nook's Cranny,"Available in Nook's Cranny (upgraded only), in the third unique furniture slot",1.0.0,concert,None,None,None,Yes,Musical Instrument,No,Does not play music,No lighting,For sale,FtrElectricguitar2_Remake_0_2,0_2,1645,YC4aW2h7oKzYgu86w
    doghouse    ,Black,Paint color,NA,NA,Yes,Yes,No,3,,2040,Black,Light blue,1x1,NA,Crafting,,1.0.0,garden,None,None,None,Yes,Animal,Yes,Does not play music,No lighting,Not for sale,FtrDoghouse_Remake_4_0,4_0,1799,B3N6pFB6Lg4Ba6NJd
MAMA BEAR,Choco,NA,Blue stripes,Shirt,No,No,Yes,1,2300,575,Brown,Blue,1x1,NA,Nook's Cranny,Available in Nook's Cranny (either upgrade tier) in the unique furniture slot,1.0.0,fancy,child's room,None,bear,No,Animal,No,Does not play music,No lighting,For sale,FtrBearM_Remake_2_2,2_2,1500,7kC3LAYNtRPGetXer
  ROSE BED  ,Red,Flower color,NA,NA,Yes,Yes,No,2,,1400,Red,Green,2x2,NA,Crafting,,1.0.0,fancy,None,flowers,None,Yes,Bed,No,Does not play music,No lighting,Not for sale,FtrFlowerBedW_Remake_0_0,0_0,7235,p8RrZM4Fd3LgJYprm
    STANDARD UMBRELLA STAND    ,Black,Body color,Stripes,Favorite umbrella,Yes,Yes,Yes,4,NFS,2250,Black,Colorful,1x1,NA,Crafting,,1.0.0,school,office,None,None,No,Supplies,No,Does not play music,No lighting,Not for sale,FtrUmbrellastand_Remake_0_0,0_0,3445,ybGGHn8WQRZqwASZk
  safe  ,Silver,NA,NA,NA,No,No,No,NA,3600,,Gray,Gray,1x1,NA,Nook's Cranny,"Available in Nook's Cranny (upgraded only), in the unique furniture slot",1.0.0,facility,expensive,None,None,Wardrobe,Chest,No,Does not play music,No lighting,For sale,FtrSafebox_Remake_0_0,0_0,839,aMfnTih5n6jQ5bJHE
    RED-LEAF PILE    ,NA,NA,NA,NA,Yes,No,No,NA,NFS,1280,Red,Red,1.5x1.5,NA,Crafting,,1.0.0,garden,None,tree's bounty or leaves,None,Yes,Plants,Yes,Does not play music,No lighting,Not for sale,FtrFallenleavesRed,NA,4271,MrYTRBicfFT6e2HbW
garden wagon,Brown,Paint color,NA,NA,Yes,Yes,No,5,,,Orange,Colorful,2x1,NA,Crafting,,1.0.0,garden,fancy,flowers,None,No,Plants,Yes,Does not play music,No lighting,Not for sale,FtrGardenwagon_Remake_0_0,0_0,8419,2T7EAwSyvdN73SJf4
  DIGITAL SCALE  ,Brown,NA,Floral,Design,No,No,Yes,1,,232,Brown,Red,1x1,NA,Nook's Cranny,Available in Nook's Cranny (either upgrade tier) in the unique furniture slot,1.0.0,bathroom,None,None,None,No,Bathroom Things,No,Does not play music,No lighting,For sale,FtrWeightscale_Remake_6_1,6_1,3307,XevNCz8qqcqTXr5pW
  ANTIQUE VANITY  ,Natural,NA,NA,NA,No,No,No,NA,31000,7750,Beige,Light blue,2x1,NA,Nook's Cranny,"Available in Nook's Cranny (upgraded only), in the third unique furniture slot",1.0.0,living room,expensive,antique,None,Yes,Dresser,No,Does not play music,No lighting,For sale,FtrAntiqueDresser_Remake_1_0,1_0,3955,2bRbENZWkM9BeuiwZ
ELECTRIC GUITAR,Cherry,NA,Chic logo,Sticker area,No,No,Yes,7,,17750,Red,White,1x1,NA,Nook's Cranny,"Available in Nook's Cranny (upgraded only), in the third unique furniture slot",1.0.0,concert,None,None,None,Yes,Musical Instrument,No,Does not play music,No lighting,For sale,FtrElectricguitar2_Remake_2_2,2_2,1645,ttNS2LXM9mRmceqyz
    PAPA BEAR    ,Floral,NA,Red,Ribbon,No,No,Yes,3,8500,,Green,Red,2x2,NA,Nook's Cranny,"Available in Nook's Cranny (upgraded only), in the third unique furniture slot",1.0.0,fancy,child's room,None,bear,No,Animal,No,Does not play music,No lighting,For sale,FtrBearL_Remake_3_1,3_1,1499,3WggZ2De9hXMqap9a
  toilet-cleaning set  ,Monotone,NA,NA,NA,No,No,No,NA,670,167,Black,White,1x1,NA,Nook's Cranny,Available in Nook's Cranny (either upgrade tier) in the unique furniture slot,1.0.0,bathroom,None,None,None,No,Bathroom Things,No,Does not play music,No lighting,For sale,FtrCleaningsetWC_Remake_0_0,0_0,4072,feTNhss6KWHKwytGg
mush partition,Red mushroom,Mushroom type,NA,NA,Yes,Yes,No,3,,1800,Red,Beige,2x1,NA,Crafting,,1.0.0,garden,None,mush,None,No,Screen,Yes,Does not play music,No lighting,Not for sale,FtrMushroomScreen_Remake_3_0,3_0,3806,aZQMG2oKf3K2m675w
electric bass,Shocking pink,NA,NA,NA,No,No,No,NA,82000,20500,Pink,Pink,1x1,NA,Nook's Cranny,"Available in Nook's Cranny (upgraded only), in the third unique furniture slot",1.0.0,concert,None,None,None,Yes,Musical Instrument,No,Does not play music,No lighting,For sale,FtrElectricbass_Remake_6_0,6_0,1804,AZ2FdFkbCXSawZxnd
    FROZEN TREE    ,Ice pink,Illumination,NA,NA,Yes,Yes,No,7,NFS,,Pink,Pink,2x2,NA,Crafting,,1.0.0,freezing cold,None,frozen,None,No,Seasonal Decor,Yes,Does not play music,No lighting,Not for sale,FtrIceTree_Remake_2_0,2_0,3504,wkyQiJzfdAWPd3omT
giant teddy bear,Choco,Fabric,None,Ribbon,Yes,Yes,Yes,8,NFS,6300,Brown,Brown,3x3,NA,Crafting,,1.0.0,fancy,child's room,None,bear,No,Animal,No,Does not play music,No lighting,Not for sale,FtrBearXL_Remake_2_0,2_0,1504,ZpBnrpm6ptbtNDx5r
SIMPLE PANEL,Gold,NA,Plain panel,Panel design,No,No,Yes,1,810,202,Yellow,Gray,1x0.5,NA,Nook's Cranny,Available in Nook's Cranny (either upgrade tier) in the unique furniture slot,1.0.0,facility,None,None,None,No,Screen,No,Does not play music,No lighting,For sale,FtrScreenSimple_Remake_7_0,7_0,5338,LhyXjhAjrZPEzALzX
  outdoor bench  ,Blue,NA,Dark wood,Seat,No,No,Yes,1,1300,325,Blue,Brown,2x1,NA,Nook's Cranny,Available in Nook's Cranny (either upgrade tier) in the unique furniture slot,1.0.0,outdoors,None,None,None,Yes,Sofa,Yes,Does not play music,No lighting,For sale,FtrOutdoorchairM_Remake_3_6,3_6,3947,CWbHiuPxbnqDtDWgQ
  FLOOR LAMP  ,Black,NA,Pink,Lampshade,No,No,Yes,1,1400,350,Black,Pink,1x1,NA,Nook's Cranny,"Available in Nook's Cranny (upgraded only), in the unique furniture slot",1.0.0,living room,None,None,None,Yes,Lamp,No,Does not play music,Fluorescent,For sale,FtrLamp_Remake_3_2,3_2,2561,BKvxXqmGno7DHKNsi
  tankless toilet  ,Ivory,NA,NA,NA,No,No,No,NA,,1025,Yellow,Yellow,1x1,NA,Nook's Cranny,"Available in Nook's Cranny (upgraded only), in the unique furniture slot",1.0.0,bathroom,None,None,None,Yes,Toilet,No,Does not play music,No lighting,For sale,FtrWCTankless_Remake_1_0,1_0,2776,dHmQPhPZaiRLDkTdi
  CHERRY-BLOSSOM-PETAL PILE  ,NA,NA,NA,NA,Yes,No,No,NA,NFS,2000,Pink,Pink,1x1,NA,Crafting,,1.0.0,zen-style,fancy,cherry blossoms,None,Yes,Plants,Yes,Does not play music,No lighting,Not for sale,FtrSakuraPetal,NA,6032,W9WAzyxvZXTtRrLAL
south pole,NA,NA,NA,NA,No,No,No,NA,NFS,1050,Colorful,White,1x1,NA,Gulliver,,1.0.0,folk art,garden,None,None,No,Outdoors Decor,Yes,Does not play music,No lighting,Not for sale,FtrSouthpole,NA,8150,27pspP23cckcDg59B
  satellite  ,NA,NA,NA,NA,Yes,No,No,NA,NFS,,Blue,White,2x1,NA,Crafting,,1.0.0,space,None,None,None,Yes,Space,Yes,Does not play music,No lighting,Not for sale,FtrSatellite,NA,1443,m7EotmYZGfWPrCrKp
    anchor statue    ,Retro,Color,NA,NA,No,Yes,No,2,NFS,,Brown,Gray,1x1,NA,Fishing Tourney,,1.0.0,ocean,None,None,None,No,Seaside,Yes,Does not play music,No lighting,Not for sale,FtrShipanchor_Remake_5_0,5_0,7238,6wyLNus8QqXkbBu72
double sofa,Green,NA,NA,NA,No,No,No,NA,4300,1075,Green,Green,2x1,NA,Nook's Cranny,Available in Nook's Cranny (either upgrade tier) in the unique furniture slot,1.0.0,living room,None,None,None,Yes,Sofa,No,Does not play music,No lighting,For sale,FtrSofaL_Remake_2_0,2_0,2554,YMr98F45XNpMx2yKk
  antique chair  ,Natural,NA,NA,NA,No,No,No,NA,,,Beige,White,1x1,NA,Nook's Cranny,"Available in Nook's Cranny (upgraded only), in the third unique furniture slot",1.0.0,living room,expensive,antique,None,Yes,Chair,No,Does not play music,No lighting,For sale,FtrAntiqueChairS_Remake_1_0,1_0,3950,d4oC34hgWHdZAv8dT
  wooden simple bed  ,Cherry wood,Paint color,Blue,Bedding,Yes,Yes,Yes,4,NFS,,Orange,Light blue,2x1,NA,Crafting,,1.0.0,child's room,living room,wooden,None,Yes,Bed,No,Does not play music,No lighting,Not for sale,FtrWoodenBedS_Remake_2_2,2_2,2605,q5ii6E7xjzahT7pZK
  DELUXE WASHER  ,Yellow,NA,NA,NA,No,No,No,NA,76000,19000,Yellow,Yellow,1x1,NA,Nook's Cranny,"Available in Nook's Cranny (upgraded only), in the third unique furniture slot",1.0.0,bathroom,None,None,None,Yes,Home Appliances,No,Does not play music,No lighting,For sale,FtrWashingmachineDrum_Remake_4_0,4_0,1227,RMtNaXQoqyADS8idD
    silo    ,Red roof,Roof color,NA,NA,Yes,Yes,No,7,NFS,13920,Red,Brown,2x2,NA,Crafting,,1.0.0,garden,None,None,None,No,Ranch,Yes,Does not play music,No lighting,Not for sale,FtrSilo_Remake_0_0,0_0,7247,m4S2c5LYpFsAYuowE
    fan palm    ,Brown,NA,NA,NA,No,No,No,NA,1200,,Beige,Green,1x1,NA,Nook's Cranny,Available in Nook's Cranny (either upgrade tier) in the unique furniture slot,1.0.0,living room,None,None,None,No,Plants,No,Does not play music,No lighting,For sale,FtrPlantYamadoriyashi_Remake_2_0,2_0,1288,rETKHAfJtNJpcoMRD
  NATURAL SQUARE TABLE  ,Oak,Tabletop,NA,NA,Yes,Yes,No,3,NFS,1980,Orange,Green,1x1,NA,Crafting,,1.0.0,garden,None,None,natural,No,Table,Yes,Does not play music,No lighting,Not for sale,FtrGardenTableSNatural_Remake_1_0,1_0,12332,eFYu7C6PdKK6m8c5y
  outdoor bench  ,Black,NA,Orange,Seat,No,No,Yes,1,1300,,Black,Orange,2x1,NA,Nook's Cranny,Available in Nook's Cranny (either upgrade tier) in the unique furniture slot,1.0.0,outdoors,None,None,None,Yes,Sofa,Yes,Does not play music,No lighting,For sale,FtrOutdoorchairM_Remake_1_4,1_4,3947,WWhqdaZjLHvaMn7YY
    destinations signpost    ,Natural,Color,NA,NA,Yes,Yes,No,2,NFS,1440,Orange,Orange,1.5x1.5,NA,Crafting,,1.0.0,garden,None,None,None,No,Vehicle,Yes,Does not play music,No lighting,Not for sale,FtrSignpostWorld_Remake_0_0,0_0,4309,PBzuSHvXHuTdym5Be
TREE STANDEE,Winter,Season,NA,NA,Yes,Yes,No,3,NFS,1560,White,Brown,2x1,NA,Crafting,,1.0.0,school,None,None,standee,No,School,No,Does not play music,No lighting,Not for sale,FtrHariboteTree_Remake_4_0,4_0,533,SF4DqzbF7ahhwoX6R
  MAMA BEAR  ,Cream,NA,None,Shirt,No,No,Yes,1,2300,575,Pink,Beige,1x1,NA,Nook's Cranny,Available in Nook's Cranny (either upgrade tier) in the unique furniture slot,1.0.0,fancy,child's room,None,bear,No,Animal,No,Does not play music,No lighting,For sale,FtrBearM_Remake_0_0,0_0,1500,9vctgTQ8hR8NAW7eY
  wooden waste bin  ,Natural wood,Paint color,NA,NA,Yes,Yes,No,1,,,Yellow,Yellow,1x1,NA,Crafting,,1.0.0,child's room,living room,wooden,None,Yes,Supplies,No,Does not play music,No lighting,Not for sale,FtrTrashboxWood_Remake_1_0,1_0,3490,6hvFoCfTGzsnv3mrb
  bunk bed  ,Silver,NA,Space,Bedding,No,No,Yes,2,5000,,Gray,Light blue,2x1,NA,Nook's Cranny,Available in Nook's Cranny (either upgrade tier) in the unique furniture slot,1.0.0,facility,None,None,None,Yes,Bed,No,Does not play music,No lighting,For sale,FtrBunkbed_Remake_0_3,0_3,8298,toQbxDGzJnLYdxgdc
  EFFECTS RACK  ,White,NA,Chic logo,Sticker area,No,No,Yes,3,,1700,White,White,1x1,NA,Nook's Cranny,"Available in Nook's Cranny (upgraded only), in the unique furniture slot",1.0.0,concert,facility,None,None,No,Musical Instrument,No,Does not play music,No lighting,For sale,FtrEffectorrack_Remake_1_2,1_2,950,XBKHn8Qim5h64u9cx
kimono stand,NA,NA,Chain print,Kimono,No,No,Yes,2,3200,800,Beige,Blue,2x1,NA,Nook's Cranny,"Available in Nook's Cranny (upgraded only), in the unique furniture slot",1.0.0,zen-style,None,None,None,No,Japanese Style,No,Does not play music,No lighting,For sale,FtrKimonostand_Remake_0_3,0_3,7682,FcpJacfBfqHFqeirp
  sleigh  ,Dark brown,Body color,NA,NA,Yes,Yes,No,2,NFS,960,Brown,Blue,2x1,NA,Crafting,,1.0.0,garden,None,festive,None,Yes,Chair,Yes,Does not play music,No lighting,Not for sale,FtrSled_Remake_1_0,1_0,7281,e5oWbNEQNgk9HBATb
  beach chair  ,White,NA,NA,NA,No,No,No,NA,,,White,White,2x1,NA,Nook's Cranny,Available in Nook's Cranny (either upgrade tier) in the unique furniture slot,1.0.0,ocean,None,None,None,Yes,Bed,Yes,Does not play music,No lighting,For sale,FtrBeachbed_Remake_0_0,0_0,664,qSh6YjFqutJvzYsKi
    LOOM    ,NA,NA,Camellia,Knitting,No,No,Yes,5,,3250,Brown,Red,2x2,NA,Nook's Cranny,"Available in Nook's Cranny (upgraded only), in the third unique furniture slot",1.0.0,zen-style,None,None,None,Yes,Japanese Style,No,Does not play music,No lighting,For sale,FtrLoom_Remake_0_2,0_2,7681,5aMzGZTa85sgkPQMX
    director's chair    ,Light brown,NA,Natural white,Fabric,No,No,Yes,1,1600,400,Orange,White,1x1,NA,Nook's Cranny,"Available in all tiers of shops, including Timmy & Tommy before the shop is opened",1.0.0,outdoors,None,None,None,Yes,Chair,Yes,Does not play music,No lighting,For sale,FtrDirectorchair_Remake_0_0,0_0,2020,BcWD92LuTedKEGqnk
  throwback hat table  ,White & red,NA,NA,NA,No,No,No,NA,3800,950,White,Red,2x2,NA,Nook's Cranny,"Available in Nook's Cranny (upgraded only), in the third unique furniture slot",1.0.0,child's room,fitness,throwback,None,No,Table,No,Does not play music,No lighting,For sale,FtrBoyTableL_Remake_6_0,6_0,4760,DwiTfzKCKonLNWEN4
  WOODEN TABLE  ,Cherry wood,Paint color,Green,Tablecloth,Yes,Yes,Yes,4,NFS,1800,Orange,Green,2x2,NA,Crafting,,1.0.0,child's room,living room,wooden,None,No,Table,No,Does not play music,No lighting,Not for sale,FtrWoodenTableL_Remake_2_4,2_4,3439,vnZnD9cAXJinSyjZN
ironwood bed,Birch,Lumber type,Brown,Bedding,Yes,Yes,Yes,8,,9900,Beige,Brown,2x1,NA,Crafting,,1.0.0,living room,None,ironwood,None,Yes,Bed,No,Does not play music,No lighting,Not for sale,FtrIronwoodBedS_Remake_0_2,0_2,3200,FfRJ87oCvZteRYhph
  DIGITAL SCALE  ,Green,NA,Floral,Design,No,No,Yes,1,930,232,Green,Red,1x1,NA,Nook's Cranny,Available in Nook's Cranny (either upgrade tier) in the unique furniture slot,1.0.0,bathroom,None,None,None,No,Bathroom Things,No,Does not play music,No lighting,For sale,FtrWeightscale_Remake_5_1,5_1,3307,djTeARFmJZDto9Cev
  wooden waste bin  ,Dark wood,Paint color,NA,NA,Yes,Yes,No,1,,480,Brown,Brown,1x1,NA,Crafting,,1.0.0,child's room,living room,wooden,None,Yes,Supplies,No,Does not play music,No lighting,Not for sale,FtrTrashboxWood_Remake_3_0,3_0,3490,Dc85BRHYAaRw6hDhS
MINI FRIDGE,Wood grain,NA,NA,NA,No,No,No,NA,1300,,Brown,Brown,1x1,NA,Nook's Cranny,"Available in Nook's Cranny (upgraded only), in the unique furniture slot",1.0.0,facility,None,None,None,Wardrobe,Home Appliances,No,Does not play music,No lighting,For sale,FtrRefrigeratorMini_Remake_5_0,5_0,9766,HbZMrsAZs6qt9goiv
  MUSH PARASOL  ,White mushroom,Mushroom type,NA,NA,Yes,Yes,No,2,NFS,1200,White,Brown,2x2,NA,Crafting,,1.0.0,garden,None,mush,None,No,Plants,Yes,Does not play music,No lighting,Not for sale,FtrMushroomParasol_Remake_1_0,1_0,3805,6ysyJKh9q8GPqtmDd
pinball machine,Brown,NA,NA,NA,No,No,No,NA,2700,675,Brown,Colorful,1x1,NA,Nook's Cranny,"Available in Nook's Cranny (upgraded only), in the unique furniture slot",1.0.0,facility,shop,None,None,Yes,Toy,No,Does not play music,No lighting,For sale,FtrPinball_Remake_4_0,4_0,1087,myC9eX2TPoqXq4hqu
  bamboo speaker  ,Dried bamboo,Bamboo,NA,NA,Yes,Yes,No,2,NFS,,Yellow,Beige,1x1,NA,Crafting,,1.0.0,zen-style,None,bamboo,None,Yes,Audio,No,Retro,No lighting,Not for sale,FtrBambooMusic_Remake_1_0,1_0,10743,TbCtKQ3pESjZA2fdi
WRITING CHAIR,Dark brown,NA,Pink,Seat,No,No,Yes,1,1700,425,Brown,Pink,1x1,NA,Nook's Cranny,Available in Nook's Cranny (either upgrade tier) in the unique furniture slot,1.0.0,child's room,None,None,writing,Yes,Chair,No,Does not play music,No lighting,For sale,FtrStudyChair_Remake_2_2,2_2,3702,r2qv8AGS7FWT55MPf
  paper lantern  ,Orange wood,NA,Summer,Paper,No,No,Yes,1,,,Orange,Green,1x1,NA,Nook's Cranny,Available in Nook's Cranny (either upgrade tier) in the unique furniture slot,1.0.0,zen-style,None,None,None,Yes,Lamp,No,Does not play music,Candle,For sale,FtrLampJapan_Remake_2_2,2_2,725,u5HH6ssDTgmrKhXzc
  FLOOR LIGHT  ,Pink,NA,NA,NA,No,No,No,NA,,550,Pink,Pink,1x1,NA,Nook's Cranny,"Available in Nook's Cranny (upgraded only), in the unique furniture slot",1.0.0,facility,concert,None,None,Yes,Lamp,Yes,Does not play music,Spotlight,For sale,FtrGrandlight_Remake_3_0,3_0,7135,HxdsmgNZs943STtey
  writing chair  ,Light brown,NA,Pink,Seat,No,No,Yes,1,1700,425,Yellow,Pink,1x1,NA,Nook's Cranny,Available in Nook's Cranny (either upgrade tier) in the unique furniture slot,1.0.0,child's room,None,None,writing,Yes,Chair,No,Does not play music,No lighting,For sale,FtrStudyChair_Remake_1_2,1_2,3702,XQrSBGuocz9pvFKKx
BIRDCAGE,Black,Paint color,NA,NA,Yes,Yes,No,2,NFS,960,Black,White,1x1,NA,Crafting,,1.0.0,living room,None,None,None,Yes,Animal,No,Does not play music,No lighting,Not for sale,FtrBirdcage_Remake_4_0,4_0,865,d8khrskmKp65JFHNd
  GARDEN FAUCET  ,Red brick,NA,NA,NA,No,No,No,NA,1900,475,Red,Gray,1x1,NA,Nook's Cranny,Available in Nook's Cranny (either upgrade tier) in the unique furniture slot,1.0.0,garden,None,None,None,Yes,Garden,Yes,Does not play music,No lighting,For sale,FtrWaterview_Remake_0_0,0_0,1631,ELx66yrJqAetKnsTw
  FLOOR SEAT  ,Light wood,NA,Deep blue,Cushion,No,No,Yes,1,730,,Beige,Blue,1x1,NA,Nook's Cranny,Available in Nook's Cranny (either upgrade tier) in the unique furniture slot,1.0.0,zen-style,child's room,None,None,Yes,Chair,No,Does not play music,No lighting,For sale,FtrFloorchair_Remake_1_3,1_3,3622,7xAtqDL6MrtFXo765
DRINK MACHINE,Blue,NA,Sports drink,Advertisement panel,No,No,Yes,7,NFS,10000,Blue,Light blue,1x1,2000,Nook Miles Shop,,1.0.0,shop,facility,None,None,Yes,Facility Decor,Yes,Does not play music,Monitor,Not for sale,FtrDrinkmachine_Remake_1_1,1_1,1802,qPpkfGyC5MJCaM66G
    DINER MINI TABLE    ,Red,NA,NA,NA,No,No,No,NA,1600,400,Gray,Red,1x1,NA,Nook's Cranny,"Available in Nook's Cranny (upgraded only), in the unique furniture slot",1.0.0,shop,None,diner,None,No,Table,No,Does not play music,No lighting,For sale,FtrAmeretroTableS_Remake_0_0,0_0,4441,3cYi2BvwXPyATNuv8
billiard table,Red,NA,NA,NA,No,No,No,NA,,,Red,Yellow,2x1,NA,Nook's Cranny,"Available in Nook's Cranny (upgraded only), in the third unique furniture slot",1.0.0,shop,facility,None,None,No,Sports,No,Does not play music,No lighting,For sale,FtrBilliard_Remake_1_0,1_0,863,Zj2KBoNju4pkeg4Eh
CANDY MACHINE,Blue,NA,NA,NA,No,No,No,NA,2800,700,Blue,Colorful,1x1,NA,Nook's Cranny,Available in Nook's Cranny (either upgrade tier) in the unique furniture slot,1.0.0,shop,facility,None,None,Yes,Shop,No,Does not play music,No lighting,For sale,FtrCandymachine_Remake_1_0,1_0,7392,RXTvtW3rGMPTDQocL
snack machine,Black,NA,NA,NA,No,No,No,NA,NFS,10000,Black,Colorful,2x1,2000,Nook Miles Shop,,1.0.0,facility,shop,None,None,Yes,Facility Decor,Yes,Does not play music,Monitor,Not for sale,FtrFoodmachine_Remake_0_0,0_0,971,o6tEQPs8CZntQwmAK
  wooden low table  ,Dark wood,Paint color,NA,NA,Yes,Yes,No,2,NFS,1200,Brown,Brown,2x1,NA,Crafting,,1.0.0,child's room,living room,wooden,None,No,Table,No,Does not play music,No lighting,Not for sale,FtrWoodenTableM_Remake_3_0,3_0,7134,2hyETAYMwcMNtkkEE
frozen bed,Ice orange,Illumination,White,Bedding,Yes,Yes,Yes,8,,9000,Orange,White,2x2,NA,Crafting,,1.0.0,freezing cold,None,frozen,None,Yes,Bed,Yes,Does not play music,No lighting,Not for sale,FtrIceBedW_Remake_4_1,4_1,3502,mTKRcJvaAuzt5Hkfn
  wooden simple bed  ,Light wood,Paint color,Orange,Bedding,Yes,Yes,Yes,4,NFS,2160,Beige,Orange,2x1,NA,Crafting,,1.0.0,child's room,living room,wooden,None,Yes,Bed,No,Does not play music,No lighting,Not for sale,FtrWoodenBedS_Remake_0_0,0_0,2605,4gb67oK8q4yGmb5dp
WOODEN STOOL,Green,Paint color,Green,Seat,Yes,Yes,Yes,2,,480,Green,Green,1x1,NA,Crafting,,1.0.0,child's room,living room,wooden,None,Yes,Chair,No,Does not play music,No lighting,Not for sale,FtrWoodenStoolS_Remake_5_4,5_4,3449,Q9uAXadoWfW7B3Ysz
SPINNING WHEEL,NA,NA,NA,NA,No,No,No,NA,970,242,Brown,Brown,1x1,NA,Nook's Cranny,Available in Nook's Cranny (either upgrade tier) in the unique furniture slot,1.0.0,zen-style,None,None,None,Yes,Japanese Style,No,Does not play music,No lighting,For sale,FtrSpinning,NA,1153,T7Ye3KTXos227guyW
    FROZEN BED    ,Ice purple,Illumination,Gray,Bedding,Yes,No,Yes,8,,,Purple,Gray,2x2,NA,Crafting,,1.0.0,freezing cold,None,frozen,None,Yes,Bed,Yes,Does not play music,No lighting,Not for sale,FtrIceBedW_Remake_6_2,6_2,3502,QsgueT5W5GyFXnwC4
  simple panel  ,Gold,NA,Concrete,Panel design,No,No,Yes,1,,,Yellow,Gray,1x0.5,NA,Nook's Cranny,Available in Nook's Cranny (either upgrade tier) in the unique furniture slot,1.0.0,facility,None,None,None,No,Screen,No,Does not play music,No lighting,For sale,FtrScreenSimple_Remake_7_6,7_6,5338,5qfXjp857fRugdZii
REFRIGERATOR,Red,NA,Rock,Sticker area,No,No,Yes,2,5100,,Red,Colorful,1x1,NA,Nook's Cranny,"Available in Nook's Cranny (upgraded only), in the unique furniture slot",1.0.0,kitchen,shop,None,None,Wardrobe,Home Appliances,No,Does not play music,No lighting,For sale,FtrRefrigerator_Remake_1_2,1_2,2713,ZNZBgeGkCbq2bjSCJ
  harp  ,White,NA,NA,NA,No,No,No,NA,130000,,White,Beige,1x1,NA,Nook's Cranny,"Available in Nook's Cranny (upgraded only), in the third unique furniture slot",1.0.0,music,None,None,None,Yes,Musical Instrument,No,Does not play music,No lighting,For sale,FtrHarp_Remake_3_0,3_0,987,8hPtLpuqfqjLscX2R
ANCHOR STATUE,Gold,Color,NA,NA,No,Yes,No,2,NFS,1400,Brown,Beige,1x1,NA,Fishing Tourney,,1.0.0,ocean,None,None,None,No,Seaside,Yes,Does not play music,No lighting,Not for sale,FtrShipanchor_Remake_2_0,2_0,7238,NNfoBT2rgDcmG5HhD
  writing chair  ,White,NA,Pink,Seat,No,No,Yes,1,,425,White,Pink,1x1,NA,Nook's Cranny,Available in Nook's Cranny (either upgrade tier) in the unique furniture slot,1.0.0,child's room,None,None,writing,Yes,Chair,No,Does not play music,No lighting,For sale,FtrStudyChair_Remake_3_2,3_2,3702,bnK5tm5p8Ksqg393b
  digital scale  ,White,NA,Black stripes,Design,No,No,Yes,1,,,White,Gray,1x1,NA,Nook's Cranny,Available in Nook's Cranny (either upgrade tier) in the unique furniture slot,1.0.0,bathroom,None,None,None,No,Bathroom Things,No,Does not play music,No lighting,For sale,FtrWeightscale_Remake_0_3,0_3,3307,seQZt6tA8oALQriPR
DJ's turntable,White,NA,Handwritten logo,Flag,No,No,Yes,4,,2325,White,Light blue,2x1,NA,Nook's Cranny,"Available in Nook's Cranny (upgraded only), in the unique furniture slot",1.0.0,party,concert,None,None,Yes,Musical Instrument,No,Hi-fi,No lighting,For sale,FtrDJbooth_Remake_1_5,1_5,941,Zc5bumixEtDdKT59r
whiteboard,Strategy meeting,NA,NA,NA,No,No,No,NA,,650,White,Gray,2x1,NA,Nook's Cranny,"Available in Nook's Cranny (upgraded only), in the unique furniture slot",1.0.0,office,None,None,None,No,Office,No,Does not play music,No lighting,For sale,FtrWhiteboard_Remake_4_0,4_0,4116,x2BPKX6xJpbzEsvD2
  WOODEN DOUBLE BED  ,Light wood,Paint color,Green,Bedding,Yes,Yes,Yes,6,NFS,3600,Beige,Green,2x2,NA,Crafting,,1.0.0,child's room,living room,wooden,None,Yes,Bed,No,Does not play music,No lighting,Not for sale,FtrWoodenBedW_Remake_0_3,0_3,7132,8NN7eiKaAs9gnN6QE
  LOFT BED WITH DESK  ,Blue,NA,Red stripes,Bedding,No,No,Yes,3,7700,,Blue,Colorful,2x1,NA,Nook's Cranny,"Available in Nook's Cranny (upgraded only), in the unique furniture slot",1.0.0,child's room,None,None,None,Yes,Desk,No,Does not play music,No lighting,For sale,FtrBeddesk_Remake_4_7,4_7,3621,5REyTPe9hGtDrF89b
  floor lamp  ,Brown,NA,Orange design,Lampshade,No,No,Yes,1,,,Brown,Red,1x1,NA,Nook's Cranny,"Available in Nook's Cranny (upgraded only), in the unique furniture slot",1.0.0,living room,None,None,None,Yes,Lamp,No,Does not play music,Fluorescent,For sale,FtrLamp_Remake_1_6,1_6,2561,BN7aho3MLtm78jNBa
ROCK GUITAR,Cool blue,NA,Pop logo,Sticker area,No,No,Yes,2,3100,775,Blue,Colorful,1x1,NA,Nook's Cranny,Available in Nook's Cranny (either upgrade tier) in the unique furniture slot,1.0.0,concert,None,None,None,Yes,Musical Instrument,No,Does not play music,No lighting,For sale,FtrElectricguitar1_Remake_7_6,7_6,1644,cfSMsrNLWWh75RuJF
  effects rack  ,Orange,NA,Cute logo,Sticker area,No,No,Yes,3,,1700,Yellow,Pink,1x1,NA,Nook's Cranny,"Available in Nook's Cranny (upgraded only), in the unique furniture slot",1.0.0,concert,facility,None,None,No,Musical Instrument,No,Does not play music,No lighting,For sale,FtrEffectorrack_Remake_2_7,2_7,950,ZqhQoPLBunKqZPbJ5
  box corner sofa  ,Black,NA,NA,NA,No,No,No,NA,,675,Black,Black,1x1,NA,Nook's Cranny,"Available in Nook's Cranny (upgraded only), in the unique furniture slot",1.0.0,shop,facility,None,None,Yes,Chair,No,Does not play music,No lighting,For sale,FtrBoxsofaCorner_Remake_7_0,7_0,1853,Rn53w4jusaQtT5rhv
  PLAIN WOODEN SHOP SIGN  ,Natural,Sign,Wanted,Flier,Yes,Yes,Yes,2,NFS,,Beige,Brown,1x1,NA,Crafting,,1.0.0,garden,None,None,None,No,Vehicle,Yes,Does not play music,No lighting,Not for sale,FtrSignWood_Remake_0_1,0_1,3692,fuZiFTMYkoPc22WXP
    mum cushion    ,White,Flower color,NA,NA,Yes,Yes,No,1,NFS,440,White,White,1x1,NA,Crafting,,1.0.0,fancy,None,flowers,None,Yes,Chair,No,Does not play music,No lighting,Not for sale,FtrFlowerStoolS_Remake_2_0,2_0,7232,hrBTofiB2hxCgRxvA
  simple panel  ,White,NA,Gold,Panel design,No,No,Yes,1,,202,White,Yellow,1x0.5,NA,Nook's Cranny,Available in Nook's Cranny (either upgrade tier) in the unique furniture slot,1.0.0,facility,None,None,None,No,Screen,No,Does not play music,No lighting,For sale,FtrScreenSimple_Remake_2_7,2_7,5338,ChtLmKwC3QoZuaT94
wooden-block stool,Mixed wood,Block color,NA,NA,Yes,Yes,No,1,NFS,600,Beige,Beige,1x1,NA,Crafting,,1.0.0,child's room,None,wooden block,None,Yes,Chair,No,Does not play music,No lighting,Not for sale,FtrBlockStoolS_Remake_1_0,1_0,5543,GDBSs6j4TsA4pjgyu
    rock guitar    ,Coral pink,NA,None,Sticker area,No,No,Yes,2,,775,Pink,White,1x1,NA,Nook's Cranny,Available in Nook's Cranny (either upgrade tier) in the unique furniture slot,1.0.0,concert,None,None,None,Yes,Musical Instrument,No,Does not play music,No lighting,For sale,FtrElectricguitar1_Remake_1_0,1_0,1644,rz9WvzFk74XAD8sMY
  plastic pool  ,Blue,NA,NA,NA,No,No,No,NA,,,Blue,Yellow,2x2,NA,Nook's Cranny,"Available in Nook's Cranny (upgraded only), in the third unique furniture slot",1.0.0,garden,None,None,None,Yes,Garden,Yes,Does not play music,No lighting,For sale,FtrGardenpool_Remake_0_0,0_0,3348,L95kGs3HPeikYf4X2
  low screen  ,Dark brown,NA,Plain,Screen,No,No,Yes,1,870,217,Brown,White,1x0.5,NA,Nook's Cranny,Available in Nook's Cranny (either upgrade tier) in the unique furniture slot,1.0.0,zen-style,None,None,None,No,Japanese Style,No,Does not play music,No lighting,For sale,FtrScreenJapanLow_Remake_1_0,1_0,1029,YQ6Y6zqoy45P2QGwT
train set,Winter,NA,NA,NA,No,No,No,NA,7900,1975,White,Brown,2x2,NA,Nook's Cranny,"Available in Nook's Cranny (upgraded only), in the third unique furniture slot",1.0.0,child's room,None,None,None,Yes,Toy,No,Does not play music,No lighting,For sale,FtrRailroad_Remake_3_0,3_0,85,uPL8EbcceCmxW6kAz
FROZEN BED,Ice,Illumination,Gray,Bedding,Yes,Yes,Yes,8,NFS,9000,Light blue,Gray,2x2,NA,Crafting,,1.0.0,freezing cold,None,frozen,None,Yes,Bed,Yes,Does not play music,No lighting,Not for sale,FtrIceBedW_Remake_0_2,0_2,3502,qeNmrDpGMS6rKyNXX
  cute bed  ,Sky blue,NA,NA,NA,No,No,No,NA,12000,,Light blue,White,2x2,NA,Nook's Cranny,"Available in Nook's Cranny (upgraded only), in the third unique furniture slot",1.0.0,fancy,None,cute,None,Yes,Bed,No,Does not play music,No lighting,For sale,FtrCuteBedW_Remake_1_0,1_0,3624,7oGbfEoXchzDxM5SS
  FLOOR LAMP  ,Brown,NA,Gray,Lampshade,No,No,Yes,1,1400,350,Brown,Gray,1x1,NA,Nook's Cranny,"Available in Nook's Cranny (upgraded only), in the unique furniture slot",1.0.0,living room,None,None,None,Yes,Lamp,No,Does not play music,Fluorescent,For sale,FtrLamp_Remake_1_1,1_1,2561,cbcPFcCG3ZndRbM3L
    WRITING CHAIR    ,Dark brown,NA,Blue,Seat,No,No,Yes,1,1700,425,Brown,Blue,1x1,NA,Nook's Cranny,Available in Nook's Cranny (either upgrade tier) in the unique furniture slot,1.0.0,child's room,None,None,writing,Yes,Chair,No,Does not play music,No lighting,For sale,FtrStudyChair_Remake_2_1,2_1,3702,YuQY3mJTb82icrXJy
  THROWBACK MITT CHAIR  ,Camel,NA,NA,NA,No,No,No,NA,1400,,Orange,Orange,1x1,NA,Nook's Cranny,"Available in Nook's Cranny (upgraded only), in the unique furniture slot",1.0.0,child's room,fitness,throwback,None,Yes,Chair,No,Does not play music,No lighting,For sale,FtrBoyChairS_Remake_0_0,0_0,4758,AHCi9kwbqYK3dkMxu
DIY WORKBENCH,Brown,Paint color,NA,NA,Yes,Yes,No,7,NFS,6630,Brown,Colorful,2x1,NA,Crafting,,1.0.0,garage,None,None,None,Workbench,Work Bench,No,Does not play music,No lighting,Not for sale,FtrWorkbench_Remake_2_0,2_0,1241,LpRARwCf4m2SnN7YL
wooden low table,Blue,Paint color,NA,NA,Yes,Yes,No,2,,1200,Blue,Blue,2x1,NA,Crafting,,1.0.0,child's room,living room,wooden,None,No,Table,No,Does not play music,No lighting,Not for sale,FtrWoodenTableM_Remake_6_0,6_0,7134,P8MCykYmh8reu5u2v
HAMMOCK,Blue,NA,Colorful,Cloth,No,No,Yes,1,1300,325,Blue,Colorful,2x1,NA,Nook's Cranny,"Available in all tiers of shops, including Timmy & Tommy before the shop is opened",1.0.0,outdoors,None,None,None,Yes,Bed,Yes,Does not play music,No lighting,For sale,FtrHammock_Remake_3_0,3_0,1620,8LEkq9BtqakCca9vM
giant teddy bear,Cream,Fabric,None,Ribbon,Yes,Yes,Yes,8,,6300,Yellow,Beige,3x3,NA,Crafting,,1.0.0,fancy,child's room,None,bear,No,Animal,No,Does not play music,No lighting,Not for sale,FtrBearXL_Remake_0_0,0_0,1504,czo4uewJ7xcTTaRti
  KITCHEN ISLAND  ,Black,NA,NA,NA,No,No,No,NA,170000,42500,Black,Black,2x2,NA,Nook's Cranny,"Available in Nook's Cranny (upgraded only), in the third unique furniture slot",1.0.0,kitchen,expensive,None,None,No,Kitchen,No,Does not play music,No lighting,For sale,FtrKitchenIsland_Remake_5_0,5_0,998,JNrZLjGNrZBL5AexG
  wooden bookshelf  ,Brown,Paint color,NA,NA,Yes,Yes,No,3,NFS,,Orange,Colorful,2x0.5,NA,Crafting,,1.0.0,child's room,living room,wooden,None,No,Shelf,No,Does not play music,No lighting,Not for sale,FtrBookshelf_Remake_1_0,1_0,4125,6z4MF6CjmtsTa7dZA
  LOFT BED WITH DESK  ,Pink,NA,Green stripes,Bedding,No,No,Yes,3,7700,1925,Pink,Colorful,2x1,NA,Nook's Cranny,"Available in Nook's Cranny (upgraded only), in the unique furniture slot",1.0.0,child's room,None,None,None,Yes,Desk,No,Does not play music,No lighting,For sale,FtrBeddesk_Remake_7_6,7_6,3621,DBFh6zA5gQidBu9Q6
  wooden table  ,Pink wood,Paint color,Green,Tablecloth,Yes,Yes,Yes,4,,,Pink,Green,2x2,NA,Crafting,,1.0.0,child's room,living room,wooden,None,No,Table,No,Does not play music,No lighting,Not for sale,FtrWoodenTableL_Remake_7_4,7_4,3439,ag7yojMxGmemH8B6c
imperial partition,Blue,NA,NA,NA,No,No,No,NA,5000,1250,Blue,Blue,2x1,NA,Nook's Cranny,"Available in Nook's Cranny (upgraded only), in the unique furniture slot",1.0.0,zen-style,None,zen,None,No,Screen,No,Does not play music,No lighting,For sale,FtrOrientalScreen_Remake_1_0,1_0,3971,iB8NryodKcKNPgAjH
    wooden stool    ,Dark wood,Paint color,Pink,Seat,Yes,Yes,Yes,2,NFS,,Brown,Pink,1x1,NA,Crafting,,1.0.0,child's room,living room,wooden,None,Yes,Chair,No,Does not play music,No lighting,Not for sale,FtrWoodenStoolS_Remake_3_2,3_2,3449,pBgabFY3JreTtuTET
  UPRIGHT LOCKER  ,Green,NA,Cool,Sticker area,No,No,Yes,2,3700,,Green,Black,1x1,NA,Nook's Cranny,Available in Nook's Cranny (either upgrade tier) in the unique furniture slot,1.0.0,school,facility,None,None,Wardrobe,Chest,No,Does not play music,No lighting,For sale,FtrLocker_Remake_5_1,5_1,833,HitwQ6SvqnLgHXnzE
    log dining table    ,White wood,Lumber type,Quilted,Placemats,Yes,Yes,Yes,4,,1800,Beige,Light blue,2x2,NA,Crafting,,1.0.0,garden,living room,log,None,No,Table,No,Does not play music,No lighting,Not for sale,FtrLogTableL_Remake_2_4,2_4,4040,GtZHMxjePQFvcs8tM
BEACH TOWEL,NA,NA,Cyan zigzags,Towel,No,No,Yes,1,380,,Light blue,Colorful,2x1,NA,Nook's Cranny,"Available in all tiers of shops, including Timmy & Tommy before the shop is opened",1.0.0,ocean,None,None,None,Yes,Bed,Yes,Does not play music,No lighting,For sale,FtrBeachtowel_Remake_0_0,0_0,3468,yHq5dgY54rweXvC5d
lunar rover,NA,NA,NA,NA,Yes,No,No,NA,NFS,12580,Gray,Orange,2x2,NA,Crafting,,1.0.0,space,None,None,None,No,Space,Yes,Does not play music,No lighting,Not for sale,FtrMoonrover,NA,1442,yHfaNTNuyaDor4kWE
FLOOR LAMP,Brown,NA,Light blue,Lampshade,No,No,Yes,1,1400,350,Brown,Light blue,1x1,NA,Nook's Cranny,"Available in Nook's Cranny (upgraded only), in the unique furniture slot",1.0.0,living room,None,None,None,Yes,Lamp,No,Does not play music,Fluorescent,For sale,FtrLamp_Remake_1_3,1_3,2561,vrZ2cRj2c9npkcrA5
  utility pole  ,With ads,NA,NA,NA,No,No,No,NA,NFS,,Gray,Gray,1x1,1000,Nook Miles Shop,,1.0.0,garden,None,None,None,No,Vehicle,Yes,Does not play music,No lighting,Not for sale,FtrTelephonepole_Remake_1_0,1_0,9619,TLsNTf2fPMDQnfqWY
  wooden table  ,Blue,Paint color,Blue,Tablecloth,Yes,Yes,Yes,4,NFS,1800,Blue,Light blue,2x2,NA,Crafting,,1.0.0,child's room,living room,wooden,None,No,Table,No,Does not play music,No lighting,Not for sale,FtrWoodenTableL_Remake_6_3,6_3,3439,2T7QfkSYu2v5sQzBv
electric guitar,Chic white,NA,Chic logo,Sticker area,No,No,Yes,7,71000,17750,White,White,1x1,NA,Nook's Cranny,"Available in Nook's Cranny (upgraded only), in the third unique furniture slot",1.0.0,concert,None,None,None,Yes,Musical Instrument,No,Does not play music,No lighting,For sale,FtrElectricguitar2_Remake_5_2,5_2,1645,rdtzGhN3r236ie38J
    OUTDOOR GENERATOR    ,Silver,NA,NA,NA,No,No,No,NA,,1225,White,Black,1x1,NA,Nook's Cranny,"Available in all tiers of shops, including Timmy & Tommy before the shop is opened",1.0.0,outdoors,None,None,None,Yes,Outdoors Decor,Yes,Does not play music,No lighting,For sale,FtrOutdoorgenerator_Remake_5_0,5_0,7526,ph6PZat4E89tJnitY
outdoor bench,White,NA,Light wood,Seat,No,No,Yes,1,,325,Gray,Beige,2x1,NA,Nook's Cranny,Available in Nook's Cranny (either upgrade tier) in the unique furniture slot,1.0.0,outdoors,None,None,None,Yes,Sofa,Yes,Does not play music,No lighting,For sale,FtrOutdoorchairM_Remake_0_5,0_5,3947,xQ8JmouvS9rEr5S7x
REFRIGERATOR,White,NA,Rock,Sticker area,No,No,Yes,2,5100,1275,White,Colorful,1x1,NA,Nook's Cranny,"Available in Nook's Cranny (upgraded only), in the unique furniture slot",1.0.0,kitchen,shop,None,None,Wardrobe,Home Appliances,No,Does not play music,No lighting,For sale,FtrRefrigerator_Remake_0_2,0_2,2713,DBh6iqRaLqbQ5dAwe
    BABY CHAIR    ,Blue,NA,Paw print,Cushion,No,No,Yes,1,,,Blue,Colorful,1x1,NA,Nook's Cranny,Available in Nook's Cranny (either upgrade tier) in the unique furniture slot,1.0.0,child's room,None,None,None,Yes,Chair,No,Does not play music,No lighting,For sale,FtrBabychair_Remake_4_4,4_4,3305,bm6bYatvhGTNsmo36
  WOODEN SIMPLE BED  ,Cherry wood,Paint color,Orange,Bedding,Yes,Yes,Yes,4,NFS,,Orange,Orange,2x1,NA,Crafting,,1.0.0,child's room,living room,wooden,None,Yes,Bed,No,Does not play music,No lighting,Not for sale,FtrWoodenBedS_Remake_2_0,2_0,2605,jAixLvgaq3doFsFMZ
    SOLAR PANEL    ,Blue,NA,NA,NA,No,No,No,NA,NFS,20000,Blue,Blue,3x2,4000,Nook Miles Shop,,1.0.0,space,None,None,None,No,Space,Yes,Does not play music,No lighting,Not for sale,FtrSolarpanel_Remake_0_0,0_0,2333,LDM88odgixzPSo8R2
    bunk bed    ,White,NA,Striped,Bedding,No,No,Yes,2,5000,,White,Blue,2x1,NA,Nook's Cranny,Available in Nook's Cranny (either upgrade tier) in the unique furniture slot,1.0.0,facility,None,None,None,Yes,Bed,No,Does not play music,No lighting,For sale,FtrBunkbed_Remake_2_1,2_1,8298,bPLpKjhyKkgJQSBnZ
  baby chair  ,White,NA,Paw print,Cushion,No,No,Yes,1,1200,300,White,Colorful,1x1,NA,Nook's Cranny,Available in Nook's Cranny (either upgrade tier) in the unique furniture slot,1.0.0,child's room,None,None,None,Yes,Chair,No,Does not play music,No lighting,For sale,FtrBabychair_Remake_5_4,5_4,3305,6KtfAG6q5J5v4ihKh
  LEAF STOOL  ,Green,Color,NA,NA,Yes,Yes,No,3,NFS,,Green,Beige,1x1,NA,Crafting,,1.0.0,child's room,fancy,tree's bounty or leaves,None,Yes,Chair,No,Does not play music,No lighting,Not for sale,FtrFallenleavesChairS_Remake_3_0,3_0,7390,iYkc5v3YFMpYfoPGk
  leaf stool  ,Red,Color,NA,NA,Yes,Yes,No,3,,1560,Red,Beige,1x1,NA,Crafting,,1.0.0,child's room,fancy,tree's bounty or leaves,None,Yes,Chair,No,Does not play music,No lighting,Not for sale,FtrFallenleavesChairS_Remake_1_0,1_0,7390,ESCRShzYqEjo7s29Q
  LOG GARDEN LOUNGE  ,White birch,Lumber type,Quilted,Pillow,Yes,No,Yes,3,NFS,,White,Light blue,2x1,NA,Crafting,,1.0.0,garden,None,log,None,Yes,Bed,Yes,Does not play music,No lighting,Not for sale,FtrLogBedS_Remake_3_4,3_4,4035,PS5uRGvLJaP9Wir3q
    diner counter chair    ,Blue,NA,NA,NA,No,No,No,NA,1100,,Gray,Blue,1x1,NA,Nook's Cranny,"Available in Nook's Cranny (upgraded only), in the unique furniture slot",1.0.0,shop,None,diner,None,Yes,Chair,No,Does not play music,No lighting,For sale,FtrAmeretroCounterchair_Remake_1_0,1_0,4138,qadNdWnKvS4paQeSt
  DIRECTOR'S CHAIR  ,Light brown,NA,Chic pleather,Fabric,No,No,Yes,1,1600,400,Orange,Brown,1x1,NA,Nook's Cranny,"Available in all tiers of shops, including Timmy & Tommy before the shop is opened",1.0.0,outdoors,None,None,None,Yes,Chair,Yes,Does not play music,No lighting,For sale,FtrDirectorchair_Remake_0_2,0_2,2020,inAWvx6qWjoDJXFHR
  low screen  ,Dark brown,NA,Fall,Screen,No,No,Yes,1,,217,Brown,Orange,1x0.5,NA,Nook's Cranny,Available in Nook's Cranny (either upgrade tier) in the unique furniture slot,1.0.0,zen-style,None,None,None,No,Japanese Style,No,Does not play music,No lighting,For sale,FtrScreenJapanLow_Remake_1_3,1_3,1029,wpEEt3ujb8QdDJqYZ
  POOL  ,Gray,NA,NA,NA,No,No,No,NA,,,Gray,Purple,3x3,5000,Nook Miles Shop,,1.0.0,fitness,expensive,None,None,No,Sports,Yes,Does not play music,No lighting,Not for sale,FtrPool_Remake_2_0,2_0,3596,P4q364dhiGrQCdySt
  REFRIGERATOR  ,White,NA,Cute,Sticker area,No,No,Yes,2,5100,1275,White,Pink,1x1,NA,Nook's Cranny,"Available in Nook's Cranny (upgraded only), in the unique furniture slot",1.0.0,kitchen,shop,None,None,Wardrobe,Home Appliances,No,Does not play music,No lighting,For sale,FtrRefrigerator_Remake_0_1,0_1,2713,eaDwCDG6qKp78WMRz
  CLACKERCART  ,Cool,Paint color,NA,NA,Yes,Yes,No,2,NFS,960,Black,Red,1x1,NA,Crafting,,1.0.0,child's room,None,None,None,No,Toy,No,Does not play music,No lighting,Not for sale,FtrKatakatatoy_Remake_3_0,3_0,80,kJbKmbsBRn9xiu2o3
  GAS RANGE  ,Red,NA,NA,NA,No,No,No,NA,3500,875,Red,Orange,1x1,NA,Nook's Cranny,Available in Nook's Cranny (either upgrade tier) in the unique furniture slot,1.0.0,kitchen,shop,None,None,Yes,Kitchen,No,Does not play music,No lighting,For sale,FtrKitchenOven_Remake_2_0,2_0,3251,9cFvFpGBtkZ9sgHsD
  retro gas pump  ,Black,NA,Black retro,Lamp,No,No,Yes,1,2700,,Black,Yellow,1x1,NA,Nook's Cranny,Available in Nook's Cranny (either upgrade tier) in the unique furniture slot,1.0.0,garden,shop,diner,None,Yes,Vehicle,Yes,Does not play music,No lighting,For sale,FtrAmeretroGasstand_Remake_4_2,4_2,4140,EhzCWEbQmTfkYR8kv
  upright vacuum  ,Black,NA,NA,NA,No,No,No,NA,2500,,Black,Black,1x1,NA,Nook's Cranny,"Available in Nook's Cranny (upgraded only), in the unique furniture slot",1.0.0,living room,None,None,None,Yes,Home Appliances,No,Does not play music,No lighting,For sale,FtrCleanerStick_Remake_2_0,2_0,908,Zi5mZ5Lw9N3avewgG
  long bathtub  ,Green,NA,NA,NA,No,No,No,NA,7800,1950,Green,White,2x1,NA,Nook's Cranny,"Available in Nook's Cranny (upgraded only), in the unique furniture slot",1.0.0,bathroom,None,None,None,Yes,Bathtub,No,Does not play music,No lighting,For sale,FtrBathtub_Remake_5_0,5_0,4080,L5Z6osYQ3nBaLQaT4
pile of zen cushions,NA,NA,Azuki red,Upholstery,Yes,No,Yes,2,,750,Red,Pink,1x1,NA,Crafting,,1.0.0,zen-style,living room,None,None,Yes,Chair,No,Does not play music,No lighting,Not for sale,FtrCushionJapanPile_Remake_0_2,0_2,7048,mvWoM8aXcGDFCJydf
wooden simple bed,Blue,Paint color,Blue,Bedding,Yes,Yes,Yes,4,NFS,,Blue,Light blue,2x1,NA,Crafting,,1.0.0,child's room,living room,wooden,None,Yes,Bed,No,Does not play music,No lighting,Not for sale,FtrWoodenBedS_Remake_6_2,6_2,2605,c2xHWeit7EpXsmS3W
  CONSTRUCTION SIGN  ,Construction ahead,NA,NA,NA,No,No,No,NA,NFS,5000,Blue,White,1x1,1000,Nook Miles Shop,,1.0.0,garage,facility,None,None,No,Vehicle,Yes,Does not play music,No lighting,Not for sale,FtrSignConstruction_Remake_3_0,3_0,9568,CtsKDmbg6y7TFtskj
rock guitar,Orange-yellow,NA,None,Sticker area,No,No,Yes,2,3100,,Yellow,White,1x1,NA,Nook's Cranny,Available in Nook's Cranny (either upgrade tier) in the unique furniture slot,1.0.0,concert,None,None,None,Yes,Musical Instrument,No,Does not play music,No lighting,For sale,FtrElectricguitar1_Remake_4_0,4_0,1644,iMBLpYvwSDTvznaoA
    iron garden table    ,Blue,Body color,NA,NA,Yes,Yes,No,5,NFS,,Blue,Blue,1x1,NA,Crafting,,1.0.0,garden,None,iron,None,No,Table,Yes,Does not play music,No lighting,Not for sale,FtrIrongardenTable_Remake_1_0,1_0,1627,mjtq7Xm2MqGriHw7E
  WHITEBOARD  ,Blank,NA,NA,NA,No,No,No,NA,2600,650,White,Gray,2x1,NA,Nook's Cranny,"Available in Nook's Cranny (upgraded only), in the unique furniture slot",1.0.0,office,None,None,None,No,Office,No,Does not play music,No lighting,For sale,FtrWhiteboard_Remake_0_0,0_0,4116,QddnzH7uPi5P6P8Gm
  piano bench  ,Brown,NA,NA,NA,No,No,No,NA,,247,Brown,Brown,1x1,NA,Nook's Cranny,Available in Nook's Cranny (either upgrade tier) in the unique furniture slot,1.0.0,music,None,None,None,Yes,Chair,No,Does not play music,No lighting,For sale,FtrPianochair_Remake_4_0,4_0,3681,QyNwPbhKrRsnMMP2X
electric guitar,Chic white,NA,Handwritten logo,Sticker area,No,No,Yes,7,71000,,White,Light blue,1x1,NA,Nook's Cranny,"Available in Nook's Cranny (upgraded only), in the third unique furniture slot",1.0.0,concert,None,None,None,Yes,Musical Instrument,No,Does not play music,No lighting,For sale,FtrElectricguitar2_Remake_5_5,5_5,1645,5NQPFJzSApQdZsoc3
    WOODEN TABLE    ,Pink wood,Paint color,Orange,Tablecloth,Yes,Yes,Yes,4,NFS,,Pink,Orange,2x2,NA,Crafting,,1.0.0,child's room,living room,wooden,None,No,Table,No,Does not play music,No lighting,Not for sale,FtrWoodenTableL_Remake_7_1,7_1,3439,sxrGMoSgnJaZbnecD
  diner sofa  ,Cream,NA,NA,NA,No,No,No,NA,,875,Beige,White,2x1,NA,Nook's Cranny,"Available in Nook's Cranny (upgraded only), in the unique furniture slot",1.0.0,shop,None,diner,None,Yes,Sofa,No,Does not play music,No lighting,For sale,FtrAmeretroChairL_Remake_5_0,5_0,4141,tMPQKCHKG76kTSa6c
    serving cart    ,Natural,NA,NA,NA,No,No,No,NA,1300,325,Beige,Beige,1x1,NA,Nook's Cranny,Available in Nook's Cranny (either upgrade tier) in the unique furniture slot,1.0.0,kitchen,shop,None,None,No,Kitchen Things,No,Does not play music,No lighting,For sale,FtrServingcart_Remake_0_0,0_0,1606,BsLHqpK32mj4b8Bkv
  WOODEN FULL-LENGTH MIRROR  ,Blue,Paint color,NA,NA,Yes,Yes,No,2,NFS,,Blue,Blue,1x1,NA,Crafting,,1.0.0,child's room,living room,wooden,None,Yes,Dresser,No,Does not play music,No lighting,Not for sale,FtrWoodenMirror_Remake_6_0,6_0,7137,qvtFpXAy4dmc8Snqg
MOUNTAIN STANDEE,Spring,Season,NA,NA,Yes,Yes,No,2,NFS,,Green,Green,2x1,NA,Crafting,,1.0.0,school,None,None,standee,No,School,No,Does not play music,No lighting,Not for sale,FtrHariboteMountain_Remake_0_0,0_0,532,DDbhoYWyenb7fHRmn
  BUNK BED  ,Blue,NA,White,Bedding,No,No,Yes,2,5000,1250,Blue,White,2x1,NA,Nook's Cranny,Available in Nook's Cranny (either upgrade tier) in the unique furniture slot,1.0.0,facility,None,None,None,Yes,Bed,No,Does not play music,No lighting,For sale,FtrBunkbed_Remake_4_0,4_0,8298,JfiS5rtrL7LBDyuqg
    LOG GARDEN LOUNGE    ,Orange wood,Lumber type,None,Pillow,Yes,Yes,Yes,3,,1440,Orange,Orange,2x1,NA,Crafting,,1.0.0,garden,None,log,None,Yes,Bed,Yes,Does not play music,No lighting,Not for sale,FtrLogBedS_Remake_1_0,1_0,4035,BNeCRcCgttKhAWuhM
  lawn mower  ,Yellow,NA,NA,NA,No,No,No,NA,2900,725,Yellow,Gray,1x1,NA,Nook's Cranny,Available in Nook's Cranny (either upgrade tier) in the unique furniture slot,1.0.0,garden,None,None,None,No,Garden,Yes,Does not play music,No lighting,For sale,FtrLawnmower_Remake_3_0,3_0,338,r7z6Gm95H3AdLqWwK
REFRIGERATOR,White,NA,None,Sticker area,No,No,Yes,2,5100,,White,White,1x1,NA,Nook's Cranny,"Available in Nook's Cranny (upgraded only), in the unique furniture slot",1.0.0,kitchen,shop,None,None,Wardrobe,Home Appliances,No,Does not play music,No lighting,For sale,FtrRefrigerator_Remake_0_0,0_0,2713,Y8szHQvnTBwXfggBz
  PAPA BEAR  ,Cream,NA,None,Ribbon,No,No,Yes,3,8500,2125,Orange,Beige,2x2,NA,Nook's Cranny,"Available in Nook's Cranny (upgraded only), in the third unique furniture slot",1.0.0,fancy,child's room,None,bear,No,Animal,No,Does not play music,No lighting,For sale,FtrBearL_Remake_0_0,0_0,1499,qunSoiZCT2kFiCpLM
    SIMPLE PANEL    ,Gold,NA,Pegboard,Panel design,No,No,Yes,1,,,Yellow,Brown,1x0.5,NA,Nook's Cranny,Available in Nook's Cranny (either upgrade tier) in the unique furniture slot,1.0.0,facility,None,None,None,No,Screen,No,Does not play music,No lighting,For sale,FtrScreenSimple_Remake_7_2,7_2,5338,cypS4vCstZZMAyebN
  MUSH LAMP  ,Strange mushroom,Mushroom type,NA,NA,Yes,Yes,No,3,NFS,,Blue,Blue,1x1,NA,Crafting,,1.0.0,garden,None,mush,None,Yes,Lamp,Yes,Does not play music,Fluorescent,Not for sale,FtrMushroomLamp_Remake_2_0,2_0,805,JDdSXrPcPKbiQmamP
  DIY workbench  ,Black,Paint color,NA,NA,Yes,Yes,No,7,NFS,6630,Black,Colorful,2x1,NA,Crafting,,1.0.0,garage,None,None,None,Workbench,Work Bench,No,Does not play music,No lighting,Not for sale,FtrWorkbench_Remake_3_0,3_0,1241,MnRH36ferNHuWkGJh
    yucca    ,Green,NA,NA,NA,No,No,No,NA,,525,Green,Green,1x1,NA,Nook's Cranny,Available in Nook's Cranny (either upgrade tier) in the unique furniture slot,1.0.0,living room,None,None,None,No,Plants,No,Does not play music,No lighting,For sale,FtrPlantYucca_Remake_2_0,2_0,4132,uLSrYG9jCaje8K2od
  school desk  ,Gray & blue,NA,NA,NA,No,No,No,NA,1100,,Gray,Blue,1x1,NA,Nook's Cranny,Available in Nook's Cranny (either upgrade tier) in the unique furniture slot,1.0.0,school,None,None,school,No,Desk,No,Does not play music,No lighting,For sale,FtrSchoolTableS_Remake_4_0,4_0,1328,Qx6YNk7AhB9MazrSk
stall,Pink,Variation,Green stripes,Curtain,Yes,Yes,Yes,3,NFS,1440,Pink,Green,2x1,NA,Crafting,,1.0.0,shop,party,None,None,No,Shop,Yes,Does not play music,No lighting,Not for sale,FtrFloat_Remake_4_1,4_1,3617,i29Y9bac8vBur9R7s
  wooden simple bed  ,Cherry wood,Paint color,Green,Bedding,Yes,Yes,Yes,4,NFS,2160,Orange,Green,2x1,NA,Crafting,,1.0.0,child's room,living room,wooden,None,Yes,Bed,No,Does not play music,No lighting,Not for sale,FtrWoodenBedS_Remake_2_3,2_3,2605,BAnqfbNZ4ihWYFh8Y
PALM-TREE LAMP,Natural,Variation,NA,NA,Yes,Yes,No,5,NFS,,Green,Orange,1.5x1.5,NA,Crafting,,1.0.0,ocean,None,None,None,Yes,Lamp,Yes,Does not play music,Fluorescent,Not for sale,FtrPalmtreelamp_Remake_0_0,0_0,7259,S6GuPvuBcQstuFf9z
    WOODEN CHEST    ,Green,Paint color,NA,NA,Yes,Yes,No,3,,1920,Green,Green,2x1,NA,Crafting,,1.0.0,child's room,living room,wooden,None,Wardrobe,Chest,No,Does not play music,No lighting,Not for sale,FtrWoodenChest_Remake_5_0,5_0,2560,6cRpKasMti3fkidme
cute sofa,White,NA,NA,NA,No,No,No,NA,9600,,White,Pink,2x1,NA,Nook's Cranny,"Available in Nook's Cranny (upgraded only), in the unique furniture slot",1.0.0,fancy,None,cute,None,Yes,Sofa,No,Does not play music,No lighting,For sale,FtrCuteChairL_Remake_0_0,0_0,3998,95nrQB2ZGnRfoge7E
NEUTRAL CORNER,NA,NA,Green,Ring curtain,No,No,Yes,3,6100,1525,White,Green,2x2,NA,Nook's Cranny,"Available in Nook's Cranny (upgraded only), in the third unique furniture slot",1.0.0,fitness,None,None,sports ring,Yes,Sports,No,Does not play music,No lighting,For sale,FtrRingcornerNeutral_Remake_0_0,0_0,7152,srHXMC3qRdFcFcjvY
manhole cover,Castle,Cover design,NA,NA,Yes,Yes,No,3,NFS,2250,White,Pink,1x1,NA,Crafting,,1.0.0,garden,None,None,None,Yes,Vehicle,Yes,Does not play music,No lighting,Not for sale,FtrManhole_Remake_4_0,4_0,144,r8siLR6oMNZPyjQjD
WEDDING CHAIR,Chic,Design,NA,NA,No,Yes,No,2,2000,,Brown,Beige,1x1,NA,Wedding Season,,1.2.0,party,expensive,wedding,None,Yes,Chair,No,Does not play music,No lighting,Not for sale,FtrWeddingChairS_Remake_1_0,1_0,12405,4e35pbYEibkkiaGHC
    basic teacher's desk    ,Wooden,NA,NA,NA,No,No,No,NA,2000,500,Yellow,Yellow,2x1,NA,Nook's Cranny,"Available in Nook's Cranny (upgraded only), in the unique furniture slot",1.0.0,school,None,None,None,No,Desk,No,Does not play music,No lighting,For sale,FtrSchoolTeachertable_Remake_1_0,1_0,1330,6Y6uYyKczyFayoPgQ
  log bed  ,Orange wood,Lumber type,Geometric print,Bedding,Yes,Yes,Yes,6,NFS,,Orange,Colorful,2x2,NA,Crafting,,1.0.0,garden,living room,log,None,Yes,Bed,No,Does not play music,No lighting,Not for sale,FtrLogBedW_Remake_1_1,1_1,4041,2Jou98abehvtzXfkj
    PAPA BEAR    ,Checkered,NA,Red,Ribbon,No,No,Yes,3,,2125,Red,Red,2x2,NA,Nook's Cranny,"Available in Nook's Cranny (upgraded only), in the third unique furniture slot",1.0.0,fancy,child's room,None,bear,No,Animal,No,Does not play music,No lighting,For sale,FtrBearL_Remake_4_1,4_1,1499,PFxJPpPZj9pHNpGWw
ironwood cupboard,Birch,Lumber type,NA,NA,Yes,Yes,No,7,,9780,Beige,Black,2x1,NA,Crafting,,1.0.0,kitchen,None,ironwood,None,No,Shelf,No,Does not play music,No lighting,Not for sale,FtrIronwoodCupboard_Remake_0_0,0_0,3271,sMyscZojEKdqjLHBQ
  signpost  ,Resident Services,Navigation,NA,NA,Yes,Yes,No,1,,600,Beige,Brown,1x1,NA,Crafting,,1.0.0,garden,None,None,None,No,Ranch,Yes,Does not play music,No lighting,Not for sale,FtrSignpost_Remake_3_0,3_0,3588,F6X2AgPxjAfwrLZXA
  wooden-block stereo  ,Mixed wood,Block color,NA,NA,Yes,Yes,No,4,NFS,2460,Brown,Yellow,2x1,NA,Crafting,,1.0.0,child's room,None,wooden block,None,Yes,Audio,No,Hi-fi,No lighting,Not for sale,FtrBlockCompo_Remake_1_0,1_0,3205,vgsSpQcgbfcK4Hrdd
    wooden double bed    ,Green,Paint color,Green,Bedding,Yes,Yes,Yes,6,NFS,3600,Green,Green,2x2,NA,Crafting,,1.0.0,child's room,living room,wooden,None,Yes,Bed,No,Does not play music,No lighting,Not for sale,FtrWoodenBedW_Remake_5_3,5_3,7132,hiaqJZqG9NGKJw2RF
  tricycle  ,Red,NA,NA,NA,No,No,No,NA,1600,400,Orange,Red,1x1,NA,Nook's Cranny,Available in Nook's Cranny (either upgrade tier) in the unique furniture slot,1.0.0,garden,child's room,None,None,No,Playground,Yes,Does not play music,No lighting,For sale,FtrTricycle_Remake_0_0,0_0,1199,xWGKjuywq6X24aqjR
dj's turntable,White,NA,Pop logo,Flag,No,No,Yes,4,9300,2325,White,Yellow,2x1,NA,Nook's Cranny,"Available in Nook's Cranny (upgraded only), in the unique furniture slot",1.0.0,party,concert,None,None,Yes,Musical Instrument,No,Hi-fi,No lighting,For sale,FtrDJbooth_Remake_1_6,1_6,941,zCn44x3beQ8G8Dna7
MR. FLAMINGO,White,NA,NA,NA,No,No,No,NA,3000,,Pink,Pink,1x1,NA,Nook's Cranny,Available in Nook's Cranny (either upgrade tier) in the unique furniture slot,1.0.0,garden,fancy,None,None,No,Animal,Yes,Does not play music,No lighting,For sale,FtrFlamingoMale_Remake_1_0,1_0,335,eu9visDda5y6AEbW7
  SIMPLE PANEL  ,Silver,NA,Lined panel,Panel design,No,No,Yes,1,810,202,Gray,White,1x0.5,NA,Nook's Cranny,Available in Nook's Cranny (either upgrade tier) in the unique furniture slot,1.0.0,facility,None,None,None,No,Screen,No,Does not play music,No lighting,For sale,FtrScreenSimple_Remake_6_1,6_1,5338,N8MiXm7q5LJPrhAdc
BIRDCAGE,Brown,Paint color,NA,NA,Yes,Yes,No,2,,960,Brown,Yellow,1x1,NA,Crafting,,1.0.0,living room,None,None,None,Yes,Animal,No,Does not play music,No lighting,Not for sale,FtrBirdcage_Remake_0_0,0_0,865,az52zCoXWdkRywFbh
GARDEN ROCK,NA,NA,NA,NA,Yes,No,No,NA,,2250,Gray,Gray,1x1,NA,Crafting,,1.0.0,garden,None,None,None,No,Japanese Style,Yes,Does not play music,No lighting,Not for sale,FtrGardenrock,NA,729,GzwbeGiqcmcuHmorL
diner mini table,Yellow,NA,NA,NA,No,No,No,NA,,400,Gray,Yellow,1x1,NA,Nook's Cranny,"Available in Nook's Cranny (upgraded only), in the unique furniture slot",1.0.0,shop,None,diner,None,No,Table,No,Does not play music,No lighting,For sale,FtrAmeretroTableS_Remake_2_0,2_0,4441,hSZEoPNeQMMYrWa79
rattan waste bin,Black,NA,NA,NA,No,No,No,NA,,250,Black,Black,1x1,NA,Nook's Cranny,"Available in Nook's Cranny (upgraded only), in the unique furniture slot",1.0.0,living room,None,rattan,None,Trash,Supplies,No,Does not play music,No lighting,For sale,FtrRattanTrashbox_Remake_5_0,5_0,4045,fWub8jrRNH6F43Xy8
  TREADMILL  ,Red,NA,NA,NA,No,No,No,NA,64000,16000,Red,Black,2x1,NA,Nook's Cranny,"Available in Nook's Cranny (upgraded only), in the third unique furniture slot",1.0.0,fitness,None,None,None,Yes,Sports,No,Does not play music,No lighting,For sale,FtrRunningmachine_Remake_1_0,1_0,290,HE8ZyRty2KJp3F8nK
outdoor table,Black,NA,Green,Table,No,No,Yes,1,2200,550,Black,Green,2x1,NA,Nook's Cranny,Available in Nook's Cranny (either upgrade tier) in the unique furniture slot,1.0.0,outdoors,None,None,None,No,Table,Yes,Does not play music,No lighting,For sale,FtrOutdoortableM_Remake_1_2,1_2,3946,8bgPPdFqPQPCwmSLz
  birthday sign  ,Colorful,Variation,NA,NA,No,Yes,No,1,NFS,300,Colorful,Colorful,2x1,NA,Birthday,,1.0.0,party,fancy,None,birthday,No,Seasonal Decor,No,Does not play music,No lighting,Not for sale,FtrBirthdayBoard_Remake_0_0,0_0,3594,RhhPcF6AQJdY43Hge
weight bench,NA,NA,NA,NA,No,No,No,NA,5400,1350,Black,Gray,2x1,NA,Nook's Cranny,"Available in Nook's Cranny (upgraded only), in the unique furniture slot",1.0.0,fitness,None,None,None,Yes,Sports,No,Does not play music,No lighting,For sale,FtrPressbench,NA,1452,e8GmPe7zRGL3a7Qci
    ROCK GUITAR    ,Cool blue,NA,Chic logo,Sticker area,No,No,Yes,2,3100,,Blue,White,1x1,NA,Nook's Cranny,Available in Nook's Cranny (either upgrade tier) in the unique furniture slot,1.0.0,concert,None,None,None,Yes,Musical Instrument,No,Does not play music,No lighting,For sale,FtrElectricguitar1_Remake_7_2,7_2,1644,YxzmMKHHbWfvnXQXo
  CAMPING COT  ,Blue,NA,NA,NA,No,No,No,NA,1800,450,Blue,Blue,2x1,NA,Starting items,,1.0.0,outdoors,None,None,None,Yes,Bed,Yes,Does not play music,No lighting,For sale,FtrCampbed_Remake_3_0,3_0,4081,GCwByrDvsBhiSPMNQ
  drum set  ,Black & white,NA,Black with logo,Bass drum head,No,No,Yes,2,5600,,Gray,Black,2x1,NA,Nook's Cranny,"Available in Nook's Cranny (upgraded only), in the unique furniture slot",1.0.0,concert,None,None,None,Yes,Musical Instrument,No,Does not play music,No lighting,For sale,FtrDrumSet_Remake_7_2,7_2,1803,EHaJpmAkGYBvqyYwB
CLACKERCART,Natural,Paint color,NA,NA,Yes,Yes,No,2,NFS,960,Beige,Brown,1x1,NA,Crafting,,1.0.0,child's room,None,None,None,No,Toy,No,Does not play music,No lighting,Not for sale,FtrKatakatatoy_Remake_0_0,0_0,80,ARxQfuhLQMMwLK5zc
    bamboo partition    ,Smoke-cured bamboo,Bamboo,NA,NA,Yes,Yes,No,3,NFS,2020,Brown,Gray,2x0.5,NA,Crafting,,1.0.0,zen-style,None,bamboo,None,No,Screen,No,Does not play music,No lighting,Not for sale,FtrBambooScreen_Remake_2_0,2_0,3553,tML8Tmvmyh7Y2d3vK
  birthday sign  ,Gorgeous,Variation,NA,NA,No,Yes,No,1,,300,Colorful,Gray,2x1,NA,Birthday,,1.0.0,party,fancy,None,birthday,No,Seasonal Decor,No,Does not play music,No lighting,Not for sale,FtrBirthdayBoard_Remake_5_0,5_0,3594,BhsdRCGaYyWh5kPzA
electric guitar,Dark red,NA,None,Sticker area,No,No,Yes,7,,17750,Red,Red,1x1,NA,Nook's Cranny,"Available in Nook's Cranny (upgraded only), in the third unique furniture slot",1.0.0,concert,None,None,None,Yes,Musical Instrument,No,Does not play music,No lighting,For sale,FtrElectricguitar2_Remake_0_0,0_0,1645,D7g8hNw5SvARKebQb
  ROCK GUITAR  ,Fire red,NA,Familiar logo,Sticker area,No,No,Yes,2,3100,775,Red,Black,1x1,NA,Nook's Cranny,Available in Nook's Cranny (either upgrade tier) in the unique furniture slot,1.0.0,concert,None,None,None,Yes,Musical Instrument,No,Does not play music,No lighting,For sale,FtrElectricguitar1_Remake_3_1,3_1,1644,ReffCpKXNzyBtGf7v
  lawn mower  ,Green,NA,NA,NA,No,No,No,NA,,725,Green,Gray,1x1,NA,Nook's Cranny,Available in Nook's Cranny (either upgrade tier) in the unique furniture slot,1.0.0,garden,None,None,None,No,Garden,Yes,Does not play music,No lighting,For sale,FtrLawnmower_Remake_4_0,4_0,338,6zfDpxFTpnbuZi5K7
  MANHOLE COVER  ,Boat,Cover design,NA,NA,Yes,Yes,No,3,NFS,2250,Yellow,Light blue,1x1,NA,Crafting,,1.0.0,garden,None,None,None,Yes,Vehicle,Yes,Does not play music,No lighting,Not for sale,FtrManhole_Remake_3_0,3_0,144,zanYBmHku29ksAdKb
  low screen  ,Dark brown,NA,Summer,Screen,No,No,Yes,1,870,217,Brown,Blue,1x0.5,NA,Nook's Cranny,Available in Nook's Cranny (either upgrade tier) in the unique furniture slot,1.0.0,zen-style,None,None,None,No,Japanese Style,No,Does not play music,No lighting,For sale,FtrScreenJapanLow_Remake_1_2,1_2,1029,GLLCEYme77NGnbXqT
wooden wardrobe,Blue,Paint color,NA,NA,Yes,Yes,No,2,,1440,Blue,Blue,1x1,NA,Crafting,,1.0.0,child's room,living room,wooden,None,Wardrobe,Chest,No,Does not play music,No lighting,Not for sale,FtrWoodenCloset_Remake_6_0,6_0,3436,8DnX5Bo5zxb9xit4A
    MAMA BEAR    ,Cream,NA,Blue stripes,Shirt,No,No,Yes,1,2300,,Pink,Blue,1x1,NA,Nook's Cranny,Available in Nook's Cranny (either upgrade tier) in the unique furniture slot,1.0.0,fancy,child's room,None,bear,No,Animal,No,Does not play music,No lighting,For sale,FtrBearM_Remake_0_2,0_2,1500,aeRMSHRaKqiuAgwSP
  wooden table  ,Blue,Paint color,Orange,Tablecloth,Yes,Yes,Yes,4,NFS,1800,Blue,Orange,2x2,NA,Crafting,,1.0.0,child's room,living room,wooden,None,No,Table,No,Does not play music,No lighting,Not for sale,FtrWoodenTableL_Remake_6_1,6_1,3439,8YPyXGphYio9Pcj35
    GAS RANGE    ,White,NA,NA,NA,No,No,No,NA,3500,,White,Beige,1x1,NA,Nook's Cranny,Available in Nook's Cranny (either upgrade tier) in the unique furniture slot,1.0.0,kitchen,shop,None,None,Yes,Kitchen,No,Does not play music,No lighting,For sale,FtrKitchenOven_Remake_1_0,1_0,3251,CmHsTiTiCYwwQL3eP
  LOG ROUND TABLE  ,White wood,Lumber type,Geometric print,Tablecloth,Yes,Yes,Yes,4,,,Beige,Colorful,2x2,NA,Crafting,,1.0.0,garden,living room,log,None,No,Table,Yes,Does not play music,No lighting,Not for sale,FtrLogTableLRound_Remake_2_2,2_2,4043,ngDm9oTjhEXDW3xw3
  SHELL STOOL  ,Brown,Shell color,NA,NA,Yes,Yes,No,1,NFS,600,Brown,Orange,1x1,NA,Crafting,,1.0.0,ocean,None,shell,None,Yes,Chair,Yes,Does not play music,No lighting,Not for sale,FtrShellStoolS_Remake_1_0,1_0,3979,bA9ruYWzj6Tocov98
MINI FRIDGE,Black,NA,NA,NA,No,No,No,NA,1300,325,Black,Black,1x1,NA,Nook's Cranny,"Available in Nook's Cranny (upgraded only), in the unique furniture slot",1.0.0,facility,None,None,None,Wardrobe,Home Appliances,No,Does not play music,No lighting,For sale,FtrRefrigeratorMini_Remake_6_0,6_0,9766,KDAGHJasWscZKwYcA
ELECTRIC GUITAR,Cherry,NA,Rock logo,Sticker area,No,No,Yes,7,71000,17750,Red,Purple,1x1,NA,Nook's Cranny,"Available in Nook's Cranny (upgraded only), in the third unique furniture slot",1.0.0,concert,None,None,None,Yes,Musical Instrument,No,Does not play music,No lighting,For sale,FtrElectricguitar2_Remake_2_3,2_3,1645,A3QA5CCZshbXzMR93
  LOG DINING TABLE  ,Dark wood,Lumber type,None,Placemats,Yes,Yes,Yes,4,,1800,Brown,Brown,2x2,NA,Crafting,,1.0.0,garden,living room,log,None,No,Table,No,Does not play music,No lighting,Not for sale,FtrLogTableL_Remake_0_0,0_0,4040,PLFqDCtsS8ZCurt24
  ROBOT HERO  ,Black,Coating,NA,NA,Yes,Yes,No,50,NFS,250000,Black,Black,3x3,NA,Crafting,,1.0.0,child's room,facility,None,None,Yes,Toy,Yes,Does not play music,No lighting,Not for sale,FtrHerorobot_Remake_6_0,6_0,1509,x82rpq4urT2PcnG7M
    diy workbench    ,White,Paint color,NA,NA,Yes,Yes,No,7,NFS,,White,Colorful,2x1,NA,Crafting,,1.0.0,garage,None,None,None,Workbench,Work Bench,No,Does not play music,No lighting,Not for sale,FtrWorkbench_Remake_4_0,4_0,1241,hA9urwzivWTdEHFyH
acoustic guitar,Cherry,Body,NA,NA,Yes,Yes,No,5,NFS,,Red,Black,1x1,NA,Crafting,,1.0.0,music,None,None,None,Yes,Musical Instrument,No,Does not play music,No lighting,Not for sale,FtrAcorsticguitar_Remake_1_0,1_0,383,K9she5Y4SuXA8MGBR
    RATTAN END TABLE    ,Gray,NA,NA,NA,No,No,No,NA,4300,1075,Blue,Blue,1x1,NA,Nook's Cranny,"Available in Nook's Cranny (upgraded only), in the unique furniture slot",1.0.0,living room,None,rattan,None,No,Table,No,Does not play music,No lighting,For sale,FtrRattanTableS_Remake_4_0,4_0,4046,Cmje6XZNARPXLmtHK
  drink machine  ,Blue,NA,Orange juice,Advertisement panel,No,No,Yes,7,NFS,10000,Blue,Orange,1x1,2000,Nook Miles Shop,,1.0.0,shop,facility,None,None,Yes,Facility Decor,Yes,Does not play music,Monitor,Not for sale,FtrDrinkmachine_Remake_1_0,1_0,1802,MaZX4782ksqyGNuDf
WOODEN DOUBLE BED,Green,Paint color,Orange,Bedding,Yes,Yes,Yes,6,,3600,Green,Orange,2x2,NA,Crafting,,1.0.0,child's room,living room,wooden,None,Yes,Bed,No,Does not play music,No lighting,Not for sale,FtrWoodenBedW_Remake_5_0,5_0,7132,F4ZaxWkspdsx3ko55
    log garden lounge    ,Orange wood,Lumber type,Geometric print,Pillow,Yes,Yes,Yes,3,NFS,1440,Orange,Colorful,2x1,NA,Crafting,,1.0.0,garden,None,log,None,Yes,Bed,Yes,Does not play music,No lighting,Not for sale,FtrLogBedS_Remake_1_2,1_2,4035,oFTAMp2Y3R4inQNrE
  imperial dining chair  ,Black,NA,NA,NA,No,No,No,NA,29000,7250,Red,Black,1x1,NA,Nook's Cranny,"Available in Nook's Cranny (upgraded only), in the third unique furniture slot",1.0.0,shop,zen-style,None,imperial dining,Yes,Chair,No,Does not play music,No lighting,For sale,FtrChineseChair_Remake_0_0,0_0,7797,TDpS7RgLPzPbYYpZe
  wooden stool  ,White wood,Paint color,Orange,Seat,Yes,Yes,Yes,2,,480,White,Orange,1x1,NA,Crafting,,1.0.0,child's room,living room,wooden,None,Yes,Chair,No,Does not play music,No lighting,Not for sale,FtrWoodenStoolS_Remake_1_1,1_1,3449,2Ld7a6kqAsn8ZyEwv
    SIMPLE PANEL    ,Brown,NA,Horizontal planks,Panel design,No,No,Yes,1,810,202,Orange,Brown,1x0.5,NA,Nook's Cranny,Available in Nook's Cranny (either upgrade tier) in the unique furniture slot,1.0.0,facility,None,None,None,No,Screen,No,Does not play music,No lighting,For sale,FtrScreenSimple_Remake_3_3,3_3,5338,5dygvnFfsWfLe9uPp
  LOFT BED WITH DESK  ,Light blue,NA,Red stripes,Bedding,No,No,Yes,3,7700,1925,Light blue,Colorful,2x1,NA,Nook's Cranny,"Available in Nook's Cranny (upgraded only), in the unique furniture slot",1.0.0,child's room,None,None,None,Yes,Desk,No,Does not play music,No lighting,For sale,FtrBeddesk_Remake_6_7,6_7,3621,x3mijdwzaQon9BE8c
oil barrel,Light green,NA,NA,NA,No,No,No,NA,,162,Green,White,1x1,NA,Nook's Cranny,"Available in all tiers of shops, including Timmy & Tommy before the shop is opened",1.0.0,garage,None,None,None,No,Vehicle,Yes,Does not play music,No lighting,For sale,FtrDrumcan_Remake_0_0,0_0,1567,8xdYsZWz5EbKg8anw
    GARDEN BENCH    ,Red,Variation,NA,NA,Yes,Yes,No,6,NFS,4440,Beige,Red,2x1,NA,Crafting,,1.0.0,garden,None,None,None,Yes,Sofa,Yes,Does not play music,No lighting,Not for sale,FtrParkbenche_Remake_3_0,3_0,3509,jinR6Ts98qHXuJGo3
wooden table,Dark wood,Paint color,None,Tablecloth,Yes,Yes,Yes,4,NFS,1800,Brown,Brown,2x2,NA,Crafting,,1.0.0,child's room,living room,wooden,None,No,Table,No,Does not play music,No lighting,Not for sale,FtrWoodenTableL_Remake_3_0,3_0,3439,3NT53F3rxxLqJB7dN
  log garden lounge  ,Dark wood,Lumber type,Geometric print,Pillow,Yes,Yes,Yes,3,,1440,Brown,Colorful,2x1,NA,Crafting,,1.0.0,garden,None,log,None,Yes,Bed,Yes,Does not play music,No lighting,Not for sale,FtrLogBedS_Remake_0_2,0_2,4035,6BMZbD8D48onZiFTZ
  PAPER LANTERN  ,Natural wood,NA,Winter,Paper,No,No,Yes,1,780,,Beige,Gray,1x1,NA,Nook's Cranny,Available in Nook's Cranny (either upgrade tier) in the unique furniture slot,1.0.0,zen-style,None,None,None,Yes,Lamp,No,Does not play music,Candle,For sale,FtrLampJapan_Remake_0_4,0_4,725,efgeM5SwTyCJRwjSS
  DJ'S TURNTABLE  ,Brown,NA,Chic logo,Flag,No,No,Yes,4,9300,2325,Orange,White,2x1,NA,Nook's Cranny,"Available in Nook's Cranny (upgraded only), in the unique furniture slot",1.0.0,party,concert,None,None,Yes,Musical Instrument,No,Hi-fi,No lighting,For sale,FtrDJbooth_Remake_2_2,2_2,941,C2xPZey8wu6SXsP55
  DOUBLE SOFA  ,Yellow,NA,NA,NA,No,No,No,NA,,1075,Yellow,Yellow,2x1,NA,Nook's Cranny,Available in Nook's Cranny (either upgrade tier) in the unique furniture slot,1.0.0,living room,None,None,None,Yes,Sofa,No,Does not play music,No lighting,For sale,FtrSofaL_Remake_1_0,1_0,2554,gBgxXTg5sdDpWjMYN
  HIGH-END STEREO  ,NA,NA,NA,NA,No,No,No,NA,10000,2500,Black,Black,2x1,NA,Nook's Cranny,Available in Nook's Cranny (either upgrade tier) in the unique furniture slot,1.0.0,living room,None,None,None,Yes,Audio,No,Hi-fi,No lighting,For sale,FtrComponentPro,NA,793,PHTyC7Aj29EK5jDNF
  CAT TOWER  ,Pink,NA,NA,NA,No,No,No,NA,3000,750,Pink,Light blue,1x1,NA,Nook's Cranny,Available in Nook's Cranny (either upgrade tier) in the unique furniture slot,1.0.0,living room,None,None,None,Yes,Animal,No,Does not play music,No lighting,For sale,FtrCattower_Remake_4_0,4_0,896,rqfHFJBqY3x6XmvLB
  DJ's turntable  ,Black,NA,Rock logo,Flag,No,No,Yes,4,9300,,Black,Purple,2x1,NA,Nook's Cranny,"Available in Nook's Cranny (upgraded only), in the unique furniture slot",1.0.0,party,concert,None,None,Yes,Musical Instrument,No,Hi-fi,No lighting,For sale,FtrDJbooth_Remake_0_3,0_3,941,a7QLYRSrp7qYBncbQ
    lawn chair    ,Black,NA,NA,NA,No,No,No,NA,760,190,Black,Orange,1x1,NA,Nook's Cranny,"Available in all tiers of shops, including Timmy & Tommy before the shop is opened",1.0.0,ocean,None,None,None,Yes,Chair,Yes,Does not play music,No lighting,For sale,FtrVinylchair_Remake_5_0,5_0,1621,3GbWmGgvdsyozd7vn
  LOFT BED WITH DESK  ,Brown,NA,Green stripes,Bedding,No,No,Yes,3,7700,1925,Red,Colorful,2x1,NA,Nook's Cranny,"Available in Nook's Cranny (upgraded only), in the unique furniture slot",1.0.0,child's room,None,None,None,Yes,Desk,No,Does not play music,No lighting,For sale,FtrBeddesk_Remake_1_6,1_6,3621,D9Gz3akKu8ZEogQ8k
drink machine,Black,NA,Cute,Advertisement panel,No,No,Yes,7,NFS,,Brown,White,1x1,2000,Nook Miles Shop,,1.0.0,shop,facility,None,None,Yes,Facility Decor,Yes,Does not play music,Monitor,Not for sale,FtrDrinkmachine_Remake_3_3,3_3,1802,adYRedjai5kyvXgXi
  illuminated tree  ,Rainbow,Light color,NA,NA,Yes,Yes,No,7,,,Colorful,White,2x2,NA,Crafting,,1.0.0,party,fancy,festive,None,Yes,Seasonal Decor,Yes,Does not play music,Fluorescent,Not for sale,FtrIllumiTree_Remake_5_0,5_0,4066,rDkuq5s6iYCNzoXTo
    modern office chair    ,Black,NA,NA,NA,No,No,No,NA,2200,550,Black,Gray,1x1,NA,Nook's Cranny,"Available in Nook's Cranny (upgraded only), in the unique furniture slot",1.0.0,office,None,None,office,Yes,Chair,No,Does not play music,No lighting,For sale,FtrOfficeChair_Remake_6_0,6_0,832,RtodPP8Jbuvx6XKfJ
    FLOOR LAMP    ,Black,NA,Light blue,Lampshade,No,No,Yes,1,1400,350,Black,Light blue,1x1,NA,Nook's Cranny,"Available in Nook's Cranny (upgraded only), in the unique furniture slot",1.0.0,living room,None,None,None,Yes,Lamp,No,Does not play music,Fluorescent,For sale,FtrLamp_Remake_3_3,3_3,2561,uYAL73aMKbmbhwH95
synthesizer,Red,NA,NA,NA,No,No,No,NA,,,Red,White,2x1,NA,Nook's Cranny,"Available in Nook's Cranny (upgraded only), in the third unique furniture slot",1.0.0,concert,None,None,None,Yes,Musical Instrument,No,Does not play music,No lighting,For sale,FtrSynthesizer_Remake_1_0,1_0,1171,MbEE8vaogv4qxzxJJ
system kitchen,Off-white,NA,NA,NA,No,No,No,NA,130000,32500,White,Black,2x1,NA,Nook's Cranny,"Available in Nook's Cranny (upgraded only), in the third unique furniture slot",1.0.0,kitchen,expensive,None,None,No,Kitchen,No,Does not play music,No lighting,For sale,FtrKitchenSystem_Remake_0_0,0_0,3616,Esf6Pdb44ANfysFQv
  inflatable sofa  ,Pink,NA,NA,NA,No,No,No,NA,1100,,Pink,Pink,2x1,NA,Nook's Cranny,"Available in all tiers of shops, including Timmy & Tommy before the shop is opened",1.0.0,outdoors,None,None,None,Yes,Bed,Yes,Does not play music,No lighting,For sale,FtrAirsofa_Remake_3_0,3_0,3962,EFqMSCmdDZ3DmWhxo
JAIL BARS,Black,Body color,NA,NA,Yes,Yes,No,5,NFS,,Black,Black,2x0.5,NA,Crafting,,1.0.0,facility,horror,None,None,No,Ranch,Yes,Does not play music,No lighting,Not for sale,FtrScreenCage_Remake_1_0,1_0,5931,XWun8W7qbXBX7CAc2
kimono stand,NA,NA,Camellia,Kimono,No,No,Yes,2,3200,,Beige,Colorful,2x1,NA,Nook's Cranny,"Available in Nook's Cranny (upgraded only), in the unique furniture slot",1.0.0,zen-style,None,None,None,No,Japanese Style,No,Does not play music,No lighting,For sale,FtrKimonostand_Remake_0_2,0_2,7682,ji3khrKKSSrvKp8rs
refrigerator,Silver,NA,Notices,Sticker area,No,No,Yes,2,5100,1275,Gray,Colorful,1x1,NA,Nook's Cranny,"Available in Nook's Cranny (upgraded only), in the unique furniture slot",1.0.0,kitchen,shop,None,None,Wardrobe,Home Appliances,No,Does not play music,No lighting,For sale,FtrRefrigerator_Remake_7_4,7_4,2713,sbcq6xioQjyJm3aua
  loft bed with desk  ,Black,NA,Red stripes,Bedding,No,No,Yes,3,7700,1925,Black,Colorful,2x1,NA,Nook's Cranny,"Available in Nook's Cranny (upgraded only), in the unique furniture slot",1.0.0,child's room,None,None,None,Yes,Desk,No,Does not play music,No lighting,For sale,FtrBeddesk_Remake_3_7,3_7,3621,JsbWmgvYAxZzQ8LY3
  PHONE BOX  ,Green,NA,NA,NA,No,No,No,NA,NFS,12000,Green,Green,1x1,2400,Nook Miles Shop,,1.0.0,school,facility,None,None,Yes,Facility Decor,Yes,Does not play music,Emission,Not for sale,FtrTelephonebox_Remake_1_0,1_0,1185,eYZfX9xFJXEcq8jFJ
log bed,Dark wood,Lumber type,Southwestern flair,Bedding,Yes,Yes,Yes,6,NFS,,Brown,Colorful,2x2,NA,Crafting,,1.0.0,garden,living room,log,None,Yes,Bed,No,Does not play music,No lighting,Not for sale,FtrLogBedW_Remake_0_0,0_0,4041,Wg9uF8DBwAYuXe2bP
  log round table  ,White wood,Lumber type,Quilted,Tablecloth,Yes,Yes,Yes,4,NFS,1800,Beige,Light blue,2x2,NA,Crafting,,1.0.0,garden,living room,log,None,No,Table,Yes,Does not play music,No lighting,Not for sale,FtrLogTableLRound_Remake_2_4,2_4,4043,kY64WnabxajAuaZmQ
  ironwood bed  ,Old,Lumber type,Blue-gray,Bedding,Yes,Yes,Yes,8,,9900,Brown,Light blue,2x1,NA,Crafting,,1.0.0,living room,None,ironwood,None,Yes,Bed,No,Does not play music,No lighting,Not for sale,FtrIronwoodBedS_Remake_3_1,3_1,3200,mfucWzi3sa5DMYbjL
  WOODEN WARDROBE  ,Cherry wood,Paint color,NA,NA,Yes,Yes,No,2,NFS,1440,Orange,Orange,1x1,NA,Crafting,,1.0.0,child's room,living room,wooden,None,Wardrobe,Chest,No,Does not play music,No lighting,Not for sale,FtrWoodenCloset_Remake_2_0,2_0,3436,yYbgebSXFJ4C4hTSZ
wooden-block bookshelf,Mixed wood,Block color,NA,NA,Yes,Yes,No,1,NFS,720,Brown,Yellow,1x1,NA,Crafting,,1.0.0,child's room,None,wooden block,None,No,Shelf,No,Does not play music,No lighting,Not for sale,FtrBlockShelf_Remake_1_0,1_0,1558,ZNacDhQh93zfXTB6L
  log garden lounge  ,White wood,Lumber type,Quilted,Pillow,Yes,Yes,Yes,3,,1440,Beige,Light blue,2x1,NA,Crafting,,1.0.0,garden,None,log,None,Yes,Bed,Yes,Does not play music,No lighting,Not for sale,FtrLogBedS_Remake_2_4,2_4,4035,wnuFsrcpm85AB8tmK
  frozen bed  ,Ice pink,Illumination,Brown,Bedding,Yes,Yes,Yes,8,NFS,,Pink,Brown,2x2,NA,Crafting,,1.0.0,freezing cold,None,frozen,None,Yes,Bed,Yes,Does not play music,No lighting,Not for sale,FtrIceBedW_Remake_2_0,2_0,3502,FtXXYp2nm3s3uxgCN
    effects rack    ,Orange,NA,Handwritten logo,Sticker area,No,No,Yes,3,6800,1700,Yellow,Light blue,1x1,NA,Nook's Cranny,"Available in Nook's Cranny (upgraded only), in the unique furniture slot",1.0.0,concert,facility,None,None,No,Musical Instrument,No,Does not play music,No lighting,For sale,FtrEffectorrack_Remake_2_5,2_5,950,f2srqWoS9iFCjQGmr
  table with cloth  ,NA,NA,Yellow,Tablecloth,No,No,Yes,2,5100,1275,Yellow,Yellow,2x2,NA,Nook's Cranny,"Available in Nook's Cranny (upgraded only), in the third unique furniture slot",1.0.0,shop,party,None,None,No,Table,No,Does not play music,No lighting,For sale,FtrTableCloth_Remake_0_5,0_5,1779,hfg2yaY4JZkjdTC3T
  WOODEN MINI TABLE  ,Green,Paint color,None,Tablecloth,Yes,Yes,Yes,2,NFS,,Green,Green,1x1,NA,Crafting,,1.0.0,child's room,living room,wooden,None,No,Table,No,Does not play music,No lighting,Not for sale,FtrWoodenTableMini_Remake_5_0,5_0,7133,roeXhNQETxkq2tyTq
  log dining table  ,Orange wood,Lumber type,Bears,Placemats,Yes,Yes,Yes,4,,1800,Orange,Brown,2x2,NA,Crafting,,1.0.0,garden,living room,log,None,No,Table,No,Does not play music,No lighting,Not for sale,FtrLogTableL_Remake_1_3,1_3,4040,MCMXMq7HP6RK9fQhp
  STALL  ,White,Variation,Red stripes,Curtain,Yes,Yes,Yes,3,,,White,Red,2x1,NA,Crafting,,1.0.0,shop,party,None,None,No,Shop,Yes,Does not play music,No lighting,Not for sale,FtrFloat_Remake_5_2,5_2,3617,9uSzsFZy4jYF39zRF
  THROWBACK HAT TABLE  ,Green,NA,NA,NA,No,No,No,NA,,950,Green,Green,2x2,NA,Nook's Cranny,"Available in Nook's Cranny (upgraded only), in the third unique furniture slot",1.0.0,child's room,fitness,throwback,None,No,Table,No,Does not play music,No lighting,For sale,FtrBoyTableL_Remake_2_0,2_0,4760,ZB5JLTuvjo5AA8jTo
STANDARD UMBRELLA STAND,Silver,Body color,Stripes,Favorite umbrella,Yes,Yes,Yes,4,NFS,2250,Gray,Colorful,1x1,NA,Crafting,,1.0.0,school,office,None,None,No,Supplies,No,Does not play music,No lighting,Not for sale,FtrUmbrellastand_Remake_2_0,2_0,3445,AJyYXEqRvtyDtoiZ3
  MUSH PARASOL  ,Yellow mushroom,Mushroom type,NA,NA,Yes,Yes,No,2,NFS,1200,Yellow,Brown,2x2,NA,Crafting,,1.0.0,garden,None,mush,None,No,Plants,Yes,Does not play music,No lighting,Not for sale,FtrMushroomParasol_Remake_4_0,4_0,3805,eKdzydLdowBncibBP
  mama bear  ,Checkered,NA,Red stripes,Shirt,No,No,Yes,1,,575,Gray,Red,1x1,NA,Nook's Cranny,Available in Nook's Cranny (either upgrade tier) in the unique furniture slot,1.0.0,fancy,child's room,None,bear,No,Animal,No,Does not play music,No lighting,For sale,FtrBearM_Remake_4_1,4_1,1500,9zMuhe8JKZBrfb3su
  GOLDEN CASKET  ,NA,NA,NA,NA,Yes,No,No,NA,NFS,80000,Yellow,Brown,2x1,NA,Crafting,,1.0.0,expensive,horror,golden,None,No,Table,No,Does not play music,No lighting,Not for sale,FtrGoldCoffin,NA,8825,wA5YXKn6dgR9FvxaT
  SPRINGY RIDE-ON  ,Zebra,NA,NA,NA,No,No,No,NA,NFS,10000,White,Black,1x1,2000,Nook Miles Shop,,1.0.0,facility,fancy,None,None,Yes,Playground,Yes,Does not play music,No lighting,Not for sale,FtrSpringrider_Remake_6_0,6_0,4379,vFHbsz4TTh74fj3MP
  frozen bed  ,Ice orange,Illumination,Brown,Bedding,Yes,Yes,Yes,8,NFS,,Orange,Brown,2x2,NA,Crafting,,1.0.0,freezing cold,None,frozen,None,Yes,Bed,Yes,Does not play music,No lighting,Not for sale,FtrIceBedW_Remake_4_0,4_0,3502,s84nBor68m8eysPFg
    destinations signpost    ,Colorful,Color,NA,NA,Yes,Yes,No,2,NFS,1440,Colorful,Brown,1.5x1.5,NA,Crafting,,1.0.0,garden,None,None,None,No,Vehicle,Yes,Does not play music,No lighting,Not for sale,FtrSignpostWorld_Remake_3_0,3_0,4309,wyiYBTZcyEBMymtLs
  LONG BATHTUB  ,Black marble,NA,NA,NA,No,No,No,NA,,1950,Black,Black,2x1,NA,Nook's Cranny,"Available in Nook's Cranny (upgraded only), in the unique furniture slot",1.0.0,bathroom,None,None,None,Yes,Bathtub,No,Does not play music,No lighting,For sale,FtrBathtub_Remake_1_0,1_0,4080,q2NhKRtWGzp2riJWw
  train set  ,Fall,NA,NA,NA,No,No,No,NA,7900,1975,Orange,Brown,2x2,NA,Nook's Cranny,"Available in Nook's Cranny (upgraded only), in the third unique furniture slot",1.0.0,child's room,None,None,None,Yes,Toy,No,Does not play music,No lighting,For sale,FtrRailroad_Remake_2_0,2_0,85,3feQJoJer7Q8WoXWE
wooden table,Light wood,Paint color,Green,Tablecloth,Yes,Yes,Yes,4,NFS,1800,Beige,Green,2x2,NA,Crafting,,1.0.0,child's room,living room,wooden,None,No,Table,No,Does not play music,No lighting,Not for sale,FtrWoodenTableL_Remake_0_4,0_4,3439,NmebQsRzYQnkaE6J2
  sleeping bag  ,Yellow,NA,NA,NA,No,No,No,NA,1400,350,Yellow,Light blue,2x1,NA,Nook's Cranny,"Available in all tiers of shops, including Timmy & Tommy before the shop is opened",1.0.0,outdoors,None,None,None,Yes,Bed,Yes,Does not play music,No lighting,For sale,FtrSleepingbag_Remake_4_0,4_0,1434,Qhvmi9FsbFeGZ4ZFH
    mini fridge    ,Blue,NA,NA,NA,No,No,No,NA,1300,,Blue,Blue,1x1,NA,Nook's Cranny,"Available in Nook's Cranny (upgraded only), in the unique furniture slot",1.0.0,facility,None,None,None,Wardrobe,Home Appliances,No,Does not play music,No lighting,For sale,FtrRefrigeratorMini_Remake_4_0,4_0,9766,QpDqj8ZKeRecWyJJh
outdoor table,White,NA,Green,Table,No,No,Yes,1,2200,550,Gray,Green,2x1,NA,Nook's Cranny,Available in Nook's Cranny (either upgrade tier) in the unique furniture slot,1.0.0,outdoors,None,None,None,No,Table,Yes,Does not play music,No lighting,For sale,FtrOutdoortableM_Remake_0_2,0_2,3946,CbTLYnxP9yYXQKruy
baby chair,Blue,NA,Strawberry,Cushion,No,No,Yes,1,,300,Blue,Colorful,1x1,NA,Nook's Cranny,Available in Nook's Cranny (either upgrade tier) in the unique furniture slot,1.0.0,child's room,None,None,None,Yes,Chair,No,Does not play music,No lighting,For sale,FtrBabychair_Remake_4_1,4_1,3305,qirfQTS5gihdZrjo7
  folding floor lamp  ,Light green,NA,NA,NA,No,No,No,NA,1900,475,Light blue,Light blue,1x1,NA,Nook's Cranny,"Available in Nook's Cranny (upgraded only), in the unique furniture slot",1.0.0,child's room,living room,None,None,Yes,Lamp,No,Does not play music,Spotlight,For sale,FtrLampArm_Remake_5_0,5_0,4014,vi8AcjCoLYdvDckPY
  DIGITAL SCALE  ,Yellow,NA,White,Design,No,No,Yes,1,930,232,Yellow,White,1x1,NA,Nook's Cranny,Available in Nook's Cranny (either upgrade tier) in the unique furniture slot,1.0.0,bathroom,None,None,None,No,Bathroom Things,No,Does not play music,No lighting,For sale,FtrWeightscale_Remake_4_0,4_0,3307,WkhhEXSBa7KTabDXE
    tourist telescope    ,White,NA,NA,NA,No,No,No,NA,NFS,10000,White,White,1x1,2000,Nook Miles Shop,,1.0.0,space,facility,None,None,No,Space,Yes,Does not play music,No lighting,Not for sale,FtrTelescopeSightseeing_Remake_2_0,2_0,3078,YGPAMfLYwScwjSuJN
electric guitar,Sunburst,NA,Emblem logo,Sticker area,No,No,Yes,7,71000,,Brown,Green,1x1,NA,Nook's Cranny,"Available in Nook's Cranny (upgraded only), in the third unique furniture slot",1.0.0,concert,None,None,None,Yes,Musical Instrument,No,Does not play music,No lighting,For sale,FtrElectricguitar2_Remake_3_4,3_4,1645,RzWobjj2NsCp5oe89
  loft bed with desk  ,White,NA,Orange,Bedding,No,No,Yes,3,,1925,White,Orange,2x1,NA,Nook's Cranny,"Available in Nook's Cranny (upgraded only), in the unique furniture slot",1.0.0,child's room,None,None,None,Yes,Desk,No,Does not play music,No lighting,For sale,FtrBeddesk_Remake_2_3,2_3,3621,kxNeFPdhPmYFhhm4y
WHEELCHAIR,NA,NA,Green plaid,Seat,No,No,Yes,1,,675,Black,Green,1x1,NA,Nook's Cranny,Available in Nook's Cranny (either upgrade tier) in the unique furniture slot,1.0.0,facility,None,None,None,Yes,Chair,No,Does not play music,No lighting,For sale,FtrWheelchair_Remake_0_2,0_2,3444,WW3oDoa8ZMS6natRw
outdoor bench,White,NA,Green,Seat,No,No,Yes,1,1300,325,Gray,Green,2x1,NA,Nook's Cranny,Available in Nook's Cranny (either upgrade tier) in the unique furniture slot,1.0.0,outdoors,None,None,None,Yes,Sofa,Yes,Does not play music,No lighting,For sale,FtrOutdoorchairM_Remake_0_2,0_2,3947,Rmknqhv5msftMoWjg
frozen arch,Ice pink,Illumination,NA,NA,Yes,Yes,No,7,NFS,,Pink,Pink,3x1,NA,Crafting,,1.0.0,freezing cold,None,frozen,None,No,Arch,Yes,Does not play music,No lighting,Not for sale,FtrIceGate_Remake_2_0,2_0,3499,2uG4fieYWooXrPa3S
  birthday table  ,Green,Variation,NA,NA,No,Yes,No,1,,300,Green,Colorful,2x2,NA,Birthday,,1.0.0,party,fancy,None,birthday,Yes,Table,No,Does not play music,Candle,Not for sale,FtrBirthdayTable_Remake_3_0,3_0,3593,Yws5HcDogdg7ieZT8
    CHANGING ROOM    ,Green,NA,Yellow,Curtain,No,No,Yes,2,3700,,Light blue,Yellow,1x1,NA,Nook's Cranny,"Available in Nook's Cranny (upgraded only), in the unique furniture slot",1.0.0,shop,facility,None,None,Wardrobe,Shop,No,Does not play music,No lighting,For sale,FtrFittingroom_Remake_7_3,7_3,1816,Tp6zrKyinYeBiTXPi
upright locker,Blue,NA,None,Sticker area,No,No,Yes,2,,925,Blue,Blue,1x1,NA,Nook's Cranny,Available in Nook's Cranny (either upgrade tier) in the unique furniture slot,1.0.0,school,facility,None,None,Wardrobe,Chest,No,Does not play music,No lighting,For sale,FtrLocker_Remake_4_0,4_0,833,fsKiZK89bgqXDGmhX
  electric guitar  ,Marine emerald,NA,Rock logo,Sticker area,No,No,Yes,7,71000,,Light blue,Purple,1x1,NA,Nook's Cranny,"Available in Nook's Cranny (upgraded only), in the third unique furniture slot",1.0.0,concert,None,None,None,Yes,Musical Instrument,No,Does not play music,No lighting,For sale,FtrElectricguitar2_Remake_4_3,4_3,1645,8dJrNZecAt2fMjxX8
  cherry-blossom branches  ,NA,NA,NA,NA,Yes,No,No,NA,,4240,Pink,Black,1.5x1.5,NA,Crafting,,1.0.0,zen-style,fancy,cherry blossoms,None,Yes,Plants,No,Does not play music,No lighting,Not for sale,FtrSakuraBranch,NA,6031,mdnCPHWDrRHSN7n7Y
  TRICYCLE  ,Yellow,NA,NA,NA,No,No,No,NA,1600,400,Green,Yellow,1x1,NA,Nook's Cranny,Available in Nook's Cranny (either upgrade tier) in the unique furniture slot,1.0.0,garden,child's room,None,None,No,Playground,Yes,Does not play music,No lighting,For sale,FtrTricycle_Remake_3_0,3_0,1199,8AyvSQgCq5Lw8ghcg
    WOODEN STOOL    ,Blue,Paint color,Blue,Seat,Yes,Yes,Yes,2,NFS,,Blue,Light blue,1x1,NA,Crafting,,1.0.0,child's room,living room,wooden,None,Yes,Chair,No,Does not play music,No lighting,Not for sale,FtrWoodenStoolS_Remake_6_3,6_3,3449,iBvAAtBGeH6cDmtZL
    fountain    ,Brown,Color,NA,NA,Yes,Yes,No,7,,11700,Brown,Brown,3x3,NA,Crafting,,1.0.0,garden,facility,None,None,Yes,Playground,Yes,Does not play music,No lighting,Not for sale,FtrFountain_Remake_1_0,1_0,8031,gw4pSsASsq2JKJ2SK
    TABLE WITH CLOTH    ,NA,NA,Green,Tablecloth,No,No,Yes,2,5100,1275,Black,Black,2x2,NA,Nook's Cranny,"Available in Nook's Cranny (upgraded only), in the third unique furniture slot",1.0.0,shop,party,None,None,No,Table,No,Does not play music,No lighting,For sale,FtrTableCloth_Remake_0_2,0_2,1779,MvneX3B478zfFEyiS
    loft bed with desk    ,White,NA,Yellow,Bedding,No,No,Yes,3,,1925,White,Yellow,2x1,NA,Nook's Cranny,"Available in Nook's Cranny (upgraded only), in the unique furniture slot",1.0.0,child's room,None,None,None,Yes,Desk,No,Does not play music,No lighting,For sale,FtrBeddesk_Remake_2_4,2_4,3621,WQJEGTBfD4Jg9DZPm
    studio spotlight    ,Purple,NA,NA,NA,No,No,No,NA,2100,525,Black,Purple,1x1,NA,Nook's Cranny,Available in Nook's Cranny (either upgrade tier) in the unique furniture slot,1.0.0,facility,concert,None,None,Yes,Lamp,No,Does not play music,Spotlight,For sale,FtrLampSpot_Remake_5_0,5_0,7189,icYhuDJSMenSoSSaH
FLOOR LAMP,Brown,NA,Navy design,Lampshade,No,No,Yes,1,1400,350,Brown,Blue,1x1,NA,Nook's Cranny,"Available in Nook's Cranny (upgraded only), in the unique furniture slot",1.0.0,living room,None,None,None,Yes,Lamp,No,Does not play music,Fluorescent,For sale,FtrLamp_Remake_1_7,1_7,2561,cHeBmG6jbei7NDD6K
    log decorative shelves    ,Dark wood,Lumber type,Southwestern flair,Mat,Yes,Yes,Yes,4,,1560,Brown,Colorful,2x1,NA,Crafting,,1.0.0,garden,living room,log,None,No,Shelf,No,Does not play music,No lighting,Not for sale,FtrLogShelf_Remake_0_1,0_1,4036,P3gfyaF5sRF9RAQGa
    TOILET    ,Dark wood,NA,NA,NA,No,No,No,NA,4400,,Brown,White,1x1,NA,Nook's Cranny,"Available in Nook's Cranny (upgraded only), in the unique furniture slot",1.0.0,bathroom,None,None,None,Yes,Toilet,No,Does not play music,No lighting,For sale,FtrWC_Remake_2_0,2_0,1929,rQ6xttk3ee2ggp7pY
  outdoor bench  ,Green,NA,Green,Seat,No,No,Yes,1,1300,325,Green,Green,2x1,NA,Nook's Cranny,Available in Nook's Cranny (either upgrade tier) in the unique furniture slot,1.0.0,outdoors,None,None,None,Yes,Sofa,Yes,Does not play music,No lighting,For sale,FtrOutdoorchairM_Remake_2_2,2_2,3947,GxcCQmniReThk9ifa
    THROWBACK HAT TABLE    ,Black & yellow,NA,NA,NA,No,No,No,NA,3800,,Black,Yellow,2x2,NA,Nook's Cranny,"Available in Nook's Cranny (upgraded only), in the third unique furniture slot",1.0.0,child's room,fitness,throwback,None,No,Table,No,Does not play music,No lighting,For sale,FtrBoyTableL_Remake_4_0,4_0,4760,gRzi4RF6mEst6fsRg
  rattan armchair  ,Light brown,NA,NA,NA,No,No,No,NA,3200,800,Blue,Yellow,1x1,NA,Nook's Cranny,"Available in Nook's Cranny (upgraded only), in the unique furniture slot",1.0.0,living room,None,rattan,None,Yes,Sofa,No,Does not play music,No lighting,For sale,FtrRattanChairS_Remake_2_0,2_0,4053,2vK96fEq5NZivQwPN
  effects rack  ,Blue,NA,Pop logo,Sticker area,No,No,Yes,3,6800,1700,Blue,Red,1x1,NA,Nook's Cranny,"Available in Nook's Cranny (upgraded only), in the unique furniture slot",1.0.0,concert,facility,None,None,No,Musical Instrument,No,Does not play music,No lighting,For sale,FtrEffectorrack_Remake_3_6,3_6,950,c9uhh92ESGomjYLse
  MINI DIY WORKBENCH  ,Blue,Paint color,NA,NA,Yes,Yes,No,4,NFS,2580,Blue,White,1x1,NA,Crafting,,1.0.0,garage,None,None,None,Workbench,Work Bench,No,Does not play music,No lighting,Not for sale,FtrWorkbenchS_Remake_6_0,6_0,3122,CEWkPXzmjKQJzujm2
  signpost  ,Museum,Navigation,NA,NA,Yes,Yes,No,1,NFS,,Beige,Brown,1x1,NA,Crafting,,1.0.0,garden,None,None,None,No,Ranch,Yes,Does not play music,No lighting,Not for sale,FtrSignpost_Remake_7_0,7_0,3588,nGQF4yCirs9kxcYdf
    cute vanity    ,Blue,NA,NA,NA,No,No,No,NA,5400,1350,Blue,Black,1x1,NA,Nook's Cranny,"Available in Nook's Cranny (upgraded only), in the unique furniture slot",1.0.0,fancy,None,cute,None,Yes,Dresser,No,Does not play music,No lighting,For sale,FtrCuteDresser_Remake_4_0,4_0,4001,oziGuTvYns2yXdJLr
    WOODEN STOOL    ,Cherry wood,Paint color,Pink,Seat,Yes,Yes,Yes,2,,480,Orange,Pink,1x1,NA,Crafting,,1.0.0,child's room,living room,wooden,None,Yes,Chair,No,Does not play music,No lighting,Not for sale,FtrWoodenStoolS_Remake_2_2,2_2,3449,GwNBQPQw4yyunRPY2
    wooden simple bed    ,Pink wood,Paint color,Pink,Bedding,Yes,Yes,Yes,4,NFS,2160,Pink,Pink,2x1,NA,Crafting,,1.0.0,child's room,living room,wooden,None,Yes,Bed,No,Does not play music,No lighting,Not for sale,FtrWoodenBedS_Remake_7_1,7_1,2605,Lm7WyKvMcL4zjE2Wh
    WOODEN CHEST    ,Blue,Paint color,NA,NA,Yes,Yes,No,3,NFS,1920,Blue,Blue,2x1,NA,Crafting,,1.0.0,child's room,living room,wooden,None,Wardrobe,Chest,No,Does not play music,No lighting,Not for sale,FtrWoodenChest_Remake_6_0,6_0,2560,uZAkyzRvtHrvb8Fk5
  effects rack  ,Black,NA,Handwritten logo,Sticker area,No,No,Yes,3,6800,1700,Black,Light blue,1x1,NA,Nook's Cranny,"Available in Nook's Cranny (upgraded only), in the unique furniture slot",1.0.0,concert,facility,None,None,No,Musical Instrument,No,Does not play music,No lighting,For sale,FtrEffectorrack_Remake_0_5,0_5,950,kcALyvcE9Do9NCzdu
OIL-BARREL BATHTUB,Yellow,Barrel color,NA,NA,Yes,Yes,No,1,,655,Yellow,Yellow,1x1,NA,Crafting,,1.0.0,bathroom,None,None,None,Yes,Bathtub,Yes,Does not play music,No lighting,Not for sale,FtrDrumcanbath_Remake_2_0,2_0,3819,qzMo3HAqkLsSrrphj
    BIRTHDAY SIGN    ,Green,Variation,NA,NA,No,Yes,No,1,NFS,300,Colorful,Green,2x1,NA,Birthday,,1.0.0,party,fancy,None,birthday,No,Seasonal Decor,No,Does not play music,No lighting,Not for sale,FtrBirthdayBoard_Remake_3_0,3_0,3594,HjCQpZsTJSY9ByJ7b
  RATTAN WARDROBE  ,Light brown,NA,NA,NA,No,No,No,NA,6900,,Yellow,Yellow,1x1,NA,Nook's Cranny,"Available in Nook's Cranny (upgraded only), in the unique furniture slot",1.0.0,living room,None,rattan,None,Wardrobe,Chest,No,Does not play music,No lighting,For sale,FtrRattanClosetLR_Remake_2_0,2_0,4049,vmvwceLhptr4pZzMv
  wooden simple bed  ,Blue,Paint color,Orange,Bedding,Yes,Yes,Yes,4,,2160,Blue,Orange,2x1,NA,Crafting,,1.0.0,child's room,living room,wooden,None,Yes,Bed,No,Does not play music,No lighting,Not for sale,FtrWoodenBedS_Remake_6_0,6_0,2605,gwgaTgSqQXkQcoxRN
plastic pool,Orange,NA,NA,NA,No,No,No,NA,,775,Orange,Black,2x2,NA,Nook's Cranny,"Available in Nook's Cranny (upgraded only), in the third unique furniture slot",1.0.0,garden,None,None,None,Yes,Garden,Yes,Does not play music,No lighting,For sale,FtrGardenpool_Remake_3_0,3_0,3348,vYAu6YMjFD5sFHRqP
  wooden mini table  ,Blue,Paint color,None,Tablecloth,Yes,Yes,Yes,2,NFS,,Blue,Blue,1x1,NA,Crafting,,1.0.0,child's room,living room,wooden,None,No,Table,No,Does not play music,No lighting,Not for sale,FtrWoodenTableMini_Remake_6_0,6_0,7133,kEwWNMPdH9H54TRb2
  rock guitar  ,Coral pink,NA,Familiar logo,Sticker area,No,No,Yes,2,,,Pink,Black,1x1,NA,Nook's Cranny,Available in Nook's Cranny (either upgrade tier) in the unique furniture slot,1.0.0,concert,None,None,None,Yes,Musical Instrument,No,Does not play music,No lighting,For sale,FtrElectricguitar1_Remake_1_1,1_1,1644,HppCENpzKstDHJZ6x
  Mrs. Flamingo  ,White,NA,NA,NA,No,No,No,NA,,750,Pink,Pink,1x1,NA,Nook's Cranny,Available in Nook's Cranny (either upgrade tier) in the unique furniture slot,1.0.0,garden,fancy,None,None,No,Animal,Yes,Does not play music,No lighting,For sale,FtrFlamingoFemale_Remake_1_0,1_0,336,TEut5pqy4hF7z8S2P
  CHANGING ROOM  ,Blue,NA,Red,Curtain,No,No,Yes,2,3700,925,Blue,Red,1x1,NA,Nook's Cranny,"Available in Nook's Cranny (upgraded only), in the unique furniture slot",1.0.0,shop,facility,None,None,Wardrobe,Shop,No,Does not play music,No lighting,For sale,FtrFittingroom_Remake_5_5,5_5,1816,e2Ay6Er66ZKGsxQq8
  ROCKET LAMP  ,Yellow,NA,NA,NA,No,No,No,NA,1500,,Yellow,Orange,1x1,NA,Nook's Cranny,Available in Nook's Cranny (either upgrade tier) in the unique furniture slot,1.0.0,facility,None,None,None,Yes,Lamp,No,Does not play music,Fluorescent,For sale,FtrLavalamp_Remake_2_0,2_0,1851,qS8yfxwPKzXEbtPBs
    CLOTHES CLOSET    ,Black,NA,NA,NA,No,No,No,NA,,775,Black,Black,1x1,NA,Nook's Cranny,Available in Nook's Cranny (either upgrade tier) in the unique furniture slot,1.0.0,living room,None,None,None,Wardrobe,Chest,No,Does not play music,No lighting,For sale,FtrFashioncase_Remake_1_0,1_0,9502,kjG4jegbbauXpt7FW
  LOW SCREEN  ,Brown,NA,Plain,Screen,No,No,Yes,1,870,217,Orange,White,1x0.5,NA,Nook's Cranny,Available in Nook's Cranny (either upgrade tier) in the unique furniture slot,1.0.0,zen-style,None,None,None,No,Japanese Style,No,Does not play music,No lighting,For sale,FtrScreenJapanLow_Remake_2_0,2_0,1029,L9tJ8ugaXEArEZZig
  changing room  ,Green,NA,Black,Curtain,No,No,Yes,2,,925,Light blue,Black,1x1,NA,Nook's Cranny,"Available in Nook's Cranny (upgraded only), in the unique furniture slot",1.0.0,shop,facility,None,None,Wardrobe,Shop,No,Does not play music,No lighting,For sale,FtrFittingroom_Remake_7_2,7_2,1816,PcYFdZMzmNBquo6G4
  STONE STOOL  ,NA,NA,NA,NA,Yes,No,No,NA,NFS,450,Gray,Gray,1x1,NA,Crafting,,1.0.0,garden,None,None,stone,No,Chair,Yes,Does not play music,No lighting,Not for sale,FtrStoneChair,NA,3398,FqNijhgQn4EJ6jL7y
loft bed with desk,Pink,NA,Black,Bedding,No,No,Yes,3,,1925,Pink,Black,2x1,NA,Nook's Cranny,"Available in Nook's Cranny (upgraded only), in the unique furniture slot",1.0.0,child's room,None,None,None,Yes,Desk,No,Does not play music,No lighting,For sale,FtrBeddesk_Remake_7_1,7_1,3621,X3xALC5qKn6bMWedn
  giant teddy bear  ,Caramel mocha,Fabric,None,Ribbon,Yes,Yes,Yes,8,NFS,,Beige,Beige,3x3,NA,Crafting,,1.0.0,fancy,child's room,None,bear,No,Animal,No,Does not play music,No lighting,Not for sale,FtrBearXL_Remake_1_0,1_0,1504,yStwGomoeWGmHnjcD
  wooden stool  ,Green,Paint color,Pink,Seat,Yes,Yes,Yes,2,NFS,480,Green,Pink,1x1,NA,Crafting,,1.0.0,child's room,living room,wooden,None,Yes,Chair,No,Does not play music,No lighting,Not for sale,FtrWoodenStoolS_Remake_5_2,5_2,3449,Sv2PaekXBWu7MDcRC
  loft bed with desk  ,Black,NA,Green stripes,Bedding,No,No,Yes,3,7700,,Black,Colorful,2x1,NA,Nook's Cranny,"Available in Nook's Cranny (upgraded only), in the unique furniture slot",1.0.0,child's room,None,None,None,Yes,Desk,No,Does not play music,No lighting,For sale,FtrBeddesk_Remake_3_6,3_6,3621,qgvSqKfH6DmFtmiHJ
  TABLE WITH CLOTH  ,NA,NA,Light blue,Tablecloth,No,No,Yes,2,,1275,Light blue,Light blue,2x2,NA,Nook's Cranny,"Available in Nook's Cranny (upgraded only), in the third unique furniture slot",1.0.0,shop,party,None,None,No,Table,No,Does not play music,No lighting,For sale,FtrTableCloth_Remake_0_7,0_7,1779,mFMkAfySRNW4c44fj
PET BED,Dark brown,NA,White,Cushion,No,No,Yes,1,,275,Brown,White,1x1,NA,Nook's Cranny,Available in Nook's Cranny (either upgrade tier) in the unique furniture slot,1.0.0,living room,None,None,pet,Yes,Chair,No,Does not play music,No lighting,For sale,FtrPetBed_Remake_1_0,1_0,7802,e2ivm2amDwsQxLBFD
    GAS RANGE    ,Silver,NA,NA,NA,No,No,No,NA,,875,Gray,Red,1x1,NA,Nook's Cranny,Available in Nook's Cranny (either upgrade tier) in the unique furniture slot,1.0.0,kitchen,shop,None,None,Yes,Kitchen,No,Does not play music,No lighting,For sale,FtrKitchenOven_Remake_0_0,0_0,3251,vNf47dvwTdh2eS8Yy
  IRONWOOD CHAIR  ,Old,Lumber type,NA,NA,Yes,Yes,No,3,NFS,1860,Brown,Black,1x1,NA,Crafting,,1.0.0,living room,None,ironwood,None,Yes,Chair,No,Does not play music,No lighting,Not for sale,FtrIronwoodChairS_Remake_3_0,3_0,3193,K3oYBdsBXHf4GZFfv
springy ride-on,Dark brown,NA,NA,NA,No,No,No,NA,NFS,10000,Brown,White,1x1,2000,Nook Miles Shop,,1.0.0,facility,fancy,None,None,Yes,Playground,Yes,Does not play music,No lighting,Not for sale,FtrSpringrider_Remake_2_0,2_0,4379,f3npYw95JXQxk6aYF
ARIES ROCKING CHAIR,NA,NA,NA,NA,Yes,No,No,NA,NFS,,White,Yellow,1x1,NA,Crafting,,1.0.0,expensive,fancy,stars,None,Yes,Toy,No,Does not play music,No lighting,Not for sale,FtrZodiacAries,NA,5954,MLxrGfmKBYNQoqYYu
  pinball machine  ,Red,NA,NA,NA,No,No,No,NA,2700,675,Red,Colorful,1x1,NA,Nook's Cranny,"Available in Nook's Cranny (upgraded only), in the unique furniture slot",1.0.0,facility,shop,None,None,Yes,Toy,No,Does not play music,No lighting,For sale,FtrPinball_Remake_1_0,1_0,1087,pP7sxxzKEqM2JXjQx
giant teddy bear,Tweed,NA,Giant dots,Ribbon,Yes,No,Yes,8,,6300,Purple,Blue,3x3,NA,Crafting,,1.0.0,fancy,child's room,None,bear,No,Animal,No,Does not play music,No lighting,Not for sale,FtrBearXL_Remake_5_2,5_2,1504,Bvr8fzayine9nGGN3
    WOODEN STOOL    ,White wood,Paint color,None,Seat,Yes,Yes,Yes,2,NFS,480,White,White,1x1,NA,Crafting,,1.0.0,child's room,living room,wooden,None,Yes,Chair,No,Does not play music,No lighting,Not for sale,FtrWoodenStoolS_Remake_1_0,1_0,3449,nnumQPqABdKNwTk7B
  CUTE SOFA  ,Blue,NA,NA,NA,No,No,No,NA,9600,,Blue,Black,2x1,NA,Nook's Cranny,"Available in Nook's Cranny (upgraded only), in the unique furniture slot",1.0.0,fancy,None,cute,None,Yes,Sofa,No,Does not play music,No lighting,For sale,FtrCuteChairL_Remake_4_0,4_0,3998,9CKbxigdABfRndNSQ
  CHANGING ROOM  ,Blue,NA,Green,Curtain,No,No,Yes,2,,925,Blue,Green,1x1,NA,Nook's Cranny,"Available in Nook's Cranny (upgraded only), in the unique furniture slot",1.0.0,shop,facility,None,None,Wardrobe,Shop,No,Does not play music,No lighting,For sale,FtrFittingroom_Remake_5_6,5_6,1816,P9WrpxcjWbSE2tMff
  REFRIGERATOR  ,Silver,NA,Rock,Sticker area,No,No,Yes,2,,,Gray,Colorful,1x1,NA,Nook's Cranny,"Available in Nook's Cranny (upgraded only), in the unique furniture slot",1.0.0,kitchen,shop,None,None,Wardrobe,Home Appliances,No,Does not play music,No lighting,For sale,FtrRefrigerator_Remake_7_2,7_2,2713,nffBAAj5uko8fvH9p
  drum set  ,Evergreen,NA,Vintage logo,Bass drum head,No,No,Yes,2,5600,,Green,Beige,2x1,NA,Nook's Cranny,"Available in Nook's Cranny (upgraded only), in the unique furniture slot",1.0.0,concert,None,None,None,Yes,Musical Instrument,No,Does not play music,No lighting,For sale,FtrDrumSet_Remake_6_5,6_5,1803,YX33RS9Nps4LEAuNJ
robot hero,Green,Coating,NA,NA,Yes,Yes,No,50,,250000,Green,Black,3x3,NA,Crafting,,1.0.0,child's room,facility,None,None,Yes,Toy,Yes,Does not play music,No lighting,Not for sale,FtrHerorobot_Remake_3_0,3_0,1509,kxWSwX4Ekkc9ugtvM
  EFFECTS RACK  ,Orange,NA,Familiar logo,Sticker area,No,No,Yes,3,,,Yellow,White,1x1,NA,Nook's Cranny,"Available in Nook's Cranny (upgraded only), in the unique furniture slot",1.0.0,concert,facility,None,None,No,Musical Instrument,No,Does not play music,No lighting,For sale,FtrEffectorrack_Remake_2_1,2_1,950,SNGExFWGeJxKx8KgW
    FROZEN CHAIR    ,Ice green,Illumination,NA,NA,Yes,Yes,No,7,NFS,6200,Green,Green,1x1,NA,Crafting,,1.0.0,freezing cold,None,frozen,None,Yes,Chair,Yes,Does not play music,No lighting,Not for sale,FtrIceChairS_Remake_5_0,5_0,3503,L3jCqHA4ZbGk2uNKq
  electric guitar  ,Chic white,NA,Rock logo,Sticker area,No,No,Yes,7,71000,17750,White,Purple,1x1,NA,Nook's Cranny,"Available in Nook's Cranny (upgraded only), in the third unique furniture slot",1.0.0,concert,None,None,None,Yes,Musical Instrument,No,Does not play music,No lighting,For sale,FtrElectricguitar2_Remake_5_3,5_3,1645,5W8jfDMSL7Xkgg2ER
  changing room  ,Gray,NA,Pink,Curtain,No,No,Yes,2,,925,White,Pink,1x1,NA,Nook's Cranny,"Available in Nook's Cranny (upgraded only), in the unique furniture slot",1.0.0,shop,facility,None,None,Wardrobe,Shop,No,Does not play music,No lighting,For sale,FtrFittingroom_Remake_0_4,0_4,1816,GkLpRsYjKtNT6rMKW
tire toy,Yellow,Tire color,NA,NA,Yes,Yes,No,1,NFS,,Yellow,Yellow,1x1,NA,Crafting,,1.0.0,garden,None,None,None,Yes,Playground,Yes,Does not play music,No lighting,Not for sale,FtrPlayingtire_Remake_2_0,2_0,2329,35YYmd3nC2s64A9zb
ROCKING CHAIR,Dark wood,Lumber type,NA,NA,Yes,Yes,No,2,,960,Brown,Brown,1x1,NA,Crafting,,1.0.0,living room,None,None,None,Yes,Chair,No,Does not play music,No lighting,Not for sale,FtrRockingchair_Remake_2_0,2_0,1103,6aMaskrMsv96YLbyP
  FOLDING FLOOR LAMP  ,White,NA,NA,NA,No,No,No,NA,1900,475,White,White,1x1,NA,Nook's Cranny,"Available in Nook's Cranny (upgraded only), in the unique furniture slot",1.0.0,child's room,living room,None,None,Yes,Lamp,No,Does not play music,Spotlight,For sale,FtrLampArm_Remake_1_0,1_0,4014,A95kPgrRHvujws7aS
  ILLUMINATED SNOWFLAKES  ,Yellow,Light color,NA,NA,Yes,Yes,No,5,NFS,3150,Yellow,Orange,2x1,NA,Crafting,,1.0.0,freezing cold,fancy,festive,None,Yes,Seasonal Decor,Yes,Does not play music,Fluorescent,Not for sale,FtrIllumiSnow_Remake_2_0,2_0,4131,62Sao5K8hXaRJDxxu
  COSMOS SHOWER  ,Red,Flower color,NA,NA,Yes,Yes,No,5,,3050,Red,Green,1x1,NA,Crafting,,1.0.0,bathroom,fancy,flowers,None,Yes,Bathtub,No,Does not play music,No lighting,Not for sale,FtrFlowerShower_Remake_1_0,1_0,7230,JqxaNSF7fQmG8NZFK
  EFFECTS RACK  ,Pink,NA,Familiar logo,Sticker area,No,No,Yes,3,6800,1700,Pink,White,1x1,NA,Nook's Cranny,"Available in Nook's Cranny (upgraded only), in the unique furniture slot",1.0.0,concert,facility,None,None,No,Musical Instrument,No,Does not play music,No lighting,For sale,FtrEffectorrack_Remake_5_1,5_1,950,5q2Tjq3n8hvK6LbTX
  ROCK GUITAR  ,Chic white,NA,None,Sticker area,No,No,Yes,2,3100,775,White,White,1x1,NA,Nook's Cranny,Available in Nook's Cranny (either upgrade tier) in the unique furniture slot,1.0.0,concert,None,None,None,Yes,Musical Instrument,No,Does not play music,No lighting,For sale,FtrElectricguitar1_Remake_6_0,6_0,1644,sbNgPzGJ2WqkRczPJ
FLOOR SEAT,Dark wood,NA,Peach,Cushion,No,No,Yes,1,730,182,Red,Pink,1x1,NA,Nook's Cranny,Available in Nook's Cranny (either upgrade tier) in the unique furniture slot,1.0.0,zen-style,child's room,None,None,Yes,Chair,No,Does not play music,No lighting,For sale,FtrFloorchair_Remake_2_2,2_2,3622,8Wr2iPJpTXPZ2tui8
  papa bear  ,Floral,NA,None,Ribbon,No,No,Yes,3,8500,2125,Green,Yellow,2x2,NA,Nook's Cranny,"Available in Nook's Cranny (upgraded only), in the third unique furniture slot",1.0.0,fancy,child's room,None,bear,No,Animal,No,Does not play music,No lighting,For sale,FtrBearL_Remake_3_0,3_0,1499,3EMfRE2rC8b8oxhsx
BIRTHDAY SIGN,Orange,Variation,NA,NA,No,Yes,No,1,NFS,300,Colorful,Orange,2x1,NA,Birthday,,1.0.0,party,fancy,None,birthday,No,Seasonal Decor,No,Does not play music,No lighting,Not for sale,FtrBirthdayBoard_Remake_4_0,4_0,3594,bHB2KCXPYnnmJPDsZ
  BEACH TOWEL  ,NA,NA,Red stripes,Towel,No,No,Yes,1,,,Red,White,2x1,NA,Nook's Cranny,"Available in all tiers of shops, including Timmy & Tommy before the shop is opened",1.0.0,ocean,None,None,None,Yes,Bed,Yes,Does not play music,No lighting,For sale,FtrBeachtowel_Remake_0_1,0_1,3468,rQ9hWyQYQry3Lw4cT
    log decorative shelves    ,White wood,Lumber type,None,Mat,Yes,Yes,Yes,4,,,Beige,Beige,2x1,NA,Crafting,,1.0.0,garden,living room,log,None,No,Shelf,No,Does not play music,No lighting,Not for sale,FtrLogShelf_Remake_2_0,2_0,4036,HmmwHMa7KnWCbzAMp
    TOOL CART    ,Orange,NA,NA,NA,No,No,No,NA,2400,600,Orange,Black,1x1,NA,Nook's Cranny,Available in Nook's Cranny (either upgrade tier) in the unique furniture slot,1.0.0,garage,None,None,None,No,Table,No,Does not play music,No lighting,For sale,FtrToolcart_Remake_1_0,1_0,7528,zh2CF7yhuSqtwosNN
signpost,Fishing Spot,Navigation,NA,NA,Yes,Yes,No,1,NFS,600,Beige,Brown,1x1,NA,Crafting,,1.0.0,garden,None,None,None,No,Ranch,Yes,Does not play music,No lighting,Not for sale,FtrSignpost_Remake_2_0,2_0,3588,h4Zs4JLXgHsme6iQk
    DRINK MACHINE    ,White,NA,Orange juice,Advertisement panel,No,No,Yes,7,NFS,10000,White,Orange,1x1,2000,Nook Miles Shop,,1.0.0,shop,facility,None,None,Yes,Facility Decor,Yes,Does not play music,Monitor,Not for sale,FtrDrinkmachine_Remake_2_0,2_0,1802,cNDbzjeY4jPFneYs7
  LOFT BED WITH DESK  ,Blue,NA,Orange,Bedding,No,No,Yes,3,,1925,Blue,Orange,2x1,NA,Nook's Cranny,"Available in Nook's Cranny (upgraded only), in the unique furniture slot",1.0.0,child's room,None,None,None,Yes,Desk,No,Does not play music,No lighting,For sale,FtrBeddesk_Remake_4_3,4_3,3621,wTY9RFg678rB99vEB
  garbage bin  ,Red,NA,NA,NA,No,No,No,NA,,,Red,Black,1x1,NA,Nook's Cranny,Available in Nook's Cranny (either upgrade tier) in the unique furniture slot,1.0.0,garage,facility,None,None,Trash,Supplies,Yes,Does not play music,No lighting,For sale,FtrPaleCaster_Remake_5_0,5_0,9767,362K3Ba3hHZZjvJXb
  stall  ,Gray,Variation,Green stripes,Curtain,Yes,Yes,Yes,3,NFS,1440,Gray,Green,2x1,NA,Crafting,,1.0.0,shop,party,None,None,No,Shop,Yes,Does not play music,No lighting,Not for sale,FtrFloat_Remake_7_1,7_1,3617,WNXFyt2MWpxBTY8r3
FOLDING FLOOR LAMP,Gray,NA,NA,NA,No,No,No,NA,1900,475,Gray,Gray,1x1,NA,Nook's Cranny,"Available in Nook's Cranny (upgraded only), in the unique furniture slot",1.0.0,child's room,living room,None,None,Yes,Lamp,No,Does not play music,Spotlight,For sale,FtrLampArm_Remake_6_0,6_0,4014,6iGgFrBxfvaMKMFYH
  WOODEN MINI TABLE  ,Pink wood,Paint color,Blue,Tablecloth,Yes,Yes,Yes,2,NFS,720,Pink,Blue,1x1,NA,Crafting,,1.0.0,child's room,living room,wooden,None,No,Table,No,Does not play music,No lighting,Not for sale,FtrWoodenTableMini_Remake_7_3,7_3,7133,y5mAhAJaBNHAxhg6k
LOG DECORATIVE SHELVES,White birch,Lumber type,Southwestern flair,Mat,Yes,No,Yes,4,,1560,White,Colorful,2x1,NA,Crafting,,1.0.0,garden,living room,log,None,No,Shelf,No,Does not play music,No lighting,Not for sale,FtrLogShelf_Remake_3_1,3_1,4036,8sRnTz2EA6CHa7XvC
  OUTDOOR TABLE  ,Red,NA,Dark wood,Table,No,No,Yes,1,,550,Red,Brown,2x1,NA,Nook's Cranny,Available in Nook's Cranny (either upgrade tier) in the unique furniture slot,1.0.0,outdoors,None,None,None,No,Table,Yes,Does not play music,No lighting,For sale,FtrOutdoortableM_Remake_4_6,4_6,3946,5tkLTKMBpwCegE4S8
  WOODEN TABLE  ,White wood,Paint color,None,Tablecloth,Yes,Yes,Yes,4,NFS,,White,White,2x2,NA,Crafting,,1.0.0,child's room,living room,wooden,None,No,Table,No,Does not play music,No lighting,Not for sale,FtrWoodenTableL_Remake_1_0,1_0,3439,zbjkrznSnNjGzGxA4
  retro gas pump  ,Black,NA,Yellow oil,Lamp,No,No,Yes,1,2700,675,Black,Red,1x1,NA,Nook's Cranny,Available in Nook's Cranny (either upgrade tier) in the unique furniture slot,1.0.0,garden,shop,diner,None,Yes,Vehicle,Yes,Does not play music,No lighting,For sale,FtrAmeretroGasstand_Remake_4_0,4_0,4140,88NqtdPHNcBpi6h7W
antique chair,Brown,NA,NA,NA,No,No,No,NA,10000,2500,Brown,White,1x1,NA,Nook's Cranny,"Available in Nook's Cranny (upgraded only), in the third unique furniture slot",1.0.0,living room,expensive,antique,None,Yes,Chair,No,Does not play music,No lighting,For sale,FtrAntiqueChairS_Remake_0_0,0_0,3950,gzBvzGmkCqvaa4dfg
EFFECTS RACK,Black,NA,Familiar logo,Sticker area,No,No,Yes,3,6800,1700,Black,White,1x1,NA,Nook's Cranny,"Available in Nook's Cranny (upgraded only), in the unique furniture slot",1.0.0,concert,facility,None,None,No,Musical Instrument,No,Does not play music,No lighting,For sale,FtrEffectorrack_Remake_0_1,0_1,950,vuR8ruSbHN5RBgZnc
  soft-serve lamp  ,Rainbow,NA,NA,NA,No,No,No,NA,3000,,Colorful,Beige,1x1,NA,Nook's Cranny,"Available in Nook's Cranny (upgraded only), in the unique furniture slot",1.0.0,shop,fancy,None,None,Yes,Lamp,Yes,Does not play music,Fluorescent,For sale,FtrLampSoftcream_Remake_7_0,7_0,3416,48pMn7MzS9EXnnMJ9
  LOFT BED WITH DESK  ,Brown,NA,Pink,Bedding,No,No,Yes,3,,1925,Red,Pink,2x1,NA,Nook's Cranny,"Available in Nook's Cranny (upgraded only), in the unique furniture slot",1.0.0,child's room,None,None,None,Yes,Desk,No,Does not play music,No lighting,For sale,FtrBeddesk_Remake_1_5,1_5,3621,cfXDg8CTjo5XC2wzg
  wooden double bed  ,Blue,Paint color,Orange,Bedding,Yes,Yes,Yes,6,NFS,3600,Blue,Orange,2x2,NA,Crafting,,1.0.0,child's room,living room,wooden,None,Yes,Bed,No,Does not play music,No lighting,Not for sale,FtrWoodenBedW_Remake_6_0,6_0,7132,a2w2ukjJyBbSWrcHX
    IRONWOOD LOW TABLE    ,Teak,Lumber type,NA,NA,Yes,Yes,No,5,NFS,3720,Orange,Black,2x1,NA,Crafting,,1.0.0,living room,None,ironwood,None,No,Table,No,Does not play music,No lighting,Not for sale,FtrIronwoodTableM_Remake_1_0,1_0,3194,DXizSP54KGBx5BP5s
punching bag,Red,NA,NA,NA,No,No,No,NA,3800,,Red,Black,1x1,NA,Nook's Cranny,Available in Nook's Cranny (either upgrade tier) in the unique furniture slot,1.0.0,fitness,None,None,None,Yes,Sports,No,Does not play music,No lighting,For sale,FtrSandbag_Remake_0_0,0_0,4013,AjHSaHSAw9RgGJ7zm
    IRONWOOD CART    ,Oak,Lumber type,NA,NA,Yes,Yes,No,5,NFS,,Orange,White,1x1,NA,Crafting,,1.0.0,living room,None,ironwood,None,No,Desk,No,Does not play music,No lighting,Not for sale,FtrIronwoodServingcart_Remake_4_0,4_0,3195,QmX2AmaLzgGrvi5mx
  WHITEBOARD  ,Schedule,NA,NA,NA,No,No,No,NA,,650,White,Gray,2x1,NA,Nook's Cranny,"Available in Nook's Cranny (upgraded only), in the unique furniture slot",1.0.0,office,None,None,None,No,Office,No,Does not play music,No lighting,For sale,FtrWhiteboard_Remake_1_0,1_0,4116,krZhtfjwg9zJ9rNH8
  STALL  ,Gray,Variation,None,Curtain,Yes,Yes,Yes,3,,1440,Gray,Gray,2x1,NA,Crafting,,1.0.0,shop,party,None,None,No,Shop,Yes,Does not play music,No lighting,Not for sale,FtrFloat_Remake_7_0,7_0,3617,icCfan4RtDdkm8pDE
    upright locker    ,Silver,NA,Cute,Sticker area,No,No,Yes,2,3700,,Gray,Pink,1x1,NA,Nook's Cranny,Available in Nook's Cranny (either upgrade tier) in the unique furniture slot,1.0.0,school,facility,None,None,Wardrobe,Chest,No,Does not play music,No lighting,For sale,FtrLocker_Remake_0_2,0_2,833,z7faD56CewwYtyRyD
PHONE BOX,Brown,NA,NA,NA,No,No,No,NA,NFS,12000,Brown,Brown,1x1,2400,Nook Miles Shop,,1.0.0,school,facility,None,None,Yes,Facility Decor,Yes,Does not play music,Emission,Not for sale,FtrTelephonebox_Remake_4_0,4_0,1185,4A8xaEJ5zimberFdR
  brick well  ,Gray,Brick color,NA,NA,Yes,Yes,No,4,,,Gray,Gray,1.5x1.5,NA,Crafting,,1.0.0,garden,None,None,None,No,Garden,Yes,Does not play music,No lighting,Not for sale,FtrWellBrick_Remake_2_0,2_0,3776,Jenczas9W7k5MDB4B
PINBALL MACHINE,White,NA,NA,NA,No,No,No,NA,2700,675,White,Colorful,1x1,NA,Nook's Cranny,"Available in Nook's Cranny (upgraded only), in the unique furniture slot",1.0.0,facility,shop,None,None,Yes,Toy,No,Does not play music,No lighting,For sale,FtrPinball_Remake_0_0,0_0,1087,Niv8ERd6cSExhiWKs
safe,Black,NA,NA,NA,No,No,No,NA,,900,Black,Gray,1x1,NA,Nook's Cranny,"Available in Nook's Cranny (upgraded only), in the unique furniture slot",1.0.0,facility,expensive,None,None,Wardrobe,Chest,No,Does not play music,No lighting,For sale,FtrSafebox_Remake_2_0,2_0,839,wY7u4YLz9avo8AGXk
  diner dining table  ,Blue,NA,NA,NA,No,No,No,NA,,1600,Gray,Blue,2x2,NA,Nook's Cranny,"Available in Nook's Cranny (upgraded only), in the third unique furniture slot",1.0.0,shop,None,diner,None,No,Table,No,Does not play music,No lighting,For sale,FtrAmeretroTableM_Remake_1_0,1_0,4142,KAwwJeaoTbtHAnr3a
  shell stool  ,Purple,Shell color,NA,NA,Yes,Yes,No,1,,,Purple,Purple,1x1,NA,Crafting,,1.0.0,ocean,None,shell,None,Yes,Chair,Yes,Does not play music,No lighting,Not for sale,FtrShellStoolS_Remake_4_0,4_0,3979,TGcEDhGnjzRAbqsrB
IMPERIAL LOW TABLE,Brown,NA,NA,NA,No,No,No,NA,3700,925,Brown,Brown,2x1,NA,Nook's Cranny,"Available in Nook's Cranny (upgraded only), in the unique furniture slot",1.0.0,zen-style,None,zen,None,No,Table,No,Does not play music,No lighting,For sale,FtrOrientalTableM_Remake_2_0,2_0,3974,hf4EeS6wuFJWmguLQ
  refrigerator  ,Yellow,NA,Cute,Sticker area,No,No,Yes,2,5100,1275,Yellow,Pink,1x1,NA,Nook's Cranny,"Available in Nook's Cranny (upgraded only), in the unique furniture slot",1.0.0,kitchen,shop,None,None,Wardrobe,Home Appliances,No,Does not play music,No lighting,For sale,FtrRefrigerator_Remake_3_1,3_1,2713,LpycWd7AoMncySazQ
  vintage tv tray  ,Copper,NA,Green,Tray,No,No,Yes,1,,300,Brown,Green,1x1,NA,Nook's Cranny,Available in Nook's Cranny (either upgrade tier) in the unique furniture slot,1.0.0,living room,None,None,None,No,Table,No,Does not play music,No lighting,For sale,FtrTVtray_Remake_2_0,2_0,4445,usXDiMLTE9BJYzq8X
  plain sink  ,Brown wood,Design,NA,NA,Yes,Yes,No,4,NFS,2270,Orange,White,1x1,NA,Crafting,,1.0.0,bathroom,None,None,None,Yes,Bathroom Things,No,Does not play music,No lighting,Not for sale,FtrWashstandBowl_Remake_1_0,1_0,3683,vPSCKM8Ey4WneyWqj
    DJ's turntable    ,Black,NA,Familiar logo,Flag,No,No,Yes,4,9300,2325,Black,Black,2x1,NA,Nook's Cranny,"Available in Nook's Cranny (upgraded only), in the unique furniture slot",1.0.0,party,concert,None,None,Yes,Musical Instrument,No,Hi-fi,No lighting,For sale,FtrDJbooth_Remake_0_1,0_1,941,tJycGkK2bkDbkfH6H
  wooden-block bed  ,Mixed wood,Block color,NA,NA,Yes,Yes,No,4,NFS,,Brown,Black,2x1,NA,Crafting,,1.0.0,child's room,None,wooden block,None,Yes,Bed,No,Does not play music,No lighting,Not for sale,FtrBlockBedS_Remake_1_0,1_0,1557,t39MTmuczgrcKjzHE
  loft bed with desk  ,Pink,NA,Red stripes,Bedding,No,No,Yes,3,7700,1925,Pink,Colorful,2x1,NA,Nook's Cranny,"Available in Nook's Cranny (upgraded only), in the unique furniture slot",1.0.0,child's room,None,None,None,Yes,Desk,No,Does not play music,No lighting,For sale,FtrBeddesk_Remake_7_7,7_7,3621,37PZa9BD8Asg5B3jR
  video camera  ,Red,NA,NA,NA,No,No,No,NA,32000,8000,Red,Red,1x1,NA,Nook's Cranny,"Available in Nook's Cranny (upgraded only), in the third unique furniture slot",1.0.0,facility,None,None,None,Yes,Home Appliances,No,Does not play music,No lighting,For sale,FtrVideocamera_Remake_2_0,2_0,1221,Yr36Jir3ggdPws27L
  illuminated present  ,White with blue ribbon,Light color,NA,NA,Yes,Yes,No,4,NFS,,White,Blue,1x1,NA,Crafting,,1.0.0,party,fancy,festive,None,Yes,Seasonal Decor,Yes,Does not play music,Fluorescent,Not for sale,FtrIllumiPresent_Remake_3_0,3_0,4108,73Nj9yLoxLRk5DNLW
OUTDOOR BENCH,Green,NA,Dark wood,Seat,No,No,Yes,1,,325,Green,Brown,2x1,NA,Nook's Cranny,Available in Nook's Cranny (either upgrade tier) in the unique furniture slot,1.0.0,outdoors,None,None,None,Yes,Sofa,Yes,Does not play music,No lighting,For sale,FtrOutdoorchairM_Remake_2_6,2_6,3947,D7scvKMzdH38NxN9W
  digital scale  ,Blue,NA,Wood,Design,No,No,Yes,1,,,Blue,Yellow,1x1,NA,Nook's Cranny,Available in Nook's Cranny (either upgrade tier) in the unique furniture slot,1.0.0,bathroom,None,None,None,No,Bathroom Things,No,Does not play music,No lighting,For sale,FtrWeightscale_Remake_3_4,3_4,3307,z3onHAes7ps8wf7dG
  WOODEN-BLOCK STOOL  ,Vivid,Block color,NA,NA,Yes,Yes,No,1,NFS,600,Yellow,Yellow,1x1,NA,Crafting,,1.0.0,child's room,None,wooden block,None,Yes,Chair,No,Does not play music,No lighting,Not for sale,FtrBlockStoolS_Remake_4_0,4_0,5543,2Cs9gdFGMA3XpuqRa
  THROWBACK HAT TABLE  ,Baseball,NA,NA,NA,No,No,No,NA,3800,950,White,Black,2x2,NA,Nook's Cranny,"Available in Nook's Cranny (upgraded only), in the third unique furniture slot",1.0.0,child's room,fitness,throwback,None,No,Table,No,Does not play music,No lighting,For sale,FtrBoyTableL_Remake_7_0,7_0,4760,Y3gHdntdFT6GfJK3N
wooden double bed,Blue,Paint color,Blue,Bedding,Yes,Yes,Yes,6,NFS,3600,Blue,Light blue,2x2,NA,Crafting,,1.0.0,child's room,living room,wooden,None,Yes,Bed,No,Does not play music,No lighting,Not for sale,FtrWoodenBedW_Remake_6_2,6_2,7132,PDN5CzTk4GEukFya7
birdcage,White,Paint color,NA,NA,Yes,Yes,No,2,NFS,,White,White,1x1,NA,Crafting,,1.0.0,living room,None,None,None,Yes,Animal,No,Does not play music,No lighting,Not for sale,FtrBirdcage_Remake_3_0,3_0,865,YxpAFpwKxq2DcdoMh
  MUSH LOG  ,White mushroom,Mushroom type,NA,NA,Yes,Yes,No,3,,1680,Brown,White,1x1,NA,Crafting,,1.0.0,facility,garden,mush,None,No,Desk,Yes,Does not play music,No lighting,Not for sale,FtrMushroomPulpwood_Remake_1_0,1_0,3808,BSkHosDy9P8aB38TS
floor lamp,Black,NA,Orange design,Lampshade,No,No,Yes,1,1400,350,Black,Red,1x1,NA,Nook's Cranny,"Available in Nook's Cranny (upgraded only), in the unique furniture slot",1.0.0,living room,None,None,None,Yes,Lamp,No,Does not play music,Fluorescent,For sale,FtrLamp_Remake_3_6,3_6,2561,cztYdwuZeTNooPXJq
    throwback race-car bed    ,Black,NA,NA,NA,No,No,No,NA,,950,Black,White,2x1,NA,Nook's Cranny,"Available in Nook's Cranny (upgraded only), in the unique furniture slot",1.0.0,child's room,None,throwback,None,Yes,Bed,No,Does not play music,No lighting,For sale,FtrBoyBedS_Remake_6_0,6_0,4759,62nff6FjmnztFwaT9
    piano bench    ,White,NA,NA,NA,No,No,No,NA,990,247,White,White,1x1,NA,Nook's Cranny,Available in Nook's Cranny (either upgrade tier) in the unique furniture slot,1.0.0,music,None,None,None,Yes,Chair,No,Does not play music,No lighting,For sale,FtrPianochair_Remake_2_0,2_0,3681,9Zimqm9RbCP6ZwXii
  SOLAR PANEL  ,Black,NA,NA,NA,No,No,No,NA,NFS,20000,Black,Black,3x2,4000,Nook Miles Shop,,1.0.0,space,None,None,None,No,Space,Yes,Does not play music,No lighting,Not for sale,FtrSolarpanel_Remake_1_0,1_0,2333,c27hGanLDKoXeKiKt
    FROZEN COUNTER    ,Ice orange,Illumination,NA,NA,Yes,Yes,No,7,NFS,,Orange,Orange,2x1,NA,Crafting,,1.0.0,freezing cold,None,frozen,None,No,Table,Yes,Does not play music,No lighting,Not for sale,FtrIceCounter_Remake_4_0,4_0,3505,9uCfGhAsthkzYoXxu
    CUTE CHAIR    ,Sky blue,NA,NA,NA,No,No,No,NA,4300,1075,Light blue,Blue,1x1,NA,Nook's Cranny,"Available in Nook's Cranny (upgraded only), in the unique furniture slot",1.0.0,fancy,None,cute,None,Yes,Chair,No,Does not play music,No lighting,For sale,FtrCuteChairS_Remake_1_0,1_0,3999,tivvvrJXKiyvYowQM
WEDDING ARCH,Cute,Design,NA,NA,No,Yes,No,7,20000,,White,Light blue,3x1,NA,Wedding Season,,1.2.0,party,expensive,wedding,None,No,Arch,No,Does not play music,No lighting,Not for sale,FtrWeddingArch_Remake_0_0,0_0,12402,fMTAHHboDGPitEZzf
  DRUM SET  ,Marine blue,NA,Glossy black,Bass drum head,No,No,Yes,2,5600,1400,Blue,Black,2x1,NA,Nook's Cranny,"Available in Nook's Cranny (upgraded only), in the unique furniture slot",1.0.0,concert,None,None,None,Yes,Musical Instrument,No,Does not play music,No lighting,For sale,FtrDrumSet_Remake_4_1,4_1,1803,tCiuEzrPc7Gybx3nG
rock guitar,Fire red,NA,Cute logo,Sticker area,No,No,Yes,2,,775,Red,Pink,1x1,NA,Nook's Cranny,Available in Nook's Cranny (either upgrade tier) in the unique furniture slot,1.0.0,concert,None,None,None,Yes,Musical Instrument,No,Does not play music,No lighting,For sale,FtrElectricguitar1_Remake_3_7,3_7,1644,SsxmA8wAe8k3xkcGv
ANGLED SIGNPOST,Forest,Navigation,NA,NA,Yes,Yes,No,1,NFS,600,Beige,Brown,1x1,NA,Crafting,,1.0.0,garden,None,None,None,No,Vehicle,Yes,Does not play music,No lighting,Not for sale,FtrSignpostTilt_Remake_1_0,1_0,7867,8MxLKTxpMDwarBE2M
  COTTON-CANDY STALL  ,Black,NA,NA,NA,No,No,No,NA,NFS,,Black,Brown,2x1,3000,Nook Miles Shop,,1.0.0,fancy,party,None,None,Yes,Shop,Yes,Does not play music,No lighting,Not for sale,FtrCottoncandymachine_Remake_2_0,2_0,4412,yPLp7pycmRXoekqXh
  GOLDEN SEAT  ,NA,NA,NA,NA,Yes,No,No,NA,NFS,50000,Yellow,Yellow,2x1,NA,Crafting,,1.0.0,expensive,None,golden,None,Yes,Sofa,No,Does not play music,No lighting,Not for sale,FtrGoldbench,NA,3473,afQ5Zahj2p7p5MzLe
    ROCK GUITAR    ,Chic white,NA,Cute logo,Sticker area,No,No,Yes,2,3100,775,White,Pink,1x1,NA,Nook's Cranny,Available in Nook's Cranny (either upgrade tier) in the unique furniture slot,1.0.0,concert,None,None,None,Yes,Musical Instrument,No,Does not play music,No lighting,For sale,FtrElectricguitar1_Remake_6_7,6_7,1644,k7K8dPJczpdyJiMqs
floor lamp,Brown,NA,Pink,Lampshade,No,No,Yes,1,1400,,Brown,Pink,1x1,NA,Nook's Cranny,"Available in Nook's Cranny (upgraded only), in the unique furniture slot",1.0.0,living room,None,None,None,Yes,Lamp,No,Does not play music,Fluorescent,For sale,FtrLamp_Remake_1_2,1_2,2561,mN5oqsyjS569MrzWR
hammock,Yellow,NA,Camouflage,Cloth,No,No,Yes,1,1300,,Yellow,Green,2x1,NA,Nook's Cranny,"Available in all tiers of shops, including Timmy & Tommy before the shop is opened",1.0.0,outdoors,None,None,None,Yes,Bed,Yes,Does not play music,No lighting,For sale,FtrHammock_Remake_2_1,2_1,1620,HWhezENJgQRvQ6GPE
    SHELL STOOL    ,Pink,Shell color,NA,NA,Yes,Yes,No,1,,600,Pink,Pink,1x1,NA,Crafting,,1.0.0,ocean,None,shell,None,Yes,Chair,Yes,Does not play music,No lighting,Not for sale,FtrShellStoolS_Remake_2_0,2_0,3979,N8DJAq2nCFyuEGEdd
UPRIGHT LOCKER,Yellow,NA,Cool,Sticker area,No,No,Yes,2,3700,925,Yellow,Black,1x1,NA,Nook's Cranny,Available in Nook's Cranny (either upgrade tier) in the unique furniture slot,1.0.0,school,facility,None,None,Wardrobe,Chest,No,Does not play music,No lighting,For sale,FtrLocker_Remake_6_1,6_1,833,CXKRc7vQBgspdRM9q
  loft bed with desk  ,Light blue,NA,Light blue,Bedding,No,No,Yes,3,,,Light blue,Light blue,2x1,NA,Nook's Cranny,"Available in Nook's Cranny (upgraded only), in the unique furniture slot",1.0.0,child's room,None,None,None,Yes,Desk,No,Does not play music,No lighting,For sale,FtrBeddesk_Remake_6_2,6_2,3621,yFPKvnPGvDzARKnoS
SCREEN,Dragon,NA,NA,NA,No,No,No,NA,140000,,Beige,Black,2x1,NA,Nook's Cranny,"Available in Nook's Cranny (upgraded only), in the third unique furniture slot",1.0.0,zen-style,expensive,None,None,No,Japanese Style,No,Does not play music,No lighting,For sale,FtrScreenByoubu_Remake_4_0,4_0,716,qfppYWqSiPywDiT4t
  DRUM SET  ,Black & white,NA,Vintage logo,Bass drum head,No,No,Yes,2,5600,1400,Gray,Beige,2x1,NA,Nook's Cranny,"Available in Nook's Cranny (upgraded only), in the unique furniture slot",1.0.0,concert,None,None,None,Yes,Musical Instrument,No,Does not play music,No lighting,For sale,FtrDrumSet_Remake_7_5,7_5,1803,xgPa4vXtxPnkP7DzY
    loom    ,NA,NA,Goldfish,Knitting,No,No,Yes,5,13000,3250,Brown,Light blue,2x2,NA,Nook's Cranny,"Available in Nook's Cranny (upgraded only), in the third unique furniture slot",1.0.0,zen-style,None,None,None,Yes,Japanese Style,No,Does not play music,No lighting,For sale,FtrLoom_Remake_0_1,0_1,7681,GqQdH3PTF9YsJaQhB
    BAMBOO STOOL    ,Dried bamboo,Bamboo,NA,NA,Yes,Yes,No,2,,800,Yellow,Yellow,1x1,NA,Crafting,,1.0.0,zen-style,None,bamboo,None,Yes,Chair,Yes,Does not play music,No lighting,Not for sale,FtrBambooStool_Remake_1_0,1_0,10742,NSwAuK4PkDRcyE59N
WEDDING PIPE ORGAN,White,Body color,NA,NA,No,Yes,No,7,,25000,White,Gray,2x1,NA,Wedding Season,,1.2.0,party,expensive,wedding,None,Yes,Musical Instrument,No,Does not play music,No lighting,Not for sale,FtrWeddingOrgan_Remake_0_0,0_0,12409,acprZScM3Y4idSkvH
  WOODEN TABLE  ,Black,Paint color,Green,Tablecloth,Yes,Yes,Yes,4,NFS,1800,Black,Green,2x2,NA,Crafting,,1.0.0,child's room,living room,wooden,None,No,Table,No,Does not play music,No lighting,Not for sale,FtrWoodenTableL_Remake_4_4,4_4,3439,2u4qjb5XnXAMrZs5P
  pull-up-bar stand  ,Black,NA,NA,NA,No,No,No,NA,,1200,Black,Gray,1x1,NA,Nook's Cranny,"Available in Nook's Cranny (upgraded only), in the unique furniture slot",1.0.0,fitness,None,None,None,No,Sports,No,Does not play music,No lighting,For sale,FtrPullupstand_Remake_0_0,0_0,7845,EzaefommH2Hgsg3Lq
  LOFT BED WITH DESK  ,White,NA,Black,Bedding,No,No,Yes,3,7700,1925,White,Black,2x1,NA,Nook's Cranny,"Available in Nook's Cranny (upgraded only), in the unique furniture slot",1.0.0,child's room,None,None,None,Yes,Desk,No,Does not play music,No lighting,For sale,FtrBeddesk_Remake_2_1,2_1,3621,yWGxyQf3GQGEDrijw
  champion's pennant  ,Blue,NA,NA,NA,No,No,No,NA,3900,975,Blue,Yellow,1x1,NA,Nook's Cranny,"Available in Nook's Cranny (upgraded only), in the unique furniture slot",1.0.0,school,None,None,None,No,School,No,Does not play music,No lighting,For sale,FtrVictoryflag_Remake_1_0,1_0,7264,nKaysnNNRnEdgmxMp
    HANDCART    ,Red,NA,NA,NA,No,No,No,NA,1900,,Red,Brown,1x1,NA,Nook's Cranny,Available in Nook's Cranny (either upgrade tier) in the unique furniture slot,1.0.0,garden,None,None,None,No,Ranch,Yes,Does not play music,No lighting,For sale,FtrHandcart_Remake_4_0,4_0,7229,in6tgZ3REHFthGw6m
    crescent-moon chair    ,White,Color,NA,NA,Yes,Yes,No,7,NFS,8500,White,Gray,2x1,NA,Crafting,,1.0.0,space,fancy,stars,None,Yes,Chair,No,Does not play music,Fluorescent,Not for sale,FtrStarMoonChairL_Remake_6_0,6_0,6829,zYqdAy8vDY5bjLv99
    rattan stool    ,Reddish brown,NA,NA,NA,No,No,No,NA,2900,,Light blue,Orange,1x1,NA,Nook's Cranny,"Available in Nook's Cranny (upgraded only), in the unique furniture slot",1.0.0,living room,None,rattan,None,Yes,Chair,No,Does not play music,No lighting,For sale,FtrRattanStool_Remake_1_0,1_0,4047,rrZsbszyrYWG5MJyK
    log garden lounge    ,Orange wood,Lumber type,Quilted,Pillow,Yes,Yes,Yes,3,,1440,Orange,Light blue,2x1,NA,Crafting,,1.0.0,garden,None,log,None,Yes,Bed,Yes,Does not play music,No lighting,Not for sale,FtrLogBedS_Remake_1_4,1_4,4035,FWQyHs3qSGiGuxBhw
  wooden simple bed  ,Black,Paint color,Pink,Bedding,Yes,Yes,Yes,4,NFS,,Black,Pink,2x1,NA,Crafting,,1.0.0,child's room,living room,wooden,None,Yes,Bed,No,Does not play music,No lighting,Not for sale,FtrWoodenBedS_Remake_4_1,4_1,2605,RSLETJp3TZsnhSgAC
FROZEN PILLAR,Ice yellow,Illumination,NA,NA,Yes,Yes,No,7,NFS,6200,Yellow,Yellow,1x1,NA,Crafting,,1.0.0,freezing cold,None,frozen,None,No,Seasonal Decor,Yes,Does not play music,No lighting,Not for sale,FtrIcePillar_Remake_3_0,3_0,3500,qkxPuziwaX594KrLh
  garbage bin  ,Blue,NA,NA,NA,No,No,No,NA,,,Blue,Black,1x1,NA,Nook's Cranny,Available in Nook's Cranny (either upgrade tier) in the unique furniture slot,1.0.0,garage,facility,None,None,Trash,Supplies,Yes,Does not play music,No lighting,For sale,FtrPaleCaster_Remake_6_0,6_0,9767,CWocWS7pYx2LsRZSD
    imperial dining table    ,Brown,NA,NA,NA,No,No,No,NA,73000,18250,Brown,Colorful,2x2,NA,Nook's Cranny,"Available in Nook's Cranny (upgraded only), in the third unique furniture slot",1.0.0,shop,zen-style,None,imperial dining,Yes,Table,No,Does not play music,No lighting,For sale,FtrLazysusan_Remake_1_0,1_0,7796,ZoT4hFXHHtRvLLbDm
electric guitar,Sunburst,NA,Familiar logo,Sticker area,No,No,Yes,7,,17750,Brown,Black,1x1,NA,Nook's Cranny,"Available in Nook's Cranny (upgraded only), in the third unique furniture slot",1.0.0,concert,None,None,None,Yes,Musical Instrument,No,Does not play music,No lighting,For sale,FtrElectricguitar2_Remake_3_1,3_1,1645,dADXnpoC2kgsgDeEP
  wooden table  ,Green,Paint color,Pink,Tablecloth,Yes,Yes,Yes,4,NFS,,Green,Pink,2x2,NA,Crafting,,1.0.0,child's room,living room,wooden,None,No,Table,No,Does not play music,No lighting,Not for sale,FtrWoodenTableL_Remake_5_2,5_2,3439,aipHypSkF7exDeZbx
  ROSE BED  ,Purple,Flower color,NA,NA,Yes,Yes,No,2,,1400,Purple,Green,2x2,NA,Crafting,,1.0.0,fancy,None,flowers,None,Yes,Bed,No,Does not play music,No lighting,Not for sale,FtrFlowerBedW_Remake_1_0,1_0,7235,dbPk29BrZrPQriAJv
rattan low table,White,NA,NA,NA,No,No,No,NA,2900,725,White,White,2x1,NA,Nook's Cranny,"Available in Nook's Cranny (upgraded only), in the unique furniture slot",1.0.0,living room,None,rattan,None,No,Table,No,Does not play music,No lighting,For sale,FtrRattanTableM_Remake_3_0,3_0,4054,rA8w2GJ55PuxRaGcX
  rock guitar  ,Cool blue,NA,Cute logo,Sticker area,No,No,Yes,2,3100,775,Blue,Pink,1x1,NA,Nook's Cranny,Available in Nook's Cranny (either upgrade tier) in the unique furniture slot,1.0.0,concert,None,None,None,Yes,Musical Instrument,No,Does not play music,No lighting,For sale,FtrElectricguitar1_Remake_7_7,7_7,1644,C6mRibmdjsk8vvYtS
  ELECTRIC GUITAR  ,Natural wood,NA,Rock logo,Sticker area,No,No,Yes,7,71000,17750,Beige,Purple,1x1,NA,Nook's Cranny,"Available in Nook's Cranny (upgraded only), in the third unique furniture slot",1.0.0,concert,None,None,None,Yes,Musical Instrument,No,Does not play music,No lighting,For sale,FtrElectricguitar2_Remake_1_3,1_3,1645,6zCXaa48twCumDT7X
electric guitar,Chic white,NA,Handwritten logo,Sticker area,No,No,Yes,7,71000,,White,Light blue,1x1,NA,Nook's Cranny,"Available in Nook's Cranny (upgraded only), in the third unique furniture slot",1.0.0,concert,None,None,None,Yes,Musical Instrument,No,Does not play music,No lighting,For sale,FtrElectricguitar2_Remake_5_5,5_5,1645,5NQPFJzSApQdZsoc3
SERVER,NA,NA,NA,NA,No,No,No,NA,100000,25000,Black,Black,1x1,NA,Nook's Cranny,"Available in Nook's Cranny (upgraded only), in the third unique furniture slot",1.0.0,office,facility,None,None,Yes,Office,No,Does not play music,No lighting,For sale,FtrServer,NA,1126,7qaEQgzjaGm7XAep9
DIY WORKBENCH,Brown,Paint color,NA,NA,Yes,Yes,No,7,NFS,6630,Brown,Colorful,2x1,NA,Crafting,,1.0.0,garage,None,None,None,Workbench,Work Bench,No,Does not play music,No lighting,Not for sale,FtrWorkbench_Remake_2_0,2_0,1241,LpRARwCf4m2SnN7YL
  jail bars  ,Rusted iron,Body color,NA,NA,Yes,Yes,No,5,NFS,3750,Brown,Brown,2x0.5,NA,Crafting,,1.0.0,facility,horror,None,None,No,Ranch,Yes,Does not play music,No lighting,Not for sale,FtrScreenCage_Remake_2_0,2_0,5931,qQT5gJYuKth6r87Ly
  HAMMOCK  ,Yellow,NA,Colorful,Cloth,No,No,Yes,1,,,Yellow,Colorful,2x1,NA,Nook's Cranny,"Available in all tiers of shops, including Timmy & Tommy before the shop is opened",1.0.0,outdoors,None,None,None,Yes,Bed,Yes,Does not play music,No lighting,For sale,FtrHammock_Remake_2_0,2_0,1620,zDMB2GBDBnRhaKo49
retro gas pump,Green,NA,Yellow oil,Lamp,No,No,Yes,1,,,Green,Red,1x1,NA,Nook's Cranny,Available in Nook's Cranny (either upgrade tier) in the unique furniture slot,1.0.0,garden,shop,diner,None,Yes,Vehicle,Yes,Does not play music,No lighting,For sale,FtrAmeretroGasstand_Remake_1_0,1_0,4140,tphN2nESeScc7X5nm
  modern office chair  ,Blue,NA,NA,NA,No,No,No,NA,2200,550,Blue,Black,1x1,NA,Nook's Cranny,"Available in Nook's Cranny (upgraded only), in the unique furniture slot",1.0.0,office,None,None,office,Yes,Chair,No,Does not play music,No lighting,For sale,FtrOfficeChair_Remake_0_0,0_0,832,ntQZ3HTaejpMcBjTu
    PINBALL MACHINE    ,Black,NA,NA,NA,No,No,No,NA,2700,,Black,Colorful,1x1,NA,Nook's Cranny,"Available in Nook's Cranny (upgraded only), in the unique furniture slot",1.0.0,facility,shop,None,None,Yes,Toy,No,Does not play music,No lighting,For sale,FtrPinball_Remake_3_0,3_0,1087,cjLThB9arkpfcJXWF
    elephant slide    ,White,NA,NA,NA,No,No,No,NA,,1050,White,Pink,2x1,NA,Nook's Cranny,Available in Nook's Cranny (either upgrade tier) in the unique furniture slot,1.0.0,garden,child's room,None,None,No,Playground,No,Does not play music,No lighting,For sale,FtrSlideelephant_Remake_5_0,5_0,86,QArKWvNfMKAFsTzq4
  low screen  ,Dark brown,NA,Plain,Screen,No,No,Yes,1,870,217,Brown,White,1x0.5,NA,Nook's Cranny,Available in Nook's Cranny (either upgrade tier) in the unique furniture slot,1.0.0,zen-style,None,None,None,No,Japanese Style,No,Does not play music,No lighting,For sale,FtrScreenJapanLow_Remake_1_0,1_0,1029,YQ6Y6zqoy45P2QGwT
  STREET PIANO  ,Graffiti,Paint color,NA,NA,Yes,Yes,No,7,,26755,Colorful,Red,2x1,NA,Crafting,,1.0.0,concert,None,None,None,Yes,Musical Instrument,No,Does not play music,No lighting,Not for sale,FtrPianoStreet_Remake_0_0,0_0,11942,M7Xx4txhBisR6Tab3
    GAS RANGE    ,White,NA,NA,NA,No,No,No,NA,3500,,White,Beige,1x1,NA,Nook's Cranny,Available in Nook's Cranny (either upgrade tier) in the unique furniture slot,1.0.0,kitchen,shop,None,None,Yes,Kitchen,No,Does not play music,No lighting,For sale,FtrKitchenOven_Remake_1_0,1_0,3251,CmHsTiTiCYwwQL3eP
  drying rack  ,Ivory,NA,NA,NA,No,No,No,NA,,,Beige,Colorful,2x1,NA,Nook's Cranny,Available in Nook's Cranny (either upgrade tier) in the unique furniture slot,1.0.0,garden,bathroom,None,None,No,Supplies,Yes,Does not play music,No lighting,For sale,FtrClothesstand_Remake_1_0,1_0,7789,8jkg7xAy54vJYkBTS
  popcorn machine  ,Red,NA,NA,NA,No,No,No,NA,,,Red,Yellow,1x1,NA,Nook's Cranny,Available in Nook's Cranny (either upgrade tier) in the unique furniture slot,1.0.0,facility,party,None,None,Yes,Shop,Yes,Does not play music,No lighting,For sale,FtrPopcornmachine_Remake_0_0,0_0,1092,xWztdKgqwdpLMsBmE
  monstera  ,Yellow,NA,NA,NA,No,No,No,NA,,,Yellow,Green,1x1,NA,Nook's Cranny,Available in Nook's Cranny (either upgrade tier) in the unique furniture slot,1.0.0,living room,None,None,None,No,Plants,No,Does not play music,No lighting,For sale,FtrPlantMonstera_Remake_3_0,3_0,4129,QmRyMChkXM5kafcqE
  wooden stool  ,Green,Paint color,Pink,Seat,Yes,Yes,Yes,2,NFS,480,Green,Pink,1x1,NA,Crafting,,1.0.0,child's room,living room,wooden,None,Yes,Chair,No,Does not play music,No lighting,Not for sale,FtrWoodenStoolS_Remake_5_2,5_2,3449,Sv2PaekXBWu7MDcRC
mama bear,Choco,NA,Red stripes,Shirt,No,No,Yes,1,2300,,Brown,Red,1x1,NA,Nook's Cranny,Available in Nook's Cranny (either upgrade tier) in the unique furniture slot,1.0.0,fancy,child's room,None,bear,No,Animal,No,Does not play music,No lighting,For sale,FtrBearM_Remake_2_1,2_1,1500,SuvHqJo69uRSMjysi
  refrigerator  ,Blue,NA,Cute,Sticker area,No,No,Yes,2,5100,1275,Blue,Pink,1x1,NA,Nook's Cranny,"Available in Nook's Cranny (upgraded only), in the unique furniture slot",1.0.0,kitchen,shop,None,None,Wardrobe,Home Appliances,No,Does not play music,No lighting,For sale,FtrRefrigerator_Remake_4_1,4_1,2713,B6huWnkhE8StTD2vi
antique console table,Natural,NA,NA,NA,No,No,No,NA,17000,,Beige,Beige,2x1,NA,Nook's Cranny,"Available in Nook's Cranny (upgraded only), in the third unique furniture slot",1.0.0,living room,expensive,antique,None,No,Table,No,Does not play music,No lighting,For sale,FtrAntiqueConsole_Remake_1_0,1_0,3951,SBphLepffHinkmtPf
FLOOR SEAT,Dark wood,NA,Peach,Cushion,No,No,Yes,1,730,182,Red,Pink,1x1,NA,Nook's Cranny,Available in Nook's Cranny (either upgrade tier) in the unique furniture slot,1.0.0,zen-style,child's room,None,None,Yes,Chair,No,Does not play music,No lighting,For sale,FtrFloorchair_Remake_2_2,2_2,3622,8Wr2iPJpTXPZ2tui8
    REFRIGERATOR    ,Pink,NA,Cute,Sticker area,No,No,Yes,2,5100,1275,Pink,Pink,1x1,NA,Nook's Cranny,"Available in Nook's Cranny (upgraded only), in the unique furniture slot",1.0.0,kitchen,shop,None,None,Wardrobe,Home Appliances,No,Does not play music,No lighting,For sale,FtrRefrigerator_Remake_2_1,2_1,2713,6t6qTQGDc8Tn95ZPt
  loft bed with desk  ,Black,NA,Green stripes,Bedding,No,No,Yes,3,7700,,Black,Colorful,2x1,NA,Nook's Cranny,"Available in Nook's Cranny (upgraded only), in the unique furniture slot",1.0.0,child's room,None,None,None,Yes,Desk,No,Does not play music,No lighting,For sale,FtrBeddesk_Remake_3_6,3_6,3621,qgvSqKfH6DmFtmiHJ
  WOODEN-BLOCK CHEST  ,Colorful,Block color,NA,NA,Yes,Yes,No,3,,1800,Green,Colorful,2x1,NA,Crafting,,1.0.0,child's room,None,wooden block,None,Wardrobe,Chest,No,Does not play music,No lighting,Not for sale,FtrBlockChest_Remake_2_0,2_0,1561,gA5nz2hGLvyAwaekm
    loft bed with desk    ,Orange,NA,Orange,Bedding,No,No,Yes,3,7700,,Orange,Orange,2x1,NA,Nook's Cranny,"Available in Nook's Cranny (upgraded only), in the unique furniture slot",1.0.0,child's room,None,None,None,Yes,Desk,No,Does not play music,No lighting,For sale,FtrBeddesk_Remake_5_3,5_3,3621,bkX9XHWkByEGNHHNx
  anchor statue  ,Silver,Color,NA,NA,No,Yes,No,2,,,Gray,Beige,1x1,NA,Fishing Tourney,,1.0.0,ocean,None,None,None,No,Seaside,Yes,Does not play music,No lighting,Not for sale,FtrShipanchor_Remake_1_0,1_0,7238,hdZokWHmfoFTt2FjM
    CHANGING ROOM    ,Green,NA,White,Curtain,No,No,Yes,2,,,Light blue,White,1x1,NA,Nook's Cranny,"Available in Nook's Cranny (upgraded only), in the unique furniture slot",1.0.0,shop,facility,None,None,Wardrobe,Shop,No,Does not play music,No lighting,For sale,FtrFittingroom_Remake_7_0,7_0,1816,oXnHqjdPy8h67dBNA
oil barrel,Light blue,NA,NA,NA,No,No,No,NA,,,Light blue,White,1x1,NA,Nook's Cranny,"Available in all tiers of shops, including Timmy & Tommy before the shop is opened",1.0.0,garage,None,None,None,No,Vehicle,Yes,Does not play music,No lighting,For sale,FtrDrumcan_Remake_2_0,2_0,1567,rjnkcPh9Cvut4hRpL
  WOODEN MINI TABLE  ,White wood,Paint color,Blue,Tablecloth,Yes,Yes,Yes,2,,,White,Blue,1x1,NA,Crafting,,1.0.0,child's room,living room,wooden,None,No,Table,No,Does not play music,No lighting,Not for sale,FtrWoodenTableMini_Remake_1_3,1_3,7133,WLneNf4nKpfMxrx8z
  log bed  ,Dark wood,Lumber type,Bears,Bedding,Yes,Yes,Yes,6,NFS,3600,Brown,Brown,2x2,NA,Crafting,,1.0.0,garden,living room,log,None,Yes,Bed,No,Does not play music,No lighting,Not for sale,FtrLogBedW_Remake_0_2,0_2,4041,4CMfQ9HQPaD6ytqpH
  SCATTERED PAPERS  ,NA,NA,Plans,Writing,Yes,No,Yes,2,NFS,400,White,Orange,1.5x1.5,NA,Crafting,,1.0.0,den,office,None,None,Yes,Study,No,Does not play music,No lighting,Not for sale,FtrFloorpapers_Remake_0_3,0_3,4034,cvAxjdAYHkQC4LPWG
  DELUXE WASHER  ,Yellow,NA,NA,NA,No,No,No,NA,76000,19000,Yellow,Yellow,1x1,NA,Nook's Cranny,"Available in Nook's Cranny (upgraded only), in the third unique furniture slot",1.0.0,bathroom,None,None,None,Yes,Home Appliances,No,Does not play music,No lighting,For sale,FtrWashingmachineDrum_Remake_4_0,4_0,1227,RMtNaXQoqyADS8idD
  bamboo speaker  ,Dried bamboo,Bamboo,NA,NA,Yes,Yes,No,2,NFS,,Yellow,Beige,1x1,NA,Crafting,,1.0.0,zen-style,None,bamboo,None,Yes,Audio,No,Retro,No lighting,Not for sale,FtrBambooMusic_Remake_1_0,1_0,10743,TbCtKQ3pESjZA2fdi
  BRICK OVEN  ,Brown,Brick color,NA,NA,Yes,Yes,No,6,NFS,3820,Brown,Gray,1.5x1.5,NA,Crafting,,1.0.0,kitchen,shop,None,None,Yes,Kitchen,Yes,Does not play music,No lighting,Not for sale,FtrStoneoven_Remake_1_0,1_0,1157,rMN6Xfpw5TPpmFgM6
  THROWBACK HAT TABLE  ,Green,NA,NA,NA,No,No,No,NA,,950,Green,Green,2x2,NA,Nook's Cranny,"Available in Nook's Cranny (upgraded only), in the third unique furniture slot",1.0.0,child's room,fitness,throwback,None,No,Table,No,Does not play music,No lighting,For sale,FtrBoyTableL_Remake_2_0,2_0,4760,ZB5JLTuvjo5AA8jTo
REFRIGERATOR,White,NA,None,Sticker area,No,No,Yes,2,5100,,White,White,1x1,NA,Nook's Cranny,"Available in Nook's Cranny (upgraded only), in the unique furniture slot",1.0.0,kitchen,shop,None,None,Wardrobe,Home Appliances,No,Does not play music,No lighting,For sale,FtrRefrigerator_Remake_0_0,0_0,2713,Y8szHQvnTBwXfggBz
  ROCKING CHAIR  ,Light wood,Lumber type,NA,NA,Yes,Yes,No,2,NFS,960,Beige,Beige,1x1,NA,Crafting,,1.0.0,living room,None,None,None,Yes,Chair,No,Does not play music,No lighting,Not for sale,FtrRockingchair_Remake_0_0,0_0,1103,WZoiuhf5z3YxrSsrH
  school desk  ,Beige & green,NA,NA,NA,No,No,No,NA,1100,275,Beige,Green,1x1,NA,Nook's Cranny,Available in Nook's Cranny (either upgrade tier) in the unique furniture slot,1.0.0,school,None,None,school,No,Desk,No,Does not play music,No lighting,For sale,FtrSchoolTableS_Remake_5_0,5_0,1328,YgXsaQPD7XfQb87dD
wooden-block bed,Natural,Block color,NA,NA,Yes,Yes,No,4,NFS,,White,Beige,2x1,NA,Crafting,,1.0.0,child's room,None,wooden block,None,Yes,Bed,No,Does not play music,No lighting,Not for sale,FtrBlockBedS_Remake_0_0,0_0,1557,K4pv4asqzPpjqQkzd
  mush low stool  ,Yellow mushroom,Mushroom type,NA,NA,Yes,Yes,No,2,NFS,800,Yellow,Beige,1x1,NA,Crafting,,1.0.0,garden,None,mush,None,Yes,Chair,Yes,Does not play music,No lighting,Not for sale,FtrMushroomChairS_Remake_4_0,4_0,4708,SBkPJws98vAws76R6
  CYPRESS PLANT  ,Black,NA,NA,NA,No,No,No,NA,1000,250,Green,Black,1x1,NA,Nook's Cranny,Available in Nook's Cranny (either upgrade tier) in the unique furniture slot,1.0.0,living room,None,None,None,No,Plants,Yes,Does not play music,No lighting,For sale,FtrPlantGoldcrest_Remake_3_0,3_0,1829,vZfjrbssxQJhN7roR
  PAPER LANTERN  ,Dark wood,NA,Spring,Paper,No,No,Yes,1,780,,Brown,Pink,1x1,NA,Nook's Cranny,Available in Nook's Cranny (either upgrade tier) in the unique furniture slot,1.0.0,zen-style,None,None,None,Yes,Lamp,No,Does not play music,Candle,For sale,FtrLampJapan_Remake_1_1,1_1,725,HaQJ8jRbc5JbYDJPd
  ironing board  ,NA,NA,Triangles,Ironing board,No,No,Yes,1,2300,575,Black,Gray,1x1,NA,Nook's Cranny,Available in Nook's Cranny (either upgrade tier) in the unique furniture slot,1.0.0,living room,None,None,None,No,Home Appliances,No,Does not play music,No lighting,For sale,FtrIronstand_Remake_0_4,0_4,7531,RBZLQJeKar2LsGMaa
    effects rack    ,Orange,NA,Handwritten logo,Sticker area,No,No,Yes,3,6800,1700,Yellow,Light blue,1x1,NA,Nook's Cranny,"Available in Nook's Cranny (upgraded only), in the unique furniture slot",1.0.0,concert,facility,None,None,No,Musical Instrument,No,Does not play music,No lighting,For sale,FtrEffectorrack_Remake_2_5,2_5,950,f2srqWoS9iFCjQGmr
  RETRO STEREO  ,Black,NA,NA,NA,No,No,No,NA,6000,1500,Brown,Beige,2x1,NA,Nook's Cranny,Available in Nook's Cranny (either upgrade tier) in the unique furniture slot,1.0.0,living room,None,None,None,Yes,Audio,No,Retro,No lighting,For sale,FtrStereoRetro_Remake_0_0,0_0,796,XrWWmDWwB6x9JvMu5
  electric bass  ,Chic white,NA,NA,NA,No,No,No,NA,82000,,White,Brown,1x1,NA,Nook's Cranny,"Available in Nook's Cranny (upgraded only), in the third unique furniture slot",1.0.0,concert,None,None,None,Yes,Musical Instrument,No,Does not play music,No lighting,For sale,FtrElectricbass_Remake_0_0,0_0,1804,M3cogMgvrJC3cN47y
  changing room  ,Dark brown,NA,Yellow,Curtain,No,No,Yes,2,,925,Brown,Yellow,1x1,NA,Nook's Cranny,"Available in Nook's Cranny (upgraded only), in the unique furniture slot",1.0.0,shop,facility,None,None,Wardrobe,Shop,No,Does not play music,No lighting,For sale,FtrFittingroom_Remake_3_3,3_3,1816,JPviijww3dMcTiSqv
  TATAMI BED  ,Natural,NA,NA,NA,No,No,No,NA,2800,700,Yellow,Green,2x1,NA,Nook's Cranny,Available in Nook's Cranny (either upgrade tier) in the unique furniture slot,1.0.0,zen-style,None,None,None,Yes,Bed,No,Does not play music,No lighting,For sale,FtrTatamiBedS_Remake_1_0,1_0,7391,Asy6uqbJQd9XLdcKG
  rattan stool  ,Light brown,NA,NA,NA,No,No,No,NA,2900,,Blue,Yellow,1x1,NA,Nook's Cranny,"Available in Nook's Cranny (upgraded only), in the unique furniture slot",1.0.0,living room,None,rattan,None,Yes,Chair,No,Does not play music,No lighting,For sale,FtrRattanStool_Remake_2_0,2_0,4047,uyTm2qETBkTLR9g74
cypress plant,White,NA,NA,NA,No,No,No,NA,1000,,Green,White,1x1,NA,Nook's Cranny,Available in Nook's Cranny (either upgrade tier) in the unique furniture slot,1.0.0,living room,None,None,None,No,Plants,Yes,Does not play music,No lighting,For sale,FtrPlantGoldcrest_Remake_4_0,4_0,1829,EFWmm2a9CeQMF7AFc
    BIRTHDAY SIGN    ,Green,Variation,NA,NA,No,Yes,No,1,NFS,300,Colorful,Green,2x1,NA,Birthday,,1.0.0,party,fancy,None,birthday,No,Seasonal Decor,No,Does not play music,No lighting,Not for sale,FtrBirthdayBoard_Remake_3_0,3_0,3594,HjCQpZsTJSY9ByJ7b
    DOUBLE SOFA    ,White,NA,NA,NA,No,No,No,NA,4300,1075,White,White,2x1,NA,Nook's Cranny,Available in Nook's Cranny (either upgrade tier) in the unique furniture slot,1.0.0,living room,None,None,None,Yes,Sofa,No,Does not play music,No lighting,For sale,FtrSofaL_Remake_4_0,4_0,2554,DrPRBrfarLR5Dg3hn
    throwback dino screen    ,NA,NA,NA,NA,No,No,No,NA,3600,,Yellow,Green,2x0.5,NA,Nook's Cranny,"Available in Nook's Cranny (upgraded only), in the unique furniture slot",1.0.0,child's room,None,throwback,None,No,Screen,No,Does not play music,No lighting,For sale,FtrBoyScreen,NA,4763,xeRio7R2nBFPuY4nq
    birdhouse    ,Natural & white,Paint color,NA,NA,Yes,Yes,No,2,NFS,840,Brown,White,1x1,NA,Crafting,,1.0.0,garden,None,None,None,No,Animal,Yes,Does not play music,No lighting,Not for sale,FtrBirdhouse_Remake_2_0,2_0,333,acQiRvjyCJeAqejaC
WOODEN-BLOCK TABLE,Mixed wood,Block color,NA,NA,Yes,Yes,No,2,,1320,Brown,Black,2x2,NA,Crafting,,1.0.0,child's room,None,wooden block,None,No,Table,No,Does not play music,No lighting,Not for sale,FtrBlockTableL_Remake_1_0,1_0,1565,7W3h5KyvJyQpba4jL
CARDBOARD BED,Plain,Cardboard,NA,NA,Yes,Yes,No,1,NFS,240,Yellow,Yellow,2x1,NA,Crafting,,1.0.0,garage,None,cardboard,None,Yes,Bed,No,Does not play music,No lighting,Not for sale,FtrCardboardBedS_Remake_0_0,0_0,7161,kmCyzX6mPQaGfXMtN
    teacup ride    ,Colorful,NA,NA,NA,No,No,No,NA,NFS,25000,Colorful,Colorful,3x3,5000,Nook Miles Shop,,1.0.0,facility,fancy,None,None,Yes,Playground,Yes,Does not play music,No lighting,Not for sale,FtrTurncup_Remake_0_0,0_0,1507,KYvNFE6s6D4ygQihu
  GARDEN FAUCET  ,Red brick,NA,NA,NA,No,No,No,NA,1900,475,Red,Gray,1x1,NA,Nook's Cranny,Available in Nook's Cranny (either upgrade tier) in the unique furniture slot,1.0.0,garden,None,None,None,Yes,Garden,Yes,Does not play music,No lighting,For sale,FtrWaterview_Remake_0_0,0_0,1631,ELx66yrJqAetKnsTw
  FROZEN PARTITION  ,Ice blue,Illumination,NA,NA,Yes,Yes,No,7,NFS,,Blue,Blue,2x0.5,NA,Crafting,,1.0.0,freezing cold,None,frozen,None,No,Seasonal Decor,Yes,Does not play music,No lighting,Not for sale,FtrIceScreen_Remake_1_0,1_0,3498,66Annaa4XwTf3RkQK
  giant teddy bear  ,Cream,Fabric,Giant dots,Ribbon,Yes,Yes,Yes,8,NFS,6300,Yellow,Blue,3x3,NA,Crafting,,1.0.0,fancy,child's room,None,bear,No,Animal,No,Does not play music,No lighting,Not for sale,FtrBearXL_Remake_0_2,0_2,1504,5oiBmwS7fzfPRk3Z2
  ironwood cupboard  ,Teak,Lumber type,NA,NA,Yes,Yes,No,7,NFS,9780,Orange,Black,2x1,NA,Crafting,,1.0.0,kitchen,None,ironwood,None,No,Shelf,No,Does not play music,No lighting,Not for sale,FtrIronwoodCupboard_Remake_1_0,1_0,3271,QicyaqvM22Huy5SuC
  rocket lamp  ,Red,NA,NA,NA,No,No,No,NA,1500,,Red,White,1x1,NA,Nook's Cranny,Available in Nook's Cranny (either upgrade tier) in the unique furniture slot,1.0.0,facility,None,None,None,Yes,Lamp,No,Does not play music,Fluorescent,For sale,FtrLavalamp_Remake_1_0,1_0,1851,xtPb2cDfnj4wHQCbp
BIRTHDAY SIGN,Orange,Variation,NA,NA,No,Yes,No,1,NFS,300,Colorful,Orange,2x1,NA,Birthday,,1.0.0,party,fancy,None,birthday,No,Seasonal Decor,No,Does not play music,No lighting,Not for sale,FtrBirthdayBoard_Remake_4_0,4_0,3594,bHB2KCXPYnnmJPDsZ
  BEACH TOWEL  ,NA,NA,Red stripes,Towel,No,No,Yes,1,,,Red,White,2x1,NA,Nook's Cranny,"Available in all tiers of shops, including Timmy & Tommy before the shop is opened",1.0.0,ocean,None,None,None,Yes,Bed,Yes,Does not play music,No lighting,For sale,FtrBeachtowel_Remake_0_1,0_1,3468,rQ9hWyQYQry3Lw4cT
antique console table,Brown,NA,NA,NA,No,No,No,NA,17000,4250,Brown,Brown,2x1,NA,Nook's Cranny,"Available in Nook's Cranny (upgraded only), in the third unique furniture slot",1.0.0,living room,expensive,antique,None,No,Table,No,Does not play music,No lighting,For sale,FtrAntiqueConsole_Remake_0_0,0_0,3951,kKSfnnXLBk2BMbWEo
  log garden lounge  ,White wood,Lumber type,Quilted,Pillow,Yes,Yes,Yes,3,,1440,Beige,Light blue,2x1,NA,Crafting,,1.0.0,garden,None,log,None,Yes,Bed,Yes,Does not play music,No lighting,Not for sale,FtrLogBedS_Remake_2_4,2_4,4035,wnuFsrcpm85AB8tmK
digital scale,Blue,NA,Polka dots,Design,No,No,Yes,1,930,232,Blue,Green,1x1,NA,Nook's Cranny,Available in Nook's Cranny (either upgrade tier) in the unique furniture slot,1.0.0,bathroom,None,None,None,No,Bathroom Things,No,Does not play music,No lighting,For sale,FtrWeightscale_Remake_3_2,3_2,3307,469XQtDweTA3DmEeZ
  fan  ,Black,NA,NA,NA,No,No,No,NA,1700,425,Black,Black,1x1,NA,Nook's Cranny,Available in Nook's Cranny (either upgrade tier) in the unique furniture slot,1.0.0,living room,child's room,None,None,Yes,Fan,No,Does not play music,No lighting,For sale,FtrFan_Remake_1_0,1_0,3820,PsQbLrRXNv9r94CZ5
    CUTE TEA TABLE    ,White,NA,NA,NA,No,No,No,NA,3000,,White,Pink,1x1,NA,Nook's Cranny,"Available in Nook's Cranny (upgraded only), in the unique furniture slot",1.0.0,fancy,None,cute,None,No,Table,No,Does not play music,No lighting,For sale,FtrCuteTableS_Remake_0_0,0_0,4000,FuzPgbonXH2BjR6dk
    RETRO GAS PUMP    ,White,NA,Yellow oil,Lamp,No,No,Yes,1,2700,,White,Red,1x1,NA,Nook's Cranny,Available in Nook's Cranny (either upgrade tier) in the unique furniture slot,1.0.0,garden,shop,diner,None,Yes,Vehicle,Yes,Does not play music,No lighting,For sale,FtrAmeretroGasstand_Remake_3_0,3_0,4140,gP3hKTq42SqAiAbeR
    lawn mower    ,Orange,NA,NA,NA,No,No,No,NA,2900,,Orange,Black,1x1,NA,Nook's Cranny,Available in Nook's Cranny (either upgrade tier) in the unique furniture slot,1.0.0,garden,None,None,None,No,Garden,Yes,Does not play music,No lighting,For sale,FtrLawnmower_Remake_1_0,1_0,338,mhSYZHy389gYdNEhr
  simple panel  ,White,NA,Gold,Panel design,No,No,Yes,1,,202,White,Yellow,1x0.5,NA,Nook's Cranny,Available in Nook's Cranny (either upgrade tier) in the unique furniture slot,1.0.0,facility,None,None,None,No,Screen,No,Does not play music,No lighting,For sale,FtrScreenSimple_Remake_2_7,2_7,5338,ChtLmKwC3QoZuaT94
wooden stool,Light wood,Paint color,None,Seat,Yes,Yes,Yes,2,NFS,480,Beige,Beige,1x1,NA,Crafting,,1.0.0,child's room,living room,wooden,None,Yes,Chair,No,Does not play music,No lighting,Not for sale,FtrWoodenStoolS_Remake_0_0,0_0,3449,i8NyG9EWfGFx46EuA
  SOLAR PANEL  ,Black,NA,NA,NA,No,No,No,NA,NFS,20000,Black,Black,3x2,4000,Nook Miles Shop,,1.0.0,space,None,None,None,No,Space,Yes,Does not play music,No lighting,Not for sale,FtrSolarpanel_Remake_1_0,1_0,2333,c27hGanLDKoXeKiKt
  fortune-cookie cart  ,NA,NA,NA,NA,No,No,No,NA,,650,Orange,Yellow,2x1,NA,Nook Shopping Promotion,"Link Nintendo Account to Pocket Camp, then redeem a 16-digit code on your Nintendo Switch",1.1.0,facility,party,None,None,No,Compass,No,Does not play music,No lighting,Not in catalog,FtrCompassFortuneshop,NA,12369,uS9i6ufNShhQfaB2r
ROCK GUITAR,Cosmo black,NA,Familiar logo,Sticker area,No,No,Yes,2,3100,775,Black,Black,1x1,NA,Nook's Cranny,Available in Nook's Cranny (either upgrade tier) in the unique furniture slot,1.0.0,concert,None,None,None,Yes,Musical Instrument,No,Does not play music,No lighting,For sale,FtrElectricguitar1_Remake_2_1,2_1,1644,5Jr4PgxpS55xx7YGW
tire toy,Yellow,Tire color,NA,NA,Yes,Yes,No,1,NFS,,Yellow,Yellow,1x1,NA,Crafting,,1.0.0,garden,None,None,None,Yes,Playground,Yes,Does not play music,No lighting,Not for sale,FtrPlayingtire_Remake_2_0,2_0,2329,35YYmd3nC2s64A9zb
PHONE BOX,Brown,NA,NA,NA,No,No,No,NA,NFS,12000,Brown,Brown,1x1,2400,Nook Miles Shop,,1.0.0,school,facility,None,None,Yes,Facility Decor,Yes,Does not play music,Emission,Not for sale,FtrTelephonebox_Remake_4_0,4_0,1185,4A8xaEJ5zimberFdR
  drum set  ,Rose pink,NA,Vintage logo,Bass drum head,No,No,Yes,2,5600,,Red,Beige,2x1,NA,Nook's Cranny,"Available in Nook's Cranny (upgraded only), in the unique furniture slot",1.0.0,concert,None,None,None,Yes,Musical Instrument,No,Does not play music,No lighting,For sale,FtrDrumSet_Remake_5_5,5_5,1803,AKuZct9A8zT9pEYB6
diner sofa,Red,NA,NA,NA,No,No,No,NA,3500,875,Red,White,2x1,NA,Nook's Cranny,"Available in Nook's Cranny (upgraded only), in the unique furniture slot",1.0.0,shop,None,diner,None,Yes,Sofa,No,Does not play music,No lighting,For sale,FtrAmeretroChairL_Remake_0_0,0_0,4141,yM9vAb8ETiHRsfdiB
  plastic pool  ,Blue,NA,NA,NA,No,No,No,NA,,,Blue,Yellow,2x2,NA,Nook's Cranny,"Available in Nook's Cranny (upgraded only), in the third unique furniture slot",1.0.0,garden,None,None,None,Yes,Garden,Yes,Does not play music,No lighting,For sale,FtrGardenpool_Remake_0_0,0_0,3348,L95kGs3HPeikYf4X2
baby chair,Black,NA,Train,Cushion,No,No,Yes,1,1200,300,Black,Colorful,1x1,NA,Nook's Cranny,Available in Nook's Cranny (either upgrade tier) in the unique furniture slot,1.0.0,child's room,None,None,None,Yes,Chair,No,Does not play music,No lighting,For sale,FtrBabychair_Remake_6_3,6_3,3305,s2QnWwt8XqMkDaBow
    IRONWOOD CART    ,Oak,Lumber type,NA,NA,Yes,Yes,No,5,NFS,,Orange,White,1x1,NA,Crafting,,1.0.0,living room,None,ironwood,None,No,Desk,No,Does not play music,No lighting,Not for sale,FtrIronwoodServingcart_Remake_4_0,4_0,3195,QmX2AmaLzgGrvi5mx
  HOSE REEL  ,Yellow,NA,NA,NA,No,No,No,NA,1400,350,Yellow,Green,1x1,NA,Nook's Cranny,Available in Nook's Cranny (either upgrade tier) in the unique furniture slot,1.0.0,garden,None,None,None,No,Garden,Yes,Does not play music,No lighting,For sale,FtrHosereel_Remake_1_0,1_0,4113,H9eiQQw7WetkqitJg
  water cooler  ,White,NA,NA,NA,No,No,No,NA,3400,850,White,Blue,1x1,NA,Nook's Cranny,Available in Nook's Cranny (either upgrade tier) in the unique furniture slot,1.0.0,living room,office,None,None,Yes,Facility Decor,No,Does not play music,No lighting,For sale,FtrWaterserver_Remake_0_0,0_0,1232,TthqtapsrarckeFkY
  LOG STAKES  ,White birch,Lumber type,NA,NA,Yes,Yes,No,1,NFS,,White,Beige,1x1,NA,Crafting,,1.0.0,garden,None,log,None,No,Ranch,Yes,Does not play music,No lighting,Not for sale,FtrWoodPile_Remake_3_0,3_0,5973,ithj4YHbPRvB6LngQ
beach towel,NA,NA,Yellow,Towel,No,No,Yes,1,,95,Yellow,Yellow,2x1,NA,Nook's Cranny,"Available in all tiers of shops, including Timmy & Tommy before the shop is opened",1.0.0,ocean,None,None,None,Yes,Bed,Yes,Does not play music,No lighting,For sale,FtrBeachtowel_Remake_0_5,0_5,3468,Wpu4ZevwHsFv6aiL4
  mama bear  ,Tweed,NA,Red stripes,Shirt,No,No,Yes,1,2300,,Gray,Red,1x1,NA,Nook's Cranny,Available in Nook's Cranny (either upgrade tier) in the unique furniture slot,1.0.0,fancy,child's room,None,bear,No,Animal,No,Does not play music,No lighting,For sale,FtrBearM_Remake_5_1,5_1,1500,3XQYi2MrZcapT9XMe
frozen bed,Ice purple,Illumination,Dark brown,Bedding,Yes,No,Yes,8,NFS,9000,Purple,Brown,2x2,NA,Crafting,,1.0.0,freezing cold,None,frozen,None,Yes,Bed,Yes,Does not play music,No lighting,Not for sale,FtrIceBedW_Remake_6_3,6_3,3502,dpKahfYQBFcqcwmy5
  construction sign  ,Construction warning,NA,NA,NA,No,No,No,NA,,5000,Orange,Black,1x1,1000,Nook Miles Shop,,1.0.0,garage,facility,None,None,No,Vehicle,Yes,Does not play music,No lighting,Not for sale,FtrSignConstruction_Remake_4_0,4_0,9568,JrCEBHapHgPh4ftpm
  MANHOLE COVER  ,Boat,Cover design,NA,NA,Yes,Yes,No,3,NFS,2250,Yellow,Light blue,1x1,NA,Crafting,,1.0.0,garden,None,None,None,Yes,Vehicle,Yes,Does not play music,No lighting,Not for sale,FtrManhole_Remake_3_0,3_0,144,zanYBmHku29ksAdKb
street organ,Natural,NA,NA,NA,No,No,No,NA,5000,,Orange,Brown,1x1,NA,Nook's Cranny,"Available in Nook's Cranny (upgraded only), in the unique furniture slot",1.0.0,child's room,fancy,None,None,Yes,Musical Instrument,Yes,Does not play music,No lighting,For sale,FtrStreetorgan_Remake_0_0,0_0,4070,sBPMKxQc5YFp5gnbE
    rock guitar    ,Cool blue,NA,None,Sticker area,No,No,Yes,2,3100,775,Blue,White,1x1,NA,Nook's Cranny,Available in Nook's Cranny (either upgrade tier) in the unique furniture slot,1.0.0,concert,None,None,None,Yes,Musical Instrument,No,Does not play music,No lighting,For sale,FtrElectricguitar1_Remake_7_0,7_0,1644,fi9SwywkscdbfDJ5a
ARIES ROCKING CHAIR,NA,NA,NA,NA,Yes,No,No,NA,NFS,,White,Yellow,1x1,NA,Crafting,,1.0.0,expensive,fancy,stars,None,Yes,Toy,No,Does not play music,No lighting,Not for sale,FtrZodiacAries,NA,5954,MLxrGfmKBYNQoqYYu
kimono stand,NA,NA,Chain print,Kimono,No,No,Yes,2,3200,800,Beige,Blue,2x1,NA,Nook's Cranny,"Available in Nook's Cranny (upgraded only), in the unique furniture slot",1.0.0,zen-style,None,None,None,No,Japanese Style,No,Does not play music,No lighting,For sale,FtrKimonostand_Remake_0_3,0_3,7682,FcpJacfBfqHFqeirp
  wooden-block stereo  ,Mixed wood,Block color,NA,NA,Yes,Yes,No,4,NFS,2460,Brown,Yellow,2x1,NA,Crafting,,1.0.0,child's room,None,wooden block,None,Yes,Audio,No,Hi-fi,No lighting,Not for sale,FtrBlockCompo_Remake_1_0,1_0,3205,vgsSpQcgbfcK4Hrdd
  clackercart  ,Colorful,Paint color,NA,NA,Yes,Yes,No,2,NFS,960,Yellow,Colorful,1x1,NA,Crafting,,1.0.0,child's room,None,None,None,No,Toy,No,Does not play music,No lighting,Not for sale,FtrKatakatatoy_Remake_1_0,1_0,80,dB8XkZvWGRDSHS2Ry
birthday table,Pink,Variation,NA,NA,No,Yes,No,1,NFS,300,Pink,Colorful,2x2,NA,Birthday,,1.0.0,party,fancy,None,birthday,Yes,Table,No,Does not play music,Candle,Not for sale,FtrBirthdayTable_Remake_1_0,1_0,3593,eYkd9TWLuZ2WCTjES
    SIMPLE PANEL    ,Light gray,NA,Lattice,Panel design,No,No,Yes,1,810,202,Gray,White,1x0.5,NA,Nook's Cranny,Available in Nook's Cranny (either upgrade tier) in the unique furniture slot,1.0.0,facility,None,None,None,No,Screen,No,Does not play music,No lighting,For sale,FtrScreenSimple_Remake_0_4,0_4,5338,WZW2QKM2pTtb7w8jM
    loft bed with desk    ,Black,NA,Yellow,Bedding,No,No,Yes,3,7700,,Black,Yellow,2x1,NA,Nook's Cranny,"Available in Nook's Cranny (upgraded only), in the unique furniture slot",1.0.0,child's room,None,None,None,Yes,Desk,No,Does not play music,No lighting,For sale,FtrBeddesk_Remake_3_4,3_4,3621,Ddp2gWHb6Bex4tRHy
  TREADMILL  ,Black,NA,NA,NA,No,No,No,NA,,16000,Black,Gray,2x1,NA,Nook's Cranny,"Available in Nook's Cranny (upgraded only), in the third unique furniture slot",1.0.0,fitness,None,None,None,Yes,Sports,No,Does not play music,No lighting,For sale,FtrRunningmachine_Remake_0_0,0_0,290,pRiHLSLwbSHTJE5zd
    log bed    ,White birch,Lumber type,Southwestern flair,Bedding,Yes,Yes,Yes,6,NFS,3600,White,Colorful,2x2,NA,Crafting,,1.0.0,garden,living room,log,None,Yes,Bed,No,Does not play music,No lighting,Not for sale,FtrLogBedW_Remake_3_0,3_0,4041,42D7Xw2fxxfb9hoze
    ANTIQUE CLOCK    ,Natural,NA,NA,NA,No,No,No,NA,,11000,Beige,Yellow,1x1,NA,Nook's Cranny,"Available in Nook's Cranny (upgraded only), in the third unique furniture slot",1.0.0,living room,expensive,antique,None,Yes,Clock,No,Does not play music,No lighting,For sale,FtrAntiqueClock_Remake_1_0,1_0,3954,aPDaateHnZ2K7rnCX
  wooden table  ,Green,Paint color,Pink,Tablecloth,Yes,Yes,Yes,4,NFS,,Green,Pink,2x2,NA,Crafting,,1.0.0,child's room,living room,wooden,None,No,Table,No,Does not play music,No lighting,Not for sale,FtrWoodenTableL_Remake_5_2,5_2,3439,aipHypSkF7exDeZbx
  outdoor table  ,Green,NA,Green,Table,No,No,Yes,1,2200,550,Green,Green,2x1,NA,Nook's Cranny,Available in Nook's Cranny (either upgrade tier) in the unique furniture slot,1.0.0,outdoors,None,None,None,No,Table,Yes,Does not play music,No lighting,For sale,FtrOutdoortableM_Remake_2_2,2_2,3946,LeFhXpAtGJfzGkBSo
pile of zen cushions,NA,NA,Azuki red,Upholstery,Yes,No,Yes,2,,750,Red,Pink,1x1,NA,Crafting,,1.0.0,zen-style,living room,None,None,Yes,Chair,No,Does not play music,No lighting,Not for sale,FtrCushionJapanPile_Remake_0_2,0_2,7048,mvWoM8aXcGDFCJydf
    piano bench    ,Light green,NA,NA,NA,No,No,No,NA,990,,Green,Beige,1x1,NA,Nook's Cranny,Available in Nook's Cranny (either upgrade tier) in the unique furniture slot,1.0.0,music,None,None,None,Yes,Chair,No,Does not play music,No lighting,For sale,FtrPianochair_Remake_6_0,6_0,3681,q7szqqAnesujt3FdB
WRITING CHAIR,Natural,NA,Blue,Seat,No,No,Yes,1,1700,425,Beige,Blue,1x1,NA,Nook's Cranny,Available in Nook's Cranny (either upgrade tier) in the unique furniture slot,1.0.0,child's room,None,None,writing,Yes,Chair,No,Does not play music,No lighting,For sale,FtrStudyChair_Remake_0_1,0_1,3702,qGBH4DWTjBzHHJL5q
  tree's bounty big tree  ,White,Nut color,NA,NA,Yes,Yes,No,7,NFS,,White,Colorful,1x1,NA,Crafting,,1.0.0,party,fancy,tree's bounty or leaves,None,No,Seasonal Decor,Yes,Does not play music,No lighting,Not for sale,FtrNutTreeL_Remake_1_0,1_0,6080,vjnurpGZt5JLyC7rw
  lawn mower  ,Green,NA,NA,NA,No,No,No,NA,,725,Green,Gray,1x1,NA,Nook's Cranny,Available in Nook's Cranny (either upgrade tier) in the unique furniture slot,1.0.0,garden,None,None,None,No,Garden,Yes,Does not play music,No lighting,For sale,FtrLawnmower_Remake_4_0,4_0,338,6zfDpxFTpnbuZi5K7
  BUNK BED  ,Blue,NA,White,Bedding,No,No,Yes,2,5000,1250,Blue,White,2x1,NA,Nook's Cranny,Available in Nook's Cranny (either upgrade tier) in the unique furniture slot,1.0.0,facility,None,None,None,Yes,Bed,No,Does not play music,No lighting,For sale,FtrBunkbed_Remake_4_0,4_0,8298,JfiS5rtrL7LBDyuqg
    anchor statue    ,Retro,Color,NA,NA,No,Yes,No,2,NFS,,Brown,Gray,1x1,NA,Fishing Tourney,,1.0.0,ocean,None,None,None,No,Seaside,Yes,Does not play music,No lighting,Not for sale,FtrShipanchor_Remake_5_0,5_0,7238,6wyLNus8QqXkbBu72
    SOFT-SERVE LAMP    ,Strawberry swirl,NA,NA,NA,No,No,No,NA,3000,750,Colorful,Beige,1x1,NA,Nook's Cranny,"Available in Nook's Cranny (upgraded only), in the unique furniture slot",1.0.0,shop,fancy,None,None,Yes,Lamp,Yes,Does not play music,Fluorescent,For sale,FtrLampSoftcream_Remake_6_0,6_0,3416,atx7NCKyDqvmAd8e4
  beach chair  ,Blue,NA,NA,NA,No,No,No,NA,,230,Blue,Light blue,2x1,NA,Nook's Cranny,Available in Nook's Cranny (either upgrade tier) in the unique furniture slot,1.0.0,ocean,None,None,None,Yes,Bed,Yes,Does not play music,No lighting,For sale,FtrBeachbed_Remake_2_0,2_0,664,FPtBiEinuz7h58TDJ
  PAPER LANTERN  ,Natural wood,NA,Spring,Paper,No,No,Yes,1,780,195,Beige,Pink,1x1,NA,Nook's Cranny,Available in Nook's Cranny (either upgrade tier) in the unique furniture slot,1.0.0,zen-style,None,None,None,Yes,Lamp,No,Does not play music,Candle,For sale,FtrLampJapan_Remake_0_1,0_1,725,iBoem6PeGa9QAtguD
BIDET,NA,NA,NA,NA,No,No,No,NA,1800,,White,White,1x1,NA,Nook's Cranny,"Available in Nook's Cranny (upgraded only), in the unique furniture slot",1.0.0,bathroom,None,None,None,Yes,Bathroom Things,No,Does not play music,No lighting,For sale,FtrWCBidet,NA,4098,284sKtiCqZbdDSs7G
    COTTON-CANDY STALL    ,Blue,NA,NA,NA,No,No,No,NA,,,White,Blue,2x1,3000,Nook Miles Shop,,1.0.0,fancy,party,None,None,Yes,Shop,Yes,Does not play music,No lighting,Not for sale,FtrCottoncandymachine_Remake_1_0,1_0,4412,f9hTzDcwC4RX9xPxZ
  poolside bed  ,Light brown,NA,White,Bed mat,No,No,Yes,2,3400,,Beige,White,2x1,NA,Nook's Cranny,"Available in Nook's Cranny (upgraded only), in the unique furniture slot",1.0.0,ocean,expensive,None,None,Yes,Bed,Yes,Does not play music,No lighting,For sale,FtrPoolsidebed_Remake_0_0,0_0,4102,Kr6dRhAqBbPFbD5qf
  GONG  ,Red,Frame,NA,NA,Yes,Yes,No,7,,5100,Red,Yellow,2x1,NA,Crafting,,1.0.0,zen-style,None,None,None,Yes,Musical Instrument,Yes,Does not play music,No lighting,Not for sale,FtrTamtam_Remake_1_0,1_0,4075,oJ4sGyRjLYmATxLbC
    PARABOLIC ANTENNA    ,Green logo,NA,NA,NA,No,No,No,NA,NFS,20000,White,Green,3x3,4000,Nook Miles Shop,,1.0.0,facility,None,None,None,Yes,Outdoors Decor,Yes,Does not play music,No lighting,Not for sale,FtrParabolicantenna_Remake_2_0,2_0,2352,SjcMvuwygWbaubxJm
  FLOOR LAMP  ,Natural,NA,Light blue,Lampshade,No,No,Yes,1,1400,350,Beige,Light blue,1x1,NA,Nook's Cranny,"Available in Nook's Cranny (upgraded only), in the unique furniture slot",1.0.0,living room,None,None,None,Yes,Lamp,No,Does not play music,Fluorescent,For sale,FtrLamp_Remake_0_3,0_3,2561,9LXXxjrgxfgFzdLzv
diner chair,Black,NA,NA,NA,No,No,No,NA,1600,,Black,White,1x1,NA,Nook's Cranny,"Available in Nook's Cranny (upgraded only), in the unique furniture slot",1.0.0,shop,None,diner,None,Yes,Chair,No,Does not play music,No lighting,For sale,FtrAmeretroChairS_Remake_6_0,6_0,4137,zh7KHtJAWp7n7gFKh
  basketball hoop  ,Blue,NA,NA,NA,No,No,No,NA,11000,2750,Blue,White,2x2,NA,Nook's Cranny,"Available in Nook's Cranny (upgraded only), in the third unique furniture slot",1.0.0,fitness,school,None,None,No,Sports,Yes,Does not play music,No lighting,For sale,FtrBasketgoal_Remake_0_0,0_0,4226,Q3nShvpjMeN4k9x3E
  vintage tv tray  ,Copper,NA,Black,Tray,No,No,Yes,1,1200,300,Brown,Black,1x1,NA,Nook's Cranny,Available in Nook's Cranny (either upgrade tier) in the unique furniture slot,1.0.0,living room,None,None,None,No,Table,No,Does not play music,No lighting,For sale,FtrTVtray_Remake_2_1,2_1,4445,yThtbc8QQiu5Jcn94
  GARBAGE BIN  ,Brown,NA,NA,NA,No,No,No,NA,1000,250,Brown,Brown,1x1,NA,Nook's Cranny,Available in Nook's Cranny (either upgrade tier) in the unique furniture slot,1.0.0,garage,facility,None,None,Trash,Supplies,Yes,Does not play music,No lighting,For sale,FtrPaleCaster_Remake_2_0,2_0,9767,tahp9mezfzyHpZ2KJ
  tool cart  ,Black,NA,NA,NA,No,No,No,NA,2400,600,Black,Black,1x1,NA,Nook's Cranny,Available in Nook's Cranny (either upgrade tier) in the unique furniture slot,1.0.0,garage,None,None,None,No,Table,No,Does not play music,No lighting,For sale,FtrToolcart_Remake_6_0,6_0,7528,CpWGf9zwePP6cRTJM
    BUNK BED    ,Silver,NA,White,Bedding,No,No,Yes,2,5000,1250,Gray,White,2x1,NA,Nook's Cranny,Available in Nook's Cranny (either upgrade tier) in the unique furniture slot,1.0.0,facility,None,None,None,Yes,Bed,No,Does not play music,No lighting,For sale,FtrBunkbed_Remake_0_0,0_0,8298,aGSdu9MMv3jta2orD
    pile of zen cushions    ,NA,NA,Indigo,Upholstery,Yes,No,Yes,2,NFS,750,Blue,Blue,1x1,NA,Crafting,,1.0.0,zen-style,living room,None,None,Yes,Chair,No,Does not play music,No lighting,Not for sale,FtrCushionJapanPile_Remake_0_1,0_1,7048,5PEgExBdR4tDJcGED
    WOODEN CHEST    ,Blue,Paint color,NA,NA,Yes,Yes,No,3,NFS,1920,Blue,Blue,2x1,NA,Crafting,,1.0.0,child's room,living room,wooden,None,Wardrobe,Chest,No,Does not play music,No lighting,Not for sale,FtrWoodenChest_Remake_6_0,6_0,2560,uZAkyzRvtHrvb8Fk5
    log dining table    ,White wood,Lumber type,None,Placemats,Yes,Yes,Yes,4,,1800,Beige,Beige,2x2,NA,Crafting,,1.0.0,garden,living room,log,None,No,Table,No,Does not play music,No lighting,Not for sale,FtrLogTableL_Remake_2_0,2_0,4040,T8gc984bvqfGKoLYH
  apple chair  ,Red apple,Fruit type,NA,NA,Yes,Yes,No,4,NFS,,Red,Yellow,1x1,NA,Crafting,,1.0.0,fancy,None,fruits,apple,Yes,Chair,No,Does not play music,No lighting,Not for sale,FtrFruitsChairApple_Remake_0_0,0_0,4134,qonCdPiLCmFNtYMsG
DJ'S TURNTABLE,White,NA,Rock logo,Flag,No,No,Yes,4,,2325,White,Purple,2x1,NA,Nook's Cranny,"Available in Nook's Cranny (upgraded only), in the unique furniture slot",1.0.0,party,concert,None,None,Yes,Musical Instrument,No,Hi-fi,No lighting,For sale,FtrDJbooth_Remake_1_3,1_3,941,6s7phmS4watofExnd
  KITTY LITTER BOX  ,Orange,NA,NA,NA,No,No,No,NA,,275,Yellow,Brown,1x1,NA,Nook's Cranny,Available in Nook's Cranny (either upgrade tier) in the unique furniture slot,1.0.0,living room,None,None,pet,No,Bathroom Things,No,Does not play music,No lighting,For sale,FtrPetWC_Remake_1_0,1_0,7803,38LwzjXQCzqc8yqNj
springy ride-on,Dark brown,NA,NA,NA,No,No,No,NA,NFS,10000,Brown,White,1x1,2000,Nook Miles Shop,,1.0.0,facility,fancy,None,None,Yes,Playground,Yes,Does not play music,No lighting,Not for sale,FtrSpringrider_Remake_2_0,2_0,4379,f3npYw95JXQxk6aYF
    shaded floor lamp    ,Pink,NA,NA,NA,No,No,No,NA,1700,425,Pink,Black,1x1,NA,Nook's Cranny,"Available in Nook's Cranny (upgraded only), in the unique furniture slot",1.0.0,living room,None,None,None,Yes,Lamp,No,Does not play music,Fluorescent,For sale,FtrLampMount_Remake_5_0,5_0,4572,qGdex2CAvzdhQacoX
  refrigerator  ,White,NA,Fruits,Sticker area,No,No,Yes,2,,1275,White,Green,1x1,NA,Nook's Cranny,"Available in Nook's Cranny (upgraded only), in the unique furniture slot",1.0.0,kitchen,shop,None,None,Wardrobe,Home Appliances,No,Does not play music,No lighting,For sale,FtrRefrigerator_Remake_0_3,0_3,2713,FXBzBeHhwC6BM7AE7
  vintage tv tray  ,Silver,NA,Natural wood,Tray,No,No,Yes,1,,,Gray,Brown,1x1,NA,Nook's Cranny,Available in Nook's Cranny (either upgrade tier) in the unique furniture slot,1.0.0,living room,None,None,None,No,Table,No,Does not play music,No lighting,For sale,FtrTVtray_Remake_1_3,1_3,4445,bjyKq8gozXb94bfks
  mush partition  ,White mushroom,Mushroom type,NA,NA,Yes,Yes,No,3,NFS,,White,White,2x1,NA,Crafting,,1.0.0,garden,None,mush,None,No,Screen,Yes,Does not play music,No lighting,Not for sale,FtrMushroomScreen_Remake_1_0,1_0,3806,HT9LKiBrKtNdDFmh9
  vintage tv tray  ,Gold,NA,White,Tray,No,No,Yes,1,1200,,Beige,White,1x1,NA,Nook's Cranny,Available in Nook's Cranny (either upgrade tier) in the unique furniture slot,1.0.0,living room,None,None,None,No,Table,No,Does not play music,No lighting,For sale,FtrTVtray_Remake_0_2,0_2,4445,WPjvF8TYhixroEAWK
  INFLATABLE SOFA  ,Blue,NA,NA,NA,No,No,No,NA,,275,Light blue,Light blue,2x1,NA,Nook's Cranny,"Available in all tiers of shops, including Timmy & Tommy before the shop is opened",1.0.0,outdoors,None,None,None,Yes,Bed,Yes,Does not play music,No lighting,For sale,FtrAirsofa_Remake_0_0,0_0,3962,dcZBoXoykxkHe4tRP
    UPRIGHT LOCKER    ,White,NA,Notes,Sticker area,No,No,Yes,2,3700,,White,Pink,1x1,NA,Nook's Cranny,Available in Nook's Cranny (either upgrade tier) in the unique furniture slot,1.0.0,school,facility,None,None,Wardrobe,Chest,No,Does not play music,No lighting,For sale,FtrLocker_Remake_1_4,1_4,833,sMbu92zCSz8gMnjFN
RETRO GAS PUMP,Green,NA,Green with animal,Lamp,No,No,Yes,1,,675,Green,Green,1x1,NA,Nook's Cranny,Available in Nook's Cranny (either upgrade tier) in the unique furniture slot,1.0.0,garden,shop,diner,None,Yes,Vehicle,Yes,Does not play music,No lighting,For sale,FtrAmeretroGasstand_Remake_1_1,1_1,4140,SdgwnoxzWRuejsP5M
log garden lounge,Dark wood,Lumber type,None,Pillow,Yes,Yes,Yes,3,NFS,,Brown,Brown,2x1,NA,Crafting,,1.0.0,garden,None,log,None,Yes,Bed,Yes,Does not play music,No lighting,Not for sale,FtrLogBedS_Remake_0_0,0_0,4035,4SjMQbhBuHbL9zTC3
  RATTAN BED  ,Gray,NA,NA,NA,No,No,No,NA,7200,1800,Green,Blue,2x2,NA,Nook's Cranny,"Available in Nook's Cranny (upgraded only), in the third unique furniture slot",1.0.0,living room,None,rattan,None,Yes,Bed,No,Does not play music,No lighting,For sale,FtrRattanBedW_Remake_4_0,4_0,4052,GZEDbGTQHRrzHpCZm
  folding floor lamp  ,Light green,NA,NA,NA,No,No,No,NA,1900,475,Light blue,Light blue,1x1,NA,Nook's Cranny,"Available in Nook's Cranny (upgraded only), in the unique furniture slot",1.0.0,child's room,living room,None,None,Yes,Lamp,No,Does not play music,Spotlight,For sale,FtrLampArm_Remake_5_0,5_0,4014,vi8AcjCoLYdvDckPY
  changing room  ,Black,NA,Green,Curtain,No,No,Yes,2,3700,925,Black,Green,1x1,NA,Nook's Cranny,"Available in Nook's Cranny (upgraded only), in the unique furniture slot",1.0.0,shop,facility,None,None,Wardrobe,Shop,No,Does not play music,No lighting,For sale,FtrFittingroom_Remake_4_6,4_6,1816,tbo33Z2LABD7wBoLi
  BARBELL  ,Colorful,Plate color,NA,NA,Yes,Yes,No,7,,7500,Colorful,Gray,2x1,NA,Crafting,,1.0.0,fitness,None,None,None,No,Sports,No,Does not play music,No lighting,Not for sale,FtrBarbell_Remake_3_0,3_0,4078,dtmmNs3ZGLAjSK7zJ
  HAMMOCK  ,Light brown,NA,Hibiscus flowers,Cloth,No,No,Yes,1,1300,325,Beige,Light blue,2x1,NA,Nook's Cranny,"Available in all tiers of shops, including Timmy & Tommy before the shop is opened",1.0.0,outdoors,None,None,None,Yes,Bed,Yes,Does not play music,No lighting,For sale,FtrHammock_Remake_1_2,1_2,1620,PtcNSSuHtjxCHq5ko
wooden mini table,Black,Paint color,Green,Tablecloth,Yes,Yes,Yes,2,NFS,,Black,Green,1x1,NA,Crafting,,1.0.0,child's room,living room,wooden,None,No,Table,No,Does not play music,No lighting,Not for sale,FtrWoodenTableMini_Remake_4_4,4_4,7133,hvjYp3cMozD6wmNAT
  UPRIGHT LOCKER  ,Blue,NA,Cool,Sticker area,No,No,Yes,2,3700,925,Blue,Black,1x1,NA,Nook's Cranny,Available in Nook's Cranny (either upgrade tier) in the unique furniture slot,1.0.0,school,facility,None,None,Wardrobe,Chest,No,Does not play music,No lighting,For sale,FtrLocker_Remake_4_1,4_1,833,deDyRACSmQwNFpqeF
  drink machine  ,Green,NA,Orange juice,Advertisement panel,No,No,Yes,7,,10000,Green,Orange,1x1,2000,Nook Miles Shop,,1.0.0,shop,facility,None,None,Yes,Facility Decor,Yes,Does not play music,Monitor,Not for sale,FtrDrinkmachine_Remake_4_0,4_0,1802,4XfpCWvroHBS2cyy9
    log chair    ,Dark wood,Lumber type,Southwestern flair,Cushion,Yes,Yes,Yes,3,,960,Brown,Colorful,1x1,NA,Crafting,,1.0.0,garden,living room,log,None,Yes,Sofa,No,Does not play music,No lighting,Not for sale,FtrLogSofaS_Remake_0_1,0_1,4039,DNaS4awK4G9nxe2Wb
    simple panel    ,Light gray,NA,Lined panel,Panel design,No,No,Yes,1,,,Gray,White,1x0.5,NA,Nook's Cranny,Available in Nook's Cranny (either upgrade tier) in the unique furniture slot,1.0.0,facility,None,None,None,No,Screen,No,Does not play music,No lighting,For sale,FtrScreenSimple_Remake_0_1,0_1,5338,7HaDzAKNvhye5Erae
  electric guitar  ,Dark red,NA,Chic logo,Sticker area,No,No,Yes,7,,,Red,White,1x1,NA,Nook's Cranny,"Available in Nook's Cranny (upgraded only), in the third unique furniture slot",1.0.0,concert,None,None,None,Yes,Musical Instrument,No,Does not play music,No lighting,For sale,FtrElectricguitar2_Remake_0_2,0_2,1645,YC4aW2h7oKzYgu86w
  shell fountain  ,Purple,Shell color,NA,NA,Yes,Yes,No,7,NFS,9450,Purple,Purple,1.5x1.5,NA,Crafting,,1.0.0,ocean,expensive,shell,None,Yes,Playground,Yes,Does not play music,No lighting,Not for sale,FtrShellFountain_Remake_4_0,4_0,3982,tL4Bkd2LH4u4qX6pY
    UPRIGHT LOCKER    ,Red,NA,Notes,Sticker area,No,No,Yes,2,3700,925,Red,Pink,1x1,NA,Nook's Cranny,Available in Nook's Cranny (either upgrade tier) in the unique furniture slot,1.0.0,school,facility,None,None,Wardrobe,Chest,No,Does not play music,No lighting,For sale,FtrLocker_Remake_3_4,3_4,833,kqk7vXZR3j5TZ27r7
    WEDDING BENCH    ,Cute,Design,NA,NA,No,Yes,No,2,3500,875,White,Pink,2x1,NA,Wedding Season,,1.2.0,party,expensive,wedding,None,Yes,Sofa,No,Does not play music,No lighting,Not for sale,FtrWeddingChairL_Remake_0_0,0_0,12401,fsufqtDeXFMBgFFqp
  digital scale  ,Brown,NA,Polka dots,Design,No,No,Yes,1,930,232,Brown,Green,1x1,NA,Nook's Cranny,Available in Nook's Cranny (either upgrade tier) in the unique furniture slot,1.0.0,bathroom,None,None,None,No,Bathroom Things,No,Does not play music,No lighting,For sale,FtrWeightscale_Remake_6_2,6_2,3307,SMHfJheiweAjeNRvy
  wind turbine  ,Blue,NA,NA,NA,No,No,No,NA,,20000,White,Blue,2x1,4000,Nook Miles Shop,,1.0.0,garden,None,None,None,No,Ranch,Yes,Does not play music,No lighting,Not for sale,FtrWindturbine_Remake_0_0,0_0,7379,Yip3fJEEj2mJBzSMn
  PAPA BEAR  ,Tweed,NA,Red,Ribbon,No,No,Yes,3,8500,2125,Brown,Red,2x2,NA,Nook's Cranny,"Available in Nook's Cranny (upgraded only), in the third unique furniture slot",1.0.0,fancy,child's room,None,bear,No,Animal,No,Does not play music,No lighting,For sale,FtrBearL_Remake_5_1,5_1,1499,o99j4jRBPx92bozR2
    basic teacher's desk    ,Wooden,NA,NA,NA,No,No,No,NA,2000,500,Yellow,Yellow,2x1,NA,Nook's Cranny,"Available in Nook's Cranny (upgraded only), in the unique furniture slot",1.0.0,school,None,None,None,No,Desk,No,Does not play music,No lighting,For sale,FtrSchoolTeachertable_Remake_1_0,1_0,1330,6Y6uYyKczyFayoPgQ
  vintage tv tray  ,Black,NA,Natural wood,Tray,No,No,Yes,1,1200,,Black,Brown,1x1,NA,Nook's Cranny,Available in Nook's Cranny (either upgrade tier) in the unique furniture slot,1.0.0,living room,None,None,None,No,Table,No,Does not play music,No lighting,For sale,FtrTVtray_Remake_3_3,3_3,4445,wxGy8ra5KnPh86zai
  drink machine  ,Blue,NA,Orange juice,Advertisement panel,No,No,Yes,7,NFS,10000,Blue,Orange,1x1,2000,Nook Miles Shop,,1.0.0,shop,facility,None,None,Yes,Facility Decor,Yes,Does not play music,Monitor,Not for sale,FtrDrinkmachine_Remake_1_0,1_0,1802,MaZX4782ksqyGNuDf
    WOODEN DOUBLE BED    ,Black,Paint color,Pink,Bedding,Yes,Yes,Yes,6,NFS,,Black,Pink,2x2,NA,Crafting,,1.0.0,child's room,living room,wooden,None,Yes,Bed,No,Does not play music,No lighting,Not for sale,FtrWoodenBedW_Remake_4_1,4_1,7132,ntFt8vLgQTz4nkMwr
rock guitar,Sunburst,NA,Rock logo,Sticker area,No,No,Yes,2,3100,,Orange,Purple,1x1,NA,Nook's Cranny,Available in Nook's Cranny (either upgrade tier) in the unique furniture slot,1.0.0,concert,None,None,None,Yes,Musical Instrument,No,Does not play music,No lighting,For sale,FtrElectricguitar1_Remake_0_3,0_3,1644,vr8rsE6aRohYh3FoQ
  UPRIGHT LOCKER  ,White,NA,Pop,Sticker area,No,No,Yes,2,3700,,White,Colorful,1x1,NA,Nook's Cranny,Available in Nook's Cranny (either upgrade tier) in the unique furniture slot,1.0.0,school,facility,None,None,Wardrobe,Chest,No,Does not play music,No lighting,For sale,FtrLocker_Remake_1_3,1_3,833,jdfquAB3u2Z5rqyue
  wooden table  ,Blue,Paint color,Orange,Tablecloth,Yes,Yes,Yes,4,NFS,1800,Blue,Orange,2x2,NA,Crafting,,1.0.0,child's room,living room,wooden,None,No,Table,No,Does not play music,No lighting,Not for sale,FtrWoodenTableL_Remake_6_1,6_1,3439,8YPyXGphYio9Pcj35
  NATURAL GARDEN TABLE  ,Oak,Tabletop,NA,NA,Yes,Yes,No,5,,,Orange,Green,2x2,NA,Crafting,,1.0.0,garden,None,None,natural,No,Table,Yes,Does not play music,No lighting,Not for sale,FtrGardenTableNatural_Remake_1_0,1_0,3396,F4ZSDbxG2w2NB8bWk
    frozen bed    ,Ice yellow,Illumination,White,Bedding,Yes,Yes,Yes,8,NFS,9000,Yellow,White,2x2,NA,Crafting,,1.0.0,freezing cold,None,frozen,None,Yes,Bed,Yes,Does not play music,No lighting,Not for sale,FtrIceBedW_Remake_3_1,3_1,3502,HWedFbsABpYeHcDK4
  FROZEN SCULPTURE  ,Ice pink,Illumination,NA,NA,Yes,Yes,No,7,NFS,,Pink,Pink,1.5x1.5,NA,Crafting,,1.0.0,freezing cold,None,frozen,None,No,Seasonal Decor,Yes,Does not play music,No lighting,Not for sale,FtrIceArt_Remake_2_0,2_0,3501,L2AuwyDB45TPrBXA9
KITCHEN ISLAND,White,NA,NA,NA,No,No,No,NA,170000,42500,White,White,2x2,NA,Nook's Cranny,"Available in Nook's Cranny (upgraded only), in the third unique furniture slot",1.0.0,kitchen,expensive,None,None,No,Kitchen,No,Does not play music,No lighting,For sale,FtrKitchenIsland_Remake_0_0,0_0,998,rtLTfrfyEncyvRroG
CLACKERCART,Cute,Paint color,NA,NA,Yes,Yes,No,2,NFS,960,Pink,Purple,1x1,NA,Crafting,,1.0.0,child's room,None,None,None,No,Toy,No,Does not play music,No lighting,Not for sale,FtrKatakatatoy_Remake_5_0,5_0,80,pTkQt7Aph6StWqSgX
  WOODEN END TABLE  ,Blue,Paint color,NA,NA,Yes,Yes,No,2,NFS,960,Blue,Colorful,1x1,NA,Crafting,,1.0.0,child's room,living room,wooden,None,No,Table,No,Does not play music,No lighting,Not for sale,FtrWoodenTableS_Remake_6_0,6_0,3438,fnjMyqMBsQNDbTdjJ
  standing toilet  ,NA,NA,NA,NA,No,No,No,NA,,475,White,White,1x1,NA,Nook's Cranny,Available in Nook's Cranny (either upgrade tier) in the unique furniture slot,1.0.0,bathroom,None,None,None,Yes,Toilet,No,Does not play music,No lighting,For sale,FtrWCUrinal,NA,1217,ub9ET6HqmoHDwc4Pu
    rocking chair    ,White,Lumber type,NA,NA,Yes,Yes,No,2,NFS,960,White,White,1x1,NA,Crafting,,1.0.0,living room,None,None,None,Yes,Chair,No,Does not play music,No lighting,Not for sale,FtrRockingchair_Remake_3_0,3_0,1103,itm2ysqveinM3g6Nb
electric guitar,Cherry,NA,Handwritten logo,Sticker area,No,No,Yes,7,,,Red,Light blue,1x1,NA,Nook's Cranny,"Available in Nook's Cranny (upgraded only), in the third unique furniture slot",1.0.0,concert,None,None,None,Yes,Musical Instrument,No,Does not play music,No lighting,For sale,FtrElectricguitar2_Remake_2_5,2_5,1645,Gb3Lt9tPsg8dpXjY7
    DIGITAL SCALE    ,White,NA,Polka dots,Design,No,No,Yes,1,930,232,White,Green,1x1,NA,Nook's Cranny,Available in Nook's Cranny (either upgrade tier) in the unique furniture slot,1.0.0,bathroom,None,None,None,No,Bathroom Things,No,Does not play music,No lighting,For sale,FtrWeightscale_Remake_0_2,0_2,3307,q2vkRxfDP6A3KmQid
  CUTE TEA TABLE  ,Sky blue,NA,NA,NA,No,No,No,NA,3000,750,Light blue,White,1x1,NA,Nook's Cranny,"Available in Nook's Cranny (upgraded only), in the unique furniture slot",1.0.0,fancy,None,cute,None,No,Table,No,Does not play music,No lighting,For sale,FtrCuteTableS_Remake_1_0,1_0,4000,kPoFsiCopPMetatPx
antique clock,Brown,NA,NA,NA,No,No,No,NA,44000,11000,Brown,Yellow,1x1,NA,Nook's Cranny,"Available in Nook's Cranny (upgraded only), in the third unique furniture slot",1.0.0,living room,expensive,antique,None,Yes,Clock,No,Does not play music,No lighting,For sale,FtrAntiqueClock_Remake_0_0,0_0,3954,54WzSWz3bv4j4279w
tankless toilet,Pink,NA,NA,NA,No,No,No,NA,4100,1025,Pink,Pink,1x1,NA,Nook's Cranny,"Available in Nook's Cranny (upgraded only), in the unique furniture slot",1.0.0,bathroom,None,None,None,Yes,Toilet,No,Does not play music,No lighting,For sale,FtrWCTankless_Remake_2_0,2_0,2776,zaABQRMjcmpnuqFug
    wooden mini table    ,Green,Paint color,Blue,Tablecloth,Yes,Yes,Yes,2,NFS,,Green,Blue,1x1,NA,Crafting,,1.0.0,child's room,living room,wooden,None,No,Table,No,Does not play music,No lighting,Not for sale,FtrWoodenTableMini_Remake_5_3,5_3,7133,6ZDc5t9mufnZ3S3aL
  outdoor table  ,Black,NA,Orange,Table,No,No,Yes,1,2200,550,Black,Orange,2x1,NA,Nook's Cranny,Available in Nook's Cranny (either upgrade tier) in the unique furniture slot,1.0.0,outdoors,None,None,None,No,Table,Yes,Does not play music,No lighting,For sale,FtrOutdoortableM_Remake_1_4,1_4,3946,Htdd7fytqsqR23WG2
    MOUNTAIN STANDEE    ,Kyoto in summer,Season,NA,NA,Yes,Yes,No,2,NFS,,Black,Red,2x1,NA,Crafting,,1.0.0,school,None,None,standee,No,School,No,Does not play music,No lighting,Not for sale,FtrHariboteMountain_Remake_3_0,3_0,532,5mkBnTePitRksfGwX
FLOOR SEAT,Black,NA,Mustard yellow,Cushion,No,No,Yes,1,,,Black,Yellow,1x1,NA,Nook's Cranny,Available in Nook's Cranny (either upgrade tier) in the unique furniture slot,1.0.0,zen-style,child's room,None,None,Yes,Chair,No,Does not play music,No lighting,For sale,FtrFloorchair_Remake_3_1,3_1,3622,yceSinLhFrqjmQi6L
  REFRIGERATOR  ,Silver,NA,Cute,Sticker area,No,No,Yes,2,5100,,Gray,Pink,1x1,NA,Nook's Cranny,"Available in Nook's Cranny (upgraded only), in the unique furniture slot",1.0.0,kitchen,shop,None,None,Wardrobe,Home Appliances,No,Does not play music,No lighting,For sale,FtrRefrigerator_Remake_7_1,7_1,2713,bo7CKWWkjE7PHSQNA
  RATTAN WARDROBE  ,Light brown,NA,NA,NA,No,No,No,NA,6900,,Yellow,Yellow,1x1,NA,Nook's Cranny,"Available in Nook's Cranny (upgraded only), in the unique furniture slot",1.0.0,living room,None,rattan,None,Wardrobe,Chest,No,Does not play music,No lighting,For sale,FtrRattanClosetLR_Remake_2_0,2_0,4049,vmvwceLhptr4pZzMv
  PET BED  ,White,NA,Floral,Cushion,No,No,Yes,1,,,White,Green,1x1,NA,Nook's Cranny,Available in Nook's Cranny (either upgrade tier) in the unique furniture slot,1.0.0,living room,None,None,pet,Yes,Chair,No,Does not play music,No lighting,For sale,FtrPetBed_Remake_2_4,2_4,7802,P3cFcQgxKMRnSvKY9
  MINI FRIDGE  ,Yellow,NA,NA,NA,No,No,No,NA,1300,325,Yellow,Yellow,1x1,NA,Nook's Cranny,"Available in Nook's Cranny (upgraded only), in the unique furniture slot",1.0.0,facility,None,None,None,Wardrobe,Home Appliances,No,Does not play music,No lighting,For sale,FtrRefrigeratorMini_Remake_3_0,3_0,9766,FR7reZdhtjJhCuzjD
  CHANGING ROOM  ,Blue,NA,Green,Curtain,No,No,Yes,2,,925,Blue,Green,1x1,NA,Nook's Cranny,"Available in Nook's Cranny (upgraded only), in the unique furniture slot",1.0.0,shop,facility,None,None,Wardrobe,Shop,No,Does not play music,No lighting,For sale,FtrFittingroom_Remake_5_6,5_6,1816,P9WrpxcjWbSE2tMff
    serving cart    ,Natural,NA,NA,NA,No,No,No,NA,1300,325,Beige,Beige,1x1,NA,Nook's Cranny,Available in Nook's Cranny (either upgrade tier) in the unique furniture slot,1.0.0,kitchen,shop,None,None,No,Kitchen Things,No,Does not play music,No lighting,For sale,FtrServingcart_Remake_0_0,0_0,1606,BsLHqpK32mj4b8Bkv
  IRON WORKTABLE  ,White,Body color,NA,NA,Yes,Yes,No,7,NFS,7500,White,White,2x1,NA,Crafting,,1.0.0,garage,None,iron,None,No,Table,No,Does not play music,No lighting,Not for sale,FtrIronTableM_Remake_1_0,1_0,3560,a8HjB3fcbQrqnNHTf
    log decorative shelves    ,Dark wood,Lumber type,Southwestern flair,Mat,Yes,Yes,Yes,4,,1560,Brown,Colorful,2x1,NA,Crafting,,1.0.0,garden,living room,log,None,No,Shelf,No,Does not play music,No lighting,Not for sale,FtrLogShelf_Remake_0_1,0_1,4036,P3gfyaF5sRF9RAQGa
changing room,Pink,NA,Black,Curtain,No,No,Yes,2,3700,925,Pink,Black,1x1,NA,Nook's Cranny,"Available in Nook's Cranny (upgraded only), in the unique furniture slot",1.0.0,shop,facility,None,None,Wardrobe,Shop,No,Does not play music,No lighting,For sale,FtrFittingroom_Remake_6_2,6_2,1816,khYcTbLxFCNyQW6NY
lawn chair,Red & white & blue,NA,NA,NA,No,No,No,NA,760,190,Colorful,White,1x1,NA,Nook's Cranny,"Available in all tiers of shops, including Timmy & Tommy before the shop is opened",1.0.0,ocean,None,None,None,Yes,Chair,Yes,Does not play music,No lighting,For sale,FtrVinylchair_Remake_1_0,1_0,1621,ZqtBpyBnspf5KoL8o
  TEACUP RIDE  ,Gorgeous,NA,NA,NA,No,No,No,NA,NFS,25000,Colorful,Yellow,3x3,5000,Nook Miles Shop,,1.0.0,facility,fancy,None,None,Yes,Playground,Yes,Does not play music,No lighting,Not for sale,FtrTurncup_Remake_1_0,1_0,1507,foL22mYM7e9PnSxqg
  serving cart  ,Red,NA,NA,NA,No,No,No,NA,1300,325,Red,Black,1x1,NA,Nook's Cranny,Available in Nook's Cranny (either upgrade tier) in the unique furniture slot,1.0.0,kitchen,shop,None,None,No,Kitchen Things,No,Does not play music,No lighting,For sale,FtrServingcart_Remake_4_0,4_0,1606,uYsKGgbqBwaWR6MKq
    GARDEN BENCH    ,Red,Variation,NA,NA,Yes,Yes,No,6,NFS,4440,Beige,Red,2x1,NA,Crafting,,1.0.0,garden,None,None,None,Yes,Sofa,Yes,Does not play music,No lighting,Not for sale,FtrParkbenche_Remake_3_0,3_0,3509,jinR6Ts98qHXuJGo3
  DJ'S TURNTABLE  ,Pink,NA,Emblem logo,Flag,No,No,Yes,4,9300,2325,Pink,Green,2x1,NA,Nook's Cranny,"Available in Nook's Cranny (upgraded only), in the unique furniture slot",1.0.0,party,concert,None,None,Yes,Musical Instrument,No,Hi-fi,No lighting,For sale,FtrDJbooth_Remake_3_4,3_4,941,Z5nWN6mMZrdfPRbrG
  frozen tree  ,Ice purple,Illumination,NA,NA,Yes,Yes,No,7,NFS,8200,Purple,Purple,2x2,NA,Crafting,,1.0.0,freezing cold,None,frozen,None,No,Seasonal Decor,Yes,Does not play music,No lighting,Not for sale,FtrIceTree_Remake_6_0,6_0,3504,yTBqu379bqAkLvdZE
  ELECTRIC KICK SCOOTER  ,Red,NA,NA,NA,No,No,No,NA,,1100,Red,Black,1x1,NA,Nook's Cranny,"Available in Nook's Cranny (upgraded only), in the unique furniture slot",1.0.0,child's room,garden,None,None,Yes,Sports,Yes,Does not play music,Spotlight,For sale,FtrKickboardElectric_Remake_0_0,0_0,7654,6tY6iuj88WmP9SY73
SAFE,Gold,NA,NA,NA,No,No,No,NA,,,Yellow,Gray,1x1,NA,Nook's Cranny,"Available in Nook's Cranny (upgraded only), in the unique furniture slot",1.0.0,facility,expensive,None,None,Wardrobe,Chest,No,Does not play music,No lighting,For sale,FtrSafebox_Remake_3_0,3_0,839,GCT7bxDSTwvYzwxjm
  dj's turntable  ,Pink,NA,Handwritten logo,Flag,No,No,Yes,4,9300,,Pink,Light blue,2x1,NA,Nook's Cranny,"Available in Nook's Cranny (upgraded only), in the unique furniture slot",1.0.0,party,concert,None,None,Yes,Musical Instrument,No,Hi-fi,No lighting,For sale,FtrDJbooth_Remake_3_5,3_5,941,fDurnLfo99gTz4Mec
  floor light  ,Purple,NA,NA,NA,No,No,No,NA,2200,550,Orange,Orange,1x1,NA,Nook's Cranny,"Available in Nook's Cranny (upgraded only), in the unique furniture slot",1.0.0,facility,concert,None,None,Yes,Lamp,Yes,Does not play music,Spotlight,For sale,FtrGrandlight_Remake_4_0,4_0,7135,vLsdnN6rNEzb3Jge2
  ironwood table  ,Teak,Lumber type,NA,NA,Yes,Yes,No,7,NFS,5940,Orange,Black,2x2,NA,Crafting,,1.0.0,living room,None,ironwood,None,No,Table,No,Does not play music,No lighting,Not for sale,FtrIronwoodTableL_Remake_1_0,1_0,3191,f8FAwnfbepoKcZswB
  retro gas pump  ,Black,NA,Yellow oil,Lamp,No,No,Yes,1,2700,675,Black,Red,1x1,NA,Nook's Cranny,Available in Nook's Cranny (either upgrade tier) in the unique furniture slot,1.0.0,garden,shop,diner,None,Yes,Vehicle,Yes,Does not play music,No lighting,For sale,FtrAmeretroGasstand_Remake_4_0,4_0,4140,88NqtdPHNcBpi6h7W
  MUSH PARASOL  ,Yellow mushroom,Mushroom type,NA,NA,Yes,Yes,No,2,NFS,1200,Yellow,Brown,2x2,NA,Crafting,,1.0.0,garden,None,mush,None,No,Plants,Yes,Does not play music,No lighting,Not for sale,FtrMushroomParasol_Remake_4_0,4_0,3805,eKdzydLdowBncibBP
  go board  ,NA,NA,NA,NA,No,No,No,NA,1800,450,Orange,Orange,1x1,NA,Nook's Cranny,Available in Nook's Cranny (either upgrade tier) in the unique furniture slot,1.0.0,zen-style,living room,None,None,No,Toy,No,Does not play music,No lighting,For sale,FtrGo,NA,981,t7Npmhjrh8ieMWZHm
  table with cloth  ,NA,NA,Yellow,Tablecloth,No,No,Yes,2,5100,1275,Yellow,Yellow,2x2,NA,Nook's Cranny,"Available in Nook's Cranny (upgraded only), in the third unique furniture slot",1.0.0,shop,party,None,None,No,Table,No,Does not play music,No lighting,For sale,FtrTableCloth_Remake_0_5,0_5,1779,hfg2yaY4JZkjdTC3T
wooden double bed,Cherry wood,Paint color,Pink,Bedding,Yes,Yes,Yes,6,NFS,,Orange,Pink,2x2,NA,Crafting,,1.0.0,child's room,living room,wooden,None,Yes,Bed,No,Does not play music,No lighting,Not for sale,FtrWoodenBedW_Remake_2_1,2_1,7132,3GbKBy8wsQfK7Feqc
  digital scale  ,Black,NA,White,Design,No,No,Yes,1,,232,Black,White,1x1,NA,Nook's Cranny,Available in Nook's Cranny (either upgrade tier) in the unique furniture slot,1.0.0,bathroom,None,None,None,No,Bathroom Things,No,Does not play music,No lighting,For sale,FtrWeightscale_Remake_1_0,1_0,3307,DEzrDq45gQo6yhZma
  wooden simple bed  ,Pink wood,Paint color,Green,Bedding,Yes,Yes,Yes,4,,2160,Pink,Green,2x1,NA,Crafting,,1.0.0,child's room,living room,wooden,None,Yes,Bed,No,Does not play music,No lighting,Not for sale,FtrWoodenBedS_Remake_7_3,7_3,2605,ynNQcm7EjjoDqkRds
  CLOTHESLINE POLE  ,Silver,NA,Plain,Drying shirt,No,No,Yes,1,1100,275,Gray,White,2x0.5,NA,Nook's Cranny,Available in Nook's Cranny (either upgrade tier) in the unique furniture slot,1.0.0,garden,bathroom,None,None,No,Supplies,Yes,Does not play music,No lighting,For sale,FtrClotheshorse_Remake_0_0,0_0,1778,7T6ZZSQSeEKLkJoPW
  automatic washer  ,White,NA,NA,NA,No,No,No,NA,4500,1125,White,White,1x1,NA,Nook's Cranny,"Available in Nook's Cranny (upgraded only), in the unique furniture slot",1.0.0,bathroom,None,None,None,Yes,Home Appliances,No,Does not play music,No lighting,For sale,FtrWashingmachine_Remake_0_0,0_0,2740,4YqpCyGk4ndhAWjS8
illuminated tree,Blue,Light color,NA,NA,Yes,Yes,No,7,,,Light blue,Light blue,2x2,NA,Crafting,,1.0.0,party,fancy,festive,None,Yes,Seasonal Decor,Yes,Does not play music,Fluorescent,Not for sale,FtrIllumiTree_Remake_2_0,2_0,4066,wZJp2yyr6LtHnoPJv
  WOODEN TABLE  ,Light wood,Paint color,Blue,Tablecloth,Yes,Yes,Yes,4,NFS,,Beige,Light blue,2x2,NA,Crafting,,1.0.0,child's room,living room,wooden,None,No,Table,No,Does not play music,No lighting,Not for sale,FtrWoodenTableL_Remake_0_3,0_3,3439,DeGcjmd3Thuv3edLn
TREE STANDEE,Winter,Season,NA,NA,Yes,Yes,No,3,NFS,1560,White,Brown,2x1,NA,Crafting,,1.0.0,school,None,None,standee,No,School,No,Does not play music,No lighting,Not for sale,FtrHariboteTree_Remake_4_0,4_0,533,SF4DqzbF7ahhwoX6R
punching bag,Red,NA,NA,NA,No,No,No,NA,3800,,Red,Black,1x1,NA,Nook's Cranny,Available in Nook's Cranny (either upgrade tier) in the unique furniture slot,1.0.0,fitness,None,None,None,Yes,Sports,No,Does not play music,No lighting,For sale,FtrSandbag_Remake_0_0,0_0,4013,AjHSaHSAw9RgGJ7zm
  LOG GARDEN LOUNGE  ,White wood,Lumber type,Southwestern flair,Pillow,Yes,Yes,Yes,3,NFS,,Beige,Colorful,2x1,NA,Crafting,,1.0.0,garden,None,log,None,Yes,Bed,Yes,Does not play music,No lighting,Not for sale,FtrLogBedS_Remake_2_1,2_1,4035,Pr7eo68gXFp4k2HQC
  den desk  ,White,NA,NA,NA,No,No,No,NA,10000,,White,White,2x1,NA,Nook's Cranny,"Available in Nook's Cranny (upgraded only), in the unique furniture slot",1.0.0,den,None,None,den,No,Desk,No,Does not play music,No lighting,For sale,FtrDrawingTable_Remake_4_0,4_0,3783,wEug3j5QZzkbwdGwy
log dining table,White birch,Lumber type,Southwestern flair,Placemats,Yes,No,Yes,4,,,White,Colorful,2x2,NA,Crafting,,1.0.0,garden,living room,log,None,No,Table,No,Does not play music,No lighting,Not for sale,FtrLogTableL_Remake_3_1,3_1,4040,KMkjaPx3zbZmXKfXd
  BOX CORNER SOFA  ,White,NA,NA,NA,No,No,No,NA,,675,White,Black,1x1,NA,Nook's Cranny,"Available in Nook's Cranny (upgraded only), in the unique furniture slot",1.0.0,shop,facility,None,None,Yes,Chair,No,Does not play music,No lighting,For sale,FtrBoxsofaCorner_Remake_6_0,6_0,1853,8GxSkYqhR85qxnYy8
    ROCK GUITAR    ,Cool blue,NA,Chic logo,Sticker area,No,No,Yes,2,3100,,Blue,White,1x1,NA,Nook's Cranny,Available in Nook's Cranny (either upgrade tier) in the unique furniture slot,1.0.0,concert,None,None,None,Yes,Musical Instrument,No,Does not play music,No lighting,For sale,FtrElectricguitar1_Remake_7_2,7_2,1644,YxzmMKHHbWfvnXQXo
REFRIGERATOR,Pink,NA,None,Sticker area,No,No,Yes,2,,1275,Pink,Pink,1x1,NA,Nook's Cranny,"Available in Nook's Cranny (upgraded only), in the unique furniture slot",1.0.0,kitchen,shop,None,None,Wardrobe,Home Appliances,No,Does not play music,No lighting,For sale,FtrRefrigerator_Remake_2_0,2_0,2713,q9Aju8Y95pfRiTPsi
  leaf stool  ,Red,Color,NA,NA,Yes,Yes,No,3,,1560,Red,Beige,1x1,NA,Crafting,,1.0.0,child's room,fancy,tree's bounty or leaves,None,Yes,Chair,No,Does not play music,No lighting,Not for sale,FtrFallenleavesChairS_Remake_1_0,1_0,7390,ESCRShzYqEjo7s29Q
  MUSH LAMP  ,Strange mushroom,Mushroom type,NA,NA,Yes,Yes,No,3,NFS,,Blue,Blue,1x1,NA,Crafting,,1.0.0,garden,None,mush,None,Yes,Lamp,Yes,Does not play music,Fluorescent,Not for sale,FtrMushroomLamp_Remake_2_0,2_0,805,JDdSXrPcPKbiQmamP
red corner,NA,NA,Green,Ring curtain,No,No,Yes,3,6100,,White,Green,2x2,NA,Nook's Cranny,"Available in Nook's Cranny (upgraded only), in the third unique furniture slot",1.0.0,fitness,None,None,sports ring,Yes,Sports,No,Does not play music,No lighting,For sale,FtrRingcornerRed_Remake_0_0,0_0,7151,E2ehP8GK7jAGS5y5C
  wooden simple bed  ,Green,Paint color,Blue,Bedding,Yes,Yes,Yes,4,,2160,Green,Light blue,2x1,NA,Crafting,,1.0.0,child's room,living room,wooden,None,Yes,Bed,No,Does not play music,No lighting,Not for sale,FtrWoodenBedS_Remake_5_2,5_2,2605,tjQTKPquzyazxK2Rq
    rattan vanity    ,Reddish brown,NA,NA,NA,No,No,No,NA,5900,1475,Orange,Orange,1x1,NA,Nook's Cranny,"Available in Nook's Cranny (upgraded only), in the unique furniture slot",1.0.0,living room,None,rattan,None,Yes,Dresser,No,Does not play music,No lighting,For sale,FtrRattanDresser_Remake_1_0,1_0,4051,zAnkc5iXSPrxPKG5A
  WOODEN TABLE  ,Blue,Paint color,Pink,Tablecloth,Yes,Yes,Yes,4,NFS,,Blue,Pink,2x2,NA,Crafting,,1.0.0,child's room,living room,wooden,None,No,Table,No,Does not play music,No lighting,Not for sale,FtrWoodenTableL_Remake_6_2,6_2,3439,aw5enrNA6SqDC97Mz
  LOG CHAIR  ,White birch,Lumber type,Quilted,Cushion,Yes,No,Yes,3,NFS,960,White,Light blue,1x1,NA,Crafting,,1.0.0,garden,living room,log,None,Yes,Sofa,No,Does not play music,No lighting,Not for sale,FtrLogSofaS_Remake_3_4,3_4,4039,728NN38nLD4y9mCWj
  synthesizer  ,Blue,NA,NA,NA,No,No,No,NA,66000,16500,Blue,White,2x1,NA,Nook's Cranny,"Available in Nook's Cranny (upgraded only), in the third unique furniture slot",1.0.0,concert,None,None,None,Yes,Musical Instrument,No,Does not play music,No lighting,For sale,FtrSynthesizer_Remake_2_0,2_0,1171,mwoL9PjeS9koFx2Qu
  BABY CHAIR  ,Red,NA,Train,Cushion,No,No,Yes,1,1200,,Red,Colorful,1x1,NA,Nook's Cranny,Available in Nook's Cranny (either upgrade tier) in the unique furniture slot,1.0.0,child's room,None,None,None,Yes,Chair,No,Does not play music,No lighting,For sale,FtrBabychair_Remake_0_3,0_3,3305,9g8Jq3bPaDbew3GZg
tool shelf,Black,NA,NA,NA,No,No,No,NA,7300,1825,Black,Colorful,2x1,NA,Nook's Cranny,Available in Nook's Cranny (either upgrade tier) in the unique furniture slot,1.0.0,garage,facility,None,None,No,Table,No,Does not play music,No lighting,For sale,FtrToolshelf_Remake_3_0,3_0,7525,XywPNJ7EsdD2gAXQf
  drum set  ,Cosmo black,NA,Rock logo,Bass drum head,No,No,Yes,2,,,Black,Black,2x1,NA,Nook's Cranny,"Available in Nook's Cranny (upgraded only), in the unique furniture slot",1.0.0,concert,None,None,None,Yes,Musical Instrument,No,Does not play music,No lighting,For sale,FtrDrumSet_Remake_1_4,1_4,1803,oNB68dqM9aGzXMfdK
WOODEN STOOL,Dark wood,Paint color,Green,Seat,Yes,Yes,Yes,2,,480,Brown,Green,1x1,NA,Crafting,,1.0.0,child's room,living room,wooden,None,Yes,Chair,No,Does not play music,No lighting,Not for sale,FtrWoodenStoolS_Remake_3_4,3_4,3449,dbPagqx5Ses3dpLZT
  wooden simple bed  ,Pink wood,Paint color,Blue,Bedding,Yes,Yes,Yes,4,NFS,2160,Pink,Light blue,2x1,NA,Crafting,,1.0.0,child's room,living room,wooden,None,Yes,Bed,No,Does not play music,No lighting,Not for sale,FtrWoodenBedS_Remake_7_2,7_2,2605,554r3tt8jMmz2PXJr
rock guitar,Cosmo black,NA,Cute logo,Sticker area,No,No,Yes,2,3100,775,Black,Pink,1x1,NA,Nook's Cranny,Available in Nook's Cranny (either upgrade tier) in the unique furniture slot,1.0.0,concert,None,None,None,Yes,Musical Instrument,No,Does not play music,No lighting,For sale,FtrElectricguitar1_Remake_2_7,2_7,1644,woYi8tLMgmGTv6Rzo
  soft-serve lamp  ,Chocolate swirl,NA,NA,NA,No,No,No,NA,3000,750,Colorful,Beige,1x1,NA,Nook's Cranny,"Available in Nook's Cranny (upgraded only), in the unique furniture slot",1.0.0,shop,fancy,None,None,Yes,Lamp,Yes,Does not play music,Fluorescent,For sale,FtrLampSoftcream_Remake_5_0,5_0,3416,Mqp9e4F6gCq4WmbKb
  MUSH LOG  ,Red mushroom,Mushroom type,NA,NA,Yes,Yes,No,3,NFS,1680,Brown,Red,1x1,NA,Crafting,,1.0.0,facility,garden,mush,None,No,Desk,Yes,Does not play music,No lighting,Not for sale,FtrMushroomPulpwood_Remake_3_0,3_0,3808,aFRu4hJzbNMTaihGk
  LOW SCREEN  ,Light brown,NA,Winter,Screen,No,No,Yes,1,870,217,Beige,Gray,1x0.5,NA,Nook's Cranny,Available in Nook's Cranny (either upgrade tier) in the unique furniture slot,1.0.0,zen-style,None,None,None,No,Japanese Style,No,Does not play music,No lighting,For sale,FtrScreenJapanLow_Remake_0_4,0_4,1029,Gwu8QexAnW75SBRZM
  menu chalkboard  ,Natural,NA,NA,NA,No,No,No,NA,1800,450,Orange,Green,1x1,NA,Nook's Cranny,Available in Nook's Cranny (either upgrade tier) in the unique furniture slot,1.0.0,shop,None,None,None,No,Shop,Yes,Does not play music,No lighting,For sale,FtrMenuboard_Remake_0_0,0_0,1866,hZsxBiQ6uaGiL6nDr
  papa bear  ,Floral,NA,Blue,Ribbon,No,No,Yes,3,,2125,Green,Blue,2x2,NA,Nook's Cranny,"Available in Nook's Cranny (upgraded only), in the third unique furniture slot",1.0.0,fancy,child's room,None,bear,No,Animal,No,Does not play music,No lighting,For sale,FtrBearL_Remake_3_2,3_2,1499,HBRowb2CRnvJd6T3B
    pyramid    ,NA,NA,NA,NA,No,No,No,NA,NFS,2300,Beige,Beige,3x3,NA,Gulliver,,1.0.0,folk art,None,None,None,No,Folk Craft Decor,Yes,Does not play music,No lighting,Not for sale,FtrPyramid,NA,8608,A7ZHDgE65dEgvKJ4g
  outdoor bench  ,Blue,NA,Dark wood,Seat,No,No,Yes,1,1300,325,Blue,Brown,2x1,NA,Nook's Cranny,Available in Nook's Cranny (either upgrade tier) in the unique furniture slot,1.0.0,outdoors,None,None,None,Yes,Sofa,Yes,Does not play music,No lighting,For sale,FtrOutdoorchairM_Remake_3_6,3_6,3947,CWbHiuPxbnqDtDWgQ
ELABORATE KIMONO STAND,Tree peonies,NA,NA,NA,No,No,No,NA,,,Light blue,White,2x1,NA,Nook's Cranny,"Available in Nook's Cranny (upgraded only), in the third unique furniture slot",1.0.0,zen-style,expensive,None,None,No,Japanese Style,No,Does not play music,No lighting,For sale,FtrKimonostandRich_Remake_1_0,1_0,7865,dnMdQFrFZZaNtd2oo
  floor seat  ,Dark wood,NA,Pale grass green,Cushion,No,No,Yes,1,,182,Red,Green,1x1,NA,Nook's Cranny,Available in Nook's Cranny (either upgrade tier) in the unique furniture slot,1.0.0,zen-style,child's room,None,None,Yes,Chair,No,Does not play music,No lighting,For sale,FtrFloorchair_Remake_2_0,2_0,3622,FAcxLtbtKSERoDjHP
wave breaker,NA,NA,NA,NA,Yes,No,No,NA,NFS,3500,Gray,Gray,2x2,NA,Crafting,,1.0.0,ocean,None,None,None,No,Seaside,Yes,Does not play music,No lighting,Not for sale,FtrTetrapod,NA,665,uLNLT63X3S5kEC8nB
wooden simple bed,Blue,Paint color,Blue,Bedding,Yes,Yes,Yes,4,NFS,,Blue,Light blue,2x1,NA,Crafting,,1.0.0,child's room,living room,wooden,None,Yes,Bed,No,Does not play music,No lighting,Not for sale,FtrWoodenBedS_Remake_6_2,6_2,2605,c2xHWeit7EpXsmS3W
    BABY CHAIR    ,Blue,NA,Paw print,Cushion,No,No,Yes,1,,,Blue,Colorful,1x1,NA,Nook's Cranny,Available in Nook's Cranny (either upgrade tier) in the unique furniture slot,1.0.0,child's room,None,None,None,Yes,Chair,No,Does not play music,No lighting,For sale,FtrBabychair_Remake_4_4,4_4,3305,bm6bYatvhGTNsmo36
  log decorative shelves  ,White birch,Lumber type,Quilted,Mat,Yes,No,Yes,4,NFS,1560,White,Light blue,2x1,NA,Crafting,,1.0.0,garden,living room,log,None,No,Shelf,No,Does not play music,No lighting,Not for sale,FtrLogShelf_Remake_3_4,3_4,4036,cg3EH7zYuZPi7jhzW
  pear bed  ,Le Lectier,Fruit type,NA,NA,Yes,Yes,No,4,NFS,2720,Yellow,Beige,2x1,NA,Crafting,,1.0.0,fancy,None,fruits,pear,Yes,Bed,No,Does not play music,No lighting,Not for sale,FtrFruitsBedS_Remake_1_0,1_0,4546,D5467r6GHZbMtcyxe
    standard umbrella stand    ,White,Body color,Red & white & blue,Favorite umbrella,Yes,Yes,Yes,4,,2250,White,Colorful,1x1,NA,Crafting,,1.0.0,school,office,None,None,No,Supplies,No,Does not play music,No lighting,Not for sale,FtrUmbrellastand_Remake_1_3,1_3,3445,P9WENsCWkqRhf26yw
OUTDOOR BENCH,Green,NA,Dark wood,Seat,No,No,Yes,1,,325,Green,Brown,2x1,NA,Nook's Cranny,Available in Nook's Cranny (either upgrade tier) in the unique furniture slot,1.0.0,outdoors,None,None,None,Yes,Sofa,Yes,Does not play music,No lighting,For sale,FtrOutdoorchairM_Remake_2_6,2_6,3947,D7scvKMzdH38NxN9W
  throwback race-car bed  ,Pink,NA,NA,NA,No,No,No,NA,,950,Pink,Black,2x1,NA,Nook's Cranny,"Available in Nook's Cranny (upgraded only), in the unique furniture slot",1.0.0,child's room,None,throwback,None,Yes,Bed,No,Does not play music,No lighting,For sale,FtrBoyBedS_Remake_3_0,3_0,4759,RfoFzcercck4TKyg5
paper lantern,Dark wood,NA,Summer,Paper,No,No,Yes,1,780,195,Brown,Green,1x1,NA,Nook's Cranny,Available in Nook's Cranny (either upgrade tier) in the unique furniture slot,1.0.0,zen-style,None,None,None,Yes,Lamp,No,Does not play music,Candle,For sale,FtrLampJapan_Remake_1_2,1_2,725,NemYTocqnAbgeTPiv
  DEN CHAIR  ,Green,NA,NA,NA,No,No,No,NA,,,Green,Green,1x1,NA,Nook's Cranny,"Available in Nook's Cranny (upgraded only), in the unique furniture slot",1.0.0,den,None,None,den,Yes,Chair,No,Does not play music,No lighting,For sale,FtrDrawingChair_Remake_4_0,4_0,3784,x5GwXq5LzjiubcqM4
  pile of zen cushions  ,NA,NA,Goldfish,Upholstery,Yes,No,Yes,2,,750,Light blue,Colorful,1x1,NA,Crafting,,1.0.0,zen-style,living room,None,None,Yes,Chair,No,Does not play music,No lighting,Not for sale,FtrCushionJapanPile_Remake_0_4,0_4,7048,EZKN9sMNq6Aw5fX7g
DRINK MACHINE,Black,NA,Sale,Advertisement panel,No,No,Yes,7,,10000,Brown,Green,1x1,2000,Nook Miles Shop,,1.0.0,shop,facility,None,None,Yes,Facility Decor,Yes,Does not play music,Monitor,Not for sale,FtrDrinkmachine_Remake_3_2,3_2,1802,FKkmBewqydtbahDnN
    tower of pisa    ,NA,NA,NA,NA,No,No,No,NA,,,Beige,Beige,1x1,NA,Gulliver,,1.0.0,folk art,None,None,None,No,Folk Craft Decor,Yes,Does not play music,No lighting,Not for sale,FtrPisa,NA,700,akBbvFcDYyvXNXn7H
  drum set  ,Pearl white,NA,Rock logo,Bass drum head,No,No,Yes,2,5600,,White,Black,2x1,NA,Nook's Cranny,"Available in Nook's Cranny (upgraded only), in the unique furniture slot",1.0.0,concert,None,None,None,Yes,Musical Instrument,No,Does not play music,No lighting,For sale,FtrDrumSet_Remake_2_4,2_4,1803,YY9DThLxragxuCtsb
rock guitar,Orange-yellow,NA,None,Sticker area,No,No,Yes,2,3100,,Yellow,White,1x1,NA,Nook's Cranny,Available in Nook's Cranny (either upgrade tier) in the unique furniture slot,1.0.0,concert,None,None,None,Yes,Musical Instrument,No,Does not play music,No lighting,For sale,FtrElectricguitar1_Remake_4_0,4_0,1644,iMBLpYvwSDTvznaoA
  outdoor table  ,Black,NA,Blue,Table,No,No,Yes,1,,550,Black,Blue,2x1,NA,Nook's Cranny,Available in Nook's Cranny (either upgrade tier) in the unique furniture slot,1.0.0,outdoors,None,None,None,No,Table,Yes,Does not play music,No lighting,For sale,FtrOutdoortableM_Remake_1_3,1_3,3946,AHBAvLA337d5Hh74C
    loft bed with desk    ,White,NA,Yellow,Bedding,No,No,Yes,3,,1925,White,Yellow,2x1,NA,Nook's Cranny,"Available in Nook's Cranny (upgraded only), in the unique furniture slot",1.0.0,child's room,None,None,None,Yes,Desk,No,Does not play music,No lighting,For sale,FtrBeddesk_Remake_2_4,2_4,3621,WQJEGTBfD4Jg9DZPm
tulip surprise box,Yellow,Flower color,NA,NA,Yes,Yes,No,2,,760,Yellow,Green,1x1,NA,Crafting,,1.0.0,child's room,fancy,flowers,None,Yes,Toy,No,Does not play music,No lighting,Not for sale,FtrFlowerSurprisedbox_Remake_2_0,2_0,7231,6WgBeG8HpMa8ryFzZ
  LOFT BED WITH DESK  ,Pink,NA,White,Bedding,No,No,Yes,3,7700,1925,Pink,White,2x1,NA,Nook's Cranny,"Available in Nook's Cranny (upgraded only), in the unique furniture slot",1.0.0,child's room,None,None,None,Yes,Desk,No,Does not play music,No lighting,For sale,FtrBeddesk_Remake_7_0,7_0,3621,YrAmCJgDvy8WL6XQe
  ROCK GUITAR  ,Chic white,NA,None,Sticker area,No,No,Yes,2,3100,775,White,White,1x1,NA,Nook's Cranny,Available in Nook's Cranny (either upgrade tier) in the unique furniture slot,1.0.0,concert,None,None,None,Yes,Musical Instrument,No,Does not play music,No lighting,For sale,FtrElectricguitar1_Remake_6_0,6_0,1644,sbNgPzGJ2WqkRczPJ
  LOG CHAIR  ,White wood,Lumber type,Bears,Cushion,Yes,Yes,Yes,3,NFS,960,Beige,Brown,1x1,NA,Crafting,,1.0.0,garden,living room,log,None,Yes,Sofa,No,Does not play music,No lighting,Not for sale,FtrLogSofaS_Remake_2_3,2_3,4039,Sm2H2LGfXSwcy2igK
PALM-TREE LAMP,Natural,Variation,NA,NA,Yes,Yes,No,5,NFS,,Green,Orange,1.5x1.5,NA,Crafting,,1.0.0,ocean,None,None,None,Yes,Lamp,Yes,Does not play music,Fluorescent,Not for sale,FtrPalmtreelamp_Remake_0_0,0_0,7259,S6GuPvuBcQstuFf9z
    RATTAN WASTE BIN    ,Reddish brown,NA,NA,NA,No,No,No,NA,1000,250,Orange,Orange,1x1,NA,Nook's Cranny,"Available in Nook's Cranny (upgraded only), in the unique furniture slot",1.0.0,living room,None,rattan,None,Trash,Supplies,No,Does not play music,No lighting,For sale,FtrRattanTrashbox_Remake_1_0,1_0,4045,Q3KRiGDGuBvJ2TenM
outdoor bench,White,NA,Light wood,Seat,No,No,Yes,1,,325,Gray,Beige,2x1,NA,Nook's Cranny,Available in Nook's Cranny (either upgrade tier) in the unique furniture slot,1.0.0,outdoors,None,None,None,Yes,Sofa,Yes,Does not play music,No lighting,For sale,FtrOutdoorchairM_Remake_0_5,0_5,3947,xQ8JmouvS9rEr5S7x
rock guitar,Cosmo black,NA,Handwritten logo,Sticker area,No,No,Yes,2,,775,Black,Light blue,1x1,NA,Nook's Cranny,Available in Nook's Cranny (either upgrade tier) in the unique furniture slot,1.0.0,concert,None,None,None,Yes,Musical Instrument,No,Does not play music,No lighting,For sale,FtrElectricguitar1_Remake_2_5,2_5,1644,vacan7uy4zG7XvKrb
effects rack,Blue,NA,Chic logo,Sticker area,No,No,Yes,3,6800,1700,Blue,White,1x1,NA,Nook's Cranny,"Available in Nook's Cranny (upgraded only), in the unique furniture slot",1.0.0,concert,facility,None,None,No,Musical Instrument,No,Does not play music,No lighting,For sale,FtrEffectorrack_Remake_3_2,3_2,950,arNJ4hFF7YQ8oxuKw
  scattered papers  ,NA,NA,Illustrations,Writing,Yes,No,Yes,2,NFS,,White,Light blue,1.5x1.5,NA,Crafting,,1.0.0,den,office,None,None,Yes,Study,No,Does not play music,No lighting,Not for sale,FtrFloorpapers_Remake_0_2,0_2,4034,tvGnfcrHedLLNXriQ
wooden-block bookshelf,Mixed wood,Block color,NA,NA,Yes,Yes,No,1,NFS,720,Brown,Yellow,1x1,NA,Crafting,,1.0.0,child's room,None,wooden block,None,No,Shelf,No,Does not play music,No lighting,Not for sale,FtrBlockShelf_Remake_1_0,1_0,1558,ZNacDhQh93zfXTB6L
  PIANO BENCH  ,Green,NA,NA,NA,No,No,No,NA,990,247,Green,Brown,1x1,NA,Nook's Cranny,Available in Nook's Cranny (either upgrade tier) in the unique furniture slot,1.0.0,music,None,None,None,Yes,Chair,No,Does not play music,No lighting,For sale,FtrPianochair_Remake_5_0,5_0,3681,FW4ZawMehjh7Dyoxq
  PLAIN WOODEN SHOP SIGN  ,Natural,Sign,Wanted,Flier,Yes,Yes,Yes,2,NFS,,Beige,Brown,1x1,NA,Crafting,,1.0.0,garden,None,None,None,No,Vehicle,Yes,Does not play music,No lighting,Not for sale,FtrSignWood_Remake_0_1,0_1,3692,fuZiFTMYkoPc22WXP
  DEER SCARE  ,Smoke-cured bamboo,Bamboo,NA,NA,Yes,Yes,No,3,NFS,,Brown,Black,1x1,NA,Crafting,,1.0.0,zen-style,garden,bamboo,None,Yes,Japanese Style,Yes,Does not play music,No lighting,Not for sale,FtrShishiodoshi_Remake_2_0,2_0,677,o7hMYnmEGrGCPg5Rv
whiteboard,Strategy meeting,NA,NA,NA,No,No,No,NA,,650,White,Gray,2x1,NA,Nook's Cranny,"Available in Nook's Cranny (upgraded only), in the unique furniture slot",1.0.0,office,None,None,None,No,Office,No,Does not play music,No lighting,For sale,FtrWhiteboard_Remake_4_0,4_0,4116,x2BPKX6xJpbzEsvD2
SHELL PARTITION,Yellow,Shell color,NA,NA,Yes,Yes,No,7,NFS,,Yellow,Yellow,2x1,NA,Crafting,,1.0.0,ocean,None,shell,None,No,Screen,Yes,Does not play music,No lighting,Not for sale,FtrShellScreen_Remake_3_0,3_0,3978,pmmiQ5oDwsfYQRtyx
FLOOR LAMP,Brown,NA,Navy design,Lampshade,No,No,Yes,1,1400,350,Brown,Blue,1x1,NA,Nook's Cranny,"Available in Nook's Cranny (upgraded only), in the unique furniture slot",1.0.0,living room,None,None,None,Yes,Lamp,No,Does not play music,Fluorescent,For sale,FtrLamp_Remake_1_7,1_7,2561,cHeBmG6jbei7NDD6K
  refrigerator  ,Black,NA,Rock,Sticker area,No,No,Yes,2,5100,,Black,Colorful,1x1,NA,Nook's Cranny,"Available in Nook's Cranny (upgraded only), in the unique furniture slot",1.0.0,kitchen,shop,None,None,Wardrobe,Home Appliances,No,Does not play music,No lighting,For sale,FtrRefrigerator_Remake_6_2,6_2,2713,moNLtSERfZ7sgjhuX
CHANGING ROOM,Brown,NA,Yellow,Curtain,No,No,Yes,2,3700,,Orange,Yellow,1x1,NA,Nook's Cranny,"Available in Nook's Cranny (upgraded only), in the unique furniture slot",1.0.0,shop,facility,None,None,Wardrobe,Shop,No,Does not play music,No lighting,For sale,FtrFittingroom_Remake_2_3,2_3,1816,jtW7atCYG4MFzjjoH
giant teddy bear,Choco,Fabric,None,Ribbon,Yes,Yes,Yes,8,NFS,6300,Brown,Brown,3x3,NA,Crafting,,1.0.0,fancy,child's room,None,bear,No,Animal,No,Does not play music,No lighting,Not for sale,FtrBearXL_Remake_2_0,2_0,1504,ZpBnrpm6ptbtNDx5r
    SHELL ARCH    ,Purple,Shell color,NA,NA,Yes,Yes,No,7,NFS,,Purple,Purple,3x1,NA,Crafting,,1.0.0,ocean,expensive,shell,None,No,Arch,Yes,Does not play music,No lighting,Not for sale,FtrShellArch_Remake_4_0,4_0,3977,xazwr82AExanNHxRB
  FROZEN BED  ,Ice green,Illumination,Dark brown,Bedding,Yes,Yes,Yes,8,,9000,Green,Brown,2x2,NA,Crafting,,1.0.0,freezing cold,None,frozen,None,Yes,Bed,Yes,Does not play music,No lighting,Not for sale,FtrIceBedW_Remake_5_3,5_3,3502,sQJ6YYr55QZJSP3Jn
WOODEN-BLOCK CHEST,Vivid,Block color,NA,NA,Yes,Yes,No,3,NFS,1800,Red,Colorful,2x1,NA,Crafting,,1.0.0,child's room,None,wooden block,None,Wardrobe,Chest,No,Does not play music,No lighting,Not for sale,FtrBlockChest_Remake_4_0,4_0,1561,rHKc4uFZFvxx5jcJm
low screen,Light brown,NA,Plain,Screen,No,No,Yes,1,870,217,Beige,White,1x0.5,NA,Nook's Cranny,Available in Nook's Cranny (either upgrade tier) in the unique furniture slot,1.0.0,zen-style,None,None,None,No,Japanese Style,No,Does not play music,No lighting,For sale,FtrScreenJapanLow_Remake_0_0,0_0,1029,GdddgngycnMu3krY3
    wooden-block table    ,Natural,Block color,NA,NA,Yes,Yes,No,2,NFS,1320,Beige,Beige,2x2,NA,Crafting,,1.0.0,child's room,None,wooden block,None,No,Table,No,Does not play music,No lighting,Not for sale,FtrBlockTableL_Remake_0_0,0_0,1565,hTZZwsXyoPdNtciNP
  mossy garden rock  ,NA,NA,NA,NA,Yes,No,No,NA,NFS,2550,Gray,Green,1x1,NA,Crafting,,1.0.0,zen-style,garden,None,None,No,Japanese Style,Yes,Does not play music,No lighting,Not for sale,FtrGardenrockMoss,NA,12208,Mib5YvhMCH9yJKgie
  writing chair  ,Natural,NA,Pink,Seat,No,No,Yes,1,,425,Beige,Pink,1x1,NA,Nook's Cranny,Available in Nook's Cranny (either upgrade tier) in the unique furniture slot,1.0.0,child's room,None,None,writing,Yes,Chair,No,Does not play music,No lighting,For sale,FtrStudyChair_Remake_0_2,0_2,3702,TZhSZZ2KfFMDu9Kvx
  DOUBLE SOFA  ,Dark brown,NA,NA,NA,No,No,No,NA,4300,,Brown,Brown,2x1,NA,Nook's Cranny,Available in Nook's Cranny (either upgrade tier) in the unique furniture slot,1.0.0,living room,None,None,None,Yes,Sofa,No,Does not play music,No lighting,For sale,FtrSofaL_Remake_6_0,6_0,2554,qQ7tE6QPJsup4f5SY
  DRINK MACHINE  ,Black,NA,Sports drink,Advertisement panel,No,No,Yes,7,NFS,10000,Brown,Light blue,1x1,2000,Nook Miles Shop,,1.0.0,shop,facility,None,None,Yes,Facility Decor,Yes,Does not play music,Monitor,Not for sale,FtrDrinkmachine_Remake_3_1,3_1,1802,yvNp9WZdDzNapncNW
  sleigh  ,Dark brown,Body color,NA,NA,Yes,Yes,No,2,NFS,960,Brown,Blue,2x1,NA,Crafting,,1.0.0,garden,None,festive,None,Yes,Chair,Yes,Does not play music,No lighting,Not for sale,FtrSled_Remake_1_0,1_0,7281,e5oWbNEQNgk9HBATb
    log dining table    ,White wood,Lumber type,Quilted,Placemats,Yes,Yes,Yes,4,,1800,Beige,Light blue,2x2,NA,Crafting,,1.0.0,garden,living room,log,None,No,Table,No,Does not play music,No lighting,Not for sale,FtrLogTableL_Remake_2_4,2_4,4040,GtZHMxjePQFvcs8tM
LECTURE-HALL DESK,Dark brown,NA,NA,NA,No,No,No,NA,,,Brown,Gray,2x1,NA,Nook's Cranny,"Available in Nook's Cranny (upgraded only), in the unique furniture slot",1.0.0,school,None,None,lecture hall,No,Desk,No,Does not play music,No lighting,For sale,FtrTableCollage_Remake_1_0,1_0,2014,88iDCFbBWvPBNZ5vT
simple panel,Brown,NA,Concrete,Panel design,No,No,Yes,1,810,202,Orange,Gray,1x0.5,NA,Nook's Cranny,Available in Nook's Cranny (either upgrade tier) in the unique furniture slot,1.0.0,facility,None,None,None,No,Screen,No,Does not play music,No lighting,For sale,FtrScreenSimple_Remake_3_6,3_6,5338,JMokCcB5CnivqSrYz
MAMA BEAR,Choco,NA,Blue stripes,Shirt,No,No,Yes,1,2300,575,Brown,Blue,1x1,NA,Nook's Cranny,Available in Nook's Cranny (either upgrade tier) in the unique furniture slot,1.0.0,fancy,child's room,None,bear,No,Animal,No,Does not play music,No lighting,For sale,FtrBearM_Remake_2_2,2_2,1500,7kC3LAYNtRPGetXer
  outdoor table  ,Blue,NA,Green,Table,No,No,Yes,1,,550,Blue,Green,2x1,NA,Nook's Cranny,Available in Nook's Cranny (either upgrade tier) in the unique furniture slot,1.0.0,outdoors,None,None,None,No,Table,Yes,Does not play music,No lighting,For sale,FtrOutdoortableM_Remake_3_2,3_2,3946,kWsY32fGzqKaGhdyR
electric guitar,Chic white,NA,Familiar logo,Sticker area,No,No,Yes,7,71000,17750,White,Black,1x1,NA,Nook's Cranny,"Available in Nook's Cranny (upgraded only), in the third unique furniture slot",1.0.0,concert,None,None,None,Yes,Musical Instrument,No,Does not play music,No lighting,For sale,FtrElectricguitar2_Remake_5_1,5_1,1645,fFY2xpXkFbYobCGmz
  upright locker  ,Silver,NA,Pop,Sticker area,No,No,Yes,2,3700,925,Gray,Colorful,1x1,NA,Nook's Cranny,Available in Nook's Cranny (either upgrade tier) in the unique furniture slot,1.0.0,school,facility,None,None,Wardrobe,Chest,No,Does not play music,No lighting,For sale,FtrLocker_Remake_0_3,0_3,833,yxAqK2jjyyQHrpNGE
LOFT BED WITH DESK,Natural,NA,Green stripes,Bedding,No,No,Yes,3,7700,1925,Beige,Colorful,2x1,NA,Nook's Cranny,"Available in Nook's Cranny (upgraded only), in the unique furniture slot",1.0.0,child's room,None,None,None,Yes,Desk,No,Does not play music,No lighting,For sale,FtrBeddesk_Remake_0_6,0_6,3621,CncpumixJshS3XF7G
    MAMA BEAR    ,Cream,NA,Blue stripes,Shirt,No,No,Yes,1,2300,,Pink,Blue,1x1,NA,Nook's Cranny,Available in Nook's Cranny (either upgrade tier) in the unique furniture slot,1.0.0,fancy,child's room,None,bear,No,Animal,No,Does not play music,No lighting,For sale,FtrBearM_Remake_0_2,0_2,1500,aeRMSHRaKqiuAgwSP
  pear wardrobe  ,La France,Fruit type,NA,NA,Yes,Yes,No,4,NFS,2600,Green,Beige,1x1,NA,Crafting,,1.0.0,fancy,None,fruits,pear,Wardrobe,Chest,No,Does not play music,No lighting,Not for sale,FtrFruitsClosetLR_Remake_0_0,0_0,1263,ZzP7ZkSRd8MLfRSYG
    angled signpost    ,Museum,Navigation,NA,NA,Yes,Yes,No,1,NFS,600,Beige,Brown,1x1,NA,Crafting,,1.0.0,garden,None,None,None,No,Vehicle,Yes,Does not play music,No lighting,Not for sale,FtrSignpostTilt_Remake_7_0,7_0,7867,wPX6wELbCn9Jyb37A
  KITCHEN ISLAND  ,Silver,NA,NA,NA,No,No,No,NA,,42500,Gray,Gray,2x2,NA,Nook's Cranny,"Available in Nook's Cranny (upgraded only), in the third unique furniture slot",1.0.0,kitchen,expensive,None,None,No,Kitchen,No,Does not play music,No lighting,For sale,FtrKitchenIsland_Remake_6_0,6_0,998,PAsdXFAQjygtRDKbQ
  dj's turntable  ,Brown,NA,Rock logo,Flag,No,No,Yes,4,9300,2325,Orange,Purple,2x1,NA,Nook's Cranny,"Available in Nook's Cranny (upgraded only), in the unique furniture slot",1.0.0,party,concert,None,None,Yes,Musical Instrument,No,Hi-fi,No lighting,For sale,FtrDJbooth_Remake_2_3,2_3,941,uLRRxQ9bd9KmP9gXG
  DINER SOFA  ,Pink,NA,NA,NA,No,No,No,NA,3500,875,Pink,White,2x1,NA,Nook's Cranny,"Available in Nook's Cranny (upgraded only), in the unique furniture slot",1.0.0,shop,None,diner,None,Yes,Sofa,No,Does not play music,No lighting,For sale,FtrAmeretroChairL_Remake_4_0,4_0,4141,my3TEsfTP7Rf3Jhdo
outdoor bench,Black,NA,Light wood,Seat,No,No,Yes,1,1300,325,Black,Beige,2x1,NA,Nook's Cranny,Available in Nook's Cranny (either upgrade tier) in the unique furniture slot,1.0.0,outdoors,None,None,None,Yes,Sofa,Yes,Does not play music,No lighting,For sale,FtrOutdoorchairM_Remake_1_5,1_5,3947,j8miaCXwvuH3kuvfD
    bunk bed    ,Yellow,NA,Colorful lines,Bedding,No,No,Yes,2,,,Yellow,Yellow,2x1,NA,Nook's Cranny,Available in Nook's Cranny (either upgrade tier) in the unique furniture slot,1.0.0,facility,None,None,None,Yes,Bed,No,Does not play music,No lighting,For sale,FtrBunkbed_Remake_5_4,5_4,8298,r9Hqv7LXowejWfqQs
  utility pole  ,With ads,NA,NA,NA,No,No,No,NA,NFS,,Gray,Gray,1x1,1000,Nook Miles Shop,,1.0.0,garden,None,None,None,No,Vehicle,Yes,Does not play music,No lighting,Not for sale,FtrTelephonepole_Remake_1_0,1_0,9619,TLsNTf2fPMDQnfqWY
  log round table  ,Dark wood,Lumber type,Geometric print,Tablecloth,Yes,Yes,Yes,4,,1800,Brown,Colorful,2x2,NA,Crafting,,1.0.0,garden,living room,log,None,No,Table,Yes,Does not play music,No lighting,Not for sale,FtrLogTableLRound_Remake_0_2,0_2,4043,vaKmbhGZiwxvv92sL
  BAMBOO BENCH  ,Smoke-cured bamboo,Bamboo,NA,NA,Yes,Yes,No,2,NFS,1280,Brown,Brown,2x1,NA,Crafting,,1.0.0,zen-style,None,bamboo,None,Yes,Sofa,Yes,Does not play music,No lighting,Not for sale,FtrBambooChairL_Remake_2_0,2_0,710,HrbrLwoxhytQxAtgy
SIMPLE PANEL,Silver,NA,Lattice,Panel design,No,No,Yes,1,810,202,Gray,White,1x0.5,NA,Nook's Cranny,Available in Nook's Cranny (either upgrade tier) in the unique furniture slot,1.0.0,facility,None,None,None,No,Screen,No,Does not play music,No lighting,For sale,FtrScreenSimple_Remake_6_4,6_4,5338,TBHFRbzoL3FAPHTYA
  ELABORATE KIMONO STAND  ,Balls,NA,NA,NA,No,No,No,NA,220000,,Pink,White,2x1,NA,Nook's Cranny,"Available in Nook's Cranny (upgraded only), in the third unique furniture slot",1.0.0,zen-style,expensive,None,None,No,Japanese Style,No,Does not play music,No lighting,For sale,FtrKimonostandRich_Remake_3_0,3_0,7865,bd8weQRcvoSwuveCa
screen,Bamboo,NA,NA,NA,No,No,No,NA,,35000,Yellow,Green,2x1,NA,Nook's Cranny,"Available in Nook's Cranny (upgraded only), in the third unique furniture slot",1.0.0,zen-style,expensive,None,None,No,Japanese Style,No,Does not play music,No lighting,For sale,FtrScreenByoubu_Remake_0_0,0_0,716,BAwK7aGJs85NoNhus
  EFFECTS RACK  ,Red,NA,None,Sticker area,No,No,Yes,3,,,Red,Black,1x1,NA,Nook's Cranny,"Available in Nook's Cranny (upgraded only), in the unique furniture slot",1.0.0,concert,facility,None,None,No,Musical Instrument,No,Does not play music,No lighting,For sale,FtrEffectorrack_Remake_4_0,4_0,950,X4MmM2ZfH8SaQDgJs
    AIR CIRCULATOR    ,Green,NA,NA,NA,No,No,No,NA,1100,,Green,Gray,1x1,NA,Nook's Cranny,Available in Nook's Cranny (either upgrade tier) in the unique furniture slot,1.0.0,living room,office,None,None,Yes,Fan,Yes,Does not play music,No lighting,For sale,FtrCirculator_Remake_3_0,3_0,3821,bGCQ9bA27ftHoLoKb
simple panel,Copper,NA,Lattice,Panel design,No,No,Yes,1,,202,Brown,White,1x0.5,NA,Nook's Cranny,Available in Nook's Cranny (either upgrade tier) in the unique furniture slot,1.0.0,facility,None,None,None,No,Screen,No,Does not play music,No lighting,For sale,FtrScreenSimple_Remake_5_4,5_4,5338,FqNKL8TTL3rN6LcS9
  PAPA BEAR  ,Caramel mocha,NA,Blue,Ribbon,No,No,Yes,3,8500,2125,Beige,Blue,2x2,NA,Nook's Cranny,"Available in Nook's Cranny (upgraded only), in the third unique furniture slot",1.0.0,fancy,child's room,None,bear,No,Animal,No,Does not play music,No lighting,For sale,FtrBearL_Remake_1_2,1_2,1499,3R38Wh8JmYh77eNWu
ROCK GUITAR,Natural wood,NA,Rock logo,Sticker area,No,No,Yes,2,3100,,Beige,Purple,1x1,NA,Nook's Cranny,Available in Nook's Cranny (either upgrade tier) in the unique furniture slot,1.0.0,concert,None,None,None,Yes,Musical Instrument,No,Does not play music,No lighting,For sale,FtrElectricguitar1_Remake_5_3,5_3,1644,kFe3w9fYgzDRJa5BM
  rocket lamp  ,Green,NA,NA,NA,No,No,No,NA,,,Green,Yellow,1x1,NA,Nook's Cranny,Available in Nook's Cranny (either upgrade tier) in the unique furniture slot,1.0.0,facility,None,None,None,Yes,Lamp,No,Does not play music,Fluorescent,For sale,FtrLavalamp_Remake_5_0,5_0,1851,i2XSzh44EjNae6qhw
  drum set  ,Pearl white,NA,Vintage logo,Bass drum head,No,No,Yes,2,5600,1400,White,Beige,2x1,NA,Nook's Cranny,"Available in Nook's Cranny (upgraded only), in the unique furniture slot",1.0.0,concert,None,None,None,Yes,Musical Instrument,No,Does not play music,No lighting,For sale,FtrDrumSet_Remake_2_5,2_5,1803,TomLT6ErqvhtyHWBD
mini fridge,Gray,NA,NA,NA,No,No,No,NA,,325,Gray,Gray,1x1,NA,Nook's Cranny,"Available in Nook's Cranny (upgraded only), in the unique furniture slot",1.0.0,facility,None,None,None,Wardrobe,Home Appliances,No,Does not play music,No lighting,For sale,FtrRefrigeratorMini_Remake_7_0,7_0,9766,ATghPJtD8Rdmvn6FH
  NATURAL SQUARE TABLE  ,Oak,Tabletop,NA,NA,Yes,Yes,No,3,NFS,1980,Orange,Green,1x1,NA,Crafting,,1.0.0,garden,None,None,natural,No,Table,Yes,Does not play music,No lighting,Not for sale,FtrGardenTableSNatural_Remake_1_0,1_0,12332,eFYu7C6PdKK6m8c5y
